{"max_q":{"0":24.7944660187},"min_q":{"0":-1.2714128494},"mean_q":{"0":7.6570334435},"range_q":{"0":26.0658798218},"step_max_q":{"0":[21.0119743347,20.7877674103,22.1760501862,21.5037689209,21.6715908051,21.6807174683,21.8722400665,24.7944660187,22.770614624,23.6456756592,19.8033866882,20.7406234741,21.9963378906,23.8997955322,19.4601364136,21.8989601135,19.8512516022,20.2481040955,18.5480537415,18.3645935059,16.7758541107,17.4195041656,18.4005794525,16.9043045044,15.9718513489,15.8225336075,13.737247467,14.6160106659,13.7470207214,13.302321434,12.8763084412,12.414727211,12.0803604126,11.9573059082,12.2625246048,12.7241010666,12.3815574646,12.3653202057,11.3057460785,12.0192985535,13.4045982361,11.1475639343,11.5117359161,10.7404918671,11.7615451813,11.0563287735,10.0737314224,10.0796127319,9.9637060165,11.1033687592,10.5611057281,9.8569259644,10.1474046707,9.6835918427,8.5079669952,9.7360258102,9.4486989975,9.3736200333,8.4421901703,8.5304145813,8.7704391479,9.0519332886,6.551255703,7.087471962,6.5340652466,6.9986362457,6.442381382,6.9326395988,7.7211747169,7.0668473244,6.7064638138,8.6984910965,8.0758905411,7.8304367065,7.7389245033,6.9982042313,0.6141322851,0.2627164125,0.3056686521]},"step_min_q":{"0":[5.2693161964,4.0690422058,0.0,0.0,0.0,0.0,-0.1326019764,0.0,0.0,-0.1944419742,-0.4114490747,-0.4681312442,-0.2977000475,-0.6085793972,-0.8164607286,-0.8447566032,-0.7961434126,-1.2714128494,-1.0226273537,-0.6538185477,-0.9890557528,-0.9372208118,-0.8061605692,-0.9674702287,-1.190092802,-0.6766427159,-0.6601439118,-0.8379208446,-0.7756649852,-0.6507079005,-0.8965834975,-0.5214643478,-0.6754353642,-0.5931084156,-0.5345745087,-0.8101509213,-0.6467233896,-0.5297127366,-0.8765901327,-0.6432436109,-0.5365491509,-0.5300528407,-0.5465058684,-0.4725139141,-0.5468751192,-0.4773277044,-0.5451263189,-0.4619849324,-0.539637208,-0.3920087218,-0.2084143758,-0.275680244,-0.2313334942,-0.2472728491,-0.2508758307,-0.2375956774,-0.2076380849,-0.1937738657,-0.2261579037,-0.1732701659,-0.1861196756,-0.1641365886,-0.1554624438,0.0,0.0,-0.1376173496,-0.1253113747,0.0,0.0,0.0,0.0,0.0,0.0,0.0,0.0,0.0,0.0,0.0,0.0]},"step_mean_q":{"0":[11.5194673538,11.5498313904,11.5030784607,11.4292173386,11.376080513,11.2262868881,11.1266450882,10.8854675293,10.6597623825,10.380033493,10.1031637192,9.7594146729,9.386841774,8.9982786179,8.5704040527,8.1311016083,7.7376661301,7.3581562042,6.9656376839,6.5770549774,6.226872921,5.8898501396,5.5683259964,5.2678995132,5.03023386,4.8028101921,4.5881114006,4.3555240631,4.1248903275,3.9130382538,3.6848003864,3.5276134014,3.3589577675,3.2433755398,3.0674848557,2.9491758347,2.8669495583,2.8170952797,2.7340378761,2.6572577953,2.6800024509,2.6350114346,2.5789031982,2.4214148521,2.4373335838,2.3920266628,2.4143059254,2.4240956306,2.2813947201,2.3408522606,2.1654260159,2.2732319832,2.1562592983,1.9223628044,1.8096351624,1.8624726534,1.8357685804,2.0185620785,2.0736944675,2.0398285389,2.0357611179,2.0488464832,1.8206564188,1.9603865147,2.0440032482,1.9794898033,2.1009938717,2.7301967144,3.7722454071,3.7404270172,3.1988828182,3.9203312397,4.6482319832,4.5278835297,4.3302464485,3.9255673885,0.6141322851,0.2627164125,0.3056686521]},"episodes_still_running":{"0":[4096.0,4096.0,4095.0,4094.0,4092.0,4090.0,4089.0,4083.0,4081.0,4077.0,4064.0,4056.0,4044.0,4030.0,4013.0,3988.0,3957.0,3924.0,3867.0,3804.0,3739.0,3679.0,3595.0,3493.0,3385.0,3235.0,3063.0,2890.0,2693.0,2453.0,2246.0,2049.0,1839.0,1635.0,1451.0,1289.0,1155.0,1008.0,891.0,745.0,638.0,556.0,485.0,422.0,368.0,328.0,294.0,262.0,220.0,200.0,165.0,141.0,122.0,99.0,79.0,64.0,57.0,50.0,41.0,35.0,32.0,29.0,19.0,14.0,12.0,11.0,9.0,7.0,4.0,3.0,3.0,3.0,2.0,2.0,2.0,2.0,1.0,1.0,1.0]},"step_range_q":{"0":[15.7426586151,16.7187252045,22.1760501862,21.5037689209,21.6715908051,21.6807174683,22.0048427582,24.7944660187,22.770614624,23.8401184082,20.2148361206,21.2087554932,22.2940387726,24.5083751678,20.2765979767,22.7437171936,20.6473941803,21.5195159912,19.5706806183,19.0184116364,17.7649097443,18.3567256927,19.2067394257,17.8717746735,17.1619434357,16.4991760254,14.3973913193,15.4539318085,14.5226860046,13.9530296326,13.7728919983,12.9361915588,12.7557954788,12.5504140854,12.7970991135,13.5342521667,13.0282812119,12.8950328827,12.1823358536,12.6625423431,13.9411478043,11.6776170731,12.0582418442,11.2130060196,12.3084201813,11.5336561203,10.6188573837,10.5415973663,10.5033435822,11.4953775406,10.7695198059,10.1326065063,10.3787384033,9.9308643341,8.7588424683,9.9736213684,9.6563367844,9.5673942566,8.6683483124,8.7036848068,8.9565591812,9.2160701752,6.706717968,7.087471962,6.5340652466,7.1362533569,6.5676927567,6.9326395988,7.7211747169,7.0668473244,6.7064638138,8.6984910965,8.0758905411,7.8304367065,7.7389245033,6.9982042313,0.6141322851,0.2627164125,0.3056686521]},"mean_loss:":{"0":2.7411923409},"rmse":{"0":1.6556546688},"step_rmse":{"0":[1.7164117098,1.716224432,1.6311230659,1.6409755945,1.6059231758,1.5925514698,1.5777773857,1.6085323095,1.6499180794,1.6288579702,1.6258957386,1.5938827991,1.5789033175,1.5730973482,1.5922238827,1.5840072632,1.6166450977,1.6261800528,1.629193902,1.656265974,1.6660890579,1.7024514675,1.7048084736,1.7203114033,1.7308505774,1.7545092106,1.7499330044,1.7301735878,1.7255004644,1.7171773911,1.7023780346,1.6943172216,1.6880761385,1.705953598,1.6913685799,1.6824793816,1.6691566706,1.6409566402,1.5943903923,1.5499459505,1.6392937899,1.6619290113,1.5687819719,1.5790270567,1.5920063257,1.5846140385,1.6306160688,1.6425503492,1.6448514462,1.7577191591,1.8931252956,1.8381738663,2.0547132492,2.1055378914,2.0914423466,2.2345602512,1.9629240036,2.1348605156,2.2490544319,2.0978610516,2.3640487194,2.1393182278,2.0230062008,1.5195212364,1.5232857466,1.4297446012,1.3698724508,1.5553290844,1.7483471632,1.1183168888,1.0552271605,0.6237240434,0.8094598055,1.0978249311,0.8581950068,1.2903549671,0.0434926748,0.1560512781,0.08678478]},"rmse_by_q":{"0":21.6226654053},"step_rmse_by_q":{"0":[14.9000959396,14.8593025208,14.1798820496,14.3577251434,14.1166658401,14.1859140396,14.1801719666,14.7768783569,15.4779996872,15.6922225952,16.0929374695,16.3317451477,16.8203887939,17.4822025299,18.5781650543,19.4808444977,20.8931884766,22.1003742218,23.3890132904,25.1824855804,26.7564334869,28.9048347473,30.6161766052,32.6564979553,34.408946991,36.5308876038,38.1405944824,39.7236633301,41.8314285278,43.883480072,46.2000083923,48.030128479,50.255947113,52.5980873108,55.1386108398,57.0491371155,58.2206497192,58.2499504089,58.3163261414,58.3287773132,61.1676216125,63.0710372925,60.831363678,65.2109298706,65.3175430298,66.2456665039,67.5397491455,67.7593078613,72.0985031128,75.0888519287,87.4250717163,80.8616943359,95.2906341553,109.5286483765,115.572593689,119.9781570435,106.9265518188,105.7614440918,108.4564056396,102.8449630737,116.1260375977,104.4157409668,111.1141052246,77.5113067627,74.5246200562,72.227935791,65.2011642456,56.9676589966,46.3476524353,29.8981075287,32.9873657227,15.9099836349,17.4143600464,24.2458744049,19.8186168671,32.8705329895,7.0819721222,59.3991355896,28.3917808533]},"mean_error":{"0":1.2083535194},