{"max_q":{"0":23.2866001129},"min_q":{"0":-0.8420846462},"mean_q":{"0":6.2649407387},"range_q":{"0":24.1286849976},"step_max_q":{"0":[21.5652809143,22.0158634186,21.7789478302,22.221282959,22.2942466736,23.2866001129,22.4449882507,22.1982002258,22.1174716949,22.1821479797,21.627450943,21.8439865112,21.2717075348,21.6356449127,21.3630313873,21.4671382904,21.0841426849,20.6531124115,20.4287948608,19.6845531464,19.7237052917,18.896818161,18.5802516937,18.0833530426,17.9306106567,17.8323497772,18.3332462311,18.1096515656,19.1305599213,18.0917224884,17.0075950623,16.0424880981,15.7357521057,15.4712076187,14.9468164444,14.6695165634,14.9787187576,14.1174297333,14.2467451096,13.7860107422,13.336066246,12.6572341919,13.0212154388,12.2636671066,11.8459978104,11.7939481735,11.0680599213,11.1110868454,11.1966485977,10.7874097824,10.4500551224,10.6752471924,10.1534385681,10.0894031525,9.9612998962,9.6052074432,9.7042961121,8.8661956787,9.1332139969,9.3197002411,8.5521211624,9.5040397644,8.4427595139,9.1482715607,9.2883758545,8.8260784149,8.864066124,9.0447702408,8.179400444,8.0048685074,7.5827445984,7.180782795,7.2603607178,7.1484537125,7.6176543236,7.1473498344,7.0349979401,7.3797650337,7.3938779831,7.6694030762,7.8055057526,7.2528758049,7.2700719833,7.2157964706,7.2641553879,6.9704442024,7.4312176704,6.8110733032,7.1564455032,7.5492162704,6.8296327591,6.6374731064,6.6295433044,6.8748912811,6.9325466156,6.9597997665,6.9657616615,6.1280107498,6.0287013054,6.1876578331,6.0143456459,6.2856564522,6.6030831337,6.4380331039,6.0558085442,6.0850992203,6.1151046753,6.7242136002,6.5794939995,6.3488330841,6.3494677544,5.8237318993,5.8426661491,5.5132007599,5.3792963028,5.1141734123,6.2173480988,4.6161699295,4.8480577469,6.0064640045,4.4460501671,4.6299266815,5.7661252022,4.2490854263,4.4212245941,5.5088906288,4.0539069176,4.1941246986,1.723678112,1.8321135044,1.6948825121,1.734005332,1.7752156258,1.8173148632,1.8603038788,1.9038285017,1.9478418827,1.9808950424,2.0120902061,2.0436749458,1.6037502289,1.6200611591,1.6547484398,1.274605751,1.2701694965,1.2924888134,1.0156233311,0.987377882,0.7833801508,0.9857707024,0.9592326283,0.9642214179,0.3256468773,0.4070641696,0.299344331,0.2467458844,0.0798367858,0.1233151853,0.1680120528,0.0,0.009765923,0.012275219,0.0,0.2000312209,0.1833931208]},"step_min_q":{"0":[7.8229622841,7.8301992416,7.4104075432,7.1143622398,7.1055870056,7.0388236046,5.8264760971,5.7267513275,5.8985319138,5.8448462486,4.7451071739,4.517282486,4.3729662895,4.0530366898,3.357609272,3.0924589634,2.9236321449,2.7924993038,1.9591901302,1.7449300289,1.7278243303,1.9589819908,1.4735274315,1.5324560404,1.3288761377,1.1761745214,0.467027396,0.9283715487,0.0,-0.1669666171,0.0,0.0,-0.0983460844,-0.2786364853,-0.4058616161,-0.3595645726,-0.6572422981,-0.4271155,-0.7314348221,-0.4091380835,-0.6434810162,-0.6194336414,-0.6249475479,-0.5780797005,-0.435852468,-0.5317159891,-0.4749177396,-0.8420846462,-0.6589412689,-0.5332659483,-0.6177555323,-0.59375,-0.568518877,-0.6004120111,-0.4110804796,-0.3446068764,-0.4869522154,-0.4433966279,-0.5107579231,-0.5502374172,-0.5067052841,-0.3792600036,-0.4873000979,-0.5540452003,-0.4196814299,-0.5275737643,-0.4229149222,-0.3366901278,-0.4207524061,-0.4328262806,-0.4969588816,-0.4311721921,-0.448128134,-0.4100408852,-0.443225801,-0.4356272817,-0.4370059967,-0.4627135992,-0.5994818211,-0.6266173124,-0.4980876446,-0.4758456349,-0.1643355787,-0.3183023036,-0.2259693742,-0.2022981644,-0.2073130161,-0.2007321864,-0.2112596035,-0.0814077109,-0.1596990824,-0.09299317,-0.1854178905,-0.210934937,-0.2586992085,-0.0192447901,0.0,-0.030918777,-0.0437622666,-0.1574994922,-0.2010469437,-0.1905319095,-0.2408190966,-0.2072616667,-0.1721361876,-0.3067393601,-0.343601048,-0.2568606734,-0.2096177936,-0.3147084713,-0.1176233292,-0.3698719144,-0.377966851,-0.0740818381,-0.0720376074,-0.047478646,-0.0147149563,-0.0016002655,0.0,-0.0735257864,0.0,-0.0262170434,-0.1521221399,0.0,0.0,-0.1923342943,-0.2096205354,-0.0515987873,-0.0706042051,-0.0241999626,0.0,0.0,0.0,0.0,0.0,0.0,0.0,0.0,0.0,0.0,-0.021954,0.0,0.0,-0.1288452148,-0.0146784782,0.0,0.0,0.0,0.0,0.0,0.0,0.0,0.0,0.0,0.0,0.0,0.0,0.0,0.0,-0.1190955639,0.0,0.0,-0.0062135458,0.0,0.0]},"step_mean_q":{"0":[11.6148662567,11.6918907166,11.6528148651,11.79890728,11.9029941559,11.9320468903,11.9261674881,11.9227924347,11.9053249359,11.8462762833,11.6847295761,11.5311698914,11.366642952,11.1513967514,10.9064254761,10.6868743896,10.4633178711,10.2017621994,9.9167366028,9.6563816071,9.3648548126,9.0494594574,8.7496376038,8.4555969238,8.1410493851,7.8169927597,7.5122270584,7.2247376442,6.9297528267,6.6309270859,6.3476915359,6.0986399651,5.8219542503,5.5585012436,5.3323807716,5.089117527,4.8503642082,4.6402745247,4.4259586334,4.2185029984,4.0199899673,3.8432021141,3.6602060795,3.4849045277,3.3323121071,3.1763167381,3.0450310707,2.9208943844,2.812289238,2.7186799049,2.6180021763,2.5316877365,2.4653735161,2.3918409348,2.3372485638,2.2916619778,2.2439701557,2.2105307579,2.1538438797,2.1189732552,2.0887277126,2.0597584248,2.0373120308,2.0127108097,1.9760406017,1.9665125608,1.9474383593,1.9467264414,1.9353038073,1.9048535824,1.8861464262,1.8597071171,1.8431518078,1.8283156157,1.8206096888,1.8074132204,1.7965095043,1.8003176451,1.8152798414,1.7872924805,1.7916460037,1.7997797728,1.8202129602,1.817889452,1.8129315376,1.8261216879,1.8017252684,1.7521834373,1.8005890846,1.7784678936,1.7405321598,1.7170783281,1.6944013834,1.6722253561,1.7002807856,1.7191905975,1.6882122755,1.6073161364,1.5772889853,1.6485902071,1.6372995377,1.6847060919,1.6663460732,1.6850180626,1.6532222033,1.6407830715,1.7011879683,1.7124221325,1.6878620386,1.7100491524,1.6218677759,1.5595183372,1.5068434477,1.3827505112,1.4310497046,1.3637622595,1.3002070189,1.26128304,1.2106015682,1.1874666214,1.1792885065,1.1784613132,1.1939839125,1.1006724834,1.0698902607,1.0653672218,1.0351531506,0.9808264375,0.726431191,0.7469163537,0.775844574,0.7329118848,0.6855062246,0.7061153054,0.6539857984,0.7229756713,0.7030643821,0.6844065785,0.6176629066,0.7130662799,0.5490731001,0.6714637876,0.6057789922,0.4829076231,0.4806308746,0.4918754399,0.4914197922,0.4756056368,0.4302251339,0.7461001873,0.6502726078,0.6751400828,0.3256468773,0.4070641696,0.299344331,0.2467458844,0.0798367858,0.1233151853,0.1680120528,-0.1190955639,0.009765923,0.012275219,-0.0062135458,0.2000312209,0.1833931208]},"episodes_still_running":{"0":[4096.0,4096.0,4096.0,4096.0,4096.0,4096.0,4096.0,4096.0,4096.0,4096.0,4096.0,4096.0,4096.0,4096.0,4096.0,4096.0,4096.0,4096.0,4096.0,4096.0,4096.0,4096.0,4096.0,4096.0,4096.0,4096.0,4096.0,4096.0,4095.0,4095.0,4095.0,4095.0,4094.0,4094.0,4093.0,4093.0,4093.0,4090.0,4090.0,4088.0,4086.0,4075.0,4067.0,4057.0,4037.0,4014.0,3985.0,3946.0,3893.0,3840.0,3786.0,3712.0,3628.0,3534.0,3422.0,3291.0,3158.0,3023.0,2900.0,2772.0,2641.0,2511.0,2405.0,2265.0,2123.0,2006.0,1891.0,1771.0,1664.0,1570.0,1468.0,1366.0,1277.0,1194.0,1111.0,1037.0,978.0,917.0,857.0,812.0,763.0,721.0,666.0,625.0,585.0,539.0,513.0,491.0,456.0,430.0,405.0,384.0,360.0,342.0,320.0,290.0,270.0,257.0,241.0,219.0,211.0,196.0,186.0,173.0,158.0,149.0,135.0,125.0,118.0,108.0,103.0,98.0,91.0,84.0,76.0,69.0,65.0,63.0,61.0,58.0,53.0,46.0,42.0,38.0,36.0,35.0,34.0,34.0,27.0,26.0,22.0,20.0,17.0,13.0,12.0,11.0,10.0,9.0,9.0,8.0,7.0,6.0,6.0,6.0,6.0,6.0,5.0,5.0,5.0,2.0,2.0,2.0,1.0,1.0,1.0,1.0,1.0,1.0,1.0,1.0,1.0,1.0,1.0,1.0,1.0]},