{"max_q":{"0":24.2730026245},"min_q":{"0":-0.9061168432},"mean_q":{"0":6.1830124855},"range_q":{"0":25.1791191101},"step_max_q":{"0":[24.1914825439,23.0725421906,24.2730026245,23.3433227539,23.0683250427,23.6088161469,23.26512146,23.1637802124,22.4614772797,23.3786792755,22.3072280884,22.28074646,21.1652030945,20.7183570862,21.3801231384,21.3963699341,20.8622055054,21.4905738831,20.9397468567,21.773771286,18.959941864,18.7869110107,19.5612869263,18.7468719482,17.8252105713,17.6594696045,17.5831298828,17.4780654907,16.5502281189,16.6708946228,16.3491649628,15.9583950043,15.5354146957,15.0575847626,14.8098564148,14.3687047958,14.9068393707,13.9523572922,13.6670417786,13.2653894424,13.0310411453,12.5200576782,12.6097402573,12.4506816864,11.9114723206,11.8520965576,11.7152853012,11.2853279114,10.9398736954,11.455119133,10.7187604904,10.8026294708,10.1337432861,9.760181427,9.8043251038,9.8169431686,9.5526065826,9.3585481644,9.3830652237,9.6761569977,8.9159078598,9.0804367065,9.0480909348,8.6918468475,8.2153148651,8.0534791946,7.9252071381,7.7809252739,7.5782966614,7.4214897156,7.1041431427,6.8510532379,6.7884483337,6.6964149475,6.9446530342,6.5848984718,6.7096576691,6.6625180244,6.6340360641,6.6765723228,6.693154335,6.6865520477,6.4809951782,6.4840717316,6.4822692871,6.3725504875,6.3631577492,6.1659626961,6.0068860054,5.9621105194,5.9222221375,5.8234453201,5.8248720169,6.3424916267,6.4030838013,5.9644947052,6.2615904808,5.8762817383,5.8359661102,5.9721508026,5.8157291412,5.8116521835,5.7423124313,5.6895666122,5.7523589134,5.7149906158,5.6656894684,5.645529747,5.6394886971,5.6553359032,5.7188587189,5.6952915192,5.6927089691,5.9104394913,5.7105698586,5.6628780365,5.6394109726,5.6435956955,5.5100126266,5.6453027725,5.6987056732,5.5494995117,5.4394483566,5.3917293549,5.5020127296,5.2488536835,5.2401857376,5.0474534035,5.2569799423,4.9331989288,5.1018104553,4.884203434,5.0773677826,4.8006243706,4.9581518173,4.7347698212,4.8224067688,4.6206507683,4.6930775642,4.3149719238,4.4635276794,2.1443562508,2.0999071598,1.6516042948,1.6815309525,1.7076122761,1.7302935123,1.7524204254,2.0559802055,1.5610312223,1.5293784142,1.800744772,1.3301044703,1.4727305174,1.4383238554,0.9916996956,1.0174449682,0.9834476113,0.5850933194,0.4037323594,0.3759820461,0.1845908761]},"step_min_q":{"0":[6.9801712036,7.1739807129,7.1361923218,6.8227949142,6.1329851151,6.0818510056,5.1776156425,4.6628537178,4.458920002,4.2681107521,3.8734352589,3.464984417,3.2627258301,2.7103023529,2.7953667641,2.8427581787,2.7091627121,2.4757585526,2.3043532372,2.4727509022,2.1291794777,1.6082570553,0.0,0.0,0.0,0.0,0.0,0.0,0.0,0.0,0.0,-0.2717440128,-0.2116448879,-0.3973603249,-0.6921162605,-0.5702964067,-0.2264764309,-0.1740866899,-0.2592707872,-0.4150286913,-0.397808671,-0.526578784,-0.4386633635,-0.4052754641,-0.6416097879,-0.6758519411,-0.4786279202,-0.455237627,-0.4750493765,-0.5182788372,-0.4483548403,-0.5557895899,-0.5559395552,-0.4523618221,-0.5664232969,-0.4876459837,-0.572239399,-0.6298336983,-0.4429370165,-0.5212417841,-0.4476305246,-0.5745944381,-0.4834358692,-0.5087240934,-0.6788656712,-0.4772533178,-0.4896643162,-0.3804291487,-0.4173032045,-0.3551570177,-0.5228379965,-0.6709837914,-0.8167238235,-0.9061168432,-0.3604802489,-0.4762844443,-0.3729605675,-0.4540929794,-0.479604125,-0.553375721,-0.5756913424,-0.2871698141,-0.3056181669,-0.4908087254,-0.3896023035,-0.2839108706,-0.3001115918,-0.3447407484,-0.2862093449,-0.387164712,-0.1909210682,-0.2271493673,-0.2972704172,-0.3090729713,-0.4064878225,-0.2751048803,-0.3524848819,-0.3065904379,-0.3848543167,-0.3121517897,-0.2586994171,-0.3568434119,-0.4270147085,-0.3535997272,-0.2658943534,-0.4104198217,-0.4447585344,-0.4158273339,-0.3588734865,-0.3128511906,-0.2761343718,-0.2539846897,-0.2436839938,-0.2486349344,-0.3462928534,-0.5638352633,-0.2467437983,-0.1945638061,-0.2438015938,-0.3004459739,-0.2569488883,-0.3225919008,-0.3119207025,-0.1033092141,-0.1215119362,-0.0457708836,-0.0216521025,-0.205055356,0.0,-0.0633776188,-0.156009078,-0.1796451807,-0.1766946316,-0.228022933,-0.2864996195,-0.2521256208,-0.1665249467,-0.0548040271,-0.0711582899,-0.0559070706,-0.0474194884,-0.0419640541,-0.0687947273,-0.0484419465,-0.0800303817,-0.192453742,-0.1748856306,-0.1776399016,-0.0755364299,-0.0525066853,-0.0336062312,-0.0360546112,0.0,-0.1711112857,-0.0081480145,-0.1385147572,-0.1523382664,-0.1157568097,-0.2055695057,0.0,0.0,0.0]},"step_mean_q":{"0":[11.473361969,11.5952777863,11.5638046265,11.6094970703,11.6468048096,11.6344108582,11.553319931,11.5255651474,11.410112381,11.287981987,11.120349884,10.9423551559,10.7425880432,10.5119075775,10.2562980652,10.0076847076,9.7601528168,9.4773159027,9.2028560638,8.9306335449,8.6619195938,8.3560304642,8.0809869766,7.815486908,7.5346670151,7.2504496574,6.9946632385,6.7381181717,6.4804677963,6.2221961021,5.9796800613,5.752143383,5.5105819702,5.2671375275,5.0438580513,4.83689785,4.6174879074,4.4125185013,4.2117929459,4.0223155022,3.8318827152,3.65280056,3.4859719276,3.3244230747,3.1907315254,3.0531570911,2.9234638214,2.8167669773,2.7142829895,2.6303687096,2.5473265648,2.4808340073,2.4065279961,2.3737237453,2.3238487244,2.2951459885,2.2802493572,2.2410695553,2.2116162777,2.2046432495,2.2077536583,2.2145118713,2.1935157776,2.1886711121,2.2033307552,2.2425117493,2.2291579247,2.1959614754,2.1777479649,2.1800806522,2.180991888,2.1972568035,2.1818399429,2.1585683823,2.1684772968,2.1660847664,2.1633803844,2.1795601845,2.2304010391,2.2181799412,2.2024786472,2.1788330078,2.1970670223,2.2242758274,2.1794548035,2.1356232166,2.1582210064,2.1856245995,2.2199025154,2.1401994228,2.1296665668,2.0979008675,2.0799295902,2.0629179478,2.0149700642,1.970927,1.9816746712,1.97131145,1.9814176559,1.9970748425,1.8952758312,1.8617758751,1.840211153,1.8735566139,1.8442349434,1.8374780416,1.7990154028,1.7443321943,1.7150713205,1.7268912792,1.7166348696,1.7553114891,1.7258839607,1.8011716604,1.8144624233,1.8332223892,1.8372772932,1.8156915903,1.7021679878,1.7724490166,1.842217207,1.8247772455,1.8291525841,1.8884048462,1.957100749,1.9942584038,1.9636120796,1.7796558142,2.0044603348,1.9745124578,1.8483968973,1.7462652922,1.8211853504,1.8885339499,1.9172962904,1.3364981413,1.3013153076,1.3128364086,1.085309267,1.0442006588,1.1203742027,0.7421432137,0.9003419876,0.8037896752,0.7508674264,0.7122073174,0.639190793,0.6570238471,1.0466790199,0.812479496,0.7960844636,0.9262401462,0.7072378993,0.7126808763,0.7802243829,0.4871727526,0.4798276424,0.4628772736,0.3002077639,0.3745466769,0.2826551497,0.1845908761]},"episodes_still_running":{"0":[4096.0,4096.0,4096.0,4096.0,4096.0,4096.0,4096.0,4096.0,4096.0,4096.0,4096.0,4096.0,4096.0,4096.0,4096.0,4096.0,4096.0,4096.0,4096.0,4096.0,4096.0,4096.0,4095.0,4095.0,4095.0,4095.0,4095.0,4095.0,4094.0,4093.0,4093.0,4093.0,4092.0,4092.0,4091.0,4090.0,4086.0,4078.0,4075.0,4065.0,4054.0,4043.0,4026.0,4001.0,3960.0,3919.0,3871.0,3813.0,3731.0,3634.0,3546.0,3443.0,3335.0,3196.0,3066.0,2931.0,2802.0,2681.0,2554.0,2421.0,2279.0,2142.0,2014.0,1899.0,1766.0,1654.0,1551.0,1467.0,1399.0,1312.0,1220.0,1135.0,1051.0,1000.0,942.0,891.0,831.0,778.0,720.0,687.0,636.0,604.0,564.0,524.0,498.0,469.0,436.0,405.0,377.0,348.0,328.0,314.0,294.0,273.0,257.0,239.0,223.0,210.0,192.0,181.0,166.0,161.0,154.0,144.0,132.0,124.0,119.0,115.0,108.0,101.0,95.0,84.0,83.0,78.0,71.0,64.0,62.0,58.0,55.0,50.0,45.0,43.0,38.0,32.0,28.0,26.0,26.0,23.0,21.0,20.0,19.0,17.0,15.0,14.0,14.0,12.0,11.0,10.0,7.0,7.0,7.0,5.0,4.0,4.0,4.0,4.0,4.0,4.0,3.0,3.0,3.0,3.0,3.0,3.0,3.0,3.0,3.0,3.0,3.0,2.0,2.0,1.0]},