{"max_q":{"0":18.4239215851},"min_q":{"0":-1.7865208387},"mean_q":{"0":11.9378519058},"range_q":{"0":20.2104415894},"step_max_q":{"0":[16.4663562775,16.6979026794,17.0971298218,17.9417514801,18.4239215851,18.2392311096,17.7312202454,17.1695251465,16.5003910065,16.2517490387,15.5947570801,14.9438638687,14.6348304749,13.8653516769,13.393907547,12.6374835968,12.4050922394,11.776389122,11.1933698654,10.6124296188,10.6855020523,9.9732570648,9.4592952728,9.3737096786,8.9130277634,8.4179944992,8.2114496231,7.598028183,7.6068272591,7.1811790466,6.6875061989,6.3582620621,6.0048980713,4.8203949928,4.8077754974,4.5361809731,4.4011235237,4.2833676338,4.1111507416,3.6853330135,3.4358413219,3.0712099075,3.0546674728,2.8420004845,2.7848615646,2.6089656353,2.4737844467,2.4174377918,2.5114786625,2.1072573662,1.9930164814,2.0035276413,1.9038590193,1.9162137508,1.8130280972,1.8346940279,1.7317603827,1.7621840239,1.6603019238,1.6982624531,1.5976492167,1.6419779062,1.5426677465,1.5923478603,1.4943045378,1.5484701395,1.4516217709,1.5095419884,1.4138016701,1.4748562574,1.3801307678,1.4437959194,1.3499914408,1.4158266783,1.3228541613,1.3904882669,1.2982631922,1.3673844337,1.2758318186,1.3461798429,1.2552332878,1.3265900612,1.2361903191,1.3083760738,1.2184726,1.2913365364,1.2018872499,1.2753068209,1.1862761974,1.2601490021,1.1715071201,1.2457509041,1.1574741602,1.2320206165,1.1440896988,1.2188837528,1.1312837601,1.2062811852,1.1190004349,1.1941649914,1.1071937084,1.1824975014,1.0958296061,1.1712493896,1.0848796368,1.1603968143,1.0743217468,1.149923563,1.0641393661,1.1398134232,1.0543196201,1.1300573349,1.0448518991,1.1206457615,1.035728693,1.1115728617,1.0269427299,1.1028329134,1.0184887648,1.0944213867]},"step_min_q":{"0":[15.3485298157,15.5531101227,15.7802181244,15.2320013046,14.7409210205,14.0172071457,13.3766422272,11.9437179565,11.0934581757,10.2334051132,9.6134662628,8.6017885208,7.7001862526,7.227628231,7.0569338799,6.7260570526,5.1428203583,4.461564064,2.5116488934,1.9592610598,2.123364687,0.3858433962,0.1585991383,-0.5451083183,-1.4315155745,-1.307487011,-1.7865208387,-1.3044984341,-1.3573372364,0.0,0.0,0.0,0.0,0.0,0.0,0.0,0.0,0.0,0.0,0.0,0.0,0.0,0.0,0.0,0.0,0.0,0.0,0.0,0.0,0.0,0.0,0.0,0.0,0.0,0.0,0.0,0.0,0.0,0.0,0.0,0.0,0.0,0.0,0.0,0.0,0.0,0.0,0.0,0.0,0.0,0.0,0.0,0.0,0.0,0.0,0.0,0.0,0.0,0.0,0.0,0.0,0.0,0.0,0.0,0.0,0.0,0.0,0.0,0.0,0.0,0.0,0.0,0.0,0.0,0.0,0.0,0.0,0.0,0.0,0.0,0.0,0.0,0.0,0.0,0.0,0.0,0.0,0.0,0.0,0.0,0.0,0.0,0.0,0.0,0.0,0.0,0.0,0.0,0.0,0.0]},"step_mean_q":{"0":[15.9847869873,16.2059326172,16.5748081207,17.144733429,17.648891449,17.1800231934,16.5775547028,15.9135732651,15.3326272964,14.8845739365,14.2861623764,13.677148819,12.9579200745,12.3798770905,11.733259201,11.1242923737,10.5106039047,9.9102983475,9.3713474274,8.8751001358,8.40483284,7.9827232361,7.5367407799,7.095451355,6.721549511,6.4501171112,6.1920952797,5.9595003128,5.638133049,5.1756424904,4.4002933502,3.2763729095,3.2897706032,2.9871482849,3.7493331432,4.5361809731,4.4011235237,4.2833676338,4.1111507416,3.6853330135,3.4358413219,3.0712099075,3.0546674728,2.8420004845,2.7848615646,2.6089656353,2.4737844467,2.4174377918,2.5114786625,2.1072573662,1.9930164814,2.0035276413,1.9038590193,1.9162137508,1.8130280972,1.8346940279,1.7317603827,1.7621840239,1.6603019238,1.6982624531,1.5976492167,1.6419779062,1.5426677465,1.5923478603,1.4943045378,1.5484701395,1.4516217709,1.5095419884,1.4138016701,1.4748562574,1.3801307678,1.4437959194,1.3499914408,1.4158266783,1.3228541613,1.3904882669,1.2982631922,1.3673844337,1.2758318186,1.3461798429,1.2552332878,1.3265900612,1.2361903191,1.3083760738,1.2184726,1.2913365364,1.2018872499,1.2753068209,1.1862761974,1.2601490021,1.1715071201,1.2457509041,1.1574741602,1.2320206165,1.1440896988,1.2188837528,1.1312837601,1.2062811852,1.1190004349,1.1941649914,1.1071937084,1.1824975014,1.0958296061,1.1712493896,1.0848796368,1.1603968143,1.0743217468,1.149923563,1.0641393661,1.1398134232,1.0543196201,1.1300573349,1.0448518991,1.1206457615,1.035728693,1.1115728617,1.0269427299,1.1028329134,1.0184887648,1.0944213867]},"episodes_still_running":{"0":[4096.0,4096.0,4096.0,4096.0,4096.0,4096.0,4096.0,4096.0,4096.0,4096.0,4096.0,4096.0,4096.0,4096.0,4096.0,4096.0,4096.0,4096.0,4096.0,4096.0,4096.0,4096.0,4096.0,4096.0,4084.0,3952.0,3424.0,2384.0,1164.0,428.0,164.0,84.0,60.0,16.0,8.0,4.0,4.0,4.0,4.0,4.0,4.0,4.0,4.0,4.0,4.0,4.0,4.0,4.0,4.0,4.0,4.0,4.0,4.0,4.0,4.0,4.0,4.0,4.0,4.0,4.0,4.0,4.0,4.0,4.0,4.0,4.0,4.0,4.0,4.0,4.0,4.0,4.0,4.0,4.0,4.0,4.0,4.0,4.0,4.0,4.0,4.0,4.0,4.0,4.0,4.0,4.0,4.0,4.0,4.0,4.0,4.0,4.0,4.0,4.0,4.0,4.0,4.0,4.0,4.0,4.0,4.0,4.0,4.0,4.0,4.0,4.0,4.0,4.0,4.0,4.0,4.0,4.0,4.0,4.0,4.0,4.0,4.0,4.0,4.0,4.0]},"step_range_q":{"0":[1.1178264618,1.1447925568,1.3169116974,2.7097501755,3.6830005646,4.2220239639,4.3545780182,5.2258071899,5.4069328308,6.0183439255,5.9812908173,6.3420753479,6.9346442223,6.6377234459,6.3369736671,5.9114265442,7.2622718811,7.314825058,8.6817207336,8.6531686783,8.5621376038,9.5874137878,9.300696373,9.9188175201,10.344543457,9.7254810333,9.9979705811,8.9025268555,8.9641647339,7.1811790466,6.6875061989,6.3582620621,6.0048980713,4.8203949928,4.8077754974,4.5361809731,4.4011235237,4.2833676338,4.1111507416,3.6853330135,3.4358413219,3.0712099075,3.0546674728,2.8420004845,2.7848615646,2.6089656353,2.4737844467,2.4174377918,2.5114786625,2.1072573662,1.9930164814,2.0035276413,1.9038590193,1.9162137508,1.8130280972,1.8346940279,1.7317603827,1.7621840239,1.6603019238,1.6982624531,1.5976492167,1.6419779062,1.5426677465,1.5923478603,1.4943045378,1.5484701395,1.4516217709,1.5095419884,1.4138016701,1.4748562574,1.3801307678,1.4437959194,1.3499914408,1.4158266783,1.3228541613,1.3904882669,1.2982631922,1.3673844337,1.2758318186,1.3461798429,1.2552332878,1.3265900612,1.2361903191,1.3083760738,1.2184726,1.2913365364,1.2018872499,1.2753068209,1.1862761974,1.2601490021,1.1715071201,1.2457509041,1.1574741602,1.2320206165,1.1440896988,1.2188837528,1.1312837601,1.2062811852,1.1190004349,1.1941649914,1.1071937084,1.1824975014,1.0958296061,1.1712493896,1.0848796368,1.1603968143,1.0743217468,1.149923563,1.0641393661,1.1398134232,1.0543196201,1.1300573349,1.0448518991,1.1206457615,1.035728693,1.1115728617,1.0269427299,1.1028329134,1.0184887648,1.0944213867]},"mean_loss:":{"0":0.6638585925},"rmse":{"0":0.8147751689},"step_rmse":{"0":[0.4528675377,0.5400037766,0.5489980578,0.5669847131,0.5020515323,0.6129215956,0.6854972243,0.7818989754,0.796587646,0.8255213499,0.8907989264,0.8774638772,0.9379554391,0.9388985038,0.9851132631,0.9816676974,0.9592791796,0.9111998677,0.9463865757,0.9162194729,0.9273372889,0.8595770001,0.7710789442,0.7746915221,0.7544308901,0.7637414336,0.7899411917,0.8475117087,0.9994260073,1.3207249641,1.7648316622,1.9242777824,1.8106435537,1.9196531773,1.6629289389,0.1142578125,0.0014257431,0.0053768158,0.1055431366,0.5885989666,1.2695291042,0.906545639,0.4762587547,0.7270932198,0.5548615456,0.8990252018,0.7742464542,0.9273431301,0.6485717297,1.2064404488,1.3323571682,1.3067450523,1.3127018213,1.1610701084,1.2784640789,1.1947826147,1.3622742891,1.2383066416,1.4122173786,1.2923252583,1.4401835203,1.243109107,1.3675144911,1.1707384586,1.3702911139,1.1868399382,1.3742179871,1.1721448898,1.3573639393,1.0950559378,1.243973732,0.9356667995,1.1286643744,0.842289567,1.0523775816,0.7506695986,0.9599632025,0.6232171059,0.8430713415,0.507719636,0.7502043247,0.4369254112,0.7418034077,0.4336994886,0.7449673414,0.435459137,0.7268260717,0.3599531651,0.6136654615,0.2628065348,0.6010560989,0.304222703,0.634455204,0.3082666397,0.6229765415,0.2712626457,0.5578963757,0.1947045326,0.5118150711,0.1932816505,0.5282635689,0.2052454948,0.5361908674,0.193777442,0.4962787628,0.1412601471,0.4519643784,0.131701231,0.4768047333,0.153947711,0.4900369644,0.1677956581,0.4839099646,0.1317409277,0.4338958263,0.1017918587,0.4457870722,0.136818409,0.4775539637,0.1623243093]},"rmse_by_q":{"0":6.8251409531},