{"max_q":{"0":15.6614084244},"min_q":{"0":-0.965734005},"mean_q":{"0":8.5845661163},"range_q":{"0":16.6271419525},"step_max_q":{"0":[15.4648838043,15.6614084244,15.4995231628,15.5275411606,14.9764881134,15.2353515625,14.9833908081,14.9999771118,14.5577316284,14.1832113266,14.1905002594,13.6690940857,13.4505558014,13.5159597397,12.8406066895,12.4515533447,11.9651203156,11.7184505463,11.4640769958,11.1120052338,10.7003211975,10.6038017273,10.0617523193,9.4907169342,9.0300273895,8.8476524353,8.3882923126,8.2115659714,7.6638126373,7.0813560486,6.9163322449,6.4275417328,6.3845572472,6.0816221237,5.6623363495,5.3247747421,5.1797637939,4.8616538048,4.6240825653,4.5181703568,4.3651752472,4.2761306763,4.1091794968,3.9008965492,3.7301368713,3.6927461624,3.5082979202,3.5241446495,3.5033941269,3.3252954483,3.3102040291,3.2452030182,3.306548357,3.1613147259,3.2460885048,3.2353057861,3.3405632973,2.8328957558,2.8491854668,2.3401722908,2.6011991501,2.5560150146,2.479736805,2.5167565346,2.4479391575,2.4995307922,2.4203290939,2.2140331268,2.1830620766]},"step_min_q":{"0":[12.3547096252,11.5408353806,11.2421607971,10.3537502289,9.4433698654,9.7867527008,9.0970773697,9.124994278,9.0259208679,8.0020189285,6.696498394,4.8831262589,4.6522221565,3.6178774834,3.6670987606,3.5204615593,2.613468647,1.9572720528,0.7090833187,0.6362116337,0.2336888313,0.3103413582,0.127109766,-0.1120295525,0.0,0.0,-0.047518611,-0.2769436836,0.0,-0.0279368162,-0.1436928511,-0.4081398249,-0.3267269135,-0.3116190434,-0.6795387268,-0.965734005,-0.3821866512,-0.0933001041,-0.1321368217,-0.0894702673,-0.1842986941,-0.1810808182,-0.1947577298,-0.4311482012,-0.3060537875,-0.2426931262,-0.1628617644,-0.2025234699,-0.1921085119,-0.3024267256,-0.2690092325,-0.0054649711,-0.0908759832,-0.1420508027,0.0,0.0,0.0,0.0,0.0,0.0,0.0,0.0,0.0,0.0,0.0,0.0,0.0,0.0,0.0]},"step_mean_q":{"0":[14.6739969254,14.9374160767,14.8117008209,14.6497192383,14.2757673264,14.2563591003,14.0468330383,13.81828022,13.3774633408,12.8848056793,12.6025180817,12.1158676147,11.833946228,11.4095258713,11.0706233978,10.710439682,10.3087177277,9.9692430496,9.5556354523,9.1979064941,8.7824850082,8.4124984741,8.0090503693,7.6118426323,7.2492055893,6.8577218056,6.4691557884,6.106856823,5.773191452,5.4262037277,5.1096868515,4.7821927071,4.4733872414,4.2002062798,3.9241001606,3.653336525,3.4437127113,3.2412312031,3.0476605892,2.8962433338,2.7279200554,2.5860378742,2.4647948742,2.2452759743,2.072532177,1.9427843094,1.8032706976,1.7468643188,1.6906391382,1.6770170927,1.7257796526,1.7163823843,1.6873096228,2.0274894238,1.9686113596,2.0816972256,2.0247809887,1.9102323055,2.2173817158,2.2997498512,2.6011991501,2.5560150146,2.479736805,2.5167565346,2.4479391575,2.4995307922,2.4203290939,2.2140331268,2.1830620766]},"episodes_still_running":{"0":[4096.0,4096.0,4096.0,4096.0,4096.0,4096.0,4096.0,4096.0,4096.0,4096.0,4096.0,4096.0,4096.0,4096.0,4096.0,4096.0,4096.0,4096.0,4096.0,4096.0,4096.0,4096.0,4096.0,4096.0,4092.0,4092.0,4092.0,4092.0,4080.0,4076.0,4060.0,4044.0,4040.0,4000.0,3984.0,3968.0,3916.0,3860.0,3692.0,3392.0,2920.0,2444.0,1868.0,1400.0,1056.0,788.0,572.0,448.0,320.0,216.0,156.0,108.0,84.0,56.0,36.0,28.0,28.0,20.0,12.0,8.0,4.0,4.0,4.0,4.0,4.0,4.0,4.0,4.0,4.0]},"step_range_q":{"0":[3.1101741791,4.1205730438,4.2573623657,5.1737909317,5.533118248,5.4485988617,5.8863134384,5.8749828339,5.5318107605,6.1811923981,7.4940018654,8.7859678268,8.7983341217,9.8980827332,9.1735076904,8.9310913086,9.3516521454,9.7611789703,10.7549934387,10.4757938385,10.466632843,10.2934608459,9.9346427917,9.6027469635,9.0300273895,8.8476524353,8.4358110428,8.4885101318,7.6638126373,7.109292984,7.0600252151,6.8356814384,6.7112841606,6.3932409286,6.3418750763,6.2905087471,5.5619506836,4.9549541473,4.7562193871,4.6076407433,4.5494737625,4.4572114944,4.3039374352,4.3320446014,4.0361905098,3.9354393482,3.6711597443,3.7266681194,3.695502758,3.6277222633,3.5792131424,3.2506680489,3.397424221,3.303365469,3.2460885048,3.2353057861,3.3405632973,2.8328957558,2.8491854668,2.3401722908,2.6011991501,2.5560150146,2.479736805,2.5167565346,2.4479391575,2.4995307922,2.4203290939,2.2140331268,2.1830620766]},"mean_loss:":{"0":0.1105953157},"rmse":{"0":0.3325587511},"step_rmse":{"0":[0.1641924232,0.1490092129,0.1663076282,0.1848135889,0.2091724277,0.2781660259,0.2920281589,0.3757435679,0.4321956038,0.4491136372,0.5042130351,0.4803424478,0.5224889517,0.4920782149,0.4746286273,0.4189963937,0.4057041705,0.4164880216,0.3701750338,0.3929066956,0.3567253947,0.3492455781,0.3513584435,0.3358042538,0.3343234658,0.3146933019,0.2918420732,0.2875387669,0.2814042866,0.271140039,0.25556162,0.2521166205,0.2418935597,0.2404983044,0.2414180636,0.2440046966,0.221173659,0.223208636,0.2211657763,0.2105282396,0.2176774293,0.2240581661,0.2612065375,0.2938857079,0.2929883897,0.321346581,0.3536072969,0.4218828678,0.472739011,0.4622626603,0.4683921933,0.5628627539,0.7036659122,0.5146242976,0.6169775128,0.7975028157,0.8035904765,0.8638810515,1.0783032179,0.9834494591,0.4600262642,0.5097117424,0.4013757706,0.3679804802,0.3087377548,0.2316846848,0.3465077877,0.4090161324,0.3114275932]},"rmse_by_q":{"0":3.8739144802},"step_rmse_by_q":{"0":[1.1189345121,0.9975568652,1.1228125095,1.2615504265,1.4652271271,1.9511716366,2.0789608955,2.7191774845,3.2307739258,3.4856066704,4.0008912086,3.9645731449,4.4151706696,4.312871933,4.2872800827,3.9120371342,3.9355444908,4.1777296066,3.8738925457,4.2716970444,4.0617818832,4.1515083313,4.3870177269,4.4116029739,4.6118636131,4.5888895988,4.511285305,4.7084579468,4.8743281364,4.9968643188,5.0015125275,5.271987915,5.4073915482,5.7258687019,6.1521892548,6.6789546013,6.4225354195,6.8865389824,7.2569026947,7.2690105438,7.9796118736,8.6641483307,10.5974960327,13.0890684128,14.1367359161,16.540517807,19.6092185974,24.1508655548,27.9621486664,27.5645771027,27.1409034729,32.7935523987,41.7034263611,25.3823432922,31.3407478333,38.3102226257,39.6877746582,45.2238731384,48.6295700073,42.7633209229,17.6851615906,19.9416561127,16.1862258911,14.6212186813,12.6121492386,9.2691268921,14.3165569305,18.4738044739,14.265630722]},"mean_error":{"0":0.2118870765},"step_mean_error":{"0":[0.0864695013,0.0839656889,0.0996166393,0.1129065752,0.1393155456,0.1760751009,0.2021612227,0.2488014847,0.2814931273,0.2937566638,0.323165983,0.3100566268,0.3251705468,0.3099317849,0.2971274257,0.2857717276,0.2722195387,0.2836700678,0.2539500594,0.266308248,0.2483203262,0.2450247407,0.2445491552,0.2391051352,0.2358601987,0.2207077444,0.2071837038,0.2045565546,0.1984225661,0.1899162233,0.1798069924,0.1730711311,0.1691433191,0.1649893224,0.1648570448,0.1625305712,0.148754552,0.1478566974,0.1452778131,0.1440764219,0.1426858902,0.1475823075,0.1692370921,0.2002667934,0.206920594,0.2278579921,0.2578904033,0.3113567829,0.3540852368,0.3659223318,0.3719237149,0.4003793299,0.498926878,0.3137931824,0.3897118568,0.5691040158,0.5983290672,0.6690227389,0.9278505445,0.9767202735,0.4600262642,0.5097117424,0.4013757706,0.3679804802,0.3087377548,0.2316846848,0.3465077877,0.4090161324,0.3114275932]},"mean_q_deviation":{"0":9.8733577728},