{"max_q":{"0":29.742816925},"min_q":{"0":-2.391762495},"mean_q":{"0":4.0845336914},"range_q":{"0":32.1345787048},"step_max_q":{"0":[23.4305038452,25.7630767822,23.2076053619,26.4376792908,20.2218704224,20.8087291718,23.8368301392,22.0464420319,29.742816925,20.5441207886,21.0362567902,25.5329208374,23.8185501099,21.9278106689,23.0246257782,19.5002632141,18.6099014282,22.1926345825,23.1686820984,25.0672988892,22.0290851593,21.1316242218,19.2841758728,21.7333908081,20.9395942688,21.5419864655,15.6989784241,14.419549942,21.3828296661,13.7021055222,18.828004837,13.6511001587,16.9419956207,14.5000324249,13.09562397,11.8885698318,13.7285499573,11.5177993774,10.7849082947,10.800494194,10.9671220779,10.6502466202,10.8614931107,10.7386884689,11.2824544907,11.7154912949,10.9223804474,10.2227182388,10.3714418411,9.9084701538,9.2138433456,9.7269496918,10.0230073929,8.4508428574,8.2589130402,8.5108623505,6.8029789925,6.3535013199,6.5473556519,6.3776373863,6.1776595116,6.2918028831,6.1623764038,6.7435340881,7.1395406723,7.9469003677,5.9248957634,5.8913798332,5.9735536575,5.4768610001,8.2070026398,4.7776594162,5.9893569946,6.26730299,6.3662524223,6.4588112831,6.5426511765,6.6206550598,6.6898670197,6.7525019646,6.8094425201,6.8904299736,6.9720330238,6.5731105804,6.4890589714,6.1245851517,5.6950278282,5.7088699341,5.4290218353,5.0703449249,4.7211103439,4.7459764481,4.7826004028,4.9704461098,4.7361264229,4.6613779068,4.6326670647,5.1217503548,5.004986763,1.8836381435,1.8863039017,2.3934602737]},"step_min_q":{"0":[1.7824833393,0.0,0.0,-0.6660556793,-0.1994859576,-2.391762495,-0.1146599799,-0.1506326646,-0.3626164794,-0.5411385298,-0.4855445623,-0.3019592166,-0.3833321333,-1.6903349161,-0.5240547657,-0.5527864695,-0.3364839554,-0.5633715391,-0.5736377835,-1.068987608,-0.610054493,-0.4643421769,-0.599470973,-0.8923015594,-0.5519523025,-0.6746948957,-1.0867564678,-1.0363125801,-1.653916955,-0.6794391274,-1.0078380108,-0.8197071552,-0.7520249486,-0.7454321384,-0.5898749232,-0.667760551,-0.6317378283,-1.0633158684,-0.968351841,-0.7548040152,-0.6599712372,-1.1605427265,-0.6563287973,-0.6177073717,-0.5974051952,-0.6028115153,-0.8246340752,-0.6055322886,-0.5631811619,-0.6594891548,-0.7834421992,-0.8241773844,-1.311973691,-0.7389450669,-0.469514668,-0.5028749704,-0.5547756553,-0.4913948178,-0.4730172753,-0.4390812218,-0.4361460805,-0.4330745339,-0.468298018,-0.3702859879,-0.4540238976,-0.5342387557,-0.6652624011,-0.3959400952,-0.3619579077,-0.312940836,-0.2522409558,-0.3375464976,-0.4151441753,-0.2437118292,-0.2805017829,-0.2869872451,-0.2008138299,-0.2662292719,-0.340480864,-0.2614755332,-0.3169121742,0.0,0.0,0.0,0.0,-0.1349389553,-0.1170902252,-0.0962838531,-0.0769326091,-0.0624562502,-0.2085705101,-0.0660485625,-0.0851639062,-0.1815582514,-0.2473495603,-0.0988986492,0.0,0.0,0.0,0.0,0.0,0.0]},"step_mean_q":{"0":[7.9618606567,8.1930303574,7.9485383034,7.7945437431,7.5189814568,7.2811579704,7.015791893,6.7260804176,6.4673719406,6.1988296509,5.871442318,5.524725914,5.1802415848,4.7874765396,4.449131012,4.084104538,3.7724020481,3.4617738724,3.1837487221,2.8894369602,2.6622736454,2.4373409748,2.2724077702,2.0769815445,1.8827924728,1.7241647243,1.5676432848,1.4321722984,1.3128225803,1.2494679689,1.1850864887,1.1232657433,1.0957015753,1.0627651215,1.0204043388,1.0134648085,0.9924747348,0.9470492005,0.9234729409,0.9050475955,0.888483882,0.8783555627,0.8787760735,0.8764362335,0.8671627045,0.881078124,0.8986070156,0.8664509654,0.9053254724,0.9388882518,0.9498583674,0.9696750045,0.9652194381,0.9631609321,0.9939382076,0.9920554757,1.0045492649,1.0190991163,1.1265771389,1.0694972277,1.1775496006,1.2044030428,1.2239654064,1.1855438948,1.2887217999,1.3814339638,1.3957716227,1.4321924448,1.4875422716,1.355635047,1.4009661674,1.301892519,1.376816988,1.4096757174,1.4979459047,1.5638689995,1.2847795486,1.3140808344,1.3708810806,1.6205989122,1.5788859129,1.6261364222,1.6772381067,1.5606462955,1.6495950222,1.6836357117,1.6818134785,1.5543694496,1.3319485188,1.167953372,1.0680186749,1.6468013525,1.6058549881,1.6952730417,1.6475127935,2.2075948715,3.2386813164,3.4939966202,3.4410631657,1.8836381435,1.8863039017,2.3934602737]},"episodes_still_running":{"0":[4096.0,4095.0,4092.0,4083.0,4070.0,4059.0,4044.0,4029.0,4020.0,4008.0,3987.0,3961.0,3934.0,3901.0,3863.0,3815.0,3760.0,3677.0,3585.0,3502.0,3432.0,3330.0,3235.0,3117.0,2990.0,2846.0,2711.0,2580.0,2445.0,2322.0,2184.0,2052.0,1892.0,1769.0,1633.0,1490.0,1383.0,1265.0,1154.0,1059.0,952.0,860.0,781.0,704.0,645.0,589.0,539.0,493.0,443.0,395.0,361.0,318.0,289.0,264.0,233.0,208.0,181.0,158.0,140.0,125.0,109.0,100.0,95.0,81.0,72.0,64.0,55.0,49.0,44.0,39.0,36.0,35.0,31.0,28.0,25.0,24.0,20.0,19.0,17.0,14.0,14.0,10.0,10.0,10.0,10.0,10.0,10.0,10.0,8.0,8.0,8.0,5.0,5.0,5.0,5.0,4.0,2.0,2.0,2.0,1.0,1.0,1.0]},"step_range_q":{"0":[21.6480197906,25.7630767822,23.2076053619,27.1037349701,20.4213562012,23.2004909515,23.9514904022,22.1970748901,30.1054325104,21.0852584839,21.5218009949,25.8348808289,24.2018814087,23.618144989,23.5486812592,20.0530490875,18.9463844299,22.7560062408,23.7423191071,26.1362857819,22.6391391754,21.5959663391,19.8836460114,22.6256923676,21.4915466309,22.2166805267,16.7857341766,15.4558620453,23.0367469788,14.3815450668,19.8358421326,14.4708070755,17.694021225,15.245464325,13.6854991913,12.5563306808,14.3602876663,12.5811157227,11.7532596588,11.5552978516,11.6270933151,11.8107891083,11.5178222656,11.3563957214,11.8798599243,12.3183031082,11.7470149994,10.828250885,10.9346227646,10.5679588318,9.9972858429,10.5511274338,11.3349809647,9.1897878647,8.728427887,9.0137376785,7.3577547073,6.8448963165,7.0203728676,6.8167185783,6.6138057709,6.7248773575,6.6306743622,7.113820076,7.5935645103,8.481139183,6.5901579857,6.287320137,6.3355116844,5.7898015976,8.4592437744,5.1152057648,6.4045009613,6.5110149384,6.6467542648,6.7457985878,6.7434649467,6.8868842125,7.0303478241,7.0139775276,7.1263546944,6.8904299736,6.9720330238,6.5731105804,6.4890589714,6.2595243454,5.8121180534,5.8051538467,5.5059542656,5.1328010559,4.9296808243,4.8120250702,4.867764473,5.1520042419,4.983476162,4.7602767944,4.6326670647,5.1217503548,5.004986763,1.8836381435,1.8863039017,2.3934602737]},"mean_loss:":{"0":0.7120691538},"rmse":{"0":0.8438419104},"step_rmse":{"0":[0.5487539172,0.6457106471,0.7219552994,0.8115293384,0.8159180284,0.8203268051,0.9037699103,0.9355722666,0.9974210262,1.01648283,1.046225667,1.0835608244,1.0291007757,1.0301299095,1.0068480968,0.9930201173,0.9700688124,0.9442898035,0.9440256953,0.8896623254,0.905064702,0.8690522909,0.8012387156,0.8273199797,0.8136417866,0.845344305,0.7538557649,0.6852017045,0.6909601092,0.6506894827,0.6988799572,0.6819306612,0.7127287388,0.6633367538,0.6468475461,0.5717973113,0.5856827497,0.600373745,0.5792217851,0.6025187373,0.5490764976,0.5841006637,0.561645329,0.5630415678,0.5458789468,0.569716692,0.638225615,0.5960880518,0.6305717826,0.6370131969,0.6211699843,0.5970888138,0.6602768898,0.6080300212,0.6497890353,0.5876200795,0.7080251575,0.6635154486,0.754067421,0.7469714284,0.6998041868,0.6693960428,0.6204932332,0.5180946589,0.6927295923,0.9161525965,0.7885200381,0.873978436,0.7817570567,0.7513247728,1.1997367144,0.7875235081,0.8168973923,1.0829348564,0.9980037212,1.0170725584,0.959467113,0.7757424712,0.9648909569,1.1316406727,0.9414883852,1.0843601227,1.0088127851,0.8870620131,0.92991817,0.9060665369,0.6942670345,0.6976880431,0.6286283731,0.5504770875,0.4895355701,0.6378041506,0.6761134863,1.1869938374,1.3077913523,1.4620988369,0.5996102095,1.4639213085,1.2110702991,0.0909183025,0.158850193,0.4107990265]},"rmse_by_q":{"0":20.6594429016},