{"max_q":{"0":16.878824234},"min_q":{"0":-1.3148031235},"mean_q":{"0":8.8880834579},"range_q":{"0":18.1936264038},"step_max_q":{"0":[12.6445350647,13.7407884598,13.9249286652,14.6051187515,14.788564682,15.0248012543,15.3159542084,15.5235681534,16.3462982178,16.878824234,16.3457508087,15.882478714,14.9450149536,16.2642154694,15.0298891068,16.6645145416,14.858543396,14.2410211563,13.8023290634,13.289850235,14.6548700333,14.8116807938,12.0392055511,12.1641426086,10.9867782593,11.8816957474,11.2690000534,13.3038272858,11.5211830139,9.0552444458,8.8547668457,9.9906578064,8.0644445419,1.2614912987]},"step_min_q":{"0":[6.6853871346,7.1446552277,6.9985246658,7.1750860214,7.3774032593,7.2572183609,7.0606684685,5.2325186729,5.1631889343,4.2619066238,3.4119217396,3.0406289101,2.3921163082,1.3512663841,1.0701520443,1.2176158428,0.1158479452,0.1532156467,-0.182554245,-0.5453926325,-0.3861426115,-0.4509606361,-0.4846243858,-0.3579616547,-0.818860054,-0.6982079148,-0.9479726553,-1.0323519707,-1.3148031235,-1.155919075,-1.0729593039,-0.3847959638,-0.1300228834,0.0]},"step_mean_q":{"0":[11.2703285217,11.8407478333,11.9810857773,12.5313806534,12.5314979553,12.6890888214,12.884601593,12.0500249863,11.7297763824,11.0179758072,10.4852848053,10.2814025879,9.5760984421,9.2659492493,8.5874166489,8.3305425644,7.7117304802,7.3023514748,6.676533699,6.3546485901,5.9531807899,5.6856637001,5.4473905563,5.2549762726,5.0631742477,4.9576072693,4.2105975151,3.7775862217,2.3407683372,1.9510973692,1.7865492105,3.3788001537,3.0730240345,1.2614912987]},"episodes_still_running":{"0":[4096.0,4096.0,4096.0,4096.0,4096.0,4096.0,4096.0,4096.0,4096.0,4096.0,4096.0,4096.0,4096.0,4096.0,4096.0,4096.0,4096.0,4096.0,4096.0,4096.0,4064.0,3996.0,3892.0,3756.0,3640.0,3184.0,2464.0,1680.0,1052.0,580.0,292.0,92.0,24.0,4.0]},"step_range_q":{"0":[5.9591479301,6.5961332321,6.9264039993,7.4300327301,7.4111614227,7.7675828934,8.2552852631,10.2910499573,11.1831092834,12.6169176102,12.9338293076,12.8418502808,12.552898407,14.9129486084,13.959736824,15.4468984604,14.7426958084,14.087805748,13.9848833084,13.8352432251,15.041012764,15.2626419067,12.5238304138,12.5221042633,11.8056383133,12.5799036026,12.2169723511,14.3361797333,12.8359861374,10.2111635208,9.9277257919,10.375453949,8.1944675446,1.2614912987]},"mean_loss:":{"0":1.0275347233},"rmse":{"0":1.0136739016},"step_rmse":{"0":[0.2586690784,0.2706518769,0.2483704984,0.2762617171,0.2146649212,0.290785104,0.2971596718,0.5380011797,0.6473427415,0.7168977261,0.8844746947,1.0113461018,1.2354873419,1.4394629002,1.5921742916,1.5693169832,1.4552906752,1.4051024914,1.3532801867,1.2655688524,1.2535727024,1.1423949003,0.9915858507,1.000420332,0.9871532917,1.0466115475,0.9801125526,1.0061484575,1.1233811378,1.2108566761,1.0599120855,1.8513344526,2.0624039173,0.8014374971]},"mean_error":{"0":0.655616045},"step_mean_error":{"0":[0.2150423825,0.1750621796,0.1719884872,0.184819594,0.1589857787,0.2050172985,0.2098431289,0.4204125404,0.4956101179,0.5626786947,0.6976222992,0.7963382006,0.9613995552,1.1030806303,1.2311888933,1.2071342468,1.0976603031,1.0624058247,0.9924350977,0.8804795146,0.8603179455,0.7618976831,0.6566189528,0.6620966196,0.6291838884,0.6508617401,0.6028847694,0.638821125,0.672208488,0.7498434782,0.6156176329,1.3133382797,1.6041207314,0.8014374971]},"mean_deviation":{"0":3.3158178329},"step_mean_deviation":{"0":[3.378187418,2.5507616997,2.4203038216,2.3699891567,2.0573830605,2.6083638668,2.5435876846,4.3491921425,4.2175579071,4.4916205406,4.9791760445,6.4185709953,7.3647351265,7.3859319687,9.1846036911,9.1275663376,8.0270547867,8.349609375,7.6864352226,7.1685791016,6.1639609337,5.1356935501,5.2955179214,6.2456450462,5.9305796623,4.1689324379,5.2360405922,4.5136799812,6.2453198433,7.8974084854,6.9129676819,14.6496219635,14.3648338318,174.2051696777]},"epoch":{"0":120},"mask_name":{"0":"ally_shield"},"map_name":{"0":"5m_vs_6m"}}