{"max_q":{"0":15.1765537262},"min_q":{"0":-0.3318400383},"mean_q":{"0":7.0132231712},"range_q":{"0":15.5083942413},"step_max_q":{"0":[14.8870000839,14.8430576324,15.1765537262,15.0397062302,14.6402339935,14.6536769867,14.7687854767,14.698343277,14.3285579681,14.0021057129,13.8283843994,13.7348823547,13.2380485535,13.5192804337,13.6359958649,12.9398708344,12.9112606049,12.5068626404,12.2170658112,11.5589160919,11.4051208496,10.9097986221,10.1445817947,9.8530273438,10.0143709183,9.2290916443,9.051856041,8.2382307053,8.9212961197,7.8078336716,7.2787718773,7.1455125809,6.5686011314,6.3980302811,6.4014530182,5.7186307907,5.589600563,5.4451446533,5.2245488167,5.0054326057,4.7865400314,4.4273591042,4.4103250504,4.3911046982,5.0840353966,4.6469759941,4.3397827148,4.7721953392,3.7440168858,4.2369298935,3.6920897961,3.5645668507,3.5818343163,3.3177716732,3.3193311691,3.3684968948,3.3652029037,3.7198197842,3.1931705475,2.9570131302,2.817009449,1.9901467562,1.9482028484,1.9136669636,1.8833436966,1.8561294079,1.8315901756,1.809237957,1.7886564732,1.7658296824,1.7403550148,1.7156603336,1.6916741133,1.6681041718,1.6449155807,1.622055769,1.5995637178,1.5777490139,1.5561819077,1.5449380875,1.5354428291,1.5264773369,1.5181862116,1.5102297068,1.5025398731,1.4951565266,1.4880923033,1.4813313484,1.4748659134,1.468688488,1.4627921581,1.4571310282,1.4515759945,1.4462862015,1.4412549734,1.4364676476,1.4318391085,1.4274542332,1.4233416319,1.4194667339,1.41568923,1.4122657776,1.4092154503,1.4062968493,1.4035776854,1.4010525942,1.3987090588,1.3965435028,1.3945412636,1.3926365376,1.3908971548,1.3893182278,1.3878936768,1.3866194487,1.3854931593,1.3845258951,1.3836936951,1.382992506,1.3824173212,1.380402565,1.3769750595,1.3736712933,1.3704863787,1.3674154282,1.3644549847,1.3616012335,1.358849287,1.3561964035,1.3536382914,1.3511719704,1.3487939835,1.3465006351,1.3442893028,1.3421570063,1.3401002884,1.3381168842,1.3362035751,1.334358573,1.3325784206,1.3308620453,1.329205513,1.3276083469,1.3260674477,1.3246016502,1.3231908083,1.3218266964,1.3205109835,1.3192425966,1.3180202246,1.3168424368]},"step_min_q":{"0":[10.2386693954,11.0955886841,9.4846801758,8.6999378204,9.2669038773,8.4428567886,7.7171945572,7.0177168846,6.5411453247,6.2057700157,6.0593881607,5.4392824173,3.8577716351,4.0149936676,3.5043554306,3.2303659916,2.989811182,2.7458355427,2.4929161072,1.8390687704,1.6030344963,1.1799536943,0.6176213026,0.3672745228,0.3747668266,0.156267643,-0.007683754,-0.0966330767,-0.0713002682,-0.0663002729,-0.1887375116,-0.2199050188,-0.3318400383,-0.0923950672,-0.1270253658,-0.1874828339,-0.1207830906,-0.0576150417,-0.2136290073,-0.2669146061,-0.1249438524,-0.1169683933,-0.1849144697,-0.2111831903,-0.1745014191,-0.2493323088,-0.2926646471,-0.1957796812,-0.0487588644,-0.0792784691,-0.168119669,-0.2115370035,0.0,-0.0318080187,0.0,0.0,0.0,0.0,0.0,0.0,0.0,0.0,0.0,0.0,0.0,0.0,0.0,0.0,0.0,0.0,0.0,0.0,0.0,0.0,0.0,0.0,0.0,0.0,0.0,0.0,0.0,0.0,0.0,0.0,0.0,0.0,0.0,0.0,0.0,0.0,0.0,0.0,0.0,0.0,0.0,0.0,0.0,0.0,0.0,0.0,0.0,0.0,0.0,0.0,0.0,0.0,0.0,0.0,0.0,0.0,0.0,0.0,0.0,0.0,0.0,0.0,0.0,0.0,0.0,0.0,0.0,0.0,0.0,0.0,0.0,0.0,0.0,0.0,0.0,0.0,0.0,0.0,0.0,0.0,0.0,0.0,0.0,0.0,0.0,0.0,0.0,0.0,0.0,0.0,0.0,0.0,0.0,0.0,0.0,0.0]},"step_mean_q":{"0":[13.2366399765,13.4089536667,13.402299881,13.2153968811,13.172208786,12.8210096359,12.6718931198,12.2028436661,11.7875289917,11.5168437958,11.038066864,10.7566194534,10.2423200607,9.8784475327,9.4210796356,9.0411891937,8.6452093124,8.2139930725,7.8306560516,7.3680152893,6.9770116806,6.5558185577,6.1291017532,5.7600235939,5.3849611282,5.0335559845,4.7060809135,4.3796920776,4.0999693871,3.8453440666,3.5723257065,3.3258266449,3.1336410046,2.9808046818,2.7978832722,2.6669642925,2.5748033524,2.5187456608,2.4399507046,2.3874063492,2.315810442,2.3208618164,2.2946944237,2.2985596657,2.3147513866,2.3530230522,2.2762227058,2.307236433,2.1580822468,2.0059976578,1.9286850691,1.9050136805,1.8550223112,1.5839722157,1.9294507504,1.890432477,2.1120176315,1.8647841215,2.0445849895,1.9545902014,1.8945360184,1.4172742367,1.4039119482,1.3927571774,1.3817296028,1.3717929125,1.3627090454,1.3543441296,1.3465845585,1.3374969959,1.3269335032,1.3166465759,1.3066284657,1.2967541218,1.2870280743,1.2775183916,1.2681607008,1.2590854168,1.2501118183,1.2463239431,1.2434208393,1.2407772541,1.2384669781,1.2362598181,1.2341707945,1.2322328091,1.2304543257,1.2288935184,1.2273375988,1.2259540558,1.224763155,1.2237905264,1.2228592634,1.2220699787,1.221436739,1.2210350037,1.2207219601,1.2204934359,1.2203879356,1.2204090357,1.2204869986,1.2207520008,1.2195701599,1.2182247639,1.2169826031,1.2158401012,1.2147908211,1.2138329744,1.2129588127,1.2121353149,1.2113964558,1.2107388973,1.2101602554,1.2096580267,1.2092311382,1.208884716,1.2086069584,1.2083954811,1.2082481384,1.2073814869,1.2058093548,1.2042998075,1.2028503418,1.2014582157,1.2001218796,1.1988396645,1.1976084709,1.1964273453,1.1952939034,1.1942068338,1.1931642294,1.1921641827,1.1912053823,1.1902863979,1.1894090176,1.1885704994,1.1877697706,1.1870052814,1.1862742901,1.1855759621,1.1849097013,1.184273243,1.1836628914,1.1830887794,1.182541728,1.1820178032,1.1815178394,1.1810414791,1.1805877686,1.1801564693]},"episodes_still_running":{"0":[4096.0,4096.0,4096.0,4096.0,4096.0,4096.0,4096.0,4096.0,4096.0,4096.0,4096.0,4096.0,4096.0,4096.0,4096.0,4096.0,4096.0,4096.0,4096.0,4096.0,4096.0,4096.0,4096.0,4096.0,4096.0,4096.0,4096.0,4096.0,4092.0,4080.0,4068.0,4040.0,3988.0,3920.0,3844.0,3772.0,3668.0,3516.0,3400.0,3264.0,3132.0,2948.0,2740.0,2448.0,2120.0,1792.0,1408.0,1072.0,776.0,572.0,392.0,268.0,200.0,124.0,76.0,52.0,32.0,16.0,12.0,12.0,12.0,8.0,8.0,8.0,8.0,8.0,8.0,8.0,8.0,8.0,8.0,8.0,8.0,8.0,8.0,8.0,8.0,8.0,8.0,8.0,8.0,8.0,8.0,8.0,8.0,8.0,8.0,8.0,8.0,8.0,8.0,8.0,8.0,8.0,8.0,8.0,8.0,8.0,8.0,8.0,8.0,8.0,8.0,8.0,8.0,8.0,8.0,8.0,8.0,8.0,8.0,8.0,8.0,8.0,8.0,8.0,8.0,8.0,8.0,8.0,8.0,8.0,8.0,8.0,8.0,8.0,8.0,8.0,8.0,8.0,8.0,8.0,8.0,8.0,8.0,8.0,8.0,8.0,8.0,8.0,8.0,8.0,8.0,8.0,8.0,8.0,8.0,8.0,8.0,8.0]},"step_range_q":{"0":[4.6483306885,3.7474689484,5.6918735504,6.3397684097,5.3733301163,6.2108201981,7.0515909195,7.6806263924,7.7874126434,7.7963356972,7.7689962387,8.2955999374,9.38027668,9.5042867661,10.1316404343,9.7095050812,9.9214496613,9.7610273361,9.724149704,9.7198476791,9.8020858765,9.729845047,9.5269603729,9.4857530594,9.6396045685,9.0728244781,9.0595397949,8.3348636627,8.9925966263,7.8741340637,7.4675092697,7.3654174805,6.9004411697,6.4904251099,6.5284786224,5.9061136246,5.7103834152,5.5027599335,5.4381780624,5.2723474503,4.9114837646,4.5443277359,4.5952396393,4.6022877693,5.2585368156,4.8963084221,4.6324472427,4.9679751396,3.792775631,4.3162083626,3.860209465,3.7761039734,3.5818343163,3.3495798111,3.3193311691,3.3684968948,3.3652029037,3.7198197842,3.1931705475,2.9570131302,2.817009449,1.9901467562,1.9482028484,1.9136669636,1.8833436966,1.8561294079,1.8315901756,1.809237957,1.7886564732,1.7658296824,1.7403550148,1.7156603336,1.6916741133,1.6681041718,1.6449155807,1.622055769,1.5995637178,1.5777490139,1.5561819077,1.5449380875,1.5354428291,1.5264773369,1.5181862116,1.5102297068,1.5025398731,1.4951565266,1.4880923033,1.4813313484,1.4748659134,1.468688488,1.4627921581,1.4571310282,1.4515759945,1.4462862015,1.4412549734,1.4364676476,1.4318391085,1.4274542332,1.4233416319,1.4194667339,1.41568923,1.4122657776,1.4092154503,1.4062968493,1.4035776854,1.4010525942,1.3987090588,1.3965435028,1.3945412636,1.3926365376,1.3908971548,1.3893182278,1.3878936768,1.3866194487,1.3854931593,1.3845258951,1.3836936951,1.382992506,1.3824173212,1.380402565,1.3769750595,1.3736712933,1.3704863787,1.3674154282,1.3644549847,1.3616012335,1.358849287,1.3561964035,1.3536382914,1.3511719704,1.3487939835,1.3465006351,1.3442893028,1.3421570063,1.3401002884,1.3381168842,1.3362035751,1.334358573,1.3325784206,1.3308620453,1.329205513,1.3276083469,1.3260674477,1.3246016502,1.3231908083,1.3218266964,1.3205109835,1.3192425966,1.3180202246,1.3168424368]},"mean_loss:":{"0":0.1858586371},