{"max_q":{"0":27.6834659576},"min_q":{"0":-1.9503486156},"mean_q":{"0":4.1465306282},"range_q":{"0":29.633813858},"step_max_q":{"0":[23.52942276,27.6834659576,22.6688938141,25.8641815186,20.3192462921,22.1182594299,21.3888378143,19.4616947174,21.5717449188,18.3865680695,18.9507637024,22.162935257,19.8754272461,25.5967731476,25.168548584,18.642036438,20.4137878418,19.6505756378,19.621137619,19.6611862183,18.8191604614,18.8880462646,15.7441720963,21.0119743347,19.5443992615,23.3863830566,15.4914321899,15.4319019318,15.7838850021,14.1358690262,13.849395752,15.7675905228,12.6145086288,14.8585109711,18.1618270874,16.9983081818,12.8477649689,10.5316104889,10.9967308044,11.5426712036,11.1450138092,11.1185588837,10.9324350357,11.611084938,10.4769678116,11.5139122009,11.4040880203,8.8221817017,8.5779561996,8.5244846344,8.1905956268,8.0597000122,7.0551419258,9.3062419891,8.6865434647,7.5520014763,6.42704916,7.2779045105,7.2552309036,5.9891242981,5.9205198288,5.9669547081,6.0106315613,6.7318534851,6.1927442551,6.5425653458,6.2308545113,6.8255620003,6.3701891899,5.743074894,5.3591442108,6.160449028,7.1215724945,5.9897346497,6.1582155228,6.3016166687,6.4611539841,6.6182427406,6.7217445374,6.7989368439,6.8661346436,6.9319615364,6.9790072441,6.7045736313,6.62976408,6.332505703,6.0022516251,5.9818634987,5.7586436272,5.4761638641,5.1636676788,5.1638469696,4.7023901939,3.7764701843,3.5414800644,3.5398430824,4.259141922,5.8728232384,5.3252639771,1.5064759254,1.4639523029,1.8231245279]},"step_min_q":{"0":[2.1870782375,0.0,0.0,-0.3190808892,-0.0549833477,-1.0957934856,0.0,-1.2736272812,-0.7371527553,-0.2011124492,-0.2317823768,-0.1783578545,-0.5678541064,-0.4804623723,-0.4855021238,-1.9503486156,-0.3250758648,-1.0172104836,-0.9790638685,-0.5240468979,-0.4863883853,-1.3892412186,-0.7375972271,-0.5500332117,-0.8067570925,-0.624399364,-0.445608139,-0.6425246596,-0.7735874057,-0.7713866234,-0.7671545744,-0.8134402633,-0.9561505318,-0.7377354503,-0.7775170207,-0.8175065517,-0.9753671288,-1.0337046385,-1.0777503252,-0.8053818941,-0.8267824054,-0.8112477064,-0.6466658115,-0.654127717,-0.657323122,-0.7218599916,-0.8096660972,-0.7731336951,-0.7822389603,-0.7892090082,-0.8876318336,-0.7782348394,-1.2072037458,-0.6481401324,-0.6247589588,-0.746281743,-0.4612064958,-0.4763224721,-0.4149870276,-0.4331977963,-0.4599917531,-0.3475478292,-0.3541966677,-0.3568482995,-0.3435773253,-0.6822196245,-0.524163723,-0.4685276747,-0.4829827547,-0.4871184826,-0.4933609962,-0.4976571202,-0.5030303597,-0.5056328177,-0.4835499525,-0.4558554888,-0.4466318488,-0.4432591796,-0.4386703372,-0.4299947619,-0.4295909405,-0.4154628515,-0.4028745294,-0.3991451859,-0.4459645748,-0.1906549335,-0.1887978911,-0.1885744333,-0.193154037,-0.2046786547,-0.2678268552,-0.03439641,-0.0888066292,-0.0700880289,-0.2356854677,0.0,0.0,0.0,0.0,0.0,0.0,0.0]},"step_mean_q":{"0":[8.1432685852,8.366604805,8.0889177322,7.9519128799,7.676346302,7.3998336792,7.1157083511,6.7981772423,6.5484752655,6.2686476707,5.9507431984,5.6062898636,5.2602529526,4.8851408958,4.5307374001,4.1652235985,3.8287420273,3.5268120766,3.2267360687,2.9330236912,2.6765522957,2.4548635483,2.2629170418,2.0816237926,1.9061998129,1.7390284538,1.5648444891,1.4460836649,1.3281843662,1.2629624605,1.2043329477,1.1329835653,1.1008644104,1.0715780258,1.0375415087,1.0248951912,1.0070360899,0.9596140981,0.9326978922,0.9201620221,0.9012580514,0.904546082,0.8846083879,0.900560379,0.8765505552,0.8665069342,0.8983478546,0.8571636081,0.8674793839,0.8990101218,0.906991303,0.9186387062,0.8753700852,0.9359419346,0.9384183288,0.9543520212,0.9699661732,1.0159320831,1.0925039053,1.0341675282,1.1479314566,1.1708323956,1.171438694,1.1941673756,1.250333786,1.321310997,1.4559515715,1.6130161285,1.5605874062,1.4843740463,1.4366531372,1.4466229677,1.5125693083,1.616697073,1.6942677498,1.7408992052,1.4371812344,1.4483673573,1.3900104761,1.6582914591,1.5839576721,1.6420904398,1.6761499643,1.5414583683,1.6308044195,1.7632102966,1.7273706198,1.745729804,1.4974435568,1.3375935555,1.2707641125,1.8665441275,1.7373768091,1.4933332205,1.3763310909,2.082429409,2.9320912361,3.7307291031,3.4405374527,1.5064759254,1.4639523029,1.8231245279]},"episodes_still_running":{"0":[4096.0,4095.0,4092.0,4083.0,4070.0,4059.0,4044.0,4029.0,4020.0,4008.0,3987.0,3961.0,3934.0,3901.0,3863.0,3815.0,3760.0,3677.0,3585.0,3502.0,3432.0,3330.0,3235.0,3117.0,2990.0,2846.0,2711.0,2580.0,2445.0,2322.0,2184.0,2052.0,1892.0,1769.0,1633.0,1490.0,1383.0,1265.0,1154.0,1059.0,952.0,860.0,781.0,704.0,645.0,589.0,539.0,493.0,443.0,395.0,361.0,318.0,289.0,264.0,233.0,208.0,181.0,158.0,140.0,125.0,109.0,100.0,95.0,81.0,72.0,64.0,55.0,49.0,44.0,39.0,36.0,35.0,31.0,28.0,25.0,24.0,20.0,19.0,17.0,14.0,14.0,10.0,10.0,10.0,10.0,10.0,10.0,10.0,8.0,8.0,8.0,5.0,5.0,5.0,5.0,4.0,2.0,2.0,2.0,1.0,1.0,1.0]},"step_range_q":{"0":[21.3423442841,27.6834659576,22.6688938141,26.1832618713,20.3742294312,23.2140522003,21.3888378143,20.7353210449,22.3088970184,18.5876808167,19.1825466156,22.341293335,20.4432811737,26.0772361755,25.654050827,20.5923843384,20.7388629913,20.6677856445,20.6002006531,20.1852340698,19.3055496216,20.2772865295,16.4817695618,21.5620079041,20.3511562347,24.0107822418,15.937040329,16.074426651,16.557472229,14.9072551727,14.6165504456,16.581029892,13.5706596375,15.5962467194,18.9393444061,17.8158149719,13.823132515,11.5653152466,12.0744810104,12.3480529785,11.9717960358,11.9298067093,11.5791006088,12.2652130127,11.1342906952,12.2357721329,12.2137537003,9.5953149796,9.3601951599,9.3136940002,9.0782270432,8.837934494,8.262345314,9.9543819427,9.3113021851,8.298283577,6.8882555962,7.7542271614,7.6702179909,6.4223222733,6.3805117607,6.3145027161,6.3648281097,7.088701725,6.53632164,7.2247848511,6.7550182343,7.2940897942,6.8531718254,6.2301931381,5.8525052071,6.6581063271,7.6246027946,6.495367527,6.6417655945,6.7574720383,6.9077858925,7.0615019798,7.1604146957,7.228931427,7.2957258224,7.3474245071,7.3818817139,7.1037187576,7.0757284164,6.5231604576,6.1910495758,6.1704378128,5.9517974854,5.6808423996,5.4314947128,5.1982431412,4.7911968231,3.846558094,3.7771654129,3.5398430824,4.259141922,5.8728232384,5.3252639771,1.5064759254,1.4639523029,1.8231245279]},"mean_loss:":{"0":0.7077763677},"rmse":{"0":0.8412944674},"step_rmse":{"0":[0.5914200544,0.6513639688,0.7351252437,0.7760025263,0.8191472888,0.8236739039,0.8612704873,0.9228918552,0.9478586316,1.017770648,1.0156972408,1.0464528799,1.0693230629,1.0196899176,1.023748517,0.9966824055,0.9604812264,0.9283898473,0.9313655496,0.8745208383,0.888640523,0.8553543687,0.8198183179,0.8288189769,0.8353729248,0.8348686099,0.7591412663,0.7512362003,0.7189641595,0.6595900655,0.6970595121,0.7135977149,0.6713272929,0.6620908976,0.687276423,0.6664901376,0.6517149806,0.6553289294,0.6081227064,0.5945813656,0.592500329,0.5563979745,0.5309630632,0.5462611318,0.5469040275,0.5628786683,0.5459752083,0.5244624615,0.5589547753,0.6233480573,0.6095941067,0.5868617296,0.6443762183,0.5844556689,0.5682833195,0.6346690655,0.6868668795,0.6144089103,0.6463941932,0.7339074016,0.7710448503,0.8425410986,0.7286753654,0.5466872454,0.6438778043,0.6709897518,0.6613667011,0.8187750578,0.7728219032,0.7401405573,0.803809464,0.7336115241,0.8759440184,0.9035747051,0.8412765861,0.9803448319,0.994007349,0.9167077541,1.0974475145,1.1687225103,0.9274981618,1.2109817266,1.056610465,1.0580517054,1.2211090326,1.2262660265,0.9378188252,0.8482075334,0.7585797906,0.6718667746,0.6265170574,0.8566542864,0.6956621408,0.7352581024,0.8399641514,0.8845611811,0.3870979249,2.0048034191,1.4482675791,0.2862439156,0.2635014057,0.1595367193]},"rmse_by_q":{"0":20.2891178131},