{"max_q":{"0":15.7044467926},"min_q":{"0":-0.9573888183},"mean_q":{"0":8.5595302582},"range_q":{"0":16.6618347168},"step_max_q":{"0":[15.4923028946,15.7044467926,15.6400260925,15.4827289581,15.2772979736,15.1442375183,15.030500412,14.8297767639,14.7526187897,14.3178672791,14.0499916077,13.8182506561,13.3827371597,13.4708271027,13.2950210571,12.3696680069,12.0434827805,12.2012796402,11.5686149597,11.3035726547,10.8648319244,10.2996730804,10.2423267365,9.8926143646,9.1972007751,9.0740184784,8.5915746689,8.0334224701,7.850317955,7.2506828308,7.1242303848,6.4358081818,6.2357997894,6.2504348755,5.703248024,5.6246738434,5.3212833405,5.2632732391,4.7067642212,4.6533122063,4.2461700439,4.557975769,3.8744249344,3.8910987377,3.6488161087,3.5874552727,3.6630516052,3.4866061211,3.3743219376,3.5424365997,3.2588031292,2.9200761318,3.1698174477,3.397756815,3.1604104042,3.3033394814,3.0076699257,2.7194707394,2.7090804577,2.3290586472,2.4964864254,2.4584200382,2.2419936657,2.2432785034,2.2381386757,2.3927564621,2.2413647175,2.0841681957,2.2242901325]},"step_min_q":{"0":[12.060503006,10.6603832245,10.8980722427,11.3865737915,11.365357399,9.0371236801,10.0917797089,9.9767522812,8.3862476349,7.4117088318,6.3097467422,3.6166241169,4.2590508461,3.1825180054,3.2605314255,2.7750418186,2.1246271133,1.2173380852,1.0660020113,0.8717390299,0.6111205816,0.2074935436,0.3299181461,0.1743663549,0.0,0.0,0.0,-0.9573888183,-0.1917885542,-0.030028224,-0.2906906605,-0.1411143541,-0.1576985121,-0.2434214354,-0.4432245493,-0.1695529222,-0.4116288424,-0.117944479,-0.0940828323,-0.1416462064,-0.2358859181,-0.2671452761,-0.3257641196,-0.3256462216,-0.3349497914,-0.2524971366,-0.3672225475,-0.2548690438,-0.1635876894,-0.0005561113,0.0,0.0,0.0,0.0,0.0,0.0,0.0,0.0,0.0,0.0,0.0,0.0,0.0,0.0,0.0,0.0,0.0,0.0,0.0]},"step_mean_q":{"0":[14.6779527664,14.9530191422,14.8334560394,14.6600046158,14.2873449326,14.2599229813,14.0366926193,13.8311405182,13.3271751404,12.8567914963,12.5569877625,12.1023035049,11.7838096619,11.3614797592,10.9954690933,10.6604604721,10.2657203674,9.9038658142,9.5061264038,9.1531019211,8.7560873032,8.379240036,7.9955730438,7.596871376,7.2267446518,6.838488102,6.4570193291,6.0949697495,5.7512321472,5.4002671242,5.0871806145,4.7688117027,4.4490971565,4.1840333939,3.8937830925,3.6119391918,3.4001700878,3.1966376305,2.9900186062,2.8411798477,2.6849720478,2.5501942635,2.4328184128,2.2262339592,2.0776135921,1.9576728344,1.8222558498,1.8141151667,1.7560279369,1.875903964,1.8600988388,1.7396271229,1.6977542639,2.0060236454,1.9935510159,2.081363678,1.930015564,1.5157597065,1.4571084976,1.8060028553,2.4964864254,2.4584200382,2.2419936657,2.2432785034,2.2381386757,2.3927564621,2.2413647175,2.0841681957,2.2242901325]},"episodes_still_running":{"0":[4096.0,4096.0,4096.0,4096.0,4096.0,4096.0,4096.0,4096.0,4096.0,4096.0,4096.0,4096.0,4096.0,4096.0,4096.0,4096.0,4096.0,4096.0,4096.0,4096.0,4096.0,4096.0,4096.0,4096.0,4092.0,4092.0,4092.0,4092.0,4080.0,4076.0,4060.0,4044.0,4040.0,4000.0,3984.0,3968.0,3916.0,3860.0,3692.0,3392.0,2920.0,2444.0,1868.0,1400.0,1056.0,788.0,572.0,448.0,320.0,216.0,156.0,108.0,84.0,56.0,36.0,28.0,28.0,20.0,12.0,8.0,4.0,4.0,4.0,4.0,4.0,4.0,4.0,4.0,4.0]},"step_range_q":{"0":[3.4317998886,5.0440635681,4.7419538498,4.0961551666,3.9119405746,6.1071138382,4.9387207031,4.8530244827,6.3663711548,6.9061584473,7.7402448654,10.2016267776,9.1236858368,10.2883090973,10.0344896317,9.5946264267,9.9188556671,10.9839420319,10.5026130676,10.4318332672,10.2537117004,10.0921792984,9.9124088287,9.7182483673,9.1972007751,9.0740184784,8.5915746689,8.990811348,8.0421066284,7.280711174,7.4149208069,6.5769224167,6.3934984207,6.4938564301,6.1464724541,5.7942266464,5.7329120636,5.3812179565,4.8008470535,4.7949585915,4.4820561409,4.8251209259,4.2001891136,4.2167448997,3.9837658405,3.8399524689,4.0302743912,3.7414751053,3.5379095078,3.5429925919,3.2588031292,2.9200761318,3.1698174477,3.397756815,3.1604104042,3.3033394814,3.0076699257,2.7194707394,2.7090804577,2.3290586472,2.4964864254,2.4584200382,2.2419936657,2.2432785034,2.2381386757,2.3927564621,2.2413647175,2.0841681957,2.2242901325]},"mean_loss:":{"0":0.1297113597},"rmse":{"0":0.3601546288},"step_rmse":{"0":[0.1588929147,0.1710489392,0.2180282027,0.2166396528,0.2514880598,0.3113347888,0.3304461539,0.4174946249,0.4621016979,0.5315361023,0.5077781081,0.4931114316,0.5661757588,0.5381118655,0.5250192881,0.4721537232,0.4585799575,0.4500857294,0.4171622396,0.4041244686,0.3544390202,0.3634403646,0.348983407,0.3363591731,0.3256976008,0.3183054626,0.3186648488,0.3144328892,0.2923117578,0.2903398871,0.2740905285,0.2798851132,0.2681798339,0.2676298916,0.2831106782,0.2759838402,0.2640493214,0.2574379742,0.2839757204,0.2724260986,0.2646496296,0.2377806604,0.2658742964,0.2828431427,0.3188052773,0.3218672574,0.3751245439,0.4025987089,0.4825072587,0.4648596644,0.448598057,0.4806736708,0.5782394409,0.608722806,0.5796292424,0.7912862301,0.7390597463,0.365566045,0.2855917215,0.6226438284,0.5647389889,0.6073067188,0.6391189098,0.6414585114,0.5185382366,0.3384590149,0.5254721642,0.5388810635,0.2701995373]},"rmse_by_q":{"0":4.2076444626},"step_rmse_by_q":{"0":[1.0825277567,1.1439090967,1.4698408842,1.4777598381,1.7602155209,2.1832852364,2.3541595936,3.0185117722,3.4673643112,4.1342830658,4.0437893867,4.0745253563,4.8046922684,4.7362833023,4.774869442,4.4290180206,4.4670996666,4.5445461273,4.3883514404,4.4151639938,4.0479159355,4.3373904228,4.3647079468,4.4276013374,4.5068368912,4.6546177864,4.9351696968,5.1588916779,5.082593441,5.3763985634,5.3878674507,5.8690743446,6.027736187,6.3964567184,7.2708382607,7.6408772469,7.7657675743,8.053399086,9.4974565506,9.5884847641,9.8566989899,9.3240213394,10.928653717,12.7050056458,15.3447818756,16.4413204193,20.585723877,22.192565918,27.4771957397,24.7805690765,24.1168937683,27.6308441162,34.0590782166,30.3447494507,29.075214386,38.0176811218,38.2929420471,24.1176776886,19.5998935699,34.476348877,22.6213531494,24.703130722,28.5067234039,28.5946884155,23.1682815552,14.1451511383,23.4442939758,25.855928421,12.1476745605]},"mean_error":{"0":0.232528761},"step_mean_error":{"0":[0.0838681534,0.0855555609,0.1014131904,0.1136259139,0.1473965645,0.1857524216,0.2230101526,0.2769912183,0.318384856,0.3417097926,0.3436344266,0.3314096928,0.3644015789,0.3436875939,0.3411853015,0.3169562519,0.3176668882,0.3114553988,0.2979816198,0.2917250991,0.2619139552,0.269584775,0.2515852749,0.2436780035,0.2358068526,0.23134242,0.2279926538,0.2191489041,0.2095172256,0.207815215,0.1961945891,0.1998831034,0.1858069897,0.1864219308,0.1903618723,0.1895492673,0.1735199541,0.1769671142,0.1865726709,0.1724770218,0.1732200682,0.1640329808,0.1758416742,0.1882796735,0.2215855271,0.2269799113,0.2551775873,0.2892595232,0.3448413014,0.3418323398,0.3556844294,0.3612213731,0.463201344,0.4284668863,0.4292236567,0.613688767,0.5462837815,0.3199200332,0.2609806359,0.4940869212,0.5647389889,0.6073067188,0.6391189098,0.6414585114,0.5185382366,0.3384590149,0.5254721642,0.5388810635,0.2701995373]},"mean_q_deviation":{"0":8.5799150467},