{"max_q":{"0":25.2002334595},"min_q":{"0":-0.9129207134},"mean_q":{"0":8.6301059723},"range_q":{"0":26.1131534576},"step_max_q":{"0":[23.5291233063,23.8450126648,24.3353939056,23.7803630829,24.7124328613,24.8845157623,24.8065776825,24.5909938812,24.6496486664,25.2002334595,23.7006607056,23.4834499359,23.4286975861,24.0338382721,23.2008094788,23.6251506805,23.1889743805,21.4961833954,21.5323410034,21.0185108185,20.5518302917,20.1521987915,20.0054664612,19.7465858459,18.1456184387,18.0618896484,17.7993755341,17.2866210938,17.2885131836,16.5463485718,15.6765327454,15.5452747345,15.2734565735,15.0171842575,14.9226531982,14.2951183319,13.9446353912,13.5752029419,13.1587133408,12.7576885223,12.4952774048,12.0487718582,11.582113266,11.7178993225,11.6910247803,11.1415424347,11.1031751633,11.0487670898,10.7545309067,10.0734272003,10.2034111023,10.4550590515,9.9328927994,10.1393613815,10.2888851166,9.3801612854,9.0618438721,8.9980354309,8.5790538788,8.0590753555,8.1003484726,7.6939415932,7.3717370033,7.27175951,7.3260889053,7.2135109901,6.9840946198,7.0738987923,6.7898426056,6.7712945938,6.7942700386,6.6473069191,6.6842365265,6.521065712,6.3948545456,6.3252077103,6.08111763,6.1205263138,6.5775399208,5.8742427826,5.8255300522,6.2303791046,6.2390708923,6.3702917099,6.4424695969,6.3548574448,6.1459469795,6.118973732,6.0395326614,5.8573861122,5.9604606628,5.7917976379,5.6646556854,5.2365942001,5.2214107513,5.1604795456,4.9487271309,5.1505775452,4.9557933807,4.9520220757,4.81640625,4.8333148956,4.9345421791,4.7372803688,4.6231927872,4.6722602844,4.4280085564,4.3262262344,4.432387352,4.8826503754,5.1073441505,4.7608571053,4.6635699272,4.5020375252,4.4622530937,4.4691443443,4.4673156738,4.4575395584,4.4278507233,1.0862972736,1.087695837,1.0878381729,0.7615967989,0.7435574532,0.7285103798,0.4873954058,0.4728515744,0.4641771317,0.3847562671,0.1239835992,0.3161641955,0.353697598,0.4171866179,0.4966880977,0.567338109,0.5517430305,0.363879621,0.3383802474,0.3425703943,0.3378920257,0.3099098206,0.2857379615,0.6080339551]},"step_min_q":{"0":[10.1869831085,9.8739356995,9.2078971863,8.3399038315,8.0507183075,7.3271036148,6.7443537712,6.5349326134,6.0835857391,5.4928212166,4.9602408409,5.0828905106,4.5137047768,3.8941931725,3.7230408192,0.0,0.0,0.0,0.0,0.0,0.0,0.0,0.0,0.0,0.0,0.0,0.0,0.0,0.0,0.0,0.0,0.0,0.0,-0.4468502998,-0.1244190335,-0.3143576384,-0.5301668048,-0.4454529285,-0.5009245872,-0.5461258292,-0.9129207134,-0.5643742085,-0.3755758405,-0.3721888661,-0.5928425193,-0.6410229206,-0.7067329288,-0.8047953248,-0.7744857073,-0.7385085821,-0.740886271,-0.7130009532,-0.6519764066,-0.7580089569,-0.8467677236,-0.7140038013,-0.7855373621,-0.7478239536,-0.5809416771,-0.7354202867,-0.7960444093,-0.7554920316,-0.5989618897,-0.6377190948,-0.6749123335,-0.5386741161,-0.5555312037,-0.5701436996,-0.7463935614,-0.4897585213,-0.4391877055,-0.5161676407,-0.4228846431,-0.4089372158,-0.4512037933,-0.4120870531,-0.58528018,-0.5050031543,-0.5716891289,-0.6759169102,-0.5176360011,-0.4587391019,-0.3301717043,-0.2406763583,-0.4124721885,-0.3775925338,-0.2603832185,-0.3083743155,-0.1429285556,-0.1996616125,-0.2191679776,-0.2018325329,-0.2341065109,-0.191798687,-0.1718543172,-0.1545494199,0.0,-0.1793804616,-0.0985212326,-0.1269287467,-0.1142392457,-0.3554937243,-0.3399660587,-0.1319996119,0.0,0.0,0.0,0.0,0.0,0.0,0.0,-0.1844706833,-0.1159138381,-0.2789652944,0.0,0.0,0.0,0.0,0.0,0.0,0.0,0.0,0.0,0.0,0.0,0.0,0.0,0.0,0.0,0.0,0.0,0.0,0.0,0.0,0.0,0.0,0.0,0.0,0.0,0.0,0.0,0.0,0.0]},"step_mean_q":{"0":[14.175406456,14.3140983582,14.275270462,14.3878087997,14.448381424,14.3988819122,14.3224468231,14.2624988556,14.1476821899,14.0196628571,13.8137521744,13.6131134033,13.4177398682,13.1824102402,12.9008321762,12.6507263184,12.4010305405,12.092048645,11.7965183258,11.5186605453,11.2126646042,10.9035301208,10.6178598404,10.336853981,10.0439758301,9.7620840073,9.4841032028,9.2150430679,8.9615468979,8.6934185028,8.4487342834,8.2244377136,7.9732728004,7.7336125374,7.509417057,7.2910246849,7.0625901222,6.8575320244,6.6476812363,6.4548993111,6.2586975098,6.0695672035,5.8914337158,5.7302961349,5.5508213043,5.3946886063,5.2436962128,5.1039643288,4.956428051,4.8172678947,4.7090802193,4.6066932678,4.4875845909,4.3807430267,4.2798919678,4.1895308495,4.0963120461,4.0022592545,3.9319546223,3.8559787273,3.791336298,3.7077019215,3.6288921833,3.5870451927,3.4948933125,3.4717452526,3.3920655251,3.3416957855,3.2614696026,3.2102229595,3.1454281807,3.1136040688,3.0348343849,2.9675073624,2.8826775551,2.8564589024,2.8043518066,2.7307755947,2.6993386745,2.7039105892,2.7248194218,2.6957600117,2.7198493481,2.7039279938,2.6441104412,2.6207919121,2.6912229061,2.6810317039,2.6571426392,2.6055805683,2.4899914265,2.4317991734,2.4000093937,2.1691083908,2.1546936035,2.1958088875,2.2805745602,2.0529892445,1.9911001921,1.7974087,1.9224985838,2.0034046173,1.9853265285,1.9796708822,2.151512146,2.1751668453,2.1781229973,2.1602375507,2.0831344128,2.0176391602,2.0180523396,1.9434574842,1.8695788383,1.7020462751,2.3364701271,2.5523831844,2.3639509678,2.3651680946,2.935195446,1.0862972736,1.087695837,1.0878381729,0.7615967989,0.7435574532,0.7285103798,0.4873954058,0.4728515744,0.4641771317,0.3847562671,0.1239835992,0.3161641955,0.353697598,0.4171866179,0.4966880977,0.567338109,0.5517430305,0.363879621,0.3383802474,0.3425703943,0.3378920257,0.3099098206,0.2857379615,0.6080339551]},"episodes_still_running":{"0":[4096.0,4096.0,4096.0,4096.0,4096.0,4096.0,4096.0,4096.0,4096.0,4096.0,4096.0,4096.0,4096.0,4096.0,4096.0,4095.0,4095.0,4095.0,4095.0,4095.0,4095.0,4095.0,4095.0,4095.0,4095.0,4095.0,4095.0,4095.0,4095.0,4095.0,4095.0,4095.0,4094.0,4094.0,4093.0,4088.0,4084.0,4079.0,4072.0,4061.0,4048.0,4032.0,4017.0,4001.0,3978.0,3952.0,3916.0,3866.0,3815.0,3758.0,3676.0,3594.0,3505.0,3401.0,3304.0,3185.0,3054.0,2923.0,2777.0,2600.0,2442.0,2285.0,2091.0,1928.0,1773.0,1637.0,1502.0,1391.0,1250.0,1139.0,1036.0,931.0,845.0,758.0,667.0,597.0,522.0,460.0,407.0,361.0,312.0,271.0,234.0,205.0,178.0,150.0,129.0,111.0,97.0,87.0,75.0,68.0,64.0,54.0,48.0,41.0,33.0,29.0,24.0,22.0,19.0,17.0,16.0,14.0,13.0,12.0,10.0,10.0,8.0,8.0,8.0,7.0,6.0,6.0,3.0,3.0,3.0,3.0,2.0,1.0,1.0,1.0,1.0,1.0,1.0,1.0,1.0,1.0,1.0,1.0,1.0,1.0,1.0,1.0,1.0,1.0,1.0,1.0,1.0,1.0,1.0,1.0,1.0]},