{"max_q":{"0":22.3455028534},"min_q":{"0":-1.4697062969},"mean_q":{"0":4.268157959},"range_q":{"0":23.8152084351},"step_max_q":{"0":[15.5107803345,16.1678886414,16.9260540009,17.1116294861,19.9701309204,18.1206626892,17.0386753082,19.6580810547,18.7721996307,20.169303894,17.7942485809,16.1295948029,19.6220149994,17.1366996765,21.0330257416,22.3455028534,17.8594493866,16.9617938995,17.2465362549,19.0409183502,16.4412555695,16.644449234,15.3261194229,17.5546875,15.3705444336,13.9233512878,11.9839229584,12.8753013611,12.0798692703,12.7345895767,12.6067428589,13.1575489044,13.2644481659,12.3199310303,12.4758672714,12.1376361847,11.28865242,10.7716178894,10.3864383698,10.8967723846,10.4388961792,10.4294404984,8.913731575,8.9677877426,9.3576660156,8.7048454285,8.6454620361,8.6348438263,8.1289606094,7.9365177155,8.7885379791,7.6578474045,7.7499523163,7.2384462357,7.2309803963,7.3437070847,7.1137533188,6.8315029144,7.4262700081,7.2637295723,7.3823242188,7.592048645,7.8356161118,6.7418150902,8.1189804077,7.733332634,7.7515296936,7.4601511955,8.6466779709,5.6931633949,4.2390108109,4.1570568085,4.8707857132,4.2464361191,4.971988678,4.1934456825,5.4680290222,4.3039112091,4.6380815506,4.4083657265,4.7026381493,4.5988469124,4.1661500931,5.7817430496,4.9794888496,4.9536895752,5.444899559,4.6906995773,3.9453010559,4.2757759094,3.9778430462,3.8717999458,4.3674955368,3.8441922665,4.0817298889,3.8149778843,4.2779669762,4.1221065521,5.3149709702,5.2459421158,3.9696297646,4.5096769333,4.4165649414,4.9837388992,3.9837217331,4.6078796387,3.2672846317,3.4038155079,2.8817858696,2.2115883827,2.7450139523,2.8572859764,2.8412146568,2.8076078892,2.5209560394,2.9119474888,2.8855860233,2.9429121017,2.9162836075,2.9681401253,2.7503752708,2.7877409458,1.3461236954,1.3951023817,1.2480044365,1.2437779903,1.1959922314,1.0542515516]},"step_min_q":{"0":[2.7653784752,0.0,0.0,-1.4697062969,0.0,0.0,0.0,0.0,-0.1293914318,0.0,0.0,-0.0653171539,-0.0292811394,-0.0778334141,-0.1596648693,-0.3471195698,-0.6263954639,-0.270355463,-0.1446902752,-0.1100449562,-0.104906559,-0.2772736549,-0.3803474903,-0.4221551418,-0.1180224419,-0.2544116974,-0.2611761093,-0.1547980309,-0.2573926449,-0.1945545673,-0.3341343403,-0.2723534107,-0.3277323246,-0.3362958431,-0.2890639305,-0.3048684597,-0.4491927624,-0.2684290409,-0.2058899403,-0.2638428211,-0.1976666451,-0.2347855568,-0.2235820293,-0.2900285721,-0.2822589874,-0.2853965759,-0.2584087849,-0.76613307,-0.2707877159,-0.2758793831,-0.2082107067,-0.4035644531,-0.224604845,-0.5805623531,-0.3148217201,-0.6056950092,-0.6115419865,-0.2412097454,-0.1675133705,-0.252571106,-0.2622981071,-0.2585566044,-0.1651816368,-0.0949611664,-0.137111187,-0.0921676159,-0.0976700783,-0.2122650146,-0.0531265736,-0.1732358932,-0.2986707687,-0.0986633301,-0.0456163883,-0.0296025276,-0.0290632248,-0.0090742111,-0.0497336388,-0.5388755798,-0.2336285114,-0.2577195168,-0.0577802658,-0.0914492607,-0.0921909809,0.0,0.0,0.0,0.0,-0.0530660152,-0.0148162842,0.0,0.0,0.0,0.0,0.0,0.0,0.0,0.0,0.0,0.0,0.0,0.0,0.0,0.0,0.0,0.0,0.0,0.0,0.0,0.0,0.0,0.0,0.0,0.0,0.0,0.0,0.0,0.0,0.0,0.0,0.0,0.0,0.0,0.0,0.0,0.0,0.0,0.0,0.0]},"step_mean_q":{"0":[9.1667938232,9.3302202225,9.1888790131,9.0828714371,8.9929542542,8.8669052124,8.7572031021,8.564907074,8.3796443939,8.1833229065,7.9017853737,7.6078920364,7.2250857353,6.7765712738,6.3031907082,5.8149375916,5.3461809158,4.9095683098,4.4935097694,4.0634384155,3.7012245655,3.3758482933,3.0808155537,2.8319473267,2.5872957706,2.3784160614,2.2007064819,2.0416972637,1.8972744942,1.7633794546,1.6544034481,1.5604999065,1.4909932613,1.4039353132,1.3488306999,1.2966169119,1.2458516359,1.1877502203,1.1486301422,1.1086575985,1.0832479,1.0617556572,1.0470890999,1.0073899031,0.9870682359,0.9527099133,0.9451620579,0.9246608615,0.8998116255,0.899456799,0.9017301202,0.8935195208,0.8830325603,0.8832915425,0.8661475778,0.8639019132,0.8573723435,0.8493856788,0.8577798009,0.844887495,0.8373160958,0.8034974933,0.7992176414,0.808111608,0.8128196597,0.7750262618,0.7706189752,0.7646628618,0.7695840001,0.7412914634,0.7416283488,0.7428964972,0.7385140657,0.7297051549,0.7365484834,0.7399164438,0.7336686254,0.7233358622,0.7403456569,0.7362201214,0.7166388035,0.7087513804,0.7097406387,0.7512814403,0.751296401,0.8232921362,0.7925052643,0.8091537356,0.8095173836,0.8397810459,0.872971952,0.9034799933,0.9356600046,0.875479877,0.9046150446,0.9102727175,0.884604156,0.9541686177,0.9644495249,0.9600641131,0.9537966847,0.9773613811,1.0318163633,1.0580739975,0.9613569379,1.0378555059,1.026574254,1.0898997784,0.8924379349,0.9475569725,0.9922286868,1.0439456701,1.0023957491,0.9911375046,1.1169126034,1.2034279108,1.4216196537,1.8027402163,1.8537784815,1.8409737349,1.7865095139,1.7666133642,1.3410108089,1.35308218,1.2283973694,1.2201552391,1.1502630711,1.0542515516]},"episodes_still_running":{"0":[4096.0,4095.0,4095.0,4093.0,4090.0,4085.0,4081.0,4079.0,4077.0,4075.0,4074.0,4067.0,4056.0,4043.0,4034.0,4015.0,3995.0,3965.0,3935.0,3911.0,3874.0,3836.0,3793.0,3750.0,3704.0,3637.0,3569.0,3516.0,3447.0,3379.0,3311.0,3221.0,3133.0,3036.0,2927.0,2817.0,2705.0,2605.0,2469.0,2369.0,2245.0,2147.0,2044.0,1929.0,1819.0,1713.0,1589.0,1487.0,1393.0,1296.0,1201.0,1134.0,1055.0,982.0,911.0,844.0,786.0,728.0,679.0,639.0,592.0,553.0,514.0,478.0,449.0,401.0,373.0,351.0,332.0,302.0,283.0,265.0,241.0,224.0,211.0,194.0,178.0,168.0,152.0,139.0,130.0,122.0,112.0,97.0,92.0,81.0,75.0,72.0,69.0,60.0,54.0,49.0,43.0,36.0,34.0,31.0,30.0,27.0,26.0,22.0,20.0,19.0,17.0,17.0,16.0,14.0,12.0,12.0,10.0,8.0,8.0,6.0,6.0,6.0,5.0,5.0,4.0,3.0,3.0,3.0,3.0,3.0,2.0,2.0,2.0,2.0,2.0,1.0]},"step_range_q":{"0":[12.7454013824,16.1678886414,16.9260540009,18.5813350677,19.9701309204,18.1206626892,17.0386753082,19.6580810547,18.9015903473,20.169303894,17.7942485809,16.1949119568,19.6512966156,17.2145328522,21.1926898956,22.6926231384,18.4858455658,17.2321491241,17.3912258148,19.1509628296,16.5461616516,16.9217224121,15.7064666748,17.9768428802,15.4885673523,14.1777629852,12.2450990677,13.0300998688,12.3372621536,12.9291439056,12.9408769608,13.4299020767,13.5921802521,12.6562271118,12.7649307251,12.4425048828,11.7378454208,11.0400466919,10.5923280716,11.1606149673,10.6365623474,10.664226532,9.1373138428,9.2578163147,9.6399250031,8.9902420044,8.9038705826,9.4009771347,8.3997478485,8.2123966217,8.9967489243,8.0614118576,7.9745569229,7.8190088272,7.5458021164,7.9494018555,7.7252950668,7.0727128983,7.5937833786,7.5163006783,7.6446223259,7.850605011,8.0007972717,6.8367762566,8.2560920715,7.8255004883,7.8491997719,7.6724162102,8.699804306,5.8663992882,4.5376815796,4.2557201385,4.9164018631,4.2760386467,5.0010519028,4.2025198936,5.517762661,4.8427867889,4.8717098236,4.6660852432,4.7604184151,4.6902961731,4.2583408356,5.7817430496,4.9794888496,4.9536895752,5.444899559,4.743765831,3.9601173401,4.2757759094,3.9778430462,3.8717999458,4.3674955368,3.8441922665,4.0817298889,3.8149778843,4.2779669762,4.1221065521,5.3149709702,5.2459421158,3.9696297646,4.5096769333,4.4165649414,4.9837388992,3.9837217331,4.6078796387,3.2672846317,3.4038155079,2.8817858696,2.2115883827,2.7450139523,2.8572859764,2.8412146568,2.8076078892,2.5209560394,2.9119474888,2.8855860233,2.9429121017,2.9162836075,2.9681401253,2.7503752708,2.7877409458,1.3461236954,1.3951023817,1.2480044365,1.2437779903,1.1959922314,1.0542515516]},"mean_loss:":{"0":0.8018673658},"rmse":{"0":0.8954705},