{"max_q":{"0":23.5173015594},"min_q":{"0":-0.5136390328},"mean_q":{"0":4.2679629326},"range_q":{"0":24.0309410095},"step_max_q":{"0":[15.8947563171,16.6583557129,17.2366542816,18.3306751251,18.5988521576,19.8001270294,19.1216850281,19.4329605103,21.189956665,19.3569049835,18.6178379059,21.0442008972,18.2999725342,19.793844223,20.398897171,22.6038150787,20.8080654144,23.5173015594,20.579410553,20.6683692932,20.3787765503,19.4041728973,18.4433860779,18.2631855011,16.9263629913,15.9891004562,16.7429637909,16.4944534302,18.6678237915,16.3879451752,15.0120038986,13.8629875183,14.1926622391,16.6949539185,14.3731479645,12.8708305359,13.4200439453,12.899017334,13.5269098282,12.2157716751,13.0820798874,12.7157268524,14.1332540512,14.9863586426,12.7427272797,12.1026163101,13.5734272003,13.7463302612,13.7295942307,13.6362867355,14.2191152573,12.0112371445,10.4649372101,9.4889364243,9.4491653442,10.3575363159,9.6007547379,9.5711631775,8.2983646393,7.5151076317,7.3309593201,8.3682394028,7.1965703964,7.557800293,7.5150713921,7.2088541985,5.6976966858,6.2849979401,6.139523983,5.2066898346,4.7269024849,5.1868181229,5.3058123589,4.3181328773,4.0638079643,5.3503246307,4.2778291702,4.2623438835,4.1907839775,3.9528563023,3.9322147369,3.7726445198,2.7395567894,3.745139122,3.9050869942,3.8691513538,3.6638429165,2.6746613979,3.6737241745,3.4807515144,2.7854468822,3.0895466805,2.8833785057,2.5595197678,2.7949442863,2.7617893219,2.3593213558,2.2163915634,2.2021760941]},"step_min_q":{"0":[1.4800729752,0.4398092628,0.0,0.0,-0.1251370758,-0.0198358968,-0.0518583804,-0.1537621766,0.0,-0.1715894639,-0.0588965639,-0.0788588971,-0.1023030654,-0.1125261709,-0.1206987053,-0.1353081465,-0.1617011875,-0.2141263932,-0.2264613062,-0.2617850304,-0.3889267445,-0.3314120173,-0.326972276,-0.3121780157,-0.346552372,-0.4438119829,-0.3513225913,-0.4156330824,-0.3491446972,-0.3771247268,-0.3486312628,-0.4018809199,-0.3644426763,-0.4033103883,-0.3767810464,-0.4239135981,-0.4744672179,-0.3821407557,-0.3030753136,-0.3517813683,-0.3215212524,-0.372199446,-0.3622556925,-0.3852130771,-0.3790253103,-0.5136390328,-0.3748799562,-0.3750764728,-0.4403744936,-0.4886928797,-0.4256655872,-0.3717437387,-0.3803822994,-0.365455091,-0.3377720416,-0.3263510168,-0.3398521543,-0.3247455359,-0.3407816291,-0.3222917318,-0.3398385048,-0.318570137,-0.3369578123,-0.3136252463,-0.3324931264,-0.3077042103,-0.3268911242,-0.2756736279,-0.2756022513,-0.2272815108,-0.2852176726,-0.3517013788,-0.3640623987,-0.4037094712,-0.1423615515,-0.1552119404,-0.1301573813,-0.1884100586,-0.1568414569,-0.1546435058,-0.2350556552,-0.2395521104,-0.1563710868,-0.1901319325,-0.1662679464,-0.1608121544,-0.1622464657,-0.1635746956,-0.2617589831,-0.20656012,-0.2081781626,0.0,0.0,0.0,0.0,0.0,0.0,0.0,0.0]},"step_mean_q":{"0":[8.1055002213,8.1976146698,8.0900344849,7.928592205,7.8106870651,7.6211023331,7.4426112175,7.1604800224,6.9317336082,6.6327533722,6.3161506653,5.9643435478,5.5981693268,5.1488165855,4.7036070824,4.2584033012,3.8910908699,3.5852661133,3.279538393,2.985781908,2.7320933342,2.5122754574,2.3023731709,2.1064789295,1.9164286852,1.8039872646,1.6591706276,1.565397501,1.5097455978,1.4634200335,1.3929954767,1.3745535612,1.3344082832,1.290532589,1.2511844635,1.1988376379,1.1837681532,1.1287932396,1.1248575449,1.1222423315,1.0917885303,1.1120598316,1.1360251904,1.1298193932,1.1289089918,1.121658802,1.157418251,1.1997327805,1.2138043642,1.1862471104,1.206733942,1.0998437405,1.0968886614,1.043400526,1.0283195972,1.050874114,1.0929863453,1.1029371023,1.0998899937,1.1514065266,1.1159805059,1.1743645668,1.1906222105,1.1905869246,1.1015084982,0.9732677937,0.9175146222,0.9224496484,0.9886832833,0.8847329617,0.8829501867,0.8907049894,0.9209963083,0.8852817416,0.8182432652,0.9024141431,0.9800592661,1.0186953545,0.9585535526,0.7841994762,0.7640624046,0.8549516201,0.8412308693,0.8793867826,0.9524089694,0.9542942047,0.8651715517,0.9999305606,1.3695969582,1.5787527561,1.4062712193,1.9857662916,1.8983821869,1.8073908091,1.9493670464,1.8306703568,1.7298316956,1.6493086815,1.3840034008]},"episodes_still_running":{"0":[4096.0,4096.0,4088.0,4080.0,4075.0,4069.0,4060.0,4053.0,4045.0,4040.0,4032.0,4021.0,4003.0,3977.0,3939.0,3879.0,3810.0,3732.0,3671.0,3577.0,3486.0,3413.0,3292.0,3200.0,3095.0,2974.0,2813.0,2698.0,2570.0,2423.0,2286.0,2121.0,1981.0,1849.0,1729.0,1599.0,1480.0,1359.0,1237.0,1131.0,1029.0,930.0,838.0,762.0,684.0,609.0,544.0,491.0,441.0,383.0,348.0,302.0,269.0,235.0,208.0,184.0,164.0,135.0,117.0,100.0,89.0,78.0,70.0,66.0,61.0,52.0,48.0,42.0,39.0,39.0,36.0,35.0,30.0,27.0,23.0,22.0,19.0,16.0,15.0,11.0,10.0,9.0,8.0,8.0,8.0,8.0,8.0,6.0,5.0,4.0,4.0,3.0,3.0,3.0,3.0,3.0,3.0,3.0,2.0]},"step_range_q":{"0":[14.414683342,16.2185459137,17.2366542816,18.3306751251,18.7239894867,19.8199634552,19.1735439301,19.5867233276,21.189956665,19.5284938812,18.6767349243,21.1230602264,18.4022750854,19.906370163,20.5195960999,22.7391223907,20.9697666168,23.7314281464,20.8058719635,20.9301548004,20.76770401,19.735584259,18.7703590393,18.5753631592,17.2729148865,16.4329128265,17.094285965,16.9100856781,19.0169677734,16.7650699615,15.3606348038,14.2648687363,14.5571050644,17.0982646942,14.7499294281,13.2947444916,13.8945112228,13.2811584473,13.8299846649,12.5675525665,13.4036006927,13.0879259109,14.4955101013,15.3715715408,13.121752739,12.6162557602,13.9483070374,14.1214065552,14.169968605,14.1249799728,14.6447811127,12.3829813004,10.8453197479,9.854391098,9.7869377136,10.6838874817,9.9406070709,9.8959083557,8.6391458511,7.8373994827,7.6707978249,8.6868095398,7.5335283279,7.8714256287,7.8475646973,7.5165586472,6.0245876312,6.5606718063,6.4151263237,5.433971405,5.0121202469,5.5385193825,5.6698746681,4.721842289,4.2061696053,5.5055365562,4.4079866409,4.4507541656,4.3476252556,4.1074995995,4.1672701836,4.0121965408,2.895927906,3.9352710247,4.071354866,4.0299634933,3.8260893822,2.8382360935,3.9354832172,3.6873116493,2.993625164,3.0895466805,2.8833785057,2.5595197678,2.7949442863,2.7617893219,2.3593213558,2.2163915634,2.2021760941]},"mean_loss:":{"0":0.8247622848},"rmse":{"0":0.9081642628},"step_rmse":{"0":[0.7513982058,0.7672252655,0.825517416,0.8841909766,0.9631463885,0.9643455148,1.0036762953,1.0179384947,1.0488220453,1.0655952692,1.1168295145,1.0772035122,1.0767762661,1.0987212658,1.072863698,1.064827323,1.0373501778,1.0434132814,1.025411725,0.9201931357,0.9280171394,0.9165915251,0.929633975,0.8408732414,0.7842166424,0.788929522,0.774985373,0.753261745,0.7506358624,0.7417098284,0.7101495862,0.7138427496,0.7186142206,0.766556263,0.7184178233,0.7238532305,0.6914276481,0.6815362573,0.6447349191,0.6384668946,0.6379150152,0.6166774035,0.6582314968,0.6568986773,0.6340728998,0.6539431214,0.6515784264,0.6896211505,0.7032145262,0.6513516307,0.6899459958,0.6509571671,0.6298162937,0.6162825227,0.6493498087,0.6720414162,0.6746537089,0.6930964589,0.7218331099,0.673279047,0.6026617885,0.7094347477,0.746509552,0.7338870168,0.7388525009,0.7273455262,0.7843958139,0.7746943831,0.7895328999,0.7177166939,0.5437657833,0.4593597054,0.6358901262,0.5954399705,0.5300110579,0.3477599919,0.3861810863,0.715093255,0.5581969619,0.3322839439,0.3209604919,0.3538026512,0.5849704146,0.3358707726,0.326969713,0.3312026858,0.3999000788,0.8664932847,0.4675668776,0.4422526062,0.8406089544,0.5892333984,0.5946535468,0.6689759493,0.4295975864,0.483268261,0.4348635674,0.3928867579,0.5197603106]},"mean_error":{"0":0.5312147737},