{"max_q":{"0":24.3264465332},"min_q":{"0":-0.9878766537},"mean_q":{"0":6.19901371},"range_q":{"0":25.3143234253},"step_max_q":{"0":[24.3264465332,23.5167732239,23.8017349243,23.3830471039,23.4847373962,23.0813236237,22.4230422974,22.5201320648,22.5898895264,22.4562530518,22.0447921753,21.4611434937,21.5886669159,21.6351852417,21.1571846008,20.6940727234,20.0500831604,20.5152587891,19.5927085876,20.638923645,18.4910354614,18.3646011353,17.9716758728,18.3272476196,17.4876976013,17.2802047729,17.499206543,17.2035179138,16.6126384735,16.9055938721,16.1606941223,15.9249200821,15.0653991699,15.1353130341,15.4156284332,14.6314935684,14.6347303391,14.6259174347,13.8346319199,14.0008354187,13.1582508087,13.2624073029,12.5027885437,12.9567070007,11.9639892578,12.1631145477,12.4618492126,11.0806684494,11.0326871872,11.6807098389,10.6962375641,10.5740289688,10.3767280579,10.1012392044,10.1072769165,9.793012619,9.6950492859,8.8399267197,8.6565570831,8.7730484009,8.4471950531,9.2860240936,8.5962257385,8.8494787216,8.5668964386,7.9667634964,7.7705287933,7.4444417953,7.3508062363,7.088203907,7.1153688431,6.819881916,6.7630500793,6.7069683075,6.8473906517,6.615899086,6.7626371384,6.7909803391,6.719107151,6.781917572,6.6317415237,6.5157670975,6.6339464188,6.4679689407,6.404173851,6.3825531006,6.3054413795,6.2497205734,6.0405521393,6.0432510376,6.0819272995,6.1061701775,6.1768922806,6.1412949562,6.1236410141,6.0781683922,6.2023925781,5.935675621,5.9936943054,5.9660692215,5.749329567,5.73005867,5.6455373764,5.5893120766,5.5374298096,5.4732999802,5.4462862015,5.3702497482,5.3186225891,5.316754818,5.5504255295,5.4487190247,5.5134830475,5.620051384,5.4967689514,5.4894127846,5.5027952194,5.4490790367,5.3606724739,5.4316573143,5.5955638885,5.4089312553,5.3507232666,5.2394032478,5.2719926834,5.1522049904,5.0993313789,5.0268349648,5.0293822289,4.9246816635,4.8521800041,4.958460331,4.8187398911,4.792037487,4.9545469284,4.7380828857,4.5862150192,4.6321697235,4.3517217636,4.498673439,4.3818640709,1.6827189922,2.1456246376,1.98495996,1.7141449451,1.7497485876,1.2593357563,1.2011517286,1.4913482666,1.1938060522,1.3620696068,1.2665808201,1.2045155764,1.0741186142,1.0785069466,1.0555225611,0.927295804,0.926964879,0.5879206657,0.5883409977,0.6514011621,0.0]},"step_min_q":{"0":[7.1670150757,7.0391082764,6.6786165237,6.5789055824,6.0587773323,5.6984596252,5.456949234,5.1120710373,5.0859613419,4.5321846008,4.0226430893,3.4047131538,3.7803454399,3.2175459862,3.1883525848,3.3226139545,2.9979503155,2.7788629532,2.5347318649,2.6554985046,2.4793593884,2.0620365143,0.0,0.0,0.0,0.0,0.0,0.0,0.0,0.0,0.0,-0.2433778048,-0.1148655415,-0.3644714355,-0.5216510296,-0.4576461315,-0.4311462641,-0.2476599216,-0.4489994049,-0.3863816261,-0.5678663254,-0.6060773134,-0.3844978809,-0.4816622734,-0.9878766537,-0.4557080269,-0.4834859371,-0.5578546524,-0.5278491974,-0.7024087906,-0.4272580147,-0.6371699572,-0.576697588,-0.5172464848,-0.51744771,-0.6030904055,-0.5633583069,-0.6186583042,-0.5920869112,-0.7835640907,-0.6073100567,-0.7892353535,-0.4919421673,-0.4850473404,-0.5218238831,-0.6403734684,-0.7169659138,-0.4308180809,-0.4817233086,-0.5936703682,-0.5299274921,-0.6092541218,-0.6031851768,-0.9288167953,-0.4360007048,-0.3648382425,-0.3938817978,-0.3921046257,-0.3295094967,-0.5094643831,-0.4966393709,-0.2520877123,-0.3867846727,-0.3420760632,-0.455530405,-0.58575809,-0.5063012838,-0.5703468323,-0.332038641,-0.3850569725,-0.3894050121,-0.2979751825,-0.3732683659,-0.356862545,-0.3610146046,-0.3529231548,-0.4004532099,-0.2715110779,-0.2445604801,-0.4364026785,-0.4260487556,-0.3976794481,-0.3924436569,-0.3680486679,-0.3072525263,-0.2430506945,-0.2189651728,-0.164329052,-0.1288062334,-0.2391033173,-0.2037134171,-0.2177770138,-0.2248336077,-0.4491212368,-0.3774399757,-0.3668987751,-0.2666379213,-0.2000988722,-0.20928967,-0.2056703568,-0.1687648296,-0.2955627441,-0.2930426598,-0.2923103571,-0.2062473297,-0.0725011826,-0.0745985508,-0.3006387949,-0.0387631655,-0.2786684036,-0.4141546488,-0.4036713839,-0.2764728069,-0.5060151815,-0.6044411659,-0.4568544626,-0.1468420029,-0.2675982714,-0.0744974613,-0.143712759,-0.0136165619,-0.134245038,0.0,0.0,0.0,0.0,0.0,0.0,0.0,0.0,0.0,0.0,0.0,0.0,0.0,0.0,0.0,0.0,0.0,0.0,-0.0301944017,-0.0025098324]},"step_mean_q":{"0":[11.4965190887,11.6488552094,11.6122102737,11.6506214142,11.6930379868,11.67669487,11.5913715363,11.5506591797,11.4296073914,11.2983160019,11.1214227676,10.9400520325,10.7413311005,10.5058937073,10.2426357269,9.9944810867,9.7446212769,9.4549770355,9.1848278046,8.9123916626,8.63804245,8.3319969177,8.0539340973,7.7888216972,7.5129265785,7.2227549553,6.9699087143,6.7248711586,6.4627151489,6.2085676193,5.9639444351,5.7386946678,5.5045838356,5.2633504868,5.0498685837,4.8436684608,4.6291594505,4.427482605,4.2203998566,4.0343947411,3.8474066257,3.665668726,3.4942564964,3.3341188431,3.2045190334,3.0732884407,2.9474930763,2.8415105343,2.7333102226,2.6581728458,2.579543829,2.5114011765,2.4402873516,2.412399292,2.3679280281,2.342880249,2.3210849762,2.2790243626,2.2532110214,2.2564864159,2.259906292,2.2620887756,2.2482020855,2.2389833927,2.2499761581,2.2884616852,2.2745075226,2.2460360527,2.2309956551,2.2334244251,2.231705904,2.2517418861,2.247313261,2.2293686867,2.2354748249,2.2269871235,2.2302687168,2.2583796978,2.3118846416,2.3057835102,2.2741498947,2.2568738461,2.2828469276,2.3102235794,2.2683579922,2.2182216644,2.2426533699,2.2713193893,2.2888011932,2.2310469151,2.2035856247,2.1697471142,2.1295473576,2.1210918427,2.0864923,2.0542669296,2.0485174656,2.0597496033,2.0658063889,2.0878367424,1.9949682951,1.9551546574,1.9505167007,1.9761948586,1.9400112629,1.9613478184,1.8925042152,1.856987834,1.8263925314,1.8266607523,1.8108127117,1.8361012936,1.8224670887,1.879635334,1.8977166414,1.9215615988,1.948664546,1.9009759426,1.7748640776,1.8543199301,1.9390872717,1.9185361862,1.944434762,1.9693617821,2.0700449944,2.0892734528,2.0412325859,1.8778716326,2.0784435272,2.0008780956,1.8665313721,1.7467589378,1.80780375,1.8328016996,1.8459783792,1.3607202768,1.3288781643,1.370185256,1.0958046913,1.1849499941,1.134724021,0.6791067123,0.8954879045,0.8432998657,0.8135857582,0.7646223307,0.6332788467,0.6322245002,0.9409349561,0.7207624316,0.747628212,0.720013082,0.5984108448,0.5539832711,0.5542436838,0.4671058655,0.4078483582,0.4061645269,0.3068838418,0.305934608,0.3106033802,-0.0025098324]},"episodes_still_running":{"0":[4096.0,4096.0,4096.0,4096.0,4096.0,4096.0,4096.0,4096.0,4096.0,4096.0,4096.0,4096.0,4096.0,4096.0,4096.0,4096.0,4096.0,4096.0,4096.0,4096.0,4096.0,4096.0,4095.0,4095.0,4095.0,4095.0,4095.0,4095.0,4094.0,4093.0,4093.0,4093.0,4092.0,4092.0,4091.0,4090.0,4086.0,4078.0,4075.0,4065.0,4054.0,4043.0,4026.0,4001.0,3960.0,3919.0,3871.0,3813.0,3731.0,3634.0,3546.0,3443.0,3335.0,3196.0,3066.0,2931.0,2802.0,2681.0,2554.0,2421.0,2279.0,2142.0,2014.0,1899.0,1766.0,1654.0,1551.0,1467.0,1399.0,1312.0,1220.0,1135.0,1051.0,1000.0,942.0,891.0,831.0,778.0,720.0,687.0,636.0,604.0,564.0,524.0,498.0,469.0,436.0,405.0,377.0,348.0,328.0,314.0,294.0,273.0,257.0,239.0,223.0,210.0,192.0,181.0,166.0,161.0,154.0,144.0,132.0,124.0,119.0,115.0,108.0,101.0,95.0,84.0,83.0,78.0,71.0,64.0,62.0,58.0,55.0,50.0,45.0,43.0,38.0,32.0,28.0,26.0,26.0,23.0,21.0,20.0,19.0,17.0,15.0,14.0,14.0,12.0,11.0,10.0,7.0,7.0,7.0,5.0,4.0,4.0,4.0,4.0,4.0,4.0,3.0,3.0,3.0,3.0,3.0,3.0,3.0,3.0,3.0,3.0,3.0,2.0,2.0,1.0]},