{"max_q":{"0":24.1531639099},"min_q":{"0":-0.7738852501},"mean_q":{"0":6.7495722771},"range_q":{"0":24.9270496368},"step_max_q":{"0":[23.7328891754,23.7119483948,24.0499572754,23.9083633423,23.6320114136,23.9363250732,24.1531639099,23.6446876526,22.7899112701,22.8289070129,22.7122783661,23.2805957794,22.743270874,22.6297607422,22.9682102203,22.6375465393,22.9411945343,22.4729385376,22.4097251892,21.5192165375,20.7520923615,20.7989120483,20.4184951782,19.2400798798,18.9612617493,19.8100719452,18.1210803986,17.9275550842,17.8946990967,16.9241504669,16.2337932587,16.1138763428,15.4177732468,15.2975521088,14.9660606384,14.3258647919,14.648601532,14.3214206696,13.8684301376,13.6920537949,13.2727470398,12.5941696167,12.0210866928,11.8639545441,11.7848768234,11.3012132645,11.4668540955,11.0164337158,11.0720310211,11.0854587555,10.5576295853,10.6044778824,10.7859745026,10.5174741745,10.2177791595,9.9239454269,9.8809423447,9.5953350067,9.0219745636,9.0447349548,8.5412073135,8.6000299454,8.4932832718,8.1481714249,8.2666988373,8.3090114594,8.5164203644,8.3431015015,8.3660669327,8.1205816269,7.9784226418,7.9980373383,8.0887556076,7.8207364082,7.8630437851,7.7395887375,7.562746048,7.5959367752,7.343234539,7.332449913,7.3740434647,7.2735185623,6.9368963242,6.9000172615,6.8793148994,6.7726306915,6.8581767082,6.8092498779,6.9654960632,6.9484872818,6.874250412,6.5815863609,6.5335965157,6.4724760056,6.5142374039,6.227042675,6.2520418167,6.2878446579,6.1532745361,5.9698600769,6.0361948013,5.9441423416,5.6896209717,5.8823847771,5.6466474533,5.5979895592,5.6816225052,5.5840477943,5.5633840561,5.3290996552,5.4744830132,5.3549499512,5.1609592438,5.1439862251,5.2418866158,4.9203300476,4.9439401627,4.9787187576,4.7173094749,4.8682184219,5.227616787,4.6295919418,5.0575962067,5.6367902756,5.2210402489,5.3830509186,5.3348894119,4.1857962608,4.9854211807,4.946059227,4.8609704971,5.0095081329,4.9926848412,4.7942852974,4.7284626961,4.5356550217,4.7338733673,4.7164554596,4.5863447189,4.3798556328,4.5175085068,4.3970198631,4.1444864273,4.3282160759,4.1827669144,3.9084427357,4.1280884743,3.8796284199,1.894649744,1.9011425972,2.1179623604,1.5567080975,1.5222833157,1.5934183598,1.2048771381,1.1879383326,1.2695572376]},"step_min_q":{"0":[4.8525176048,4.8369622231,5.4270706177,5.3682112694,5.1714406013,4.9733800888,4.4333467484,4.4266486168,4.3690919876,4.1698532104,3.9367513657,3.9501757622,0.0,0.0,0.0,0.0,0.0,0.0,0.0,0.0,0.0,0.0,0.0,0.0,0.0,0.0,0.0,0.0,0.0,0.0,0.0,0.0,0.0,-0.1377677917,-0.3374824524,-0.3172976971,-0.3487836123,-0.3960459232,-0.4230684042,-0.4472420216,-0.5510846376,-0.3146370649,-0.591350317,-0.4249382019,-0.5829877853,-0.4315187931,-0.389293313,-0.3851159811,-0.3697564602,-0.6364737749,-0.4455795288,-0.727615118,-0.7738852501,-0.4532524347,-0.4465585947,-0.3602275848,-0.4398841858,-0.586401701,-0.5619028807,-0.4688351154,-0.4723728895,-0.4529408813,-0.4613034725,-0.3364627063,-0.4508914948,-0.4715241194,-0.3776171207,-0.4464097023,-0.3784974217,-0.2497807145,-0.5078990459,-0.4639592171,-0.388780117,-0.3993409872,-0.2692688704,-0.2873800993,-0.2624901533,-0.3779964447,-0.2149429917,-0.3926331997,-0.2752420902,-0.2715386152,-0.2512495518,-0.3090871572,-0.2666330338,-0.280815959,-0.3087650836,-0.3549001217,-0.3471657038,-0.2842260599,-0.2110624909,-0.2594779134,-0.2381941676,-0.2056435347,-0.1685246825,-0.2343789339,-0.2282209396,-0.2933562994,-0.1308349371,-0.1355937123,-0.1155508757,-0.197004199,-0.1145263314,-0.3428725004,-0.2631171346,-0.2245507836,-0.1962873936,-0.0021143556,-0.0088920891,-0.1453351974,-0.2364067435,-0.1380721331,-0.2175832987,-0.1129580736,-0.3205628395,-0.3227310181,-0.1322314739,-0.2768061161,-0.2793230414,-0.2334557772,-0.1208951473,-0.233259201,-0.0744342804,-0.1274468899,-0.3768990636,-0.2703709602,-0.37368083,-0.1005609035,-0.0659641027,0.0,0.0,0.0,0.0,0.0,0.0,0.0,0.0,0.0,0.0,0.0,0.0,0.0,0.0,0.0,0.0,-0.0343008041,0.0,-0.185940057,-0.1735034585,-0.122251451,-0.1873162985,-0.3904623389,-0.255982101,-0.1649205685,0.0,0.0,0.0]},"step_mean_q":{"0":[11.7374477386,11.7735958099,11.7925357819,11.8658046722,11.9110832214,11.9291725159,11.878528595,11.8845806122,11.8296985626,11.7491168976,11.626001358,11.5179691315,11.3895254135,11.2335700989,11.0441961288,10.8712892532,10.6823701859,10.4439229965,10.209654808,9.9750566483,9.7277030945,9.4552021027,9.1929349899,8.9204721451,8.6362800598,8.3350687027,8.0375680923,7.7561197281,7.4664440155,7.1736340523,6.8891243935,6.6226029396,6.3460998535,6.0791187286,5.8271660805,5.5780992508,5.3381085396,5.1087388992,4.8775639534,4.6527404785,4.4458456039,4.2518482208,4.0437488556,3.8466598988,3.6792871952,3.5114240646,3.3738157749,3.2403976917,3.1227543354,3.0092525482,2.9165332317,2.8272352219,2.7498531342,2.678450346,2.6258621216,2.5799987316,2.5208027363,2.4897491932,2.4320127964,2.4140024185,2.3767249584,2.3629937172,2.33735919,2.309221983,2.2878422737,2.2426276207,2.2423939705,2.2404110432,2.1986339092,2.1928467751,2.1535434723,2.1598556042,2.1607599258,2.1475036144,2.1720352173,2.1904432774,2.17831707,2.1439166069,2.1443722248,2.096067667,2.0469834805,2.0114626884,1.9460481405,1.9623661041,1.9661931992,1.9580469131,1.9011679888,1.8987817764,1.881247282,1.8675792217,1.9569360018,2.0049054623,1.9522353411,1.9821687937,1.97242558,1.9810017347,1.9861339331,1.9918308258,1.994127512,2.0296881199,1.9714921713,1.9245452881,1.9972807169,1.9946197271,2.0213522911,2.0659267902,2.0859398842,2.0843589306,2.0486996174,2.0188004971,1.8237047195,1.8305356503,1.8964490891,1.9116407633,1.7830411196,1.8026103973,1.8377906084,1.8708095551,1.8460543156,1.846273303,1.8851276636,1.8450818062,1.8496069908,1.9001574516,1.6344867945,1.7054291964,1.6166027784,1.691791296,1.5947775841,1.6225086451,1.4561803341,1.4187116623,1.5747722387,1.5715509653,1.6241519451,1.5448621511,1.4669872522,1.4015234709,1.5452245474,1.4821815491,1.600913167,1.674798131,1.6945177317,1.762532115,1.8075250387,1.7143300772,2.1856937408,2.0558791161,0.8605731726,0.8894455433,0.9653230309,0.5831228495,0.6331505775,0.7142488956,1.2048771381,1.1879383326,1.2695572376]},"episodes_still_running":{"0":[4096.0,4096.0,4096.0,4096.0,4096.0,4096.0,4096.0,4096.0,4096.0,4096.0,4096.0,4096.0,4095.0,4095.0,4095.0,4095.0,4095.0,4094.0,4094.0,4094.0,4094.0,4094.0,4094.0,4094.0,4094.0,4094.0,4094.0,4094.0,4094.0,4094.0,4094.0,4094.0,4094.0,4094.0,4094.0,4094.0,4092.0,4089.0,4088.0,4086.0,4079.0,4065.0,4060.0,4048.0,4019.0,3997.0,3953.0,3904.0,3841.0,3776.0,3687.0,3585.0,3486.0,3374.0,3234.0,3095.0,2959.0,2812.0,2661.0,2518.0,2382.0,2234.0,2100.0,1963.0,1832.0,1710.0,1575.0,1460.0,1359.0,1270.0,1165.0,1075.0,997.0,927.0,843.0,778.0,717.0,665.0,618.0,586.0,547.0,501.0,475.0,435.0,401.0,368.0,342.0,326.0,296.0,277.0,254.0,237.0,222.0,212.0,194.0,183.0,170.0,161.0,153.0,142.0,131.0,122.0,115.0,106.0,98.0,94.0,83.0,79.0,72.0,70.0,66.0,63.0,58.0,52.0,50.0,45.0,43.0,41.0,36.0,33.0,31.0,27.0,25.0,25.0,22.0,22.0,22.0,19.0,18.0,14.0,14.0,14.0,12.0,12.0,10.0,10.0,10.0,10.0,9.0,8.0,7.0,7.0,6.0,6.0,5.0,5.0,4.0,3.0,2.0,2.0,2.0,2.0,2.0,2.0,1.0,1.0,1.0]},