{"max_q":{"0":26.3065032959},"min_q":{"0":-1.0542814732},"mean_q":{"0":8.6019010544},"range_q":{"0":27.3607845306},"step_max_q":{"0":[24.3820552826,24.5171546936,23.8191413879,23.9581489563,24.7738380432,25.1576938629,25.2652359009,25.6863822937,26.3065032959,26.2042121887,25.5447883606,23.8713150024,24.0521621704,24.8609848022,23.6755619049,23.1159820557,22.6397857666,21.9933948517,21.6137542725,20.6568317413,19.9239025116,19.4055099487,18.7376098633,18.3885574341,18.4003105164,18.2802391052,17.6302204132,17.2163352966,17.1110706329,16.6731109619,16.2517318726,15.8729419708,15.5207557678,14.9559822083,14.454875946,14.4545440674,13.5512237549,13.631275177,13.3836717606,12.3658390045,12.6379270554,12.3956699371,11.6474208832,11.4064874649,11.2910327911,11.2514333725,10.6824855804,10.389629364,10.2318534851,10.1208992004,10.5282735825,10.3357000351,9.6265468597,9.0418367386,9.0239334106,8.6803245544,8.4246034622,8.5708293915,8.3795862198,8.4969072342,8.591375351,8.2612352371,8.1119070053,8.1541662216,7.8281230927,7.7413253784,7.9540262222,7.5500311852,7.4190282822,7.2924079895,7.0392980576,7.2811326981,6.958920002,7.0903234482,6.6716375351,6.7389984131,6.6800336838,6.3589806557,6.9099998474,7.2465257645,6.5747456551,6.4019942284,6.4791517258,6.4530210495,6.3068723679,5.9513559341,6.1040687561,5.9914717674,5.9716253281,6.0011358261,5.9576101303,5.6576051712,5.6430945396,6.0076322556,5.5720572472,5.3348946571,5.4424548149,5.2914505005,4.9385452271,5.0509290695,4.8738822937,4.8282260895,4.478685379,4.5082302094,4.6406488419,4.8973140717,4.3903999329,4.3143401146,4.3214945793,4.4094676971,4.0822620392,4.1422348022,4.1288204193,4.0024619102,3.7621412277,3.6529014111,3.7762422562,3.7177352905,3.8180086613,1.6250212193,1.5077904463,1.4538205862,0.8812347651,0.8535616398,0.8304789662,0.5505097508,0.5353450775,0.5297088623,0.1154888868,0.0529438853,0.049862206,0.0509328246,0.0474235415,0.0479760766,0.0534340143,0.1019913554,0.0328803062,0.0359554291,0.0355467796,0.0429391265,0.0506526828,0.2607209682,0.3290199041]},"step_min_q":{"0":[10.010887146,9.5027608871,9.2856445312,8.7262649536,7.846487999,7.0075244904,6.4144496918,6.1187677383,5.7177395821,5.30337286,4.7965068817,4.8952627182,4.2610645294,3.9470973015,4.2906675339,0.0,0.0,0.0,0.0,0.0,0.0,0.0,0.0,0.0,0.0,0.0,0.0,0.0,0.0,0.0,0.0,0.0,0.0,0.0,-0.1771559715,-0.2779057026,-0.4713709354,-0.2853218317,-0.3691818714,-0.5462520123,-0.6318759918,-0.3634200096,-0.3997249603,-0.5715773106,-0.6157364845,-0.4494771957,-0.5349026918,-0.5709891319,-0.7995761633,-0.8122649193,-0.7365512848,-0.5899672508,-0.5965749025,-0.7370383739,-0.8745301962,-0.8151451349,-0.8011105061,-0.6800243855,-0.9944088459,-0.9318971634,-0.9883446693,-1.0542814732,-0.5510115623,-0.4509328604,-0.7469210625,-0.6304123402,-0.6964939833,-0.6951518059,-0.570109725,-0.5120561123,-0.6137317419,-0.5566204786,-0.5977520943,-0.5889539719,-0.5927070379,-0.5345264673,-0.7984651327,-0.5260175467,-0.5458773375,-0.4732222557,-0.5158200264,-0.5393862724,-0.5175893307,-0.4776726961,-0.5016753674,-0.2329877615,-0.2861081958,-0.2240959406,-0.1610695124,-0.1872223616,-0.1988555193,-0.2867434025,-0.2633962631,-0.3547182083,-0.3585449457,-0.3011556864,-0.4229664803,-0.578047514,-0.6188157797,-0.7713311315,-0.8571705222,-0.9214322567,-0.1376880407,-0.0126178265,0.0,0.0,0.0,0.0,0.0,0.0,0.0,0.0,0.0,0.0,0.0,0.0,0.0,0.0,0.0,0.0,0.0,0.0,0.0,0.0,0.0,0.0,0.0,0.0,0.0,0.0,0.0,0.0,0.0,0.0,0.0,0.0,0.0,0.0,0.0,0.0,0.0,0.0,0.0]},"step_mean_q":{"0":[14.1665992737,14.3277645111,14.3057785034,14.3919429779,14.4681491852,14.4324226379,14.3656082153,14.3018035889,14.1724510193,14.0400781631,13.8459196091,13.6273403168,13.4214830399,13.187792778,12.8993692398,12.6355838776,12.386713028,12.0790224075,11.7854948044,11.498875618,11.1926298141,10.8844051361,10.5936183929,10.3032531738,10.0144433975,9.7319202423,9.4484729767,9.1899929047,8.9352731705,8.6561698914,8.4087314606,8.175201416,7.9239563942,7.6833128929,7.4602684975,7.2434306145,7.0137653351,6.8138480186,6.6007237434,6.403151989,6.2064375877,6.0196785927,5.8427495956,5.6753983498,5.4994559288,5.3479676247,5.1963644028,5.0541124344,4.9104566574,4.7821540833,4.6634292603,4.5630846024,4.4402742386,4.3295650482,4.2259845734,4.1333222389,4.0488128662,3.9453108311,3.8635692596,3.7946026325,3.7273855209,3.6404695511,3.5778968334,3.5305697918,3.4494891167,3.4113225937,3.3383529186,3.2934241295,3.1988713741,3.1440820694,3.0797839165,3.0362064838,2.9597523212,2.8961565495,2.8122680187,2.7800195217,2.739618063,2.7077822685,2.6665942669,2.6670277119,2.6921038628,2.6473464966,2.6858615875,2.6558082104,2.5774755478,2.5817945004,2.6669168472,2.6785976887,2.6347303391,2.534416914,2.3385255337,2.3343937397,2.301220417,2.1444709301,2.0323216915,2.0032141209,2.1228921413,1.9629787207,1.9099122286,1.6739490032,1.8286619186,2.0218770504,2.1564171314,2.2315125465,2.4786725044,2.5636739731,2.4226956367,2.4037070274,2.3720698357,2.3571472168,2.2431249619,2.357932806,2.0451791286,1.9247633219,2.743989706,2.7388966084,2.5198116302,2.5521829128,3.0834197998,1.6250212193,1.5077904463,1.4538205862,0.8812347651,0.8535616398,0.8304789662,0.5505097508,0.5353450775,0.5297088623,0.1154888868,0.0529438853,0.049862206,0.0509328246,0.0474235415,0.0479760766,0.0534340143,0.1019913554,0.0328803062,0.0359554291,0.0355467796,0.0429391265,0.0506526828,0.2607209682,0.3290199041]},"episodes_still_running":{"0":[4096.0,4096.0,4096.0,4096.0,4096.0,4096.0,4096.0,4096.0,4096.0,4096.0,4096.0,4096.0,4096.0,4096.0,4096.0,4095.0,4095.0,4095.0,4095.0,4095.0,4095.0,4095.0,4095.0,4095.0,4095.0,4095.0,4095.0,4095.0,4095.0,4095.0,4095.0,4095.0,4094.0,4094.0,4093.0,4088.0,4084.0,4079.0,4072.0,4061.0,4048.0,4032.0,4017.0,4001.0,3978.0,3952.0,3916.0,3866.0,3815.0,3758.0,3676.0,3594.0,3505.0,3401.0,3304.0,3185.0,3054.0,2923.0,2777.0,2600.0,2442.0,2285.0,2091.0,1928.0,1773.0,1637.0,1502.0,1391.0,1250.0,1139.0,1036.0,931.0,845.0,758.0,667.0,597.0,522.0,460.0,407.0,361.0,312.0,271.0,234.0,205.0,178.0,150.0,129.0,111.0,97.0,87.0,75.0,68.0,64.0,54.0,48.0,41.0,33.0,29.0,24.0,22.0,19.0,17.0,16.0,14.0,13.0,12.0,10.0,10.0,8.0,8.0,8.0,7.0,6.0,6.0,3.0,3.0,3.0,3.0,2.0,1.0,1.0,1.0,1.0,1.0,1.0,1.0,1.0,1.0,1.0,1.0,1.0,1.0,1.0,1.0,1.0,1.0,1.0,1.0,1.0,1.0,1.0,1.0,1.0]},