{"max_q":{"0":16.888420105},"min_q":{"0":-0.3852444291},"mean_q":{"0":7.801803112},"range_q":{"0":17.2736644745},"step_max_q":{"0":[16.888420105,15.9234867096,15.7857265472,15.9898462296,16.0047149658,15.3953456879,15.5877332687,15.4754009247,14.1346416473,14.266204834,14.2466888428,13.7243404388,13.8158178329,13.8336849213,13.6113367081,13.7135944366,13.3522090912,12.6481018066,12.7207336426,12.8049230576,12.4089450836,12.5140609741,12.2889490128,10.985868454,10.9937419891,10.6357116699,10.2129163742,9.4153594971,9.2828083038,8.8920631409,8.2830924988,8.3785276413,7.5466117859,7.4714107513,7.0195384026,6.7081151009,6.3437099457,5.9220132828,5.830037117,5.5565538406,5.1914987564,4.9963445663,4.6743917465,4.3653903008,3.9323515892,3.7623023987,3.549557209,3.3605413437,3.0949163437,3.0520808697,2.7468616962,2.7838025093,2.7722399235,2.7661046982,2.3456888199,2.2013430595,2.1325984001,2.0382165909,1.8218363523,1.8124951124,1.8281747103,1.8211551905,1.8372893333,1.8277180195,1.8427437544,1.8314292431,1.8452268839,1.8325942755,1.8453208208,1.8384847641,1.8969396353,1.3201495409,1.3213734627,1.3171895742]},"step_min_q":{"0":[16.3732128143,15.1840963364,14.1746292114,14.3438777924,13.1579933167,12.1245288849,12.3522377014,11.5016431808,10.6372280121,10.8881912231,10.1151628494,9.4509773254,9.5815019608,9.6496448517,8.7910356522,8.9030303955,9.0084590912,8.1156005859,8.23087883,8.3820018768,6.9960565567,7.1074213982,7.2209024429,5.4816756248,5.5458564758,5.665596962,4.1922411919,4.2261805534,4.2723679543,2.8955974579,2.9463145733,2.9793539047,2.1820259094,1.9748828411,1.9696244001,1.6924517155,1.6932487488,1.6585726738,0.0,0.0,0.0,0.0,0.0,0.0,0.0,0.0,0.0,0.0,0.0,-0.04174155,0.0,-0.164470315,0.0,0.0,0.0,0.0,0.0,0.0,-0.1049768329,-0.0326955914,-0.0080554485,-0.0000989437,0.0,0.0,-0.3852444291,-0.3782147765,-0.3784154058,0.0,0.0,0.0,0.0,0.0,0.0,0.0]},"step_mean_q":{"0":[16.5741004944,15.4809970856,14.8015413284,14.9706802368,14.5865039825,13.3972024918,13.5437259674,13.364402771,12.3030567169,12.4254055023,12.3496656418,11.4329710007,11.5131034851,11.4767694473,10.6497039795,10.7251434326,10.7208614349,9.9524555206,10.0192146301,10.0259647369,9.27983284,9.3134279251,9.3152370453,8.2180051804,8.1999797821,8.1316242218,6.9574584961,6.91537714,6.8246002197,5.7726135254,5.7085618973,5.6136713028,4.7240867615,4.6212301254,4.5385046005,3.8274521828,3.6819429398,3.5948030949,3.0583660603,2.9031903744,2.8125309944,2.4317333698,2.3080210686,2.2351567745,2.0178127289,1.9259508848,1.8752980232,1.7491323948,1.7016426325,1.6762229204,1.603512764,1.5817915201,1.5700932741,1.5530903339,1.5178569555,1.509370327,1.4569683075,1.4226917028,1.3911436796,1.3896067142,1.3680869341,1.2730699778,1.2279922962,1.1292603016,0.9772183895,1.0081194639,0.9853308797,1.3331232071,1.5515015125,1.5567502975,1.5724101067,1.3201495409,1.3213734627,1.3171895742]},"episodes_still_running":{"0":[4096.0,4096.0,4096.0,4096.0,4096.0,4096.0,4096.0,4096.0,4096.0,4096.0,4096.0,4096.0,4096.0,4096.0,4096.0,4096.0,4096.0,4096.0,4096.0,4096.0,4096.0,4096.0,4096.0,4096.0,4096.0,4096.0,4096.0,4096.0,4096.0,4096.0,4096.0,4096.0,4096.0,4096.0,4096.0,4096.0,4096.0,4096.0,4092.0,4088.0,4080.0,4056.0,4032.0,4000.0,3736.0,3580.0,3444.0,2940.0,2516.0,2252.0,1728.0,1328.0,1164.0,820.0,636.0,516.0,356.0,228.0,188.0,136.0,96.0,68.0,56.0,44.0,36.0,24.0,20.0,16.0,8.0,8.0,8.0,4.0,4.0,4.0]},"step_range_q":{"0":[0.5152072906,0.7393903732,1.6110973358,1.6459684372,2.8467216492,3.270816803,3.2354955673,3.9737577438,3.4974136353,3.3780136108,4.1315259933,4.2733631134,4.2343158722,4.1840400696,4.8203010559,4.8105640411,4.34375,4.5325012207,4.4898548126,4.4229211807,5.4128885269,5.406639576,5.0680465698,5.5041928291,5.4478855133,4.9701147079,6.0206751823,5.1891789436,5.0104403496,5.996465683,5.3367776871,5.3991737366,5.3645858765,5.4965276718,5.0499138832,5.015663147,4.6504611969,4.263440609,5.830037117,5.5565538406,5.1914987564,4.9963445663,4.6743917465,4.3653903008,3.9323515892,3.7623023987,3.549557209,3.3605413437,3.0949163437,3.0938224792,2.7468616962,2.9482727051,2.7722399235,2.7661046982,2.3456888199,2.2013430595,2.1325984001,2.0382165909,1.9268131256,1.8451907635,1.8362301588,1.8212541342,1.8372893333,1.8277180195,2.2279882431,2.2096440792,2.2236423492,1.8325942755,1.8453208208,1.8384847641,1.8969396353,1.3201495409,1.3213734627,1.3171895742]},"mean_loss:":{"0":0.0304907952},"rmse":{"0":0.1746161431},"step_rmse":{"0":[0.0572065227,0.0764858276,0.0798551142,0.0983090028,0.1038357913,0.098634623,0.1007145271,0.1091982052,0.1194388792,0.12414556,0.1343635917,0.1464116126,0.1468492746,0.1538723856,0.1599706709,0.1524857432,0.1390316039,0.1251286864,0.1303311735,0.1207408011,0.1445473582,0.1483540237,0.1583019346,0.161250487,0.1693494618,0.1699134707,0.1728255898,0.1760294437,0.1730977595,0.1664498299,0.1773635894,0.1811764091,0.1991160661,0.1989256889,0.1975922287,0.1956505924,0.2019850165,0.2028116733,0.186200738,0.1910217404,0.169239521,0.1579632312,0.1721997112,0.1744116098,0.1907104403,0.2042168677,0.2085767686,0.2235913128,0.257178396,0.274343878,0.2904530466,0.3143986464,0.3510941863,0.4217891693,0.4658564031,0.4691459537,0.4147338867,0.4012453854,0.377579391,0.4922169745,0.458421737,0.2352791876,0.2506271601,0.4071266651,0.6431860328,0.629945457,0.7439747453,0.1489871293,0.1151731387,0.1356462836,0.1475934237,0.0415135622,0.0344240665,0.0500241518]},"rmse_by_q":{"0":2.2381510735},"step_rmse_by_q":{"0":[0.3451561332,0.4940626621,0.5395053625,0.6566769481,0.7118620872,0.736232996,0.7436249256,0.8170825243,0.9708065391,0.9991268516,1.087993741,1.2806085348,1.2754968405,1.3407291174,1.5021138191,1.4217594862,1.2968324423,1.2572643757,1.3008122444,1.2042810917,1.5576504469,1.5929046869,1.6993870735,1.9621608257,2.0652425289,2.0895390511,2.4840333462,2.5454785824,2.5363795757,2.8834397793,3.1069750786,3.2274138927,4.214910984,4.3046045303,4.3536858559,5.1117711067,5.4858264923,5.6418018341,6.0882425308,6.5797181129,6.0173387527,6.4959106445,7.4609241486,7.8031039238,9.4513444901,10.603430748,11.1223268509,12.7829837799,15.1135368347,16.3667907715,18.1135482788,19.8761119843,22.3613586426,27.1580581665,30.6917190552,31.0822315216,28.4655399323,28.2032546997,27.1416549683,35.4213142395,33.5082321167,18.4812450409,20.4095058441,36.0525054932,65.8180389404,62.4871864319,75.505065918,11.1757955551,7.4233336449,8.7134256363,9.3864459991,3.1446106434,2.605173111,3.7977945805]},"mean_error":{"0":0.0854803026},"step_mean_error":{"0":[0.0475134216,0.061552655,0.0631317794,0.0769598782,0.0812614039,0.0770879835,0.0780185163,0.0843265206,0.0926110148,0.0910805687,0.0949212164,0.0983865112,0.0963381976,0.0936722159,0.0859967694,0.0832084268,0.0799650103,0.0739229396,0.0771092325,0.0757599026,0.0804022327,0.0842189938,0.0809062496,0.0792350993,0.0867679045,0.0923944861,0.0843087286,0.0886777863,0.0933028907,0.0827769786,0.0870935991,0.0959349647,0.0882321,0.0918680802,0.0910155848,0.0815188736,0.0874722153,0.088895604,0.0732651129,0.0767507106,0.072998032,0.0681036189,0.069739975,0.0697780326,0.0706454888,0.0731124356,0.0757895485,0.0815138519,0.0954440683,0.1093856543,0.1198825315,0.1395102143,0.1575766802,0.1976282299,0.240276143,0.2526007295,0.2330715805,0.2266289294,0.2163513005,0.2772859633,0.2585796118,0.1582134962,0.1801032722,0.2414386868,0.4196505845,0.3636746109,0.4379037917,0.1342132986,0.0860775113,0.1289816499,0.1224139333,0.0415135622,0.0344240665,0.0500241518]},"mean_q_deviation":{"0":2.896075964},