{"max_q":{"0":15.3021860123},"min_q":{"0":-0.2742186785},"mean_q":{"0":7.0307922363},"range_q":{"0":15.5764045715},"step_max_q":{"0":[15.1512794495,14.957903862,15.3021860123,14.6133737564,14.5969085693,14.8089027405,14.3877220154,14.6687097549,14.1127319336,14.0566167831,13.4927024841,13.4232692719,13.2350730896,12.7645406723,12.7582530975,12.1452026367,12.7557287216,11.3894004822,11.1968517303,10.6834087372,10.335185051,10.0214395523,9.7399692535,9.2521343231,8.8670721054,8.6189022064,8.8175983429,8.9388713837,7.9256210327,7.4910321236,7.177634716,6.9465537071,6.3372802734,6.0939121246,5.7913513184,5.5802693367,7.6486959457,5.1107740402,5.502664566,4.9406318665,4.6889128685,4.321252346,4.5104608536,4.2865180969,4.187669754,4.3208680153,4.0698099136,3.7489995956,3.628862381,3.7872443199,3.6693572998,3.7796673775,3.6116833687,3.5891709328,3.7300026417,3.2257225513,3.4679093361,3.3785393238,2.7163033485,2.9745743275,2.6842381954,1.1094954014,1.1085352898,1.1070436239,1.1053760052,1.1036953926,1.1021256447,1.1007589102,1.0996525288,1.0908070803,1.074398756,1.0585131645,1.0431437492,1.0282809734,1.0135865211,0.9991894364,0.9852501154,0.9717520475,0.9586852193,0.9460617304,0.9338235855,0.9219141006,0.917348206,0.9130960703,0.9090350866,0.9051520228,0.9014343619,0.8989596367,0.8966195583,0.8949100971,0.8936294317,0.8923026323,0.8909466267,0.889729023,0.8892109394,0.8889507055,0.8887536526,0.888614893,0.8885297775,0.8884952068,0.8885080814,0.8881132603,0.8874766827,0.8868789077,0.8863785267,0.886036396,0.8855106831,0.8850589395,0.8846358061,0.884241581,0.8837961555,0.882614255,0.8814518452,0.8803134561,0.8792016506,0.8781154156,0.8770537376,0.8760161996,0.8750016689,0.8755339384,0.8776068687,0.8796960115,0.8817999959,0.8839188218,0.8860517144,0.8881989717,0.8903604746,0.8925347328,0.8947225809,0.8969237208,0.8991367817,0.9013627172,0.9036005735,0.9058507681,0.9081124663,0.9103859067,0.9126710296,0.9149672389,0.9172741175,0.9195927382,0.9219232798,0.9242643714,0.9266132712,0.9289711118,0.9313391447,0.9337174892,0.9361064434,0.9385045171,0.9409130216,0.943330884]},"step_min_q":{"0":[10.6767444611,10.7255773544,9.7482700348,9.4695224762,9.1834774017,8.7127199173,8.7108335495,8.1807394028,6.329498291,6.1781983376,5.2564477921,4.7961702347,4.5536980629,4.2548208237,3.5822806358,3.3390753269,2.6660399437,2.3533964157,1.863414526,1.6903994083,1.4935269356,1.0301684141,0.769620657,0.6099683046,0.1976956129,0.0137447119,0.1084711552,0.0501246452,0.0,-0.0174489021,-0.1268671751,-0.2742186785,-0.1698305607,-0.0308127999,-0.179880023,-0.1537473202,-0.1779944301,-0.0738997459,-0.069211483,-0.0866948962,-0.1611039639,-0.1315336227,-0.1313536763,-0.2346367836,-0.111979723,-0.1591135859,-0.1684836745,-0.1107109785,-0.1414832473,-0.0368250608,-0.0236184001,0.0,0.0,0.0,0.0,0.0,0.0,0.0,0.0,0.0,0.0,0.0,0.0,0.0,0.0,0.0,0.0,0.0,0.0,0.0,0.0,0.0,0.0,0.0,0.0,0.0,0.0,0.0,0.0,0.0,0.0,0.0,0.0,0.0,0.0,0.0,0.0,0.0,0.0,0.0,0.0,0.0,0.0,0.0,0.0,0.0,0.0,0.0,0.0,0.0,0.0,0.0,0.0,0.0,0.0,0.0,0.0,0.0,0.0,0.0,0.0,0.0,0.0,0.0,0.0,0.0,0.0,0.0,0.0,0.0,0.0,0.0,0.0,0.0,0.0,0.0,0.0,0.0,0.0,0.0,0.0,0.0,0.0,0.0,0.0,0.0,0.0,0.0,0.0,0.0,0.0,0.0,0.0,0.0,0.0,0.0,0.0,0.0,0.0,0.0]},"step_mean_q":{"0":[13.3482437134,13.5576448441,13.5205955505,13.2941427231,13.173494339,12.8096132278,12.6406888962,12.1563415527,11.7414588928,11.5171813965,11.0298089981,10.7751655579,10.2680311203,9.9088687897,9.4283704758,9.0343551636,8.6529779434,8.2036447525,7.8434429169,7.3766803741,6.9947504997,6.5751810074,6.1667609215,5.7827014923,5.4064688683,5.0603199005,4.7287845612,4.405711174,4.1257309914,3.8797712326,3.6089246273,3.3468122482,3.1569013596,2.9810585976,2.817207098,2.687746048,2.59729743,2.5328602791,2.4605813026,2.4115343094,2.330388546,2.3406732082,2.3286864758,2.3125407696,2.3250758648,2.3392608166,2.2471475601,2.2921392918,2.1240842342,1.984569788,1.8963632584,1.8511847258,1.8859792948,1.66474545,2.0105240345,1.9554772377,1.9881668091,1.4176487923,1.4008651972,1.4857653379,1.3905280828,0.7460021973,0.7480016947,0.7496234179,0.7510225773,0.752347827,0.7536907196,0.754879415,0.7561952472,0.7534730434,0.7464278936,0.7394606471,0.7327367663,0.7262724042,0.7198987007,0.7136800289,0.7074995041,0.701038301,0.694791913,0.6887663007,0.6828301549,0.6768939495,0.6746048331,0.6724703312,0.6704281569,0.668471992,0.6665933132,0.6653335094,0.6641450524,0.6630426645,0.6618840098,0.6607151031,0.6595441699,0.6584550738,0.6576051712,0.6566249132,0.6555894613,0.6544317007,0.6532295346,0.6520600319,0.6509254575,0.6495982409,0.6490991116,0.6487624049,0.6484833956,0.6482924223,0.6480182409,0.6477788091,0.6475526094,0.6473492384,0.6471294165,0.6465500593,0.6459891796,0.6454490423,0.6449314356,0.6444349289,0.6439599991,0.6435058117,0.6430719495,0.6434205174,0.6445482969,0.6456927657,0.6468535066,0.6480304599,0.64922297,0.6504313946,0.6516552567,0.6528940797,0.6541478634,0.6554165483,0.656699121,0.6579962373,0.6593071222,0.6606319547,0.6619698405,0.6633212566,0.664685607,0.6660625935,0.6674517393,0.6688532829,0.6702679396,0.6716938019,0.6731301546,0.6745769978,0.6760348082,0.6775036454,0.6789833307,0.6804730892,0.6819734573,0.6834836006]},"episodes_still_running":{"0":[4096.0,4096.0,4096.0,4096.0,4096.0,4096.0,4096.0,4096.0,4096.0,4096.0,4096.0,4096.0,4096.0,4096.0,4096.0,4096.0,4096.0,4096.0,4096.0,4096.0,4096.0,4096.0,4096.0,4096.0,4096.0,4096.0,4096.0,4096.0,4092.0,4080.0,4068.0,4040.0,3988.0,3920.0,3844.0,3772.0,3668.0,3516.0,3400.0,3264.0,3132.0,2948.0,2740.0,2448.0,2120.0,1792.0,1408.0,1072.0,776.0,572.0,392.0,268.0,200.0,124.0,76.0,52.0,32.0,16.0,12.0,12.0,12.0,8.0,8.0,8.0,8.0,8.0,8.0,8.0,8.0,8.0,8.0,8.0,8.0,8.0,8.0,8.0,8.0,8.0,8.0,8.0,8.0,8.0,8.0,8.0,8.0,8.0,8.0,8.0,8.0,8.0,8.0,8.0,8.0,8.0,8.0,8.0,8.0,8.0,8.0,8.0,8.0,8.0,8.0,8.0,8.0,8.0,8.0,8.0,8.0,8.0,8.0,8.0,8.0,8.0,8.0,8.0,8.0,8.0,8.0,8.0,8.0,8.0,8.0,8.0,8.0,8.0,8.0,8.0,8.0,8.0,8.0,8.0,8.0,8.0,8.0,8.0,8.0,8.0,8.0,8.0,8.0,8.0,8.0,8.0,8.0,8.0,8.0,8.0,8.0,8.0]},"step_range_q":{"0":[4.4745349884,4.2323265076,5.5539159775,5.1438512802,5.4134311676,6.0961828232,5.6768884659,6.4879703522,7.7832336426,7.8784184456,8.2362546921,8.6270990372,8.6813755035,8.5097198486,9.1759719849,8.8061275482,10.0896892548,9.0360040665,9.3334369659,8.9930095673,8.8416576385,8.991271019,8.9703483582,8.6421661377,8.6693763733,8.6051578522,8.7091274261,8.8887462616,7.9256210327,7.5084810257,7.3045020103,7.2207722664,6.5071105957,6.124724865,5.9712314606,5.7340164185,7.826690197,5.1846737862,5.571876049,5.0273265839,4.8500165939,4.4527859688,4.6418147087,4.5211548805,4.2996492386,4.4799814224,4.2382936478,3.8597106934,3.7703456879,3.8240695,3.6929757595,3.7796673775,3.6116833687,3.5891709328,3.7300026417,3.2257225513,3.4679093361,3.3785393238,2.7163033485,2.9745743275,2.6842381954,1.1094954014,1.1085352898,1.1070436239,1.1053760052,1.1036953926,1.1021256447,1.1007589102,1.0996525288,1.0908070803,1.074398756,1.0585131645,1.0431437492,1.0282809734,1.0135865211,0.9991894364,0.9852501154,0.9717520475,0.9586852193,0.9460617304,0.9338235855,0.9219141006,0.917348206,0.9130960703,0.9090350866,0.9051520228,0.9014343619,0.8989596367,0.8966195583,0.8949100971,0.8936294317,0.8923026323,0.8909466267,0.889729023,0.8892109394,0.8889507055,0.8887536526,0.888614893,0.8885297775,0.8884952068,0.8885080814,0.8881132603,0.8874766827,0.8868789077,0.8863785267,0.886036396,0.8855106831,0.8850589395,0.8846358061,0.884241581,0.8837961555,0.882614255,0.8814518452,0.8803134561,0.8792016506,0.8781154156,0.8770537376,0.8760161996,0.8750016689,0.8755339384,0.8776068687,0.8796960115,0.8817999959,0.8839188218,0.8860517144,0.8881989717,0.8903604746,0.8925347328,0.8947225809,0.8969237208,0.8991367817,0.9013627172,0.9036005735,0.9058507681,0.9081124663,0.9103859067,0.9126710296,0.9149672389,0.9172741175,0.9195927382,0.9219232798,0.9242643714,0.9266132712,0.9289711118,0.9313391447,0.9337174892,0.9361064434,0.9385045171,0.9409130216,0.943330884]},"mean_loss:":{"0":0.188966006},"rmse":{"0":0.4347022176},