{"max_q":{"0":24.5124397278},"min_q":{"0":-0.6782788634},"mean_q":{"0":5.9015035629},"range_q":{"0":25.1907176971},"step_max_q":{"0":[24.5124397278,23.2284049988,23.9389801025,23.3730354309,23.6542644501,23.2046031952,23.4975643158,22.7996673584,23.1708106995,22.8327407837,22.29778862,21.9281806946,21.4129066467,21.5117073059,20.7038345337,21.1864185333,20.9692554474,20.4430541992,19.6224021912,22.3043613434,21.2594623566,19.443353653,19.0981941223,18.6817207336,18.9282169342,17.8193016052,17.649017334,18.0889186859,17.7330551147,17.6101951599,17.1061496735,15.7367973328,15.5269136429,15.6285858154,15.132019043,15.4109592438,14.2300310135,14.0789041519,13.2500238419,13.3279066086,13.0676460266,12.0984172821,12.6142902374,12.55382061,12.0643596649,11.5407209396,10.683093071,10.5408163071,10.36977005,10.7214717865,9.7385368347,9.6663274765,9.6167011261,9.6705999374,9.2345085144,9.4433250427,9.6896238327,9.5063667297,9.3309211731,9.417930603,7.3540158272,8.2475366592,7.5479345322,7.6545600891,7.2821860313,7.017531395,6.9349322319,6.4864139557,6.5902395248,6.7889790535,6.6978187561,6.8947925568,6.8557662964,6.9405894279,7.1343436241,6.8353872299,6.8980617523,6.6792144775,6.7198400497,6.7970046997,6.4763817787,6.3715291023,6.7388453484,6.3928427696,6.7848515511,7.0897798538,6.156888485,6.5124192238,5.95185709,5.961877346,6.231672287,6.2688584328,6.1009960175,5.9757900238,6.1356067657,5.8475580215,5.8829236031,5.7250156403,5.7458815575,5.9450488091,5.6282887459,5.4926905632,5.5005269051,5.5784420967,5.4327754974,5.3258171082,5.2937822342,5.3390512466,5.0852236748,5.0040411949,5.0604543686,5.107126236,5.1450901031,5.127761364,5.2167453766,5.2725934982,5.2353363037,5.3344974518,5.3681378365,5.3254599571,5.427028656,5.4429717064,5.3233423233,5.3639750481,5.3451895714,5.2358989716,5.1719698906,4.4180645943,4.373342514,3.8244168758,3.5454692841,3.973253727,3.3492121696,3.3140976429,3.4533598423,3.4234745502,3.392844677,3.1527795792,3.1690063477,3.0818681717,3.0068256855,2.882242918,2.8999712467,2.8764035702,3.2694535255,3.4183597565,3.2099320889,3.0520448685,3.1640896797,3.0387923717,3.2472269535,3.3798713684,2.9778337479,2.9861345291,3.0037317276,3.0226752758,3.0410265923,3.1080121994,3.3873155117,3.2434015274,2.9489326477,2.9267876148,2.9485971928,2.9470763206,2.6924831867,2.8224794865,1.096987009,1.3338918686,1.0395812988]},"step_min_q":{"0":[7.5373234749,7.1494584084,7.0906934738,6.9311218262,6.4119682312,6.4538722038,6.1836357117,6.2347846031,6.2587575912,5.9608259201,5.4610481262,4.7134952545,4.4776906967,4.5884900093,3.9831757545,3.4703722,3.2659723759,3.0423812866,2.5601520538,2.1268980503,2.2603263855,1.8085563183,1.6313419342,1.4840282202,1.3310770988,0.0,0.0,0.0,0.0,0.0,0.0,0.0,0.0,-0.1880816221,-0.1050540358,-0.1617954075,-0.1317977905,-0.2807050943,-0.4307467937,-0.5523631573,-0.3027049601,-0.3490393758,-0.3425553143,-0.3705016673,-0.4845716059,-0.660259366,-0.4330453277,-0.4249745309,-0.4315260947,-0.4982198775,-0.5297460556,-0.5399401188,-0.3458220959,-0.3312072158,-0.3640208244,-0.3069264889,-0.3312893808,-0.4591760635,-0.3686364889,-0.3385574222,-0.2895523906,-0.4582905769,-0.4365807772,-0.5444381833,-0.536073029,-0.5989679098,-0.3864489496,-0.6782788634,-0.229955852,-0.2216564417,-0.2756740749,-0.3396398425,-0.2773531675,-0.2981656194,-0.3519809544,-0.245599553,-0.5138841867,-0.2394147813,-0.1474201679,-0.112049371,-0.266972214,-0.1675735116,-0.2786615193,-0.1334338188,-0.125598073,-0.1538117826,-0.2703934312,-0.2689970136,-0.1324237883,-0.1684969664,-0.099631086,-0.0584027804,-0.0714240968,-0.1070080698,-0.1324374974,-0.1432889551,-0.1146228462,-0.1191389114,-0.1612928063,-0.1649224758,-0.1462872028,-0.1393951774,-0.1316802502,-0.0856164694,-0.1181674451,-0.0832640529,-0.0630192906,0.0,0.0,0.0,-0.0820754468,0.0,-0.0529297963,-0.0582873523,-0.12673904,-0.1165773124,-0.1048875004,-0.2022348046,-0.1927568316,-0.1817864776,-0.038815055,-0.0694276243,0.0,0.0,0.0,0.0,0.0,0.0,0.0,-0.0175041109,-0.0097742006,-0.0313631073,-0.0880432427,-0.0800940096,0.0,0.0,0.0,-0.0367303044,-0.0212815702,-0.0062354207,0.0,0.0,0.0,0.0,0.0,0.0,0.0,0.0,0.0,0.0,0.0,0.0,0.0,0.0,0.0,0.0,0.0,0.0,0.0,0.0,0.0,0.0,0.0,0.0,0.0,0.0,0.0,0.0,0.0]},"step_mean_q":{"0":[11.3140773773,11.3049354553,11.2997188568,11.3556556702,11.4125080109,11.3663549423,11.2406597137,11.149805069,11.0184488297,10.8795146942,10.6978588104,10.5003089905,10.3231048584,10.0871143341,9.8208646774,9.5683832169,9.3209972382,9.0413217545,8.7567415237,8.4997587204,8.2179527283,7.9266910553,7.647998333,7.3702836037,7.0892696381,6.8075494766,6.5362448692,6.2766318321,6.0057954788,5.7280516624,5.4722566605,5.2106947899,4.9660830498,4.7213082314,4.4903082848,4.2794561386,4.0622844696,3.8470373154,3.6461548805,3.4757595062,3.3199021816,3.177220583,3.0429902077,2.9128484726,2.79874897,2.7022738457,2.6315407753,2.5699400902,2.4967501163,2.4398629665,2.3831980228,2.3561625481,2.3068060875,2.248401165,2.2129187584,2.167671442,2.1359312534,2.0922362804,2.0747251511,2.0386486053,2.0068235397,2.0015053749,1.9647761583,1.9413605928,1.9314619303,1.9060680866,1.8919941187,1.8864418268,1.880875349,1.8520897627,1.8467670679,1.8148965836,1.7979601622,1.821574688,1.7841511965,1.7959561348,1.777287364,1.7911865711,1.7841718197,1.7870124578,1.7729678154,1.7853455544,1.7760332823,1.7752805948,1.798797369,1.7882022858,1.8027933836,1.7731895447,1.8027453423,1.7678800821,1.7654087543,1.7588304281,1.7283911705,1.6973822117,1.7354230881,1.7607734203,1.7851480246,1.7507828474,1.7594097853,1.762917161,1.7749109268,1.7292627096,1.7452503443,1.7326462269,1.7347662449,1.718900919,1.7157133818,1.8328797817,1.7403006554,1.760371089,1.7506607771,1.7505527735,1.7766302824,1.8522307873,1.8167407513,1.8132543564,1.7717609406,1.8060100079,1.7908865213,1.6605381966,1.672845006,1.6158741713,1.6752487421,1.6496118307,1.5005947351,1.4360704422,1.4179401398,1.408505559,1.4265831709,1.452008009,1.4961966276,1.4243881702,1.2647775412,1.322385788,1.3349479437,1.2389659882,1.3035280704,1.3408879042,1.2973083258,1.2707126141,1.3537091017,1.3440734148,1.2767494917,1.2591754198,1.6472244263,1.6507989168,1.5678224564,1.3364262581,1.5085660219,1.5810105801,1.6063531637,1.4595756531,1.3019459248,1.339130044,1.6424256563,1.4955676794,1.4652061462,1.5239185095,1.5679512024,1.6057006121,1.5370025635,1.3708053827,1.4578695297,1.4371887445,1.4975079298,1.9167758226,1.096987009,1.3338918686,1.0395812988]},"episodes_still_running":{"0":[4096.0,4096.0,4096.0,4096.0,4096.0,4096.0,4096.0,4096.0,4096.0,4096.0,4096.0,4096.0,4096.0,4096.0,4096.0,4096.0,4096.0,4096.0,4096.0,4096.0,4096.0,4096.0,4096.0,4096.0,4096.0,4095.0,4095.0,4095.0,4095.0,4095.0,4095.0,4095.0,4095.0,4095.0,4095.0,4093.0,4088.0,4086.0,4076.0,4057.0,4022.0,3977.0,3920.0,3871.0,3809.0,3724.0,3627.0,3508.0,3410.0,3284.0,3172.0,3043.0,2935.0,2817.0,2698.0,2581.0,2469.0,2352.0,2210.0,2113.0,2014.0,1895.0,1801.0,1705.0,1614.0,1519.0,1443.0,1365.0,1284.0,1227.0,1160.0,1107.0,1036.0,975.0,929.0,871.0,816.0,767.0,724.0,681.0,643.0,595.0,562.0,526.0,498.0,479.0,445.0,421.0,399.0,378.0,355.0,326.0,306.0,300.0,285.0,263.0,245.0,235.0,217.0,201.0,181.0,175.0,166.0,151.0,142.0,139.0,126.0,115.0,110.0,102.0,95.0,92.0,87.0,79.0,74.0,70.0,66.0,60.0,53.0,51.0,45.0,44.0,40.0,39.0,37.0,35.0,35.0,30.0,29.0,28.0,23.0,22.0,21.0,20.0,19.0,19.0,17.0,15.0,15.0,14.0,12.0,11.0,11.0,11.0,9.0,6.0,6.0,6.0,6.0,5.0,5.0,4.0,4.0,4.0,3.0,3.0,3.0,3.0,3.0,3.0,3.0,3.0,3.0,3.0,3.0,2.0,1.0,1.0,1.0]},