{"move_action_north":{"0":0.0222442187},"move_action_south":{"0":0.0252038874},"move_action_east":{"0":0.0280093923},"move_action_west":{"0":0.0303299464},"enemy_shootable_0":{"0":0.056242954},"enemy_distance_0":{"0":0.0614197962},"enemy_relative_x_0":{"0":0.0676391646},"enemy_relative_y_0":{"0":0.0415950604},"enemy_health_0":{"0":0.0487257838},"enemy_shield_0":{"0":0.0404266156},"enemy_unit_type_0":{"0":0.035238713},"enemy_shootable_1":{"0":0.0562914126},"enemy_distance_1":{"0":0.0504237339},"enemy_relative_x_1":{"0":0.0568160005},"enemy_relative_y_1":{"0":0.021779621},"enemy_health_1":{"0":0.0403656289},"enemy_shield_1":{"0":0.0328021124},"enemy_unit_type_1":{"0":0.0339905359},"enemy_shootable_2":{"0":0.0615174063},"enemy_distance_2":{"0":0.0465755798},"enemy_relative_x_2":{"0":0.0391318686},"enemy_relative_y_2":{"0":0.0263769329},"enemy_health_2":{"0":0.0416931994},"enemy_shield_2":{"0":0.0362664387},"enemy_unit_type_2":{"0":0.0583919212},"enemy_shootable_3":{"0":0.0303821489},"enemy_distance_3":{"0":0.0776493177},"enemy_relative_x_3":{"0":0.031176012},"enemy_relative_y_3":{"0":0.0459321812},"enemy_health_3":{"0":0.0904961303},"enemy_shield_3":{"0":0.0374875404},"enemy_unit_type_3":{"0":0.062478561},"enemy_shootable_4":{"0":0.0441660397},"enemy_distance_4":{"0":0.0520939045},"enemy_relative_x_4":{"0":0.0553668439},"enemy_relative_y_4":{"0":0.0357181989},"enemy_health_4":{"0":0.0488601401},"enemy_shield_4":{"0":0.0451044403},"enemy_unit_type_4":{"0":0.012214019},"enemy_shootable_5":{"0":0.0262225401},"enemy_distance_5":{"0":0.0730719343},"enemy_relative_x_5":{"0":0.0429326817},"enemy_relative_y_5":{"0":0.0739846379},"enemy_health_5":{"0":0.0861346871},"enemy_shield_5":{"0":0.0467952453},"enemy_unit_type_5":{"0":0.0127144046},"enemy_shootable_6":{"0":0.0619805567},"enemy_distance_6":{"0":0.040261317},"enemy_relative_x_6":{"0":0.0556560196},"enemy_relative_y_6":{"0":0.0292003024},"enemy_health_6":{"0":0.036316473},"enemy_shield_6":{"0":0.0374648422},"enemy_unit_type_6":{"0":0.0637253523},"enemy_shootable_7":{"0":0.0487771928},"enemy_distance_7":{"0":0.0545732006},"enemy_relative_x_7":{"0":0.0490528904},"enemy_relative_y_7":{"0":0.026664881},"enemy_health_7":{"0":0.050777819},"enemy_shield_7":{"0":0.0337230004},"enemy_unit_type_7":{"0":0.0343502127},"enemy_shootable_8":{"0":0.0624146573},"enemy_distance_8":{"0":0.0607329533},"enemy_relative_x_8":{"0":0.0424585305},"enemy_relative_y_8":{"0":0.0269563086},"enemy_health_8":{"0":0.0351563841},"enemy_shield_8":{"0":0.03249605},"enemy_unit_type_8":{"0":0.0292626563},"ally_visible_1":{"0":0.0254444852},"ally_distance_1":{"0":0.0464174002},"ally_relative_x_1":{"0":0.1210454628},"ally_relative_y_1":{"0":0.034641616},"ally_health_1":{"0":0.0358346067},"ally_shield_bits_1":{"0":0.0230056383},"ally_unit_type_bits_1":{"0":0.0142753562},"ally_visible_2":{"0":0.0167687498},"ally_distance_2":{"0":0.042241767},"ally_relative_x_2":{"0":0.1321869045},"ally_relative_y_2":{"0":0.0583194755},"ally_health_2":{"0":0.0386761762},"ally_shield_bits_2":{"0":0.0277316384},"ally_unit_type_bits_2":{"0":0.009684775},"ally_visible_3":{"0":0.0244742166},"ally_distance_3":{"0":0.0248066913},"ally_relative_x_3":{"0":0.0665035993},"ally_relative_y_3":{"0":0.0397736132},"ally_health_3":{"0":0.0363674462},"ally_shield_bits_3":{"0":0.0494748503},"ally_unit_type_bits_3":{"0":0.0588301346},"ally_visible_4":{"0":0.0251519736},"ally_distance_4":{"0":0.0444324128},"ally_relative_x_4":{"0":0.0427683406},"ally_relative_y_4":{"0":0.0268862564},"ally_health_4":{"0":0.0709784329},"ally_shield_bits_4":{"0":0.043873772},"ally_unit_type_bits_4":{"0":0.0177411139},"ally_visible_5":{"0":0.0267258305},"ally_distance_5":{"0":0.0593326651},"ally_relative_x_5":{"0":0.0390308388},"ally_relative_y_5":{"0":0.0340674408},"ally_health_5":{"0":0.0696986169},"ally_shield_bits_5":{"0":0.0559655912},"ally_unit_type_bits_5":{"0":0.0212191045},"ally_visible_6":{"0":0.0234143101},"ally_distance_6":{"0":0.0316853933},"ally_relative_x_6":{"0":0.0504851863},"ally_relative_y_6":{"0":0.0281160641},"ally_health_6":{"0":0.0517843701},"ally_shield_bits_6":{"0":0.0381468199},"ally_unit_type_bits_6":{"0":0.0301185325},"ally_visible_7":{"0":0.0231062453},"ally_distance_7":{"0":0.0351991244},"ally_relative_x_7":{"0":0.0665309951},"ally_relative_y_7":{"0":0.0272639301},"ally_health_7":{"0":0.0843602791},"ally_shield_bits_7":{"0":0.034636043},"ally_unit_type_bits_7":{"0":0.0266443118},"own_health":{"0":0.1384931058},"own_shield":{"0":0.090205051},"own_unit_type":{"0":0.0289347768}}