{"max_q":{"0":19.8080768585},"min_q":{"0":-1.3932993412},"mean_q":{"0":4.3247966766},"range_q":{"0":21.2013759613},"step_max_q":{"0":[16.5302047729,16.9484539032,17.0858154297,18.1037788391,17.3105487823,17.4111557007,17.5966835022,18.9223709106,18.9195899963,19.8080768585,17.4162368774,18.6548194885,18.2700691223,17.4167976379,19.0439567566,16.1551551819,17.4383239746,15.8739490509,15.4451560974,16.2192420959,15.71052742,18.7057552338,16.1372356415,15.2158164978,14.8672237396,13.4176187515,13.5783910751,13.5196304321,14.3512601852,12.1140708923,11.5313119888,11.9309978485,12.2631473541,12.2181243896,11.8826742172,12.379940033,12.7066354752,11.509054184,9.2951202393,9.9771938324,8.0821332932,7.8976039886,8.1108694077,8.4066371918,7.6760101318,8.3556461334,7.8611140251,7.8632726669,7.7450742722,7.3898448944,8.2580623627,8.4546337128,8.0378904343,8.0136394501,8.3272104263,8.4032793045,8.1127624512,7.9212145805,8.244597435,8.8900918961,9.1944723129,9.6223545074,9.7391147614,9.1204891205,9.9570598602,10.2965497971,9.8536777496,10.7361679077,9.953040123,5.1040706635,5.0240445137,4.9875693321,5.3640146255,5.0692877769,5.2453041077,5.4806418419,5.574567318,6.0857439041,4.7987155914,5.3600006104,4.2549037933,4.141626358,4.4388160706,4.2647342682,4.309858799,4.3066821098,4.1224541664,5.2051143646,4.7539634705,4.27318573,4.3204283714,4.4917116165,4.5570602417,4.2323989868,4.7031936646,4.1445131302,4.2558946609,4.4966292381,5.028670311,4.8706464767,4.1757931709,4.8100938797,4.6592102051,4.7131109238,4.3811936378,4.9546422958,3.9603903294,4.2542567253,2.1912641525,2.0274105072,2.2903995514,2.2386350632,2.0756378174,2.3359234333,2.2828831673,2.1526985168,2.3095364571,2.1678593159,2.2911269665,2.076261282,2.1899261475,2.3417732716,2.4415864944,2.669116497,2.2911813259,2.5368461609,2.6648395061,1.0508426428]},"step_min_q":{"0":[1.9483633041,-1.2189493179,-1.3932993412,-0.903087616,-0.7292957306,-0.8672771454,-0.5995547771,-0.4481494427,-0.4132039547,-0.4063119888,-0.2257208824,-0.4902033806,-0.4268698692,-0.5604834557,-0.3557567596,-0.3309793472,-0.3693306446,-0.2803508043,-0.253937006,-0.2957236767,-0.2894749641,-0.2999894619,-0.3628792763,-0.3243057728,-0.295194149,-0.3522782326,-0.2791354656,-0.3244838715,-0.2949781418,-0.3148093224,-0.28074193,-0.3729400635,-0.4397912025,-0.3435678482,-0.7253913879,-0.4636945724,-0.4781637192,-0.5221452713,-0.3998022079,-0.6244871616,-0.4574741125,-0.5605623722,-0.6036067009,-0.5378323793,-0.3594110012,-0.3586213589,-0.3749626875,-0.3429358006,-0.3509099483,-0.3359906673,-0.3340046406,-0.5102767944,-0.3171982765,-0.3289616108,-0.315570116,-0.3319621086,-0.3716411591,-0.3573465347,-0.3737418652,-0.2662739754,-0.301700592,-1.1318082809,-0.3652061224,-0.2217199802,-0.3130289316,-0.4219992161,-0.2364840508,-0.3199603558,-0.1976692677,-0.3852059841,-0.298281908,-0.2752523422,-0.2546920776,-0.2393648624,-0.2515866756,-0.3372917175,-0.2632911205,-0.4682562351,-0.3046951294,-0.3299895525,-0.2918820381,-0.3252594471,-0.3444917202,-0.2675848007,-0.1444675922,-0.1368126869,-0.0941948891,-0.1854372025,-0.2704379559,-0.1436302662,-0.3738040924,-0.3730018139,-0.0200490952,0.0,-0.0547962189,-0.10298419,-0.0707242489,-0.0589342117,-0.2106001377,-0.3362016678,-0.1199104786,-0.1230957508,-0.1271965504,-0.1319739819,-0.1107003689,-0.0688064098,-0.0953588486,-0.1103000641,-0.1479053497,-0.0077066422,-0.013010025,0.0,0.0,-0.0725723505,-0.0443383455,0.0,0.0,0.0,0.0,0.0,0.0,0.0,0.0,0.0,0.0,0.0,0.0,0.0]},"step_mean_q":{"0":[9.255853653,9.4300994873,9.2793998718,9.1691598892,9.0609731674,8.9302339554,8.8345394135,8.6731872559,8.5028600693,8.3010835648,8.0263385773,7.7432293892,7.350730896,6.9078097343,6.4245119095,5.9313297272,5.4587202072,5.0038928986,4.576654911,4.1349487305,3.7624104023,3.4202508926,3.1060154438,2.8549551964,2.6081209183,2.4137396812,2.2311768532,2.069640398,1.9288520813,1.7939910889,1.6804726124,1.5775514841,1.5083112717,1.4220545292,1.3619086742,1.305949688,1.2419832945,1.1786667109,1.1473919153,1.1071238518,1.0775796175,1.054402709,1.0371110439,1.0039607286,0.9765252471,0.9482873678,0.9326275587,0.9271134138,0.9077513218,0.909881413,0.931163013,0.9066502452,0.9051507115,0.8932973742,0.9032701254,0.8877115846,0.8770625591,0.8760719895,0.8833149672,0.8985359669,0.8653232455,0.8492308259,0.83883214,0.8639836907,0.8522422314,0.8114725947,0.8017553687,0.7921712995,0.8151445389,0.7917715907,0.7945694327,0.7920861244,0.7594667673,0.7842111588,0.7929318547,0.8044896126,0.7826494575,0.7733368874,0.7739491463,0.797816515,0.7565931678,0.7579876184,0.760184288,0.7600643635,0.7720763087,0.865555346,0.8293354511,0.8663803935,0.864074409,0.8884102106,0.9173116088,0.8977941275,0.9505345821,0.9267981648,0.990247488,0.8906295896,0.9111362696,0.9621704221,0.9672615528,1.0415905714,1.1108050346,1.1894567013,1.1485089064,1.0944817066,1.0534113646,1.0661944151,1.0089511871,1.06693995,0.816005528,0.9051335454,0.9151853323,0.9373859763,0.9130077958,0.9286248684,1.0757539272,1.0389021635,1.3144214153,1.5575460196,1.7445617914,1.4721622467,1.4720721245,1.5180689096,1.9102742672,2.0092833042,1.7847015858,1.8738687038,1.8986132145,1.0508426428]},"episodes_still_running":{"0":[4096.0,4095.0,4095.0,4093.0,4090.0,4085.0,4081.0,4079.0,4077.0,4075.0,4074.0,4067.0,4056.0,4043.0,4034.0,4015.0,3995.0,3965.0,3935.0,3911.0,3874.0,3836.0,3793.0,3750.0,3704.0,3637.0,3569.0,3516.0,3447.0,3379.0,3311.0,3221.0,3133.0,3036.0,2927.0,2817.0,2705.0,2605.0,2469.0,2369.0,2245.0,2147.0,2044.0,1929.0,1819.0,1713.0,1589.0,1487.0,1393.0,1296.0,1201.0,1134.0,1055.0,982.0,911.0,844.0,786.0,728.0,679.0,639.0,592.0,553.0,514.0,478.0,449.0,401.0,373.0,351.0,332.0,302.0,283.0,265.0,241.0,224.0,211.0,194.0,178.0,168.0,152.0,139.0,130.0,122.0,112.0,97.0,92.0,81.0,75.0,72.0,69.0,60.0,54.0,49.0,43.0,36.0,34.0,31.0,30.0,27.0,26.0,22.0,20.0,19.0,17.0,17.0,16.0,14.0,12.0,12.0,10.0,8.0,8.0,6.0,6.0,6.0,5.0,5.0,4.0,3.0,3.0,3.0,3.0,3.0,2.0,2.0,2.0,2.0,2.0,1.0]},"step_range_q":{"0":[14.5818414688,18.1674041748,18.4791145325,19.0068664551,18.0398445129,18.2784328461,18.1962375641,19.3705196381,19.3327941895,20.214389801,17.6419582367,19.1450233459,18.6969394684,17.9772815704,19.3997135162,16.4861335754,17.8076553345,16.1543006897,15.699092865,16.5149650574,16.0000019073,19.0057449341,16.5001144409,15.5401220322,15.1624183655,13.7698974609,13.8575267792,13.8441143036,14.646238327,12.4288806915,11.8120536804,12.303937912,12.7029380798,12.5616922379,12.6080656052,12.8436346054,13.1847991943,12.0311994553,9.6949224472,10.6016807556,8.539607048,8.4581661224,8.7144756317,8.9444694519,8.0354213715,8.7142677307,8.236076355,8.2062082291,8.0959844589,7.7258358002,8.5920667648,8.9649105072,8.3550891876,8.3426008224,8.642780304,8.7352409363,8.4844036102,8.2785606384,8.6183395386,9.1563663483,9.496172905,10.7541627884,10.1043205261,9.3422088623,10.2700891495,10.7185487747,10.0901622772,11.0561285019,10.1507091522,5.489276886,5.3223266602,5.2628216743,5.6187067032,5.3086528778,5.4968910217,5.8179335594,5.8378582001,6.5539999008,5.1034107208,5.6899900436,4.5467858315,4.4668855667,4.7833080292,4.5323190689,4.4543266296,4.4434947968,4.2166490555,5.3905515671,5.0244016647,4.4168157578,4.6942324638,4.8647136688,4.5771093369,4.2323989868,4.7579898834,4.2474975586,4.3266191483,4.5555634499,5.2392702103,5.2068481445,4.2957038879,4.9331893921,4.786406517,4.845085144,4.4918937683,5.0234489441,4.0557489395,4.3645567894,2.3391695023,2.0351171494,2.3034095764,2.2386350632,2.0756378174,2.408495903,2.3272213936,2.1526985168,2.3095364571,2.1678593159,2.2911269665,2.076261282,2.1899261475,2.3417732716,2.4415864944,2.669116497,2.2911813259,2.5368461609,2.6648395061,1.0508426428]},"mean_loss:":{"0":0.4346244931},"rmse":{"0":0.659260571},