{"max_q":{"0":25.2602005005},"min_q":{"0":-0.9458451271},"mean_q":{"0":6.7658004761},"range_q":{"0":26.2060451508},"step_max_q":{"0":[24.5410270691,24.6526184082,24.9153671265,25.2602005005,24.7775802612,24.712020874,24.4537220001,24.5948677063,23.8530654907,23.2012195587,22.7977180481,23.6606903076,23.2416038513,23.5090141296,23.7221164703,23.939540863,22.6902923584,22.7538757324,22.404083252,22.0500526428,20.9938583374,20.7551841736,20.5217647552,19.6976737976,19.7979297638,19.3928203583,18.6019554138,18.5453872681,18.0070800781,17.6724376678,16.4880752563,16.2690353394,15.6100473404,15.6424703598,15.6426696777,14.8123121262,14.3258647919,14.2399406433,13.6213130951,13.4033136368,12.991440773,12.6250953674,11.8670854568,11.7803211212,11.5882415771,11.4459018707,11.1889314651,11.0261135101,11.0390319824,11.0297622681,10.5284318924,10.9865131378,10.9748468399,10.5617790222,10.4144487381,10.2682580948,9.9554624557,9.5420951843,9.0031232834,8.9037055969,8.8282222748,8.7082805634,8.5174293518,8.3786125183,8.1910572052,8.0251636505,7.9079427719,7.901078701,8.0973463058,7.7160701752,7.5434880257,7.5145683289,7.6386232376,7.3995146751,7.1955413818,7.1998996735,7.3442263603,7.0250191689,6.7713565826,6.9698863029,6.9505882263,6.8900065422,6.7842645645,6.9493026733,6.8857445717,7.1579146385,7.1464424133,7.0116882324,6.7492389679,6.9996204376,6.8231253624,6.9667272568,6.7030286789,6.8310008049,6.5928330421,6.5767002106,6.5409350395,6.4995155334,6.4867825508,6.3994040489,6.448266983,6.431186676,6.3272986412,6.2423548698,6.1687998772,6.0548057556,5.9503765106,6.024459362,5.7845492363,5.7226595879,5.8622102737,5.6361074448,5.5323786736,5.6608171463,5.4570198059,5.4735293388,5.4703760147,5.2177414894,5.135406971,5.2576208115,5.2423939705,4.9089231491,5.03962183,5.3459644318,5.5313587189,5.6208567619,5.4334836006,5.0979719162,5.3448896408,5.1653690338,5.341714859,5.3708233833,5.2037758827,5.475297451,5.2678761482,5.3493089676,5.2244625092,5.2709679604,5.0575866699,5.0001869202,4.8974742889,4.7187414169,4.5963850021,4.4848165512,4.3360815048,4.1810512543,4.0332555771,3.9239826202,2.1210637093,2.0182697773,1.8568563461,1.7024157047,1.555154562,1.4770843983,1.1322221756,1.2056052685,1.1649363041]},"step_min_q":{"0":[4.7973117828,4.885717392,5.3546533585,5.2647571564,5.385061264,5.2573599815,5.1609725952,5.3596916199,4.9551019669,4.5554475784,4.3141431808,4.2684278488,0.0,0.0,0.0,0.0,0.0,0.0,0.0,0.0,0.0,0.0,0.0,0.0,0.0,0.0,0.0,0.0,0.0,0.0,0.0,0.0,0.0,0.0,-0.086514473,-0.0573940277,-0.1927061081,-0.1706097126,-0.3020939827,-0.5918798447,-0.720113039,-0.5962569714,-0.9458451271,-0.4708020687,-0.6123969555,-0.4272060394,-0.4437332153,-0.6042199135,-0.7877168655,-0.6141827106,-0.4369297028,-0.4704785347,-0.7949414253,-0.6527862549,-0.3907458782,-0.3547451496,-0.3677663803,-0.4226603508,-0.4115962982,-0.3648707867,-0.3377683163,-0.4707112312,-0.3714616299,-0.3901500702,-0.4750349522,-0.4395580292,-0.4289441109,-0.3588783741,-0.3610124588,-0.3351221085,-0.458425045,-0.6711051464,-0.4275348186,-0.4010696411,-0.4899897575,-0.371222496,-0.4443039894,-0.4495990276,-0.2079362869,-0.3551399708,-0.4513726234,-0.2997605801,-0.2014684677,-0.3806052208,-0.4418053627,-0.417021513,-0.5662920475,-0.5514168739,-0.29636693,-0.293595314,-0.1658563614,-0.1439993382,-0.279582262,-0.2769982815,-0.2931470871,-0.2912404537,-0.2859349251,-0.2703430653,-0.239481926,-0.2205424309,-0.0728754997,-0.1287937164,-0.1310636997,-0.1457476616,-0.1773352623,-0.328766346,-0.1353070736,-0.1331477165,-0.1443879604,-0.1443486214,-0.1865589619,-0.1943054199,-0.1970207691,-0.1062912941,-0.1363072395,-0.1665563583,-0.0649166107,-0.1276288033,-0.03079772,-0.1201002598,-0.0296201706,-0.109462738,-0.0581927299,-0.0552105904,-0.0753512383,-0.1110606194,-0.0116307735,-0.0520448685,-0.1333544254,-0.0312678814,-0.2091739178,-0.1975581646,0.0,0.0,0.0,0.0,0.0,-0.0571763515,-0.0878605843,-0.1016504765,0.0,-0.0984420776,0.0,-0.0008494854,0.0,-0.1383752823,0.0,0.0,0.0,0.0,0.0,0.0,0.0,-0.0331487656,0.0,0.0,0.0]},"step_mean_q":{"0":[11.7477378845,11.7999582291,11.8113565445,11.8806657791,11.9064311981,11.9273948669,11.8783884048,11.8773231506,11.8178110123,11.7393350601,11.6357488632,11.5270214081,11.4018735886,11.2413339615,11.0587930679,10.8753604889,10.6774339676,10.4439811707,10.2130041122,9.9746217728,9.7270917892,9.4605703354,9.1934804916,8.9184980392,8.6415967941,8.3460159302,8.0548677444,7.7679128647,7.4722862244,7.1780385971,6.9009442329,6.632396698,6.3624353409,6.0973033905,5.8387179375,5.5927004814,5.3551573753,5.1268491745,4.8992524147,4.6776013374,4.4696989059,4.2680625916,4.0656013489,3.8750567436,3.7081933022,3.5376899242,3.4070940018,3.2730703354,3.1575305462,3.0378234386,2.9462733269,2.8617310524,2.7816324234,2.7105219364,2.6572873592,2.6076872349,2.5541238785,2.5153632164,2.4636516571,2.4396238327,2.4055938721,2.387493372,2.3703978062,2.3391466141,2.3182718754,2.2755696774,2.2723095417,2.2658069134,2.2281491756,2.2215998173,2.1865389347,2.184779644,2.1881716251,2.1870820522,2.1977012157,2.2268486023,2.2146754265,2.1900510788,2.1882455349,2.135848999,2.094974041,2.0613696575,1.9897636175,2.0024476051,2.0051579475,2.0005085468,1.930590868,1.9274307489,1.9192546606,1.8919261694,1.9700343609,2.0199131966,1.9698326588,1.9811842442,1.965788722,1.9854024649,1.9814283848,1.9851620197,2.013600111,2.0279438496,1.9723114967,1.9491131306,2.0124275684,2.0035495758,2.0210735798,2.0652372837,2.1001117229,2.0916147232,2.0797746181,2.0663468838,1.8710474968,1.917727828,1.9975352287,1.9991936684,1.9082738161,1.8795230389,1.8960163593,1.9580150843,1.9722132683,1.9002590179,1.9385821819,1.8923659325,1.8286659718,1.8443739414,1.6684948206,1.6555819511,1.5822474957,1.6436306238,1.488090992,1.5043686628,1.4224684238,1.3238898516,1.522059083,1.5862718821,1.593069315,1.5979502201,1.5298907757,1.4483486414,1.5167346001,1.5564595461,1.63646698,1.6484279633,1.8421282768,1.7860646248,2.0015439987,1.8100944757,2.2430653572,2.0847587585,1.2155275345,1.1328148842,0.9493055344,0.8862925768,0.8016808033,0.7219678164,1.1322221756,1.2056052685,1.1649363041]},"episodes_still_running":{"0":[4096.0,4096.0,4096.0,4096.0,4096.0,4096.0,4096.0,4096.0,4096.0,4096.0,4096.0,4096.0,4095.0,4095.0,4095.0,4095.0,4095.0,4094.0,4094.0,4094.0,4094.0,4094.0,4094.0,4094.0,4094.0,4094.0,4094.0,4094.0,4094.0,4094.0,4094.0,4094.0,4094.0,4094.0,4094.0,4094.0,4092.0,4089.0,4088.0,4086.0,4079.0,4065.0,4060.0,4048.0,4019.0,3997.0,3953.0,3904.0,3841.0,3776.0,3687.0,3585.0,3486.0,3374.0,3234.0,3095.0,2959.0,2812.0,2661.0,2518.0,2382.0,2234.0,2100.0,1963.0,1832.0,1710.0,1575.0,1460.0,1359.0,1270.0,1165.0,1075.0,997.0,927.0,843.0,778.0,717.0,665.0,618.0,586.0,547.0,501.0,475.0,435.0,401.0,368.0,342.0,326.0,296.0,277.0,254.0,237.0,222.0,212.0,194.0,183.0,170.0,161.0,153.0,142.0,131.0,122.0,115.0,106.0,98.0,94.0,83.0,79.0,72.0,70.0,66.0,63.0,58.0,52.0,50.0,45.0,43.0,41.0,36.0,33.0,31.0,27.0,25.0,25.0,22.0,22.0,22.0,19.0,18.0,14.0,14.0,14.0,12.0,12.0,10.0,10.0,10.0,10.0,9.0,8.0,7.0,7.0,6.0,6.0,5.0,5.0,4.0,3.0,2.0,2.0,2.0,2.0,2.0,2.0,1.0,1.0,1.0]},