{"max_q":{"0":23.7107524872},"min_q":{"0":-1.4956521988},"mean_q":{"0":6.7023081779},"range_q":{"0":25.2064056396},"step_max_q":{"0":[17.8814754486,18.937959671,21.1036663055,21.2106456757,20.555562973,20.9302768707,22.6198863983,23.7107524872,21.1109905243,20.4022102356,20.9180240631,21.3887958527,20.6015872955,18.9544010162,19.9331989288,19.5735549927,18.5222930908,19.402135849,17.2902698517,17.2889347076,16.6264476776,15.9501590729,15.8916778564,16.5333423615,14.6060276031,13.4876804352,14.6270141602,13.5531959534,14.1963891983,13.2510328293,14.0669851303,12.3174123764,12.9013347626,11.7604866028,13.1235160828,12.1697387695,13.1776304245,10.1306629181,9.973777771,10.3460960388,10.7057056427,9.3362751007,9.3221530914,10.203915596,8.6294002533,9.2182483673,9.024312973,8.5722103119,9.7157373428,8.2842388153,8.2608184814,7.8602514267,7.6542453766,7.1705751419,7.3558425903,8.0089502335,7.4862232208,7.2427334785,7.9028625488,7.7044277191,7.8613409996,8.6870365143,8.0154275894,8.009522438,7.2025508881,7.0426502228,6.932967186,7.0852584839,7.1730127335,7.2832612991,7.1390686035,7.0632658005,6.9590568542,6.9774417877,7.2429504395,7.3345537186,6.9835262299,6.8023166656,7.5226683617,7.4029531479,6.910610199,6.8514080048,6.8198437691,7.2560663223,7.0718317032,6.9600877762,6.7519841194,6.7810602188,6.5586528778,6.5550107956,6.5198688507,6.3997788429,6.308216095,6.2976884842,6.650803566,6.2677164078,6.1477985382,6.5281825066,6.2017889023,6.019618988,6.2290143967,6.2714471817]},"step_min_q":{"0":[3.4360971451,3.4492506981,2.0615477562,-0.2383315563,-0.2834665775,-0.630972147,-0.6210069656,-0.5782423019,-0.5865721703,-0.6885616779,-1.1527748108,-1.1346701384,-0.5395665169,-0.9523515701,-0.6795527935,-0.901106596,-0.7905852795,-0.598274827,-0.6708885431,-0.9319319725,-0.8680515289,-1.0397558212,-0.7089437246,-0.7215476036,-0.8090260029,-1.0957853794,-1.2859985828,-1.2447504997,-0.9834198952,-1.3738179207,-1.4956521988,-1.3806893826,-1.2777431011,-1.2173640728,-1.1481399536,-1.1064391136,-0.9230246544,-0.5156705379,-0.5993688107,-0.4569060802,-0.6121840477,-0.7278854847,-0.7841143608,-0.6068797112,-0.5632413626,-0.6901195049,-0.515177846,-0.4446411133,-0.5387034416,-0.4511497021,-0.4637081623,-0.2872911692,-0.3443591595,-0.3732430935,-0.2151267529,-0.3375852108,-0.4616007805,-0.2483277321,-0.0535045862,-0.05326581,0.0,-0.2041016817,-0.2614387274,0.0,0.0,0.0,0.0,0.0,0.0,0.0,0.0,0.0,0.0,0.0,0.0,0.0,0.0,0.0,0.0,0.0,0.0,0.0,0.0,0.0,0.0,0.0,0.0,0.0,0.0,0.0,0.0,0.0,0.0,0.0,0.0,0.0,0.0,0.0,0.0,0.0,0.0,0.0]},"step_mean_q":{"0":[10.0922861099,10.1318950653,9.9715270996,9.8128137589,9.6847763062,9.547794342,9.4401340485,9.2460718155,8.9925127029,8.7139959335,8.4115428925,8.0935058594,7.7462878227,7.3851852417,7.0610260963,6.7120509148,6.3664746284,6.0279979706,5.7445340157,5.4866495132,5.2276659012,5.0016484261,4.7672710419,4.5794177055,4.3889079094,4.2194094658,4.0570831299,3.9178674221,3.807454586,3.6495952606,3.520293951,3.3972682953,3.3031573296,3.1879189014,3.0176150799,2.955119133,2.8294579983,2.6642336845,2.4815649986,2.388412714,2.3400938511,2.2700054646,2.230907917,2.2013218403,2.2007534504,2.2213356495,2.2528722286,2.2915863991,2.1772096157,2.3277153969,2.2649645805,2.2106990814,2.4302532673,2.1952722073,2.4130990505,2.8100812435,2.9167935848,2.9867970943,2.7826793194,2.761367321,2.8299326897,2.7498090267,2.6891055107,2.9826304913,2.6997652054,3.0916733742,3.8602774143,3.4674777985,3.6205444336,3.5913288593,2.9360868931,3.9597275257,3.8644497395,3.6721308231,3.8123133183,3.8317244053,3.5977621078,6.8023166656,7.5226683617,7.4029531479,6.910610199,6.8514080048,6.8198437691,7.2560663223,7.0718317032,6.9600877762,6.7519841194,6.7810602188,6.5586528778,6.5550107956,6.5198688507,6.3997788429,6.308216095,6.2976884842,6.650803566,6.2677164078,6.1477985382,6.5281825066,6.2017889023,6.019618988,6.2290143967,6.2714471817]},"episodes_still_running":{"0":[4096.0,4096.0,4096.0,4093.0,4091.0,4089.0,4087.0,4080.0,4071.0,4059.0,4051.0,4030.0,4008.0,3989.0,3966.0,3935.0,3901.0,3850.0,3791.0,3702.0,3627.0,3530.0,3424.0,3297.0,3168.0,3008.0,2815.0,2611.0,2347.0,2137.0,1947.0,1718.0,1527.0,1351.0,1178.0,1030.0,896.0,797.0,671.0,573.0,501.0,434.0,380.0,331.0,277.0,237.0,199.0,178.0,159.0,135.0,119.0,102.0,87.0,76.0,64.0,54.0,49.0,44.0,34.0,32.0,30.0,25.0,20.0,17.0,16.0,11.0,9.0,8.0,7.0,6.0,4.0,3.0,3.0,3.0,3.0,2.0,2.0,1.0,1.0,1.0,1.0,1.0,1.0,1.0,1.0,1.0,1.0,1.0,1.0,1.0,1.0,1.0,1.0,1.0,1.0,1.0,1.0,1.0,1.0,1.0,1.0,1.0]},"step_range_q":{"0":[14.4453783035,15.4887084961,19.0421180725,21.4489765167,20.8390293121,21.5612487793,23.2408943176,24.2889938354,21.6975631714,21.0907726288,22.0707988739,22.5234661102,21.1411533356,19.90675354,20.6127510071,20.4746608734,19.312877655,20.00041008,17.9611587524,18.220867157,17.4944992065,16.9899139404,16.6006221771,17.2548904419,15.4150533676,14.5834655762,15.9130125046,14.7979469299,15.1798095703,14.6248512268,15.5626373291,13.6981019974,14.1790781021,12.977850914,14.2716560364,13.27617836,14.1006546021,10.6463336945,10.5731468201,10.8030023575,11.3178901672,10.064160347,10.1062679291,10.8107948303,9.1926412582,9.9083681107,9.5394906998,9.0168514252,10.2544403076,8.7353887558,8.7245264053,8.1475429535,7.9986047745,7.5438184738,7.5709695816,8.3465356827,7.9478240013,7.4910612106,7.9563670158,7.7576932907,7.8613409996,8.8911380768,8.2768659592,8.009522438,7.2025508881,7.0426502228,6.932967186,7.0852584839,7.1730127335,7.2832612991,7.1390686035,7.0632658005,6.9590568542,6.9774417877,7.2429504395,7.3345537186,6.9835262299,6.8023166656,7.5226683617,7.4029531479,6.910610199,6.8514080048,6.8198437691,7.2560663223,7.0718317032,6.9600877762,6.7519841194,6.7810602188,6.5586528778,6.5550107956,6.5198688507,6.3997788429,6.308216095,6.2976884842,6.650803566,6.2677164078,6.1477985382,6.5281825066,6.2017889023,6.019618988,6.2290143967,6.2714471817]},"mean_loss:":{"0":1.7659736872},"rmse":{"0":1.3288993835},"step_rmse":{"0":[1.553809166,1.5545195341,1.5665478706,1.5287431479,1.535995245,1.5117632151,1.517382741,1.5028067827,1.47230196,1.4589066505,1.4375026226,1.3909270763,1.3713672161,1.3591661453,1.3428586721,1.3177301884,1.3009459972,1.2868486643,1.2634233236,1.258166194,1.2448064089,1.2125192881,1.1813982725,1.1813163757,1.1968330145,1.1462960243,1.1259478331,1.1361088753,1.1243277788,1.0957355499,1.1142331362,1.0914288759,1.1030143499,1.0714911222,1.0735433102,1.0441622734,0.998273313,0.9113630652,0.8863449693,0.8506187201,0.8729625344,0.8624265194,0.8727257252,0.8797208667,0.9058360457,0.8699214458,0.8833276629,0.9667037725,0.9327937961,1.0124009848,0.9046773911,0.8886763453,0.925440073,1.0341200829,1.0085682869,0.9735428095,0.9443994761,0.9716364741,1.0908657312,1.0454627275,1.1571667194,0.8743448853,0.8189218044,0.9080848694,1.1050255299,1.0481046438,1.1627237797,1.2499811649,1.4851574898,0.7457211614,0.6352134943,1.2141932249,1.432978034,0.8090189695,0.5855671763,0.2107393742,0.2233448178,0.2905931473,0.6152052879,0.5310935974,0.2021007538,0.2020187378,0.1474933624,0.3119330406,0.0120849609,0.1438817978,0.1446371078,0.0463380814,0.1759352684,0.281750679,0.5432662964,0.4885463715,0.5705676079,0.636115551,0.3877358437,0.5289163589,0.4795594215,0.3840808868,0.2272443771,0.3775939941,0.3518800735,0.5559444427]},"rmse_by_q":{"0":19.8274879456},