{"max_q":{"0":17.1728687286},"min_q":{"0":-1.6988818645},"mean_q":{"0":3.6966400146},"range_q":{"0":18.8717498779},"step_max_q":{"0":[15.7855567932,15.3744487762,16.2364616394,16.1164951324,15.7682704926,15.6499452591,16.2267456055,16.1033210754,15.5420532227,16.3837966919,16.0571880341,16.6606960297,17.1728687286,14.9073181152,15.3303794861,15.3221006393,15.3294334412,15.2675390244,15.3350286484,15.8726425171,13.7538261414,13.3020124435,14.1931629181,12.945394516,13.6890563965,12.5979623795,12.1156597137,12.3122158051,11.6933879852,11.371257782,12.0510292053,11.6293201447,12.1538419724,11.9407234192,11.9044704437,11.2675867081,10.8609924316,10.2414188385,10.7563943863,10.3400974274,10.2020215988,10.7055206299,9.7585468292,10.3020973206,10.9487266541,10.3214511871,10.7338581085,9.9886569977,10.4774866104,10.2904148102,10.5616054535,9.8700771332,10.1609525681,10.8815488815,9.8911123276,9.5680122375,10.5517721176,9.3864860535,9.7151947021,9.9430122375,11.4527664185,9.949842453,10.8585920334,10.3160419464,10.5368595123,10.9682540894,11.2523641586,11.1492910385,9.7855396271,10.2760238647,10.241853714,10.5106716156,9.6352396011,9.984919548,10.6686182022,11.1396274567,10.5652484894,7.6689653397,7.4529123306,7.1897783279,6.9613814354,7.2960510254,7.6309738159,7.5515327454,7.5997753143,7.2752428055,7.0078186989,6.8286895752,6.7609014511,5.7495131493,6.0795269012,6.243429184,6.3818631172,6.2075209618,6.4319133759,6.2565660477,5.9480371475,5.4198875427,5.5140790939,5.632809639,5.4965009689,4.9968004227,6.0617046356,5.0688080788,5.09633255,5.6129932404,4.3670940399,4.6392207146,4.8934354782,4.7037572861,4.5011110306,4.4999542236,4.3585076332,4.9686126709,4.7947349548,5.5549721718,5.2013530731,5.0750865936,5.1423912048,4.9472618103,4.8972663879,4.9780292511,4.8367099762,4.5199975967,4.8430204391,5.0906200409,4.6331295967,5.1262979507,4.9933819771,4.9633436203,5.0245199203,5.0317459106,4.8702812195,5.3037247658,6.0790901184,5.2689752579,5.5484466553,5.310418129,5.3138885498,6.2439785004,5.2165222168,5.1787137985,5.07239151,4.9802265167,5.082262516,5.4609494209,4.9292221069,4.6583423615,4.923617363,5.0247612,5.2166023254,5.110622406,4.6141700745,4.3351125717,4.7174634933,4.3867707253,4.0877199173,4.3364710808,4.0736322403,4.0093026161,4.2758517265,4.104944706,4.1457519531,4.0439705849,3.9272522926,3.8279647827,4.1141653061,3.8725521564,3.2468619347,2.6006965637,3.4035820961,2.7205870152,3.5617482662,2.7760372162,2.6348569393,2.8274087906,2.678791523,2.9270875454,2.7286195755,2.9681286812,2.7241802216,2.9784417152,2.7830700874,3.0782670975,2.9162156582,2.8872644901,2.6622605324,2.4199466705,2.7907390594,2.6431808472,2.4930830002,2.7705760002,2.2279191017,2.0706520081,2.4628624916,2.5124156475,2.5904836655,2.1897816658,2.4210543633,2.5275874138]},"step_min_q":{"0":[2.5552799702,2.255874157,2.2028226852,1.344432354,1.4091517925,0.8724994659,0.9505812526,0.5487538576,0.1841468811,0.3367568254,0.1616852283,0.2252399921,0.1053555012,0.0411630869,-0.0766357183,-0.1581462622,-0.1110595465,-0.1763439178,-0.4428458214,-0.2452741861,-0.2264034748,-0.276919961,-0.3245726824,-0.3162056208,-0.3002216816,-0.5403459072,-0.4960279465,-0.7499138117,-0.7360594273,-0.9680017233,-1.0516979694,-1.2051349878,-1.6988818645,-0.4822307825,-0.6919050217,-0.6844837666,-1.4320728779,-0.9922454357,-1.237883091,-0.5888721943,-0.5089169741,-0.5681327581,-0.7420028448,-0.710788846,-0.6280901432,-0.6728239059,-1.0747710466,-0.7838557363,-0.6154750586,-0.6764411926,-0.6310315132,-0.5206104517,-0.5284723043,-0.7427881956,-0.6412196159,-0.7051158547,-0.7144126892,-0.6468539238,-0.722548902,-0.7821282148,-0.4418400526,-0.4590052366,-0.894318819,-0.4772235155,-0.6539056301,-0.6515008211,-0.6034760475,-0.4839599133,-0.8164380789,-0.8017376661,-0.8138217926,-0.5179288387,-0.5438666344,-0.4434524775,-0.4615148306,-0.5686210394,-0.4735428095,-0.3175529242,-0.3957463503,-0.2963188887,-0.4679280519,-0.4612193108,-0.4978526235,-0.6213746071,-0.5186130404,-0.486073494,-0.4908579588,-0.510830164,-0.5253424644,-0.7586003542,-0.5731889009,-0.6476558447,-0.7865002155,-0.7726840973,-0.6180227995,-0.7985342741,-0.6450493336,-0.3837718964,-0.396206975,-0.3390073776,-0.4965971708,-0.5637145042,-0.4929962158,-0.5109245181,-0.4958076477,-0.5358233452,-0.6629055738,-0.3759641647,-0.1866035461,-0.206887722,-0.1983933449,-0.0018337965,0.0,-0.0574990511,-0.0743914843,-0.1498230696,-0.3545380831,-0.4854519367,-0.5190713406,-0.0261262655,-0.1570417881,-0.0429959297,-0.0749753714,-0.2700896263,-0.2395627499,-0.0311377645,-0.0363794565,0.0,-0.0583010912,-0.4161896706,-0.0023949146,-0.0082247257,-0.0166197419,-0.0231000781,-0.0290520787,-0.033159554,0.0,0.0,-0.0088319778,-0.4016063213,-0.438716054,-0.0179274678,-0.024299264,-0.0624033213,-0.1886039972,-0.2386698723,0.0,-0.0081400871,-0.0006679296,-0.0098027587,-0.0181078911,-0.0244013071,-0.0290137529,-0.0331202745,0.0,0.0,-0.0075035095,-0.0005865693,-0.0097627044,-0.0180007815,-0.0394426584,-0.0287238955,-0.0325423479,-0.0455063581,-0.0703060627,-0.0976449251,-0.1062986851,-0.1270939112,-0.1366733313,-0.0237369537,-0.0281670094,-0.0316600204,0.0,-0.0753945112,-0.0056179166,0.0,-0.0088467002,-0.0169602633,-0.0229827762,-0.0762764812,-0.0305030942,-0.0328845978,-0.0399121046,-0.0573171377,-0.0818420649,-0.0946246386,-0.1141639948,-0.1217464209,-0.1385335922,-0.1454293728,-0.1631872654,-0.1709116697,-0.1887817383,-0.2114287615,-0.2225477695,-0.2340445518,-0.2281682491,-0.2384055853,-0.2945011854,-0.2583434582]},