{"max_q":{"0":17.06848526},"min_q":{"0":-0.155823946},"mean_q":{"0":9.6769514084},"range_q":{"0":17.2243099213},"step_max_q":{"0":[15.263507843,15.5232620239,15.7587280273,16.1067199707,16.2761497498,17.06848526,16.8831329346,16.769235611,16.1532211304,16.0447750092,15.7679176331,15.0906219482,15.2397136688,14.5613212585,14.2270336151,13.6649484634,13.2464637756,13.3799533844,12.944565773,12.2240085602,11.9298772812,11.42852211,11.2113647461,10.9288101196,10.8908157349,10.4699478149,10.3596582413,10.2787570953,9.8904476166,9.8802938461,9.7599897385,9.2284793854,9.1478862762,8.9781455994,8.5997524261,8.6817150116,8.0276374817,8.4277896881,8.0239543915,7.8125705719,7.9652223587,7.774643898,7.8456096649,7.7910957336,7.6882829666,6.9740724564,7.2454080582,7.1047954559,6.8762617111,6.7347860336,6.4315929413,6.2902641296,6.1256542206,5.7467751503,5.5568399429,5.4255056381,5.3387918472,5.3363027573,5.344938755,5.1876645088,5.2856369019,5.0288748741,5.0965471268,4.9682426453,4.7347035408,4.550160408,4.7725811005,4.5735330582,4.3566188812,4.2196726799,4.5797896385,4.2122135162,4.0959296227,4.1246151924,3.8346381187,3.7926216125,3.8243889809,3.925552845,3.5385336876,3.8880491257,3.3268368244,2.1211671829,1.9910820723,1.9142464399,1.9231154919,1.930136323,1.9389723539,1.9438964128,1.945986867,1.9809054136,1.267351985,1.9671057463,1.2663668394]},"step_min_q":{"0":[6.7986235619,6.7371854782,6.9508605003,7.6173610687,7.4274120331,7.0881710052,8.0290527344,7.8671040535,8.3878746033,8.4256668091,6.7723879814,6.3024320602,6.0491819382,6.1100740433,5.7663784027,6.1660399437,5.4116277695,5.3128976822,5.3584270477,5.007209301,4.4705924988,4.2246055603,4.1136302948,6.445707798,5.8341445923,3.620634079,5.1698408127,3.4006619453,1.7899811268,3.2108845711,1.619259119,1.3381909132,0.7281925678,0.6525269151,0.5382537246,0.0,0.0,0.0,0.0,0.0,0.0,0.0,0.0,0.0,0.0,0.0,0.0,0.0,-0.1057181358,-0.1272471845,-0.1342342198,-0.1519738585,-0.155823946,0.0,0.0,0.0,0.0,0.0,0.0,0.0,0.0,0.0,0.0,0.0,0.0,0.0,0.0,0.0,0.0,0.0,0.0,0.0,0.0,0.0,0.0,0.0,0.0,0.0,0.0,0.0,0.0,0.0,0.0,0.0,0.0,0.0,0.0,0.0,0.0,0.0,0.0,0.0,0.0]},"step_mean_q":{"0":[14.8217697144,15.0673770905,15.297876358,15.5408782959,15.7411231995,15.8077468872,15.5324306488,15.18288517,14.8557910919,14.50984478,14.1288967133,13.7781019211,13.4919052124,13.0673007965,12.7241039276,12.3835468292,11.9867486954,11.5887327194,11.253818512,10.8848838806,10.4665908813,10.1300163269,9.7914867401,9.4587116241,9.176651001,8.9254360199,8.6456899643,8.3795175552,8.152223587,7.88534832,7.6322307587,7.369207859,7.0983819962,6.83259058,6.5717763901,6.3364171982,6.0698509216,5.823225975,5.5995640755,5.3772258759,5.174785614,4.9946312904,4.8515734673,4.733587265,4.6392354965,4.5866084099,4.5143556595,4.4681777954,4.4146270752,4.3582019806,4.3053908348,4.2491817474,4.2061743736,4.1265525818,4.0647082329,4.0411939621,3.9579508305,3.8709509373,3.831936121,3.7625052929,3.6398704052,3.6065957546,3.569437027,3.4221425056,3.3734166622,3.2447574139,3.2165305614,3.0856900215,3.0503644943,2.7528443336,2.6663508415,2.8854358196,2.7911083698,2.7815921307,2.3856229782,2.3819413185,2.1979062557,2.2000353336,1.9466304779,2.0128583908,2.0272400379,1.5722622871,1.5379935503,1.7672314644,1.5747779608,1.579821229,1.8504846096,1.8530235291,1.945986867,1.9809054136,1.267351985,1.9671057463,1.2663668394]},"episodes_still_running":{"0":[4096.0,4096.0,4096.0,4096.0,4096.0,4096.0,4096.0,4096.0,4096.0,4096.0,4096.0,4096.0,4096.0,4096.0,4096.0,4096.0,4096.0,4096.0,4096.0,4096.0,4096.0,4096.0,4096.0,4096.0,4096.0,4096.0,4096.0,4096.0,4096.0,4096.0,4096.0,4096.0,4096.0,4096.0,4096.0,4088.0,4084.0,4072.0,4048.0,4012.0,3940.0,3820.0,3608.0,3276.0,2948.0,2556.0,2244.0,1920.0,1672.0,1452.0,1252.0,1080.0,944.0,820.0,724.0,612.0,544.0,484.0,412.0,352.0,332.0,292.0,244.0,204.0,168.0,148.0,132.0,112.0,88.0,72.0,64.0,52.0,52.0,48.0,36.0,32.0,28.0,24.0,20.0,20.0,20.0,16.0,16.0,12.0,12.0,12.0,8.0,8.0,4.0,4.0,4.0,4.0,4.0]},"step_range_q":{"0":[8.4648838043,8.7860765457,8.8078670502,8.489358902,8.8487377167,9.9803142548,8.8540802002,8.9021320343,7.7653465271,7.6191082001,8.9955291748,8.788189888,9.1905317307,8.4512472153,8.4606552124,7.4989085197,7.8348360062,8.0670557022,7.5861387253,7.2167992592,7.4592847824,7.2039165497,7.0977344513,4.4831023216,5.0566711426,6.849313736,5.1898174286,6.87809515,8.1004667282,6.6694092751,8.1407308578,7.890288353,8.4196939468,8.3256187439,8.061498642,8.6817150116,8.0276374817,8.4277896881,8.0239543915,7.8125705719,7.9652223587,7.774643898,7.8456096649,7.7910957336,7.6882829666,6.9740724564,7.2454080582,7.1047954559,6.981979847,6.8620333672,6.5658273697,6.442237854,6.2814779282,5.7467751503,5.5568399429,5.4255056381,5.3387918472,5.3363027573,5.344938755,5.1876645088,5.2856369019,5.0288748741,5.0965471268,4.9682426453,4.7347035408,4.550160408,4.7725811005,4.5735330582,4.3566188812,4.2196726799,4.5797896385,4.2122135162,4.0959296227,4.1246151924,3.8346381187,3.7926216125,3.8243889809,3.925552845,3.5385336876,3.8880491257,3.3268368244,2.1211671829,1.9910820723,1.9142464399,1.9231154919,1.930136323,1.9389723539,1.9438964128,1.945986867,1.9809054136,1.267351985,1.9671057463,1.2663668394]},"mean_loss:":{"0":0.0986298397},"rmse":{"0":0.3140538931},"step_rmse":{"0":[0.1514123529,0.0793150291,0.0776913613,0.1643623561,0.1717990637,0.2027454525,0.2274755836,0.2319191098,0.2464992851,0.2618311346,0.2504665554,0.2545205653,0.2654656172,0.2943709791,0.3184904456,0.3419933319,0.3373454511,0.3638745546,0.3598147035,0.3716489673,0.3737933636,0.3859554529,0.4034066498,0.4003554285,0.4034541845,0.4049603343,0.369584918,0.3452672958,0.335226953,0.3318846524,0.3341110349,0.3088501692,0.2906312943,0.2704723775,0.2587792873,0.2751301527,0.2956831753,0.2832356691,0.2642325163,0.2818561494,0.3143653274,0.3008553982,0.2889950275,0.2845510244,0.275547713,0.3178156614,0.2900064588,0.3136418462,0.3031381965,0.3425226808,0.3363019824,0.3371552229,0.3357857466,0.3915240467,0.388825804,0.4586492777,0.4738032222,0.4998096824,0.595441401,0.593663156,0.5699594021,0.6241392493,0.732354641,0.7706851959,0.7084326744,0.6794480681,0.8776220679,0.8139413595,0.7311089039,0.6780377626,0.7896342278,0.7815375924,0.7901349664,0.8437152505,0.7899134159,0.6974428892,0.7524928451,0.7488367558,0.7846597433,0.6765123606,0.7858379483,0.7376888394,0.7585056424,1.0412778854,0.7928463817,0.9924484491,1.2053124905,1.1149225235,1.0523649454,1.060793519,0.8870311975,1.2633892298,1.0818279982]},"mean_error":{"0":0.1712027788},"step_mean_error":{"0":[0.0963070244,0.0469445102,0.0510512777,0.1087312251,0.115192242,0.1384508759,0.158644408,0.1544553638,0.1690579355,0.1828635931,0.161856547,0.1744658053,0.1842967421,0.1882514805,0.1956336796,0.2054398805,0.2043510228,0.2184212506,0.2187390924,0.2171578109,0.2196466923,0.2105268687,0.2085990608,0.2045753598,0.1983526051,0.1923212409,0.1805121005,0.1829810292,0.1769227386,0.1713223457,0.1695253849,0.166469872,0.1562333852,0.1531345099,0.1511247754,0.1507116854,0.1527961642,0.1479749084,0.1467701346,0.1520249844,0.1490821242,0.1503111571,0.1438301206,0.1483825147,0.1506353468,0.1593381464,0.152082473,0.1722662896,0.1654568017,0.189744994,0.1905196607,0.2018568963,0.2082525045,0.2331928909,0.2344890833,0.2668757737,0.2749736309,0.2884101272,0.3305315971,0.3235136271,0.3031499982,0.3360988796,0.3896249831,0.4250935614,0.3869281113,0.3767743707,0.4911852777,0.5136758089,0.4787796736,0.4918880463,0.6692597866,0.6216828823,0.6377462149,0.6381818652,0.6292783022,0.481957227,0.5229690075,0.552616775,0.7152065039,0.6361582279,0.722755909,0.6484668255,0.6761013865,1.0391430855,0.7151498795,0.9065656662,1.202593565,1.1137180328,1.0523649454,1.060793519,0.8870311975,1.2633892298,1.0818279982]},"mean_deviation":{"0":0.979126811},