{"max_q":{"0":16.8927192688},"min_q":{"0":-1.2510803938},"mean_q":{"0":8.9342756271},"range_q":{"0":18.1437988281},"step_max_q":{"0":[11.4074459076,11.6819000244,11.9807891846,12.5797548294,14.5031366348,15.1784791946,15.148273468,14.4320716858,15.7158031464,15.9893436432,15.9503078461,16.5790557861,15.8613090515,16.8927192688,16.2811336517,15.3786230087,14.4579935074,13.5375099182,13.8085002899,13.8330974579,12.6512784958,11.4678754807,11.4552583694,11.7392349243,11.9948797226,11.7153015137,10.6803627014,11.6239404678,10.0231370926,10.0775222778,9.0155687332,7.5465540886,7.5608811378,0.0,0.0,0.0,0.0]},"step_min_q":{"0":[11.3953065872,11.6780948639,11.9687538147,12.5654191971,7.1057415009,7.0692615509,7.1657352448,5.5109949112,4.5951595306,4.037115097,3.8755741119,2.4723529816,2.5878419876,1.8841457367,0.81967628,1.1197612286,0.8030697107,-0.1192517281,-0.7168926001,-0.5095690489,-0.5621443987,-0.5124694109,-1.2510803938,-0.8476153612,-0.2942661047,-0.3731914759,-0.3702261448,-0.667432189,-0.5684784651,-0.4788278341,-0.714933753,-1.13151443,-0.426255703,-0.6955609322,-0.6775755882,-0.8564736843,-0.8975678682]},"step_mean_q":{"0":[11.395318985,11.6780986786,11.9803981781,12.5725841522,12.5306653976,12.8897333145,12.8967170715,12.0378074646,11.6828861237,11.0717086792,10.6561355591,10.3882751465,9.7358264923,9.4760026932,8.8378925323,8.5348119736,7.8259782791,7.467423439,6.8398637772,6.402402401,5.8881788254,5.5710411072,5.3923697472,5.1168313026,4.9659309387,4.8333730698,4.2519841194,3.500371933,2.541008234,2.2509889603,1.265910387,0.9708504081,1.8965135813,-0.3791539073,-0.6775755882,-0.8564736843,-0.8975678682]},"episodes_still_running":{"0":[4096.0,4096.0,4096.0,4096.0,4096.0,4096.0,4096.0,4096.0,4096.0,4096.0,4096.0,4096.0,4096.0,4096.0,4096.0,4096.0,4096.0,4096.0,4096.0,4096.0,4068.0,4000.0,3896.0,3776.0,3636.0,3172.0,2404.0,1636.0,1064.0,600.0,260.0,92.0,28.0,8.0,4.0,4.0,4.0]},"step_range_q":{"0":[0.0121393204,0.0038051605,0.0120353699,0.0143356323,7.397395134,8.1092176437,7.9825382233,8.9210767746,11.1206436157,11.9522285461,12.0747337341,14.1067028046,13.2734670639,15.0085735321,15.4614572525,14.2588615417,13.654923439,13.6567611694,14.5253925323,14.342666626,13.2134227753,11.9803447723,12.7063388824,12.5868501663,12.2891454697,12.0884933472,11.0505886078,12.2913722992,10.5916156769,10.5563497543,9.7305021286,8.678068161,7.9871368408,0.6955609322,0.6775755882,0.8564736843,0.8975678682]},"mean_loss:":{"0":1.5223931074},"rmse":{"0":1.2338529825},"step_rmse":{"0":[1.4676653147,1.5898311138,1.6206748486,1.7692838907,0.4431448579,0.3695007563,0.360771358,0.844192028,0.9931830764,0.9574934244,1.0796574354,1.150818944,1.2818351984,1.4870887995,1.6754654646,1.6574124098,1.5143948793,1.4998277426,1.4086657763,1.3469341993,1.1974583864,1.0844587088,1.0104084015,0.9384932518,0.9181454778,0.9039430618,0.980751276,1.0474294424,1.0045450926,1.2616903782,0.9220193028,1.325445056,1.0058894157,0.6861044168,1.2679082155,0.9054210186,1.0409840345]},"rmse_by_q":{"0":13.8103303909},"step_rmse_by_q":{"0":[12.8795461655,13.61378479,13.527721405,14.072555542,3.536482811,2.8666284084,2.7973890305,7.0128388405,8.5011787415,8.6481084824,10.1317911148,11.0780563354,13.1661672592,15.6932086945,18.9577484131,19.4194355011,19.3508701324,20.0849437714,20.5949401855,21.0379505157,20.3366508484,19.4659976959,18.7377433777,18.3412971497,18.4888896942,18.7021160126,23.0657329559,29.9233760834,39.5333251953,56.050491333,72.834487915,136.5241241455,53.0388717651,-180.9567108154,-187.1242523193,-105.7149887085,-115.9783096313]},"mean_error":{"0":0.8400939107},"step_mean_error":{"0":[1.0120601654,1.1618394852,1.1550748348,1.224804163,0.3735722303,0.2796292305,0.2508204281,0.6819586754,0.7934616804,0.7424590588,0.8249920607,0.8772699833,0.9838862419,1.1545934677,1.3104617596,1.2399141788,1.1326271296,1.0930945873,1.0065200329,0.9025055766,0.8055051565,0.6978984475,0.6383185983,0.5898221135,0.5604234934,0.5466546416,0.5972491503,0.6143516302,0.6168978214,0.7454237342,0.5584978461,0.6394872069,0.62871629,0.5261482,1.2679082155,0.9054210186,1.0409840345]},"mean_q_deviation":{"0":52.1317138672},"step_mean_q_deviation":{"0":[10.5989103317,11.3693552017,11.2596006393,11.7348651886,2.9048364162,2.2321560383,1.9261922836,5.6177487373,6.8067178726,6.8192214966,8.2277727127,9.1059703827,11.3772211075,14.0635166168,17.3322486877,17.7861995697,18.1816062927,19.0171909332,20.7568969727,26.6036891937,51.6161193848,49.7121124268,38.1609153748,297.7034912109,35.6635894775,391.7292480469,61.5843582153,277.0118103027,662.9550170898,324.4057617188,819.8865966797,136.4364471436,430.3868713379,364.4597167969,214.7786102295,1849.7861328125,725.848449707]},"mean_range_deviation":{"0":3.1858000755},"step_mean_range_deviation":{"0":[15.8988656998,16.9287033081,16.255027771,15.7020959854,4.835747242,3.4587271214,3.0427234173,6.8147153854,6.4961032867,6.2442111969,6.0486922264,5.7503538132,7.6278448105,8.4500083923,9.3308563232,7.6677126884,8.0584917068,7.4989094734,7.6123037338,3.7271647453,6.7847623825,5.3041439056,5.0963459015,4.8861832619,3.9050724506,4.1767187119,3.9349849224,3.7958438396,4.3848280907,7.2590522766,4.9225230217,6.9019498825,7.7404050827,194.1962280273,214.7786102295,1849.7861328125,725.848449707]},"epoch":{"0":90},"mask_name":{"0":"enemy_distance"},"map_name":{"0":"5m_vs_6m"}}