{"max_q":{"0":18.310836792},"min_q":{"0":-1.9061260223},"mean_q":{"0":12.5285358429},"range_q":{"0":20.2169628143},"step_max_q":{"0":[16.3677940369,16.4028167725,16.7069854736,16.8887901306,17.1174926758,17.8749885559,18.310836792,17.4700622559,17.2066631317,16.3801403046,15.8353633881,15.4488945007,14.867398262,14.4127702713,13.9479827881,13.4090204239,12.7172193527,12.2295980453,12.0719032288,10.9694375992,10.4838991165,10.8769769669,9.6800527573,8.9408445358,8.7644729614,7.8823122978,8.1119308472,8.1223955154,8.0140132904,7.6244068146,7.5637173653,7.4659290314,7.206694603,6.1361365318,5.759282589,2.8616991043,2.9699053764,2.3979711533,2.5751843452]},"step_min_q":{"0":[15.2446174622,13.6901226044,15.6565189362,15.3890533447,16.0843791962,15.801949501,16.0249500275,13.3981304169,13.3068990707,13.1601600647,10.9554042816,10.6865997314,7.2382707596,6.8689370155,4.2910456657,5.0821561813,3.7542443275,3.5467500687,2.033629179,1.3533705473,-0.5719516277,-1.7648575306,-1.7511196136,0.0,-1.4577035904,-1.1208322048,-0.9175145626,-0.8452671766,-1.9061260223,-1.072057724,-1.2669360638,-0.5318741798,-0.2480397224,0.0,0.0,0.0,0.0,0.0,0.0]},"step_mean_q":{"0":[16.3331489563,16.3719100952,16.5523071289,16.8386592865,17.0298957825,17.2804336548,17.7638626099,16.5094051361,16.2964477539,15.4196338654,14.7803440094,14.4515695572,13.7721691132,13.2771072388,12.5459270477,11.9520721436,11.2845373154,10.6697902679,10.0033779144,9.4127149582,8.7835044861,8.2220087051,7.6721549034,7.2048006058,6.793797493,6.4442067146,6.1322274208,5.7981410027,5.3697257042,4.688398838,4.161233902,3.4304528236,2.7050538063,2.6502761841,2.7134525776,1.4899433851,1.5011868477,2.3979711533,2.5751843452]},"episodes_still_running":{"0":[4096.0,4096.0,4096.0,4096.0,4096.0,4096.0,4096.0,4096.0,4096.0,4096.0,4096.0,4096.0,4096.0,4096.0,4096.0,4096.0,4096.0,4096.0,4096.0,4096.0,4096.0,4096.0,4096.0,4084.0,3864.0,3188.0,2148.0,1328.0,828.0,456.0,304.0,196.0,132.0,72.0,48.0,20.0,8.0,4.0,4.0]},"step_range_q":{"0":[1.1231765747,2.7126941681,1.0504665375,1.4997367859,1.0331134796,2.0730390549,2.2858867645,4.071931839,3.899764061,3.2199802399,4.8799591064,4.7622947693,7.6291275024,7.5438332558,9.6569366455,8.3268642426,8.9629745483,8.6828479767,10.0382738113,9.6160669327,11.0558509827,12.641834259,11.4311723709,8.9408445358,10.2221765518,9.0031442642,9.0294456482,8.9676628113,9.9201393127,8.6964645386,8.8306531906,7.9978032112,7.4547343254,6.1361365318,5.759282589,2.8616991043,2.9699053764,2.3979711533,2.5751843452]},"mean_loss:":{"0":0.2365831882},"rmse":{"0":0.4863981903},"step_rmse":{"0":[0.2906400263,0.2257321179,0.1748596281,0.2143220752,0.2940214574,0.2721220553,0.2438957244,0.2877832651,0.3957618475,0.4857245088,0.5577096343,0.5113743544,0.5200293064,0.5047328472,0.5615730882,0.5442005992,0.5724389553,0.5924532413,0.5721149445,0.6033577919,0.6186513901,0.6124274135,0.581721127,0.488253504,0.459516257,0.4562147856,0.5399394631,0.6361287236,0.7579563856,0.8619600534,1.1007707119,0.8838368654,1.3014246225,1.36259377,1.2527296543,1.0632498264,0.5893560648,0.189012289,1.1644906998]},"rmse_by_q":{"0":3.8823227882},"step_rmse_by_q":{"0":[1.7794487476,1.3787769079,1.0564063787,1.272797823,1.7265018225,1.5747408867,1.3729881048,1.7431473732,2.4285159111,3.150039196,3.7733197212,3.538538456,3.7759435177,3.8015272617,4.4761385918,4.5531902313,5.0727729797,5.5526232719,5.7192177773,6.4100294113,7.0433320999,7.4486351013,7.582239151,6.7767801285,6.7637615204,7.0794558525,8.8049488068,10.9712533951,14.1153650284,18.3849563599,26.4529876709,25.7644386292,48.1108589172,51.4132728577,46.1673660278,71.3617630005,39.2593421936,7.8821754456,45.2196998596]},"mean_error":{"0":0.2624581456},"step_mean_error":{"0":[0.1761788577,0.1407665908,0.1214799136,0.141780436,0.2110863626,0.1490976512,0.1357350349,0.1939669549,0.2633280456,0.2822253704,0.3046595454,0.3089669347,0.3314795196,0.3097487092,0.3360405564,0.3198197484,0.3258356452,0.3257864118,0.3132960796,0.3155952096,0.3148153722,0.2986423373,0.2653212547,0.2286015898,0.2144579589,0.2287857234,0.2994342148,0.3888358474,0.4785722494,0.5990403891,0.8076302409,0.6822965145,1.0217257738,1.1592754126,1.0440052748,0.966324985,0.4765864611,0.189012289,1.1644906998]},"mean_q_deviation":{"0":9.7744903564},"step_mean_q_deviation":{"0":[1.1094237566,0.8708809614,0.7401207685,0.8525868654,1.2504212856,0.8825770617,0.7838903666,1.1876852512,1.645341754,1.8983695507,2.1729562283,2.2897601128,2.5806293488,2.4726262093,2.889585495,2.9155492783,3.169567585,3.4784700871,3.6339342594,4.2171783447,4.6433830261,5.2452516556,5.4789357185,5.1181092262,6.4048433304,10.3576908112,18.0461330414,93.256362915,283.4135437012,372.4270629883,168.1544952393,252.026550293,411.0505065918,411.986114502,293.4209899902,400.3358459473,50.8526039124,7.3062815666,31.1388187408]},"mean_range_deviation":{"0":1.1482208967},"step_mean_range_deviation":{"0":[6.9925174713,8.4285879135,7.2453737259,5.0303602219,7.9576435089,2.9970178604,2.2886490822,3.1483168602,3.4017746449,2.7369408607,2.0313923359,3.3681817055,3.097566843,3.6902208328,3.6293783188,3.6630814075,3.6727361679,3.4254214764,3.2091300488,3.5336062908,3.4383649826,3.2287623882,3.0086803436,2.530850172,2.4548101425,2.7178077698,3.7282557487,5.2578039169,6.5288743973,7.9825029373,11.1019258499,9.7688131332,14.8473291397,17.7227039337,16.1544628143,23.7999744415,12.5642356873,7.3062815666,31.1388187408]},"epoch":{"0":165},"mask_name":{"0":"enemy_distance"},"map_name":{"0":"8m_vs_9m"}}