{"max_q":{"0":15.1764497757},"min_q":{"0":-0.4182563424},"mean_q":{"0":7.048388958},"range_q":{"0":15.5947065353},"step_max_q":{"0":[14.6992912292,15.0891361237,15.1764497757,14.7831058502,14.7827072144,14.6565151215,14.6114501953,14.3266620636,14.2424888611,14.368596077,13.9250354767,14.0074558258,13.4730758667,13.1271800995,13.0655593872,13.0529785156,12.4341926575,11.897895813,11.1722679138,11.0628738403,10.5588092804,10.2811355591,10.033208847,9.8143119812,9.9125185013,9.6730728149,9.4022598267,8.6222476959,8.7663888931,7.9159340858,7.3218655586,7.0492839813,6.496843338,6.5114707947,5.7504820824,5.5660219193,5.762963295,5.1161117554,5.3970122337,5.1081085205,5.19836092,5.2027244568,4.716946125,4.6457457542,4.3759207726,4.6392717361,4.3836741447,4.3696718216,3.6597328186,3.6936774254,3.8307647705,3.589407444,3.6909360886,3.2983646393,3.3354477882,3.09715271,3.1522636414,3.1025686264,2.8790745735,2.5293018818,2.6537885666,2.0301105976,2.0358731747,2.0417118073,2.0474214554,2.0530133247,2.0585103035,2.0639500618,2.0693507195,2.0742611885,2.0785746574,2.0831708908,2.0877079964,2.0921826363,2.0965929031,2.1009371281,2.1042354107,2.1069760323,2.1096477509,2.1122479439,2.1147756577,2.1172292233,2.1195971966,2.121884346,2.1240797043,2.1261916161,2.1284909248,2.1307640076,2.132958889,2.135076046,2.1370897293,2.1389625072,2.1407632828,2.1424918175,2.1436998844,2.1447067261,2.1459879875,2.1480298042,2.150821209,2.1542751789,2.1576852798,2.1610519886,2.1643533707,2.1676077843,2.1708202362,2.1739859581,2.1769230366,2.179653883,2.1823592186,2.1850395203,2.1876392365,2.1901626587,2.1926774979,2.1951506138,2.197603941,2.2000384331,2.202454567,2.204852581,2.2071931362,2.2102503777,2.2140402794,2.2178149223,2.2215745449,2.2253193855,2.2290506363,2.2327680588,2.2364726067,2.2401642799,2.2438430786,2.2474970818,2.2511315346,2.2547531128,2.2583584785,2.2619538307,2.265540123,2.2691156864,2.2726817131,2.2762417793,2.2797911167,2.2833313942,2.2868642807,2.290389061,2.2939064503,2.297416687,2.3009195328,2.3043990135,2.3078527451,2.3113002777,2.3147382736,2.3181686401]},"step_min_q":{"0":[10.5159025192,10.5249471664,9.752040863,7.8163299561,9.6471920013,8.1931705475,8.7002019882,7.9398603439,6.7778191566,6.4304699898,5.3013119698,4.7421617508,4.7906017303,4.2411136627,3.5230093002,2.8931877613,2.8253180981,2.1849946976,2.0285944939,1.643663168,1.1875209808,1.04048419,0.506980896,0.0646729469,0.1106274128,-0.0736678839,0.050159812,-0.1583975554,-0.1184374094,-0.1857068539,-0.2245206833,-0.1453721523,-0.0885820389,-0.1565259695,-0.1454129219,-0.1248856783,-0.1607707739,-0.2145826817,-0.1180043221,-0.1622371674,-0.2305511236,-0.1999678016,-0.2411291599,-0.3750441074,-0.2459075451,-0.380261302,-0.4076353312,-0.4182563424,-0.1117537022,-0.086615324,-0.0427736044,-0.1061211228,0.0,0.0,-0.1218490005,0.0,0.0,0.0,0.0,0.0,0.0,0.0,0.0,0.0,0.0,0.0,0.0,0.0,0.0,0.0,0.0,0.0,0.0,0.0,0.0,0.0,0.0,0.0,0.0,0.0,0.0,0.0,0.0,0.0,0.0,0.0,0.0,0.0,0.0,0.0,0.0,0.0,0.0,0.0,0.0,0.0,0.0,0.0,0.0,0.0,0.0,0.0,0.0,0.0,0.0,0.0,0.0,0.0,0.0,0.0,0.0,0.0,0.0,0.0,0.0,0.0,0.0,0.0,0.0,0.0,0.0,0.0,0.0,0.0,0.0,0.0,0.0,0.0,0.0,0.0,0.0,0.0,0.0,0.0,0.0,0.0,0.0,0.0,0.0,0.0,0.0,0.0,0.0,0.0,0.0,0.0,0.0,0.0,0.0,0.0]},"step_mean_q":{"0":[13.2927284241,13.519777298,13.5052108765,13.2990627289,13.2294445038,12.8448905945,12.699760437,12.2173709869,11.814201355,11.5606870651,11.082233429,10.8022985458,10.3081216812,9.9423427582,9.5089168549,9.1054115295,8.714838028,8.266494751,7.8735089302,7.4192609787,7.0252351761,6.5919818878,6.1561040878,5.7771754265,5.3859186172,5.0285997391,4.7260541916,4.3922014236,4.1262164116,3.8704226017,3.5891845226,3.35424757,3.154841423,2.9746813774,2.7983868122,2.6610364914,2.571814537,2.5264284611,2.4565582275,2.4075679779,2.3546791077,2.3581006527,2.3415477276,2.3228180408,2.3315327168,2.3598124981,2.2479577065,2.3129060268,2.1617569923,1.9492511749,1.8586411476,1.7886915207,1.7722893953,1.6902616024,1.9636929035,1.9283866882,1.9200230837,1.4492394924,1.7336307764,1.6225010157,1.6685920954,1.183334589,1.191210866,1.1991127729,1.2069592476,1.2149333954,1.2230242491,1.2312269211,1.2395325899,1.247702837,1.25560534,1.26339221,1.2709645033,1.2790775299,1.2883048058,1.297565341,1.3074660301,1.3176363707,1.327870965,1.3381359577,1.3484500647,1.3589706421,1.3687431812,1.3782820702,1.3871434927,1.3960223198,1.405056119,1.4141325951,1.4232387543,1.431265831,1.4381268024,1.4449117184,1.4516530037,1.4583485126,1.4647712708,1.4712388515,1.4778670073,1.4848644733,1.492069006,1.4987432957,1.5053517818,1.5119199753,1.5166916847,1.5211775303,1.5256290436,1.5300428867,1.534326911,1.5384917259,1.5426267385,1.5467317104,1.5507779121,1.5547670126,1.5587325096,1.5626571178,1.5665518045,1.5704164505,1.5742511749,1.5780557394,1.5818104744,1.5859023333,1.5903390646,1.5947468281,1.5991257429,1.6034759283,1.6077980995,1.6120918989,1.6163583994,1.6205972433,1.6248087883,1.6289873123,1.6331353188,1.6372563839,1.6413493156,1.6454145908,1.6494548321,1.6534702778,1.6574614048,1.6614304781,1.6653752327,1.6692967415,1.6731960773,1.6770734787,1.6809289455,1.6847631931,1.6885763407,1.6923606396,1.6961152554,1.6998500824,1.703527689,1.7071580887]},"episodes_still_running":{"0":[4096.0,4096.0,4096.0,4096.0,4096.0,4096.0,4096.0,4096.0,4096.0,4096.0,4096.0,4096.0,4096.0,4096.0,4096.0,4096.0,4096.0,4096.0,4096.0,4096.0,4096.0,4096.0,4096.0,4096.0,4096.0,4096.0,4096.0,4096.0,4092.0,4080.0,4068.0,4040.0,3988.0,3920.0,3844.0,3772.0,3668.0,3516.0,3400.0,3264.0,3132.0,2948.0,2740.0,2448.0,2120.0,1792.0,1408.0,1072.0,776.0,572.0,392.0,268.0,200.0,124.0,76.0,52.0,32.0,16.0,12.0,12.0,12.0,8.0,8.0,8.0,8.0,8.0,8.0,8.0,8.0,8.0,8.0,8.0,8.0,8.0,8.0,8.0,8.0,8.0,8.0,8.0,8.0,8.0,8.0,8.0,8.0,8.0,8.0,8.0,8.0,8.0,8.0,8.0,8.0,8.0,8.0,8.0,8.0,8.0,8.0,8.0,8.0,8.0,8.0,8.0,8.0,8.0,8.0,8.0,8.0,8.0,8.0,8.0,8.0,8.0,8.0,8.0,8.0,8.0,8.0,8.0,8.0,8.0,8.0,8.0,8.0,8.0,8.0,8.0,8.0,8.0,8.0,8.0,8.0,8.0,8.0,8.0,8.0,8.0,8.0,8.0,8.0,8.0,8.0,8.0,8.0,8.0,8.0,8.0,8.0,8.0]},"step_range_q":{"0":[4.18338871,4.5641889572,5.4244089127,6.9667758942,5.135515213,6.463344574,5.9112482071,6.3868017197,7.4646697044,7.9381260872,8.6237239838,9.265294075,8.6824741364,8.8860664368,9.542550087,10.1597909927,9.608874321,9.7129011154,9.1436729431,9.419210434,9.3712882996,9.2406511307,9.526227951,9.7496395111,9.8018913269,9.7467403412,9.3521003723,8.7806453705,8.8848266602,8.1016407013,7.5463862419,7.1946563721,6.5854253769,6.6679968834,5.8958950043,5.6909074783,5.9237341881,5.3306941986,5.5150165558,5.2703456879,5.4289121628,5.402692318,4.9580755234,5.0207901001,4.6218280792,5.0195331573,4.7913093567,4.7879281044,3.7714865208,3.7802927494,3.8735384941,3.6955285072,3.6909360886,3.2983646393,3.4572968483,3.09715271,3.1522636414,3.1025686264,2.8790745735,2.5293018818,2.6537885666,2.0301105976,2.0358731747,2.0417118073,2.0474214554,2.0530133247,2.0585103035,2.0639500618,2.0693507195,2.0742611885,2.0785746574,2.0831708908,2.0877079964,2.0921826363,2.0965929031,2.1009371281,2.1042354107,2.1069760323,2.1096477509,2.1122479439,2.1147756577,2.1172292233,2.1195971966,2.121884346,2.1240797043,2.1261916161,2.1284909248,2.1307640076,2.132958889,2.135076046,2.1370897293,2.1389625072,2.1407632828,2.1424918175,2.1436998844,2.1447067261,2.1459879875,2.1480298042,2.150821209,2.1542751789,2.1576852798,2.1610519886,2.1643533707,2.1676077843,2.1708202362,2.1739859581,2.1769230366,2.179653883,2.1823592186,2.1850395203,2.1876392365,2.1901626587,2.1926774979,2.1951506138,2.197603941,2.2000384331,2.202454567,2.204852581,2.2071931362,2.2102503777,2.2140402794,2.2178149223,2.2215745449,2.2253193855,2.2290506363,2.2327680588,2.2364726067,2.2401642799,2.2438430786,2.2474970818,2.2511315346,2.2547531128,2.2583584785,2.2619538307,2.265540123,2.2691156864,2.2726817131,2.2762417793,2.2797911167,2.2833313942,2.2868642807,2.290389061,2.2939064503,2.297416687,2.3009195328,2.3043990135,2.3078527451,2.3113002777,2.3147382736,2.3181686401]},"mean_loss:":{"0":0.2535335124},"rmse":{"0":0.5035210848},