{"max_q":{"0":25.356262207},"min_q":{"0":-0.5523992777},"mean_q":{"0":5.6219859123},"range_q":{"0":25.9086608887},"step_max_q":{"0":[23.5613670349,23.3638038635,22.885925293,23.0875167847,25.356262207,24.1481704712,23.724445343,22.6697769165,22.6346664429,23.0310325623,23.1596317291,22.6824455261,22.3016357422,21.5193881989,21.1955947876,21.0896148682,20.557510376,19.6552085876,19.6271820068,19.4655342102,18.1766281128,18.0063095093,17.6206283569,17.2351646423,16.413640976,16.149433136,16.0047836304,14.9791469574,15.1896152496,14.4912643433,14.0078907013,13.5555067062,12.7489261627,12.5253715515,12.5015687943,12.2707777023,11.8552160263,11.7390346527,11.6860523224,10.4523220062,10.5366029739,10.1532764435,10.4893341064,9.9649009705,9.9692735672,9.9575910568,9.5891189575,9.4062452316,9.2192516327,8.7823143005,8.6145620346,8.7120704651,8.4564552307,8.2494697571,7.8307218552,7.5425066948,7.6078257561,7.6160535812,7.7377409935,7.7296657562,7.5902132988,7.1590261459,6.7793769836,6.2642364502,6.3704686165,6.3516597748,6.0352540016,6.0440034866,5.9924030304,5.9089212418,5.64889431,5.6627907753,5.7885465622,5.8474645615,5.6326169968,5.8338890076,5.7991313934,5.6875948906,5.6011238098,5.6596403122,5.7340650558,5.4863843918,5.4424757957,5.3879919052,5.461066246,5.2046132088,5.2768688202,5.1561775208,5.1595678329,5.182559967,4.944024086,4.9736843109,5.1379652023,4.9487962723,4.8877830505,4.9934372902,4.7695298195,4.7122216225,4.7942075729,4.5558810234,4.4810352325,4.5856657028,4.2485752106,4.1606216431,4.1964344978,3.7414739132,3.9956469536,4.009437561,3.3668382168,3.5423693657,3.6503255367,3.9981334209,4.1107673645,4.129714489,3.7895178795,3.5850067139,3.501657486,3.4209394455,3.3256978989,3.2198553085,3.6636168957,3.327003479,3.3523957729,2.9636464119,1.6414945126,1.6087304354,1.7142150402,1.6096305847,1.6805360317,1.567622304,1.6031076908,1.6193178892,1.4615836143,1.452154994,1.4985414743,1.3084580898,1.2926230431,1.2611948252,1.1199833155,1.083204031,1.0923155546,1.0959208012]},"step_min_q":{"0":[5.9218401909,5.8941469193,5.8473424911,5.806385994,5.6339931488,5.6877484322,5.2937378883,5.0803394318,5.0961947441,5.001686573,4.5722107887,4.091211319,4.2872037888,4.0243611336,3.7869391441,3.3636229038,3.2446143627,3.0029017925,2.8665127754,2.3060865402,1.8661112785,1.8392370939,1.5749568939,1.4440739155,0.9735947847,0.8578908443,0.3974783421,0.3750557899,0.3100106716,0.1815994978,0.1609832048,0.0915706158,0.0753144622,0.0,-0.1213360131,0.0,-0.1962212026,-0.1524035633,-0.2302909493,-0.2971561551,-0.2677277327,-0.3317950964,-0.2480894923,-0.2702144384,-0.2874954939,-0.2719781101,-0.4063564539,-0.2942568064,-0.3207984269,-0.3134118319,-0.3582397103,-0.3541569114,-0.4343953133,-0.2717363238,-0.3652092218,-0.2948898077,-0.3927327394,-0.5046378374,-0.4905805588,-0.5523992777,-0.2804402113,-0.2899990976,-0.3822186589,-0.2433974445,-0.3556731939,-0.5016500354,-0.3796495199,-0.4569941163,-0.3150664568,-0.2914768457,-0.4090065956,-0.2921671867,-0.3618644476,-0.2475940883,-0.2443616986,-0.2521461248,-0.3167871237,-0.2466449142,-0.1944031715,-0.2319303155,-0.2364294529,-0.2347232401,-0.2498740852,-0.2587493062,-0.201171726,-0.3222320676,-0.1757273972,-0.1718667448,-0.1943257451,-0.1027727127,-0.0984814763,-0.1649667621,-0.2042046785,-0.1496640742,-0.1152881086,-0.2003891468,-0.1659609824,-0.1494638324,-0.1596969366,-0.2782776356,-0.0786224604,-0.0379786491,-0.0204350352,-0.1030139029,-0.150097847,0.0,-0.0712270141,-0.0382674932,0.0,-0.1127690673,-0.2387118936,-0.1421427131,-0.1888591647,-0.3138204217,-0.2010490298,-0.3003257513,-0.3328437805,-0.2726181746,-0.0052256584,0.0,0.0,0.0,0.0,-0.0582678318,-0.0490333438,-0.0225321352,0.0,0.0,-0.0077852011,-0.0190436244,-0.0046656728,0.0,0.0,0.0,0.0,-0.010614574,0.0,0.0,0.0,0.0,0.0,0.0]},"step_mean_q":{"0":[10.324511528,10.3711080551,10.375837326,10.4433240891,10.5138111115,10.4897851944,10.4571418762,10.4438591003,10.3600826263,10.2643451691,10.1493406296,9.9774188995,9.7865819931,9.5913181305,9.3555364609,9.1359634399,8.9019947052,8.6494970322,8.3901615143,8.1381759644,7.8802528381,7.584877491,7.3216648102,7.0481996536,6.7774915695,6.5072755814,6.2537984848,5.9857606888,5.7433652878,5.4851527214,5.2404708862,5.0157847404,4.7871580124,4.5509610176,4.3382840157,4.1389021873,3.9258871078,3.7435441017,3.5662176609,3.3786830902,3.2087085247,3.0538341999,2.9036531448,2.7618863583,2.638035059,2.5245845318,2.4211702347,2.3202106953,2.2250540257,2.1465442181,2.0775816441,2.0282235146,1.963332057,1.9329952002,1.8994650841,1.8549231291,1.8229649067,1.7995271683,1.7781646252,1.762009263,1.7549221516,1.735270977,1.7052859068,1.6838514805,1.664455533,1.6276888847,1.6202552319,1.6237149239,1.6357289553,1.6188585758,1.6024082899,1.6112902164,1.6026023626,1.6117919683,1.5907449722,1.5726904869,1.5424058437,1.5336591005,1.4996359348,1.48886621,1.4917225838,1.4750585556,1.456764102,1.441783309,1.4539600611,1.4570816755,1.476611495,1.4868893623,1.4708690643,1.4310231209,1.4329078197,1.4381819963,1.4393826723,1.4019565582,1.4221861362,1.3736022711,1.3781741858,1.3473162651,1.2751203775,1.247936368,1.3112671375,1.29352355,1.206951499,1.1894587278,1.2016060352,1.1394145489,1.1409666538,1.0863388777,1.0420030355,1.0303964615,1.0813709497,1.1315425634,1.1258244514,1.1513596773,1.0429105759,1.0157834291,0.9872937799,0.9807989001,0.9738848209,0.8209393024,0.8313480616,0.7273921371,0.7242962122,0.6658082008,0.5385315418,0.6384167671,0.6631217003,0.6352322698,0.5990601778,0.6451857686,0.5921562314,0.5373956561,0.5975670218,0.6028467417,0.5424114466,0.5135700107,0.6706742048,0.6588360071,0.6249688864,1.083204031,1.0923155546,1.0959208012]},"episodes_still_running":{"0":[4096.0,4096.0,4096.0,4096.0,4096.0,4096.0,4096.0,4096.0,4096.0,4096.0,4096.0,4096.0,4096.0,4096.0,4096.0,4096.0,4096.0,4096.0,4096.0,4096.0,4096.0,4096.0,4096.0,4096.0,4096.0,4096.0,4096.0,4096.0,4096.0,4096.0,4096.0,4096.0,4096.0,4095.0,4095.0,4093.0,4092.0,4084.0,4079.0,4076.0,4062.0,4045.0,4023.0,3987.0,3930.0,3882.0,3827.0,3742.0,3658.0,3561.0,3444.0,3303.0,3162.0,3010.0,2860.0,2708.0,2550.0,2407.0,2278.0,2112.0,1976.0,1848.0,1746.0,1603.0,1484.0,1375.0,1264.0,1180.0,1085.0,990.0,918.0,846.0,774.0,718.0,669.0,616.0,577.0,526.0,501.0,463.0,431.0,403.0,379.0,343.0,318.0,296.0,276.0,252.0,238.0,222.0,210.0,195.0,188.0,178.0,170.0,159.0,150.0,142.0,130.0,121.0,110.0,100.0,90.0,85.0,76.0,69.0,66.0,61.0,57.0,53.0,50.0,47.0,46.0,44.0,43.0,43.0,41.0,38.0,36.0,31.0,29.0,29.0,28.0,27.0,23.0,19.0,17.0,13.0,13.0,12.0,9.0,8.0,7.0,4.0,4.0,3.0,2.0,2.0,2.0,1.0,1.0,1.0]},