{"max_q":{"0":14.5791149139},"min_q":{"0":-0.3934237659},"mean_q":{"0":6.9265351295},"range_q":{"0":14.9725389481},"step_max_q":{"0":[14.3008155823,14.5266981125,14.5791149139,14.4842376709,14.4541015625,14.2009906769,13.9425592422,13.9809131622,13.6482133865,13.4082517624,13.0257081985,12.927772522,12.6641969681,12.5278301239,12.391002655,11.9477615356,12.1018199921,11.5052089691,11.599811554,11.0883750916,10.2477474213,9.9967241287,9.7397794724,9.7464132309,8.9387578964,8.6932125092,8.3168706894,8.1790790558,8.0170640945,7.6671848297,6.9028596878,6.5878200531,6.4307384491,5.7725739479,5.6279978752,5.4975166321,5.2123165131,4.9719314575,4.6280202866,4.5879716873,4.3878769875,4.1276698112,4.2023544312,4.0272498131,3.7786645889,3.8967204094,4.3347139359,3.7839376926,3.9019227028,3.8061656952,3.6588954926,3.6648521423,3.4763031006,3.5242216587,3.3451080322,3.389210701,3.2273278236,3.2524588108,3.0717306137,3.0880424976,2.8374567032,2.9261124134,2.8878192902,2.6982886791,3.409576416,2.2851090431,3.3440117836,2.8735430241,3.2147057056,2.4790911674,2.9376251698,1.7107889652,1.6910436153,1.6704447269,1.6492059231,1.6275019646,1.6054753065,1.5817000866,1.5564445257,1.5310367346,1.5040290356,1.4755802155,1.4466305971,1.4177241325,1.3885877132,1.359515667,1.3305050135,1.3015213013,1.2722126245,1.2458068132,1.2224085331,1.1991722584,1.1761097908,1.1532238722,1.130487442,1.108091712,1.0860099792,1.0640690327,1.0422683954,1.0205830336,0.9989593625,0.9774851799,0.9560985565,0.9347953796,0.9136292934,0.8926438093,0.8718751669,0.8513412476,0.8310613036,0.8110687733,0.791384995,0.7720429897,0.7530732155,0.7339250445,0.7147156,0.6991684437,0.6859368086,1.4118421078,1.0083687305,0.795107305,0.9531547427,0.526809454,1.0328236818]},"step_min_q":{"0":[10.7375030518,10.9389133453,10.1629810333,9.9789924622,9.3320960999,9.379573822,7.8074588776,8.1007890701,7.3306646347,6.8981733322,6.2670536041,5.2866315842,4.3068494797,3.9032611847,3.7270634174,3.3263926506,2.886105299,2.80143857,1.782315135,1.5040256977,1.3766208887,1.2048740387,0.9151272774,0.2877537608,-0.0296297967,0.0365832932,0.0,0.0,-0.1034798622,-0.3934237659,-0.1439866126,-0.1038807556,-0.2440806627,-0.379966557,-0.1780641228,-0.2834157348,-0.2958215475,-0.2763314247,-0.1328472048,-0.1528568864,-0.172206074,-0.2304117382,-0.242048353,-0.1645388901,-0.2829401493,-0.2902297378,-0.2385583222,-0.3085075021,-0.2157532275,-0.1557947397,-0.2028077841,-0.1328942776,-0.0889416039,0.0,0.0,0.0,0.0,0.0,0.0,0.0,0.0,0.0,0.0,0.0,0.0,0.0,0.0,0.0,0.0,0.0,0.0,0.0,0.0,0.0,0.0,0.0,0.0,0.0,0.0,0.0,0.0,0.0,0.0,0.0,0.0,0.0,0.0,0.0,0.0,0.0,0.0,0.0,0.0,0.0,0.0,0.0,0.0,0.0,0.0,0.0,0.0,0.0,0.0,0.0,0.0,0.0,0.0,0.0,0.0,0.0,0.0,0.0,0.0,0.0,0.0,0.0,0.0,0.0,0.0,0.0,0.0,0.0,0.0]},"step_mean_q":{"0":[13.2050533295,13.34633255,13.2477045059,13.0543642044,13.0771827698,12.5559520721,12.349114418,11.9730224609,11.5374183655,11.3780574799,10.8078937531,10.6126289368,10.0855045319,9.7682857513,9.3418693542,8.9034404755,8.5438613892,8.0789108276,7.7848024368,7.3892140388,7.0648965836,6.7565526962,6.3768959045,6.0409274101,5.6781387329,5.3688015938,5.0821313858,4.7682695389,4.4760437012,4.1793036461,3.9060978889,3.6546077728,3.3970422745,3.1724183559,2.9721827507,2.8147614002,2.6580355167,2.5195860863,2.4343388081,2.3336024284,2.285690546,2.2793681622,2.2397806644,2.203928709,2.1618874073,2.1627721786,2.1552410126,2.1345882416,2.101777792,1.9860688448,1.9904991388,2.0908005238,2.0429506302,2.1242098808,2.1576251984,2.213152647,2.4432964325,2.4923670292,2.4771876335,2.5135929585,2.3825976849,2.3838546276,2.2568287849,2.1519005299,2.4150235653,2.0448474884,2.5673890114,2.3253521919,2.4886801243,2.1129336357,2.333533287,1.7107889652,1.6910436153,1.6704447269,1.6492059231,1.6275019646,1.6054753065,1.5817000866,1.5564445257,1.5310367346,1.5040290356,1.4755802155,1.4466305971,1.4177241325,1.3885877132,1.359515667,1.3305050135,1.3015213013,1.2722126245,1.2458068132,1.2224085331,1.1991722584,1.1761097908,1.1532238722,1.130487442,1.108091712,1.0860099792,1.0640690327,1.0422683954,1.0205830336,0.9989593625,0.9774851799,0.9560985565,0.9347953796,0.9136292934,0.8926438093,0.8718751669,0.8513412476,0.8310613036,0.8110687733,0.791384995,0.7720429897,0.7530732155,0.7339250445,0.7147156,0.6991684437,0.6859368086,1.4118421078,1.0083687305,0.795107305,0.9531547427,0.526809454,1.0328236818]},"episodes_still_running":{"0":[4096.0,4096.0,4096.0,4096.0,4096.0,4096.0,4096.0,4096.0,4096.0,4096.0,4096.0,4096.0,4096.0,4096.0,4096.0,4096.0,4096.0,4096.0,4096.0,4096.0,4096.0,4096.0,4096.0,4096.0,4096.0,4096.0,4092.0,4092.0,4092.0,4080.0,4072.0,4052.0,4044.0,4016.0,3980.0,3908.0,3848.0,3756.0,3644.0,3528.0,3356.0,3168.0,2984.0,2784.0,2468.0,2132.0,1720.0,1428.0,1080.0,852.0,580.0,396.0,276.0,196.0,128.0,80.0,48.0,32.0,32.0,20.0,16.0,16.0,12.0,12.0,12.0,8.0,8.0,8.0,8.0,8.0,8.0,4.0,4.0,4.0,4.0,4.0,4.0,4.0,4.0,4.0,4.0,4.0,4.0,4.0,4.0,4.0,4.0,4.0,4.0,4.0,4.0,4.0,4.0,4.0,4.0,4.0,4.0,4.0,4.0,4.0,4.0,4.0,4.0,4.0,4.0,4.0,4.0,4.0,4.0,4.0,4.0,4.0,4.0,4.0,4.0,4.0,4.0,4.0,4.0,4.0,4.0,4.0,4.0]},"step_range_q":{"0":[3.5633125305,3.5877847672,4.4161338806,4.5052452087,5.1220054626,4.8214168549,6.1351003647,5.8801240921,6.3175487518,6.5100784302,6.7586545944,7.6411409378,8.3573474884,8.6245689392,8.663939476,8.6213684082,9.2157144547,8.7037706375,9.8174962997,9.5843496323,8.8711261749,8.79185009,8.8246517181,9.4586591721,8.9683876038,8.6566295624,8.3168706894,8.1790790558,8.1205444336,8.0606088638,7.0468463898,6.6917009354,6.6748189926,6.1525406837,5.8060622215,5.7809324265,5.5081381798,5.2482628822,4.7608675957,4.7408285141,4.5600829124,4.3580813408,4.4444026947,4.1917886734,4.0616044998,4.1869502068,4.5732722282,4.0924453735,4.1176757812,3.9619603157,3.8617033958,3.7977464199,3.5652446747,3.5242216587,3.3451080322,3.389210701,3.2273278236,3.2524588108,3.0717306137,3.0880424976,2.8374567032,2.9261124134,2.8878192902,2.6982886791,3.409576416,2.2851090431,3.3440117836,2.8735430241,3.2147057056,2.4790911674,2.9376251698,1.7107889652,1.6910436153,1.6704447269,1.6492059231,1.6275019646,1.6054753065,1.5817000866,1.5564445257,1.5310367346,1.5040290356,1.4755802155,1.4466305971,1.4177241325,1.3885877132,1.359515667,1.3305050135,1.3015213013,1.2722126245,1.2458068132,1.2224085331,1.1991722584,1.1761097908,1.1532238722,1.130487442,1.108091712,1.0860099792,1.0640690327,1.0422683954,1.0205830336,0.9989593625,0.9774851799,0.9560985565,0.9347953796,0.9136292934,0.8926438093,0.8718751669,0.8513412476,0.8310613036,0.8110687733,0.791384995,0.7720429897,0.7530732155,0.7339250445,0.7147156,0.6991684437,0.6859368086,1.4118421078,1.0083687305,0.795107305,0.9531547427,0.526809454,1.0328236818]},"mean_loss:":{"0":0.1487502456},"rmse":{"0":0.3856815398},