{"max_q":{"0":16.5712661743},"min_q":{"0":-0.9378223419},"mean_q":{"0":9.717124939},"range_q":{"0":17.5090885162},"step_max_q":{"0":[15.3114376068,15.587015152,15.8286209106,16.1712932587,16.4231834412,16.5255889893,16.5712661743,16.0668983459,15.721906662,15.5946741104,15.0682754517,14.6867141724,14.3682060242,14.0006370544,13.6757144928,13.3516597748,12.9366445541,12.6660232544,12.3831615448,11.9714632034,11.6182250977,11.346496582,11.1277189255,10.9737758636,10.5933427811,10.2181034088,10.1271648407,9.7213010788,9.5113134384,9.5045928955,9.2013483047,9.1751213074,9.1279439926,8.7967777252,8.4312448502,8.4484548569,8.248884201,7.9323682785,7.7481217384,7.9276075363,7.6379795074,7.735229969,7.335688591,7.2467737198,7.0127229691,6.9912023544,6.9676055908,6.7074379921,6.3910770416,6.2529268265,5.9389343262,5.9772987366,5.9996709824,5.9602994919,5.9787478447,5.9984178543,5.9353365898,5.9481167793,5.8932476044,5.3116755486,5.3126349449,5.9012737274,5.8477635384,5.3262500763,5.0330963135,4.8043923378,5.1875395775,5.2685608864,4.9217805862,5.1849398613,5.0942764282,4.771045208,5.1548347473,5.1120896339,4.1497960091,4.1013789177,3.8670716286,3.7249331474,3.7408132553,3.6733417511,3.5688176155,3.5256507397,3.480363369,3.2224938869,3.0568623543,3.0465183258,3.0574350357,2.8930141926,2.9587416649,2.793571949,2.6518626213,2.8080236912,2.7993512154,2.5794754028,2.6828913689]},"step_min_q":{"0":[10.9417495728,11.0031661987,11.3436975479,11.6520633698,12.0640983582,11.9738264084,11.8157463074,11.4321842194,10.9851512909,10.1796617508,8.3029651642,8.0780687332,8.3043308258,7.5229578018,6.8919782639,5.7155890465,3.8043544292,3.9885368347,4.2328686714,4.2252902985,3.8256969452,3.387488842,4.2483377457,2.1607849598,2.117030859,2.347994566,2.0769271851,1.2380168438,0.6143487096,0.9338086247,-0.0313721895,0.4557526112,0.2179077864,0.3798071742,0.5514962077,0.492407918,-0.077247262,0.0,-0.255898118,-0.317573905,-0.4040812254,-0.593447566,-0.6456935406,-0.7951468229,-0.772690177,-0.8519946933,-0.910908699,-0.9378223419,0.0,0.0,0.0,-0.2386266589,0.0,-0.479609251,-0.2875228524,-0.4781807065,0.0,0.0,0.0,0.0,0.0,0.0,0.0,0.0,0.0,0.0,0.0,0.0,0.0,0.0,0.0,0.0,0.0,0.0,0.0,0.0,0.0,0.0,0.0,0.0,0.0,0.0,0.0,0.0,0.0,0.0,0.0,0.0,0.0,0.0,0.0,0.0,0.0,0.0,0.0]},"step_mean_q":{"0":[14.8209476471,15.0968971252,15.3274478912,15.5630493164,15.7605876923,15.8341331482,15.5562381744,15.2150211334,14.8704462051,14.5247821808,14.1654644012,13.7770633698,13.4881286621,13.0946788788,12.740945816,12.3936262131,12.0202283859,11.6452741623,11.2556877136,10.9047966003,10.5401964188,10.189116478,9.8517112732,9.5191822052,9.2089214325,8.9164848328,8.67070961,8.3840274811,8.1363620758,7.8867521286,7.6266951561,7.3912029266,7.1376123428,6.8775367737,6.6263961792,6.3824100494,6.118080616,5.8893885612,5.6516828537,5.4178490639,5.2189254761,5.0463285446,4.9053182602,4.7832698822,4.6677799225,4.5936398506,4.5139913559,4.4523816109,4.383295536,4.3379554749,4.2946858406,4.219930172,4.1460080147,4.0790600777,4.0224823952,3.9459187984,3.8918302059,3.8990182877,3.8386752605,3.7287554741,3.7099885941,3.7266354561,3.6256992817,3.5817358494,3.5428130627,3.4514484406,3.3843140602,3.3244440556,3.3488836288,3.4345648289,3.3966767788,3.2937047482,3.2708935738,3.2667708397,3.0300970078,2.9376957417,2.8146879673,2.7779955864,2.8594245911,2.8066751957,2.7535405159,2.7473330498,2.7145693302,2.6211974621,2.6003031731,2.5468435287,2.5129060745,2.1715908051,2.2146348953,2.1057343483,1.9992051125,2.0387897491,2.0270793438,2.5794754028,2.6828913689]},"episodes_still_running":{"0":[4096.0,4096.0,4096.0,4096.0,4096.0,4096.0,4096.0,4096.0,4096.0,4096.0,4096.0,4096.0,4096.0,4096.0,4096.0,4096.0,4096.0,4096.0,4096.0,4096.0,4096.0,4096.0,4096.0,4096.0,4096.0,4096.0,4096.0,4096.0,4096.0,4096.0,4096.0,4096.0,4096.0,4096.0,4096.0,4096.0,4080.0,4076.0,4044.0,4016.0,3916.0,3764.0,3472.0,3196.0,2924.0,2592.0,2252.0,1940.0,1712.0,1412.0,1224.0,1072.0,908.0,780.0,680.0,596.0,548.0,464.0,388.0,340.0,300.0,248.0,240.0,216.0,176.0,144.0,136.0,120.0,104.0,84.0,76.0,56.0,52.0,40.0,32.0,28.0,16.0,16.0,16.0,16.0,16.0,16.0,16.0,16.0,16.0,16.0,16.0,8.0,8.0,8.0,8.0,8.0,8.0,4.0,4.0]},"step_range_q":{"0":[4.3696880341,4.5838489532,4.4849233627,4.5192298889,4.359085083,4.5517625809,4.7555198669,4.6347141266,4.7367553711,5.4150123596,6.7653102875,6.6086454391,6.0638751984,6.4776792526,6.7837362289,7.6360707283,9.1322898865,8.6774864197,8.1502933502,7.746172905,7.7925281525,7.95900774,6.8793811798,8.8129911423,8.4763116837,7.8701086044,8.0502376556,8.4832839966,8.8969650269,8.5707845688,9.2327203751,8.7193689346,8.910036087,8.416970253,7.8797488213,7.9560470581,8.3261318207,7.9323682785,8.0040197372,8.2451810837,8.0420608521,8.3286771774,7.98138237,8.0419206619,7.7854132652,7.8431968689,7.8785142899,7.645260334,6.3910770416,6.2529268265,5.9389343262,6.2159252167,5.9996709824,6.4399089813,6.2662706375,6.4765987396,5.9353365898,5.9481167793,5.8932476044,5.3116755486,5.3126349449,5.9012737274,5.8477635384,5.3262500763,5.0330963135,4.8043923378,5.1875395775,5.2685608864,4.9217805862,5.1849398613,5.0942764282,4.771045208,5.1548347473,5.1120896339,4.1497960091,4.1013789177,3.8670716286,3.7249331474,3.7408132553,3.6733417511,3.5688176155,3.5256507397,3.480363369,3.2224938869,3.0568623543,3.0465183258,3.0574350357,2.8930141926,2.9587416649,2.793571949,2.6518626213,2.8080236912,2.7993512154,2.5794754028,2.6828913689]},"mean_loss:":{"0":0.1436660588},"rmse":{"0":0.3790330589},"step_rmse":{"0":[0.1236439496,0.0823843852,0.0875326023,0.1437556595,0.1547584534,0.2123315036,0.2353500277,0.2703627348,0.2900077403,0.2640226781,0.2726014555,0.2994701564,0.2687750459,0.2842441201,0.3466585875,0.3223211169,0.3288876116,0.3374724984,0.3429757059,0.362405926,0.3811173141,0.3820555806,0.4095903337,0.4076270163,0.4138593078,0.4057084024,0.4363140166,0.4529552162,0.4371367097,0.4288925231,0.4349473417,0.4320549071,0.4249024689,0.4253950417,0.4125750363,0.4245301485,0.4091506302,0.4071362019,0.3992251456,0.409950465,0.4141536951,0.4166720808,0.428352654,0.4257763624,0.4337482452,0.4389395416,0.4465452135,0.4599192441,0.4520790875,0.4989461303,0.5049453974,0.5262420177,0.5299804807,0.5143747926,0.5509896278,0.584792912,0.5926356316,0.6361022592,0.6884058714,0.7110416889,0.7399696708,0.680564642,0.692897141,0.7451228499,0.7662882805,0.8175179362,0.8106280565,0.8225232363,0.7537943125,0.8119578362,0.7905020118,0.8619022369,0.9288212657,1.0572103262,0.5884037018,0.7790358663,0.9458410144,0.8078431487,0.8496662974,0.83120507,0.8030011654,0.8962170482,0.7616623044,0.7049320936,0.7996999621,0.6833898425,0.6915668249,1.0023403168,0.9199107289,0.893815577,0.9562208652,0.893009007,0.8869965672,0.9989845753,0.8326487541]},"rmse_by_q":{"0":3.9006710052},