{"max_q":{"0":17.6621170044},"min_q":{"0":-0.5916855335},"mean_q":{"0":9.015165329},"range_q":{"0":18.2538032532},"step_max_q":{"0":[16.2510051727,16.5987205505,17.1842327118,17.4955444336,17.3819999695,17.611989975,17.6621170044,17.2963123322,16.9079933167,16.1787834167,15.752661705,14.6393299103,14.0155124664,13.2019615173,12.4901752472,11.8661441803,10.9904756546,10.3910017014,9.581902504,8.8650722504,8.1616706848,7.596804142,7.1678924561,6.8783545494,6.6409630775,6.2830076218,6.1494255066,6.0479459763,5.7617983818,5.3356409073,4.9539585114,4.8035984039,4.5310916901,4.3269710541,4.13742733,3.759904623,3.4938926697,3.3293824196,3.0961253643,2.9341659546,2.9326448441,2.8389532566,2.4252092838,2.3273367882,2.6135203838,2.4550669193,1.761677742,1.8363007307,1.0485153198,0.464725852,0.2822650075,0.3211733103,0.0145103931,0.3291431069,0.2647668123,0.329107523,0.0610561371,0.329095006,0.2647348046,0.3290908933,0.0102204084,0.3290896416,0.2647314072,0.3290893435,0.0102196932,0.3290892839,0.2647310495,0.3290892839,0.0102196932,0.3290892839,0.2647310495,0.3290892839,0.0102196932,0.3290892839,0.2647310495,0.3290892839,0.0102196932,0.3290892839,0.2647310495,0.3290892839,0.0102196932,0.3290892839,0.2647310495,0.3290892839,0.0102196932,0.3290892839,0.2647310495,0.3290892839,0.0102196932,0.3290892839,0.2647310495,0.3290892839,0.0102196932,0.3290892839,0.2647310495,0.1721489429,0.115821898,0.1721489429,0.2951043844,0.1721489429,0.1018514633,0.1721489429,0.2647310495,0.1721489429,0.0102196932,0.1721489429,0.2647310495,0.1721489429,0.0102196932,0.1721489429,0.2647310495,0.1721489429,0.0102196932,0.1721489429,0.2647310495,0.1721489429,0.2646473646,0.1721489429,0.2646176815,0.1721489429,0.0102015734,0.1721489429,0.2647178173,0.1721489429,0.0102164745,0.1721489429,0.2647300363,0.1721489429,0.0187021494,0.1721489429,0.2647310495,0.1721489429,0.2646474242,0.1721489429,0.2646176815,0.1721489429,0.0186582804,0.1721489429,0.2647178173,0.1721489429,0.0186585188,0.1721489429,0.2647300363,0.1721489429,0.0186585188,0.1721489429,0.2647310495,0.1721489429,0.2646474242,0.1721489429,0.2646176815,0.1721489429,0.0186585188,0.1721489429,0.2647178173,0.1721489429,0.0186585188,0.1721489429,0.2647300363,0.1721489429,0.0186585188,0.1721489429,0.2647310495,0.1721489429,0.2646474242,0.1721489429,0.2646176815,0.1721489429,0.0186585188,0.1721489429,0.2647178173,0.1721489429,0.0186585188,0.1721489429,0.2647300363,0.1721489429,0.0186585188,0.1721489429,0.2647310495,0.1721489429]},"step_min_q":{"0":[15.6368942261,14.0701389313,14.2137336731,14.6359596252,14.0408039093,14.9243164062,14.1212940216,14.124127388,13.4894456863,12.2328100204,10.9781484604,10.8599872589,10.0458240509,8.0996894836,7.0519604683,6.9221010208,5.3897433281,5.0624446869,4.8053660393,4.2840304375,3.2464747429,2.3604719639,2.0311703682,2.0776491165,1.3555326462,0.4797928333,0.3384678364,0.0,0.0,-0.1941456795,-0.4329763651,-0.1140227318,-0.1279455423,-0.2113518715,-0.3536360264,-0.4845508337,-0.3579552174,-0.4348766804,-0.2631934881,-0.271528244,-0.2721254826,-0.3245587349,-0.3874840736,-0.4191873074,-0.4649176598,-0.4891936779,-0.4103291035,-0.513785243,-0.41038239,-0.5138224363,-0.4104002714,-0.5138350725,-0.4104081392,-0.5138388872,-0.4104113579,-0.5138393641,-0.4104126692,-0.5138396025,-0.4104129076,-0.5138393641,-0.410413146,-0.5138392448,-0.410413146,-0.5138392448,-0.410413146,-0.5138392448,-0.410413146,-0.5138391256,-0.410413146,-0.5138391256,-0.410413146,-0.5138391256,-0.410413146,-0.5138391256,-0.410413146,-0.516256094,-0.410413146,-0.5138391256,-0.410413146,-0.5320234299,-0.410413146,-0.5138391256,-0.410413146,-0.5474331975,-0.410413146,-0.5138391256,-0.410413146,-0.5624951124,-0.4257470965,-0.5138391256,-0.410413146,-0.5772176981,-0.4445515275,-0.5138391256,-0.410413146,-0.5916855335,-0.410413146,-0.5138391256,-0.410413146,-0.5138391256,-0.4801650643,-0.5138391256,-0.5916752815,-0.5138391256,-0.410413146,-0.5138391256,-0.410413146,-0.5138391256,-0.4443578124,-0.5138391256,-0.410413146,-0.5916790962,-0.410413146,-0.5138391256,-0.410413146,-0.5138391256,-0.410413146,-0.5138391256,-0.4801816344,-0.5138391256,-0.5916790962,-0.5138391256,-0.410413146,-0.5138391256,-0.410413146,-0.5138391256,-0.4443576932,-0.5138391256,-0.410413146,-0.5916790962,-0.410413146,-0.5138391256,-0.410413146,-0.5138391256,-0.410413146,-0.5138391256,-0.4801816344,-0.5138391256,-0.5916790962,-0.5138391256,-0.410413146,-0.5138391256,-0.410413146,-0.5138391256,-0.4443576932,-0.5138391256,-0.410413146,-0.5916790962,-0.410413146,-0.5138391256,-0.410413146,-0.5138391256,-0.410413146,-0.5138391256,-0.4801816344,-0.5138391256,-0.5916790962,-0.5138391256,-0.410413146,-0.5138391256,-0.410413146,-0.5138391256,-0.4443576932,-0.5138391256,-0.410413146,-0.5916790962,-0.410413146,-0.5138391256,-0.410413146,-0.5138391256,-0.410413146,-0.5138391256,-0.4801816344,-0.5138391256,-0.5916790962,-0.5138391256,-0.410413146,-0.5138391256,-0.410413146,-0.5138391256]},"step_mean_q":{"0":[16.0495433807,16.3300991058,16.5446853638,16.7693767548,16.9605731964,17.1300811768,16.706823349,16.3219547272,15.6714401245,14.9241065979,14.2333183289,13.5041761398,12.8100013733,12.0577058792,11.3303346634,10.6021032333,9.8640670776,9.1559591293,8.4200801849,7.7441253662,7.0653977394,6.4323797226,5.822488308,5.2676620483,4.7667956352,4.3149700165,3.9078872204,3.5950453281,3.3151991367,3.111969471,2.9656722546,2.8265593052,2.6934609413,2.5357730389,2.4091866016,2.2528352737,2.0791296959,1.8482915163,1.6256189346,1.4646234512,1.1081495285,0.7300403714,0.5875962973,0.3932755589,0.3077091873,0.2671705782,0.0877764151,0.0847002789,0.0198921617,-0.032327842,-0.0704167858,-0.0685169548,-0.1163101494,-0.0793212727,-0.1069157794,-0.0864608139,-0.1161157638,-0.0815332234,-0.1101222709,-0.0819377452,-0.1239556447,-0.0808392763,-0.1054966375,-0.0889485702,-0.1175261885,-0.0831293389,-0.0936911404,-0.0896684453,-0.1146080643,-0.0847094879,-0.0993029028,-0.0951788574,-0.1263015419,-0.0879522786,-0.1043061316,-0.1028049663,-0.1282389611,-0.0902913809,-0.1060627773,-0.0997726098,-0.1278396398,-0.0923597589,-0.1014090627,-0.1027223915,-0.1340704858,-0.0954950303,-0.1073519364,-0.1037293822,-0.1353559494,-0.0967899933,-0.1080236137,-0.1047108024,-0.1366100609,-0.0980538204,-0.108710371,-0.1318172961,-0.1157154515,-0.1009614691,-0.0871931389,-0.1082256287,-0.1296558976,-0.1102820635,-0.1331767291,-0.114428252,-0.1312383115,-0.1170684025,-0.1051719263,-0.1160715446,-0.1459990442,-0.1209651306,-0.1183482632,-0.1411707848,-0.126408577,-0.1198145524,-0.1219559833,-0.1108632907,-0.1201333106,-0.1336725205,-0.126694575,-0.1231759861,-0.1509258896,-0.1129407212,-0.1109618619,-0.1108678654,-0.1254643053,-0.1070331112,-0.1182315573,-0.1197089702,-0.1213346794,-0.1290222257,-0.1093405932,-0.105313383,-0.1051016897,-0.1073756367,-0.1077289581,-0.1173209921,-0.1352044046,-0.1077241078,-0.1297852099,-0.1067021564,-0.12125168,-0.1084506214,-0.1086137816,-0.1050828472,-0.1328149587,-0.1215903535,-0.108485572,-0.1266987175,-0.1052313372,-0.1071613804,-0.1092191786,-0.1059718803,-0.1205747128,-0.1192014515,-0.122352086,-0.1058465466,-0.1426365674,-0.1085802093,-0.1083995402,-0.1065729484,-0.12146575,-0.1069606617,-0.1199629381,-0.1192655563,-0.1043757051,-0.1285462677,-0.1093487665,-0.1057576165,-0.122064814,-0.1078522354,-0.1077224016,-0.1173239201,-0.1352033913,-0.1077245697,-0.129784435,-0.1067025363,-0.1212514937,-0.1084507629,-0.1086137295,-0.1046358719]},