{"max_q":{"0":16.6822452545},"min_q":{"0":-0.0622578859},"mean_q":{"0":9.6829071045},"range_q":{"0":16.7445030212},"step_max_q":{"0":[15.2725753784,15.5251102448,15.7601127625,16.1808776855,16.2712020874,16.6822452545,16.413143158,16.3982124329,15.9357252121,15.7328481674,15.1699056625,14.9043149948,14.5854578018,14.5691518784,14.25532341,13.5163125992,13.183807373,12.9604597092,12.9073753357,13.9251155853,13.9159488678,12.7399253845,12.4964427948,12.4094934464,10.5217885971,10.2953357697,10.2469043732,9.9981489182,9.8814287186,9.6952419281,9.6167240143,9.4949302673,9.2730674744,8.8556118011,8.5261240005,8.5154724121,8.3980350494,8.36677742,8.3093976974,8.1071109772,8.3981685638,8.1183013916,8.3200674057,8.7692270279,8.655257225,7.658595562,7.5972595215,7.5034303665,7.9158754349,6.8910851479,6.6547431946,6.472987175,6.1777114868,5.8501410484,5.6609501839,5.5304079056,5.3518624306,5.3225259781,5.0496196747,4.8823246956,4.9040865898,4.8193669319,4.7883868217,4.8042049408,4.716711998,4.5591216087,4.5907554626,4.444545269,4.391933918,4.3283705711,4.2594780922,3.9856290817,3.9624238014,3.6861450672,3.6615390778,3.6334974766,3.5437517166,3.5323388577,3.1864862442,3.1000437737,3.1130692959,2.8433525562,2.8180878162,2.7879958153,2.7901957035,2.7659642696,2.7448856831,2.7446336746,2.0067639351,2.0336084366,1.9656198025,1.9374547005,1.9176974297]},"step_min_q":{"0":[6.5760526657,6.8546171188,7.1199455261,7.4696769714,7.3957533836,7.6915898323,7.9798083305,8.1196498871,7.5537805557,7.1541867256,6.8974847794,6.4161224365,5.7352089882,5.8582749367,4.4164967537,4.373415947,4.6029615402,4.2144947052,3.8608822823,3.8557670116,3.9051074982,3.6338019371,3.539249897,5.0634636879,5.3728227615,5.1761579514,5.4479460716,4.4749884605,4.5242891312,2.0119318962,2.0793426037,0.5197456479,0.5339342356,0.0027284622,-0.0622578859,0.0,0.0,0.0,0.0,0.0,0.0,0.0,0.0,0.0,0.0,0.0,0.0,0.0,0.0,0.0,0.0,0.0,0.0,0.0,0.0,0.0,0.0,0.0,0.0,0.0,0.0,0.0,0.0,0.0,0.0,0.0,0.0,0.0,0.0,0.0,0.0,0.0,0.0,0.0,0.0,0.0,0.0,0.0,0.0,0.0,0.0,0.0,0.0,0.0,0.0,0.0,0.0,0.0,0.0,0.0,0.0,0.0,0.0]},"step_mean_q":{"0":[14.808008194,15.0712003708,15.2857704163,15.5544672012,15.7369327545,15.7973060608,15.5470790863,15.2432556152,14.8703651428,14.5496864319,14.1599025726,13.7844047546,13.5013866425,13.0916376114,12.749083519,12.4115896225,12.0239801407,11.607126236,11.2637434006,10.8999900818,10.4950313568,10.1676197052,9.8386173248,9.5077447891,9.2034835815,8.9393758774,8.6285820007,8.3660326004,8.1233072281,7.849398613,7.5865898132,7.3362112045,7.0750012398,6.8105158806,6.560754776,6.320994854,6.0684885979,5.8279323578,5.5987257957,5.3794717789,5.1728663445,4.9948911667,4.8358983994,4.7396287918,4.6326179504,4.5674686432,4.4989452362,4.4464821815,4.3889083862,4.3215460777,4.2644162178,4.2129235268,4.1438775063,4.0965237617,4.0427589417,4.0174894333,3.9500248432,3.8884849548,3.8550453186,3.7993354797,3.7390782833,3.7045638561,3.6506884098,3.5947391987,3.5558581352,3.4609854221,3.4305188656,3.3263676167,3.2935402393,3.2161953449,3.1712446213,3.2377748489,3.1894495487,3.1094608307,2.9720144272,2.9480757713,2.8452169895,2.7526905537,2.5450079441,2.5095629692,2.5176062584,2.3601181507,2.3585240841,2.2134449482,2.2138502598,2.2019300461,2.3900613785,2.3815262318,2.0067639351,2.0336084366,1.9656198025,1.9374547005,1.9176974297]},"episodes_still_running":{"0":[4096.0,4096.0,4096.0,4096.0,4096.0,4096.0,4096.0,4096.0,4096.0,4096.0,4096.0,4096.0,4096.0,4096.0,4096.0,4096.0,4096.0,4096.0,4096.0,4096.0,4096.0,4096.0,4096.0,4096.0,4096.0,4096.0,4096.0,4096.0,4096.0,4096.0,4096.0,4096.0,4096.0,4096.0,4096.0,4088.0,4084.0,4072.0,4048.0,4012.0,3940.0,3820.0,3608.0,3276.0,2948.0,2556.0,2244.0,1920.0,1672.0,1452.0,1252.0,1080.0,944.0,820.0,724.0,612.0,544.0,484.0,412.0,352.0,332.0,292.0,244.0,204.0,168.0,148.0,132.0,112.0,88.0,72.0,64.0,52.0,52.0,48.0,36.0,32.0,28.0,24.0,20.0,20.0,20.0,16.0,16.0,12.0,12.0,12.0,8.0,8.0,4.0,4.0,4.0,4.0,4.0]},"step_range_q":{"0":[8.6965227127,8.6704931259,8.6401672363,8.7112007141,8.8754482269,8.990655899,8.4333343506,8.2785625458,8.3819446564,8.578660965,8.2724208832,8.4881925583,8.8502483368,8.7108764648,9.8388271332,9.1428966522,8.5808458328,8.745965004,9.0464935303,10.0693483353,10.0108413696,9.1061229706,8.9571933746,7.3460297585,5.1489658356,5.1191778183,4.7989583015,5.5231604576,5.3571395874,7.6833100319,7.5373811722,8.9751844406,8.7391328812,8.8528833389,8.5883817673,8.5154724121,8.3980350494,8.36677742,8.3093976974,8.1071109772,8.3981685638,8.1183013916,8.3200674057,8.7692270279,8.655257225,7.658595562,7.5972595215,7.5034303665,7.9158754349,6.8910851479,6.6547431946,6.472987175,6.1777114868,5.8501410484,5.6609501839,5.5304079056,5.3518624306,5.3225259781,5.0496196747,4.8823246956,4.9040865898,4.8193669319,4.7883868217,4.8042049408,4.716711998,4.5591216087,4.5907554626,4.444545269,4.391933918,4.3283705711,4.2594780922,3.9856290817,3.9624238014,3.6861450672,3.6615390778,3.6334974766,3.5437517166,3.5323388577,3.1864862442,3.1000437737,3.1130692959,2.8433525562,2.8180878162,2.7879958153,2.7901957035,2.7659642696,2.7448856831,2.7446336746,2.0067639351,2.0336084366,1.9656198025,1.9374547005,1.9176974297]},"mean_loss:":{"0":0.1529869437},"rmse":{"0":0.3911354542},"step_rmse":{"0":[0.1698703915,0.1335878372,0.1487265825,0.178659603,0.209041968,0.2376416326,0.2470656782,0.2555679679,0.2692543864,0.2698723078,0.2688699067,0.2775247693,0.3091087639,0.325201124,0.361220479,0.3641815186,0.3634294271,0.3825156689,0.3986125886,0.4062739909,0.4125564694,0.4486153126,0.4528267086,0.4553359449,0.4546146095,0.4523588717,0.4359739721,0.4269689322,0.4347434342,0.4099491835,0.406722039,0.3965303302,0.3949870169,0.3895925283,0.388145715,0.3778489232,0.3898814321,0.3950808942,0.4055651128,0.3973995447,0.4087766707,0.4052526951,0.4010720849,0.4141564965,0.4089532495,0.4342747033,0.4553658962,0.4896951914,0.4836999774,0.5076297522,0.533949554,0.5566076636,0.5829595327,0.5897191763,0.5995954275,0.6232144833,0.6758552194,0.7169610262,0.7452176809,0.7438071966,0.7733767033,0.8087317348,0.8553891182,0.9178800583,0.797467947,0.7962614894,0.8620383739,0.9420489073,0.7462373972,0.7126439214,0.7158282399,0.5717279911,0.7106987238,0.6296236515,0.7943609357,0.8202972412,0.9456976652,0.936266005,1.1288182735,1.1009114981,1.3055533171,1.5292237997,1.6067872047,1.5385422707,1.3834066391,1.6107058525,1.8193324804,1.7183461189,1.1131420135,1.113496542,1.585299015,1.233738184,1.7331585884]},"mean_error":{"0":0.2148126364},"step_mean_error":{"0":[0.1020090878,0.0698296875,0.089112252,0.10533306,0.1303606033,0.1505173296,0.1623795033,0.1690678596,0.1782056689,0.1798707992,0.17651999,0.1820455492,0.1945184171,0.1992695481,0.2072134614,0.2168684751,0.2221398354,0.2327855825,0.2395065129,0.2350933552,0.2433769703,0.2406864017,0.2400279641,0.2382958233,0.2368740141,0.2346065193,0.2294232249,0.2299277186,0.2318951488,0.2260206342,0.2272203863,0.2227942944,0.2241272628,0.2267849743,0.2283315361,0.2257901132,0.2288196981,0.2274036556,0.225831762,0.2215263397,0.22023049,0.2177001983,0.2181936949,0.2240374237,0.2271193117,0.2313161194,0.243723765,0.2556833327,0.258579284,0.2747803032,0.288323164,0.3045221567,0.326624006,0.3323923349,0.3414410055,0.3565215468,0.3981910944,0.4204955101,0.4351451695,0.4373632669,0.4557742476,0.4674263597,0.4792194664,0.5491662621,0.5045164824,0.5378606915,0.5680863261,0.6309289932,0.5371572971,0.5313713551,0.5410277843,0.454729706,0.5196746588,0.4738473594,0.6303703785,0.6410222054,0.7733263373,0.7103452682,0.8739118576,0.8672146797,1.0520492792,1.4363226891,1.4966318607,1.4853566885,1.3542222977,1.5286742449,1.7421704531,1.6422206163,1.1131420135,1.113496542,1.585299015,1.233738184,1.7331585884]},"mean_deviation":{"0":1.2285362482},