{"max_q":{"0":22.0453891754},"min_q":{"0":-2.6710665226},"mean_q":{"0":6.6134634018},"range_q":{"0":24.7164554596},"step_max_q":{"0":[18.9503192902,18.4078121185,19.1759719849,19.3636779785,20.330997467,21.4521064758,21.2465209961,21.8887882233,21.6452827454,20.0890922546,20.8677597046,20.6841812134,22.0453891754,21.8312530518,21.7684783936,18.6614437103,18.2865638733,18.8585758209,19.3547458649,18.5933246613,18.3788928986,17.3625717163,17.0101661682,16.2421321869,15.2097826004,14.7375431061,14.6579322815,14.1887865067,14.7069473267,12.4744358063,12.8139200211,13.6432638168,13.5316095352,13.6295890808,12.5732984543,13.4221830368,15.2184715271,14.8076848984,10.9299020767,10.7521238327,10.8558330536,9.8750705719,10.0420417786,10.5854988098,10.7197628021,11.5445356369,10.3098697662,10.0454559326,9.4430818558,8.6883335114,9.0150928497,8.5935907364,8.8101921082,7.9523897171,8.0483846664,7.755522728,8.1860628128,8.1251087189,7.742123127,7.7260746956,7.5743966103,7.5167894363,7.2716240883,7.3005208969,7.5532484055,7.4925355911,7.5902295113,7.9957737923,7.6051712036,7.593996048,7.6018180847,7.5625972748,7.6391620636,7.5879340172,7.7370781898,7.5368766785,7.4497900009,7.5882658958,7.4700956345,7.5586104393,7.5239872932,7.6371240616,8.1019506454,8.0397567749,8.3101501465,8.0195331573,7.8807897568,7.5258860588,7.8157052994,7.7560482025,7.4668636322,7.4127926826,7.436111927,7.7465062141,7.72529459,6.9859127998,7.3651475906,7.3776464462,6.6086001396,6.499130249,6.4533014297,6.4608306885]},"step_min_q":{"0":[4.2805356979,3.6747198105,1.9984568357,-0.0315452814,-0.91685009,-0.6792104244,-0.528298378,-0.7561628819,-0.7414735556,-0.9527468681,-1.1942327023,-1.1889023781,-0.7006087303,-0.7966167927,-1.107527256,-1.0124239922,-0.9633446932,-1.0302914381,-1.0713574886,-1.6190071106,-1.384114027,-1.7161779404,-1.8946769238,-1.5587084293,-1.6611516476,-1.6659414768,-1.8815057278,-1.7379457951,-1.6658360958,-2.2534308434,-2.2035300732,-2.0980079174,-2.0454442501,-2.2015464306,-2.2149908543,-1.759693861,-1.4842555523,-2.0048778057,-2.2084302902,-1.9217000008,-1.7781529427,-1.4152100086,-1.2243447304,-1.1008347273,-1.1900997162,-1.1960487366,-1.1741476059,-1.0676449537,-1.1718006134,-0.9167925119,-0.9811646938,-0.9576063156,-1.0464632511,-1.1021792889,-1.1793467999,-1.1526404619,-1.096719265,-1.0441129208,-0.8468577862,-0.9212956429,-1.0009663105,-1.1607735157,-1.614345789,-2.1088495255,-2.6710665226,-0.0917636156,-0.0243147612,-0.1259171963,-0.1132898331,-0.1316188574,-0.2306684256,0.0,-0.0029007196,-0.0736831427,-0.2559546232,-0.2779227495,-0.3966863155,0.0,0.0,0.0,0.0,0.0,0.0,0.0,0.0,0.0,0.0,0.0,0.0,0.0,0.0,0.0,0.0,0.0,0.0,0.0,0.0,0.0,0.0,0.0,0.0,0.0]},"step_mean_q":{"0":[9.9170475006,9.9920015335,9.8575258255,9.7191181183,9.617395401,9.4875154495,9.4003562927,9.1972236633,8.9604873657,8.6910610199,8.3890972137,8.0619001389,7.7223305702,7.3593249321,7.0064535141,6.6533651352,6.3091235161,5.9791278839,5.6790471077,5.3979654312,5.1343669891,4.90031147,4.6618852615,4.4640212059,4.2690873146,4.0988521576,3.9271121025,3.7587556839,3.6397194862,3.4722816944,3.3283219337,3.1994128227,3.1092150211,3.0042910576,2.8464078903,2.7853937149,2.6940555573,2.5206422806,2.3587243557,2.2559156418,2.2298765182,2.1822373867,2.1484408379,2.1362502575,2.1543648243,2.189260006,2.1697161198,2.2366607189,2.076748848,2.2627933025,2.1627705097,2.2195134163,2.3303306103,2.1232600212,2.3591024876,2.7003815174,2.8861482143,2.9325027466,2.6394453049,2.6707503796,2.7477722168,2.7482674122,2.5180809498,2.6428487301,2.5266304016,2.8351113796,3.4748709202,3.1946079731,3.2374265194,3.09766078,2.8140482903,3.6460678577,3.4057693481,3.2144489288,3.1210889816,3.6294770241,3.5265517235,7.5882658958,7.4700956345,7.5586104393,7.5239872932,7.6371240616,8.1019506454,8.0397567749,8.3101501465,8.0195331573,7.8807897568,7.5258860588,7.8157052994,7.7560482025,7.4668636322,7.4127926826,7.436111927,7.7465062141,7.72529459,6.9859127998,7.3651475906,7.3776464462,6.6086001396,6.499130249,6.4533014297,6.4608306885]},"episodes_still_running":{"0":[4096.0,4096.0,4096.0,4093.0,4091.0,4089.0,4087.0,4080.0,4071.0,4059.0,4051.0,4030.0,4008.0,3989.0,3966.0,3935.0,3901.0,3850.0,3791.0,3702.0,3627.0,3530.0,3424.0,3297.0,3168.0,3008.0,2815.0,2611.0,2347.0,2137.0,1947.0,1718.0,1527.0,1351.0,1178.0,1030.0,896.0,797.0,671.0,573.0,501.0,434.0,380.0,331.0,277.0,237.0,199.0,178.0,159.0,135.0,119.0,102.0,87.0,76.0,64.0,54.0,49.0,44.0,34.0,32.0,30.0,25.0,20.0,17.0,16.0,11.0,9.0,8.0,7.0,6.0,4.0,3.0,3.0,3.0,3.0,2.0,2.0,1.0,1.0,1.0,1.0,1.0,1.0,1.0,1.0,1.0,1.0,1.0,1.0,1.0,1.0,1.0,1.0,1.0,1.0,1.0,1.0,1.0,1.0,1.0,1.0,1.0]},"step_range_q":{"0":[14.6697835922,14.733092308,17.1775150299,19.3952236176,21.2478485107,22.1313171387,21.7748184204,22.6449508667,22.386756897,21.0418395996,22.0619926453,21.8730831146,22.7459983826,22.6278705597,22.8760051727,19.6738681793,19.2499084473,19.8888664246,20.4261035919,20.2123317719,19.7630062103,19.0787506104,18.9048423767,17.8008403778,16.8709335327,16.4034843445,16.5394382477,15.9267320633,16.3727836609,14.7278671265,15.0174503326,15.7412719727,15.5770540237,15.8311357498,14.7882890701,15.1818771362,16.7027263641,16.8125629425,13.1383323669,12.6738243103,12.6339855194,11.2902803421,11.2663860321,11.6863336563,11.9098625183,12.7405843735,11.4840173721,11.1131010056,10.6148824692,9.6051263809,9.996257782,9.551197052,9.8566551208,9.0545692444,9.2277317047,8.9081630707,9.282781601,9.1692218781,8.5889806747,8.6473703384,8.5753631592,8.6775627136,8.8859701157,9.4093704224,10.2243146896,7.5842990875,7.6145443916,8.1216907501,7.7184610367,7.7256150246,7.8324866295,7.5625972748,7.642062664,7.6616172791,7.9930329323,7.8147993088,7.8464765549,7.5882658958,7.4700956345,7.5586104393,7.5239872932,7.6371240616,8.1019506454,8.0397567749,8.3101501465,8.0195331573,7.8807897568,7.5258860588,7.8157052994,7.7560482025,7.4668636322,7.4127926826,7.436111927,7.7465062141,7.72529459,6.9859127998,7.3651475906,7.3776464462,6.6086001396,6.499130249,6.4533014297,6.4608306885]},"mean_loss:":{"0":2.0330793858},"rmse":{"0":1.4258608818},"step_rmse":{"0":[1.5816851854,1.6121366024,1.6228420734,1.5803943872,1.5866978168,1.5598419905,1.5462583303,1.5241979361,1.4764803648,1.4623968601,1.4568815231,1.4035223722,1.3906946182,1.3778424263,1.3710012436,1.3546354771,1.3661497831,1.3685525656,1.3588521481,1.3802241087,1.3969027996,1.4014202356,1.3908489943,1.3839757442,1.4077070951,1.3821704388,1.3569152355,1.3465199471,1.3281092644,1.3043063879,1.3092211485,1.2937886715,1.3135844469,1.3021886349,1.3185297251,1.2889505625,1.2574664354,1.2026764154,1.1580716372,1.1746584177,1.1644682884,1.181278944,1.1137706041,1.0961858034,1.1212712526,1.100320816,1.103631258,1.2028621435,1.1651904583,1.2435094118,1.1623357534,1.1253677607,1.2415591478,1.2919434309,1.33940804,1.3434984684,1.2735372782,1.3806159496,1.5130159855,1.276335597,1.3141496181,1.2599084377,1.3366123438,1.2607626915,1.4988998175,1.4902858734,1.7034099102,1.9431071281,1.7376205921,0.7848519087,0.8306850791,1.8034986258,2.2955121994,1.680315733,1.748765707,0.4497905374,0.3230769038,0.4953560829,0.5626325607,0.6867508888,0.4112763405,0.583697319,1.1346135139,1.0956234932,1.2504034042,0.9155635834,0.9841685295,0.6984877586,1.0811171532,0.9192867279,0.4037284851,0.5244674683,0.5573282242,0.812702179,0.6867551804,0.1892800331,0.7377896309,0.4653830528,0.1795668602,0.1019172668,0.1275930405,0.366560936]},"rmse_by_q":{"0":21.5599727631},