{"max_q":{"0":21.4561729431},"min_q":{"0":-1.3996658325},"mean_q":{"0":5.2229957581},"range_q":{"0":22.8558387756},"step_max_q":{"0":[20.0365543365,21.4561729431,20.9986534119,20.0092315674,21.3296813965,18.8393993378,19.2117919922,21.4545097351,19.284412384,19.3326911926,19.1249275208,18.8478126526,18.6755485535,19.8945198059,20.866973877,19.3725204468,20.3698043823,18.2943687439,17.9197711945,19.273311615,19.1964473724,18.4400920868,17.7450332642,17.1129608154,17.424949646,15.6231689453,15.4265832901,15.3940677643,16.8657493591,20.526927948,19.1641139984,18.2423725128,16.371383667,17.85688591,17.6714382172,18.8673419952,17.5647373199,16.3064193726,17.2543563843,17.4005947113,11.1921224594,11.4504985809,11.6024780273,9.2161998749,9.6180114746,9.3160276413,9.7781791687,9.8303079605,10.1456718445,10.8859119415,11.6168699265,11.8524799347,12.0826148987,6.0769968033,6.2838783264,7.5740308762,7.2398862839,6.7648530006,6.8273859024,6.6120266914,5.4857530594,5.2084627151,4.9587478638,5.154779911,4.8538169861,4.5330429077,4.4775562286,5.1800761223,5.5542960167,5.4330506325,5.5186262131,4.7797341347,4.718776226,3.809315443,3.8700532913,3.6716475487,3.6849827766,4.3479351997,4.3122673035,4.9033274651,4.5946946144,4.1291809082,3.4571487904,4.9098262787,4.6971478462,4.5589952469,4.331454277,4.0840153694,4.1441655159,0.0,0.0,0.0,0.0,0.0,0.0,0.0,0.0,0.0]},"step_min_q":{"0":[2.1725354195,1.8959003687,-0.0469805002,-1.1584236622,-0.5921013951,-0.5083804727,-0.2774442434,-0.2103623152,-0.3261963129,-0.3995257616,-0.5746682882,-0.7774042487,-0.7954741716,-0.7228131294,-0.6315576434,-0.6507220864,-0.881626606,-0.8818567991,-0.9286087155,-1.1379556656,-0.9993855953,-1.034101963,-1.1549236774,-0.9839067459,-1.0776851177,-1.1185460091,-0.9676429629,-0.9836978316,-0.9783682823,-0.9649069905,-0.9482094049,-0.9288939238,-0.9136759043,-0.8895274401,-1.038892746,-0.9953291416,-0.9860627055,-1.0784875154,-1.1880930662,-0.9197542667,-0.9150104523,-0.9127407074,-1.2222732306,-1.1723239422,-0.965796113,-1.3996658325,-0.9911648035,-0.8801835179,-0.8749890327,-0.7772916555,-0.8349795341,-0.7948336601,-0.6359972954,-0.8273400664,-1.0482711792,-0.3801517487,-0.5412801504,-0.3331118822,-0.4125081301,-0.4980358481,-0.5301201344,-0.7219341993,-0.8238469362,-0.9435596466,-0.5237982273,-0.9082832336,-1.0486391783,-0.6358479261,-0.7421115637,-0.9613802433,-0.7351577282,-0.7135721445,-0.9903185368,-0.7505303621,-0.8137228489,-0.8072472811,-0.6884969473,-0.7457456589,-0.6308732033,-0.4480723143,-0.600041151,-0.7441571951,-0.6170781851,-0.7838225365,-0.7929010391,-0.6915673018,-0.7074177265,-0.7585647106,-0.8515388966,-0.8786333799,-0.9128541946,-1.0255274773,-0.9055349827,-0.408084631,-0.3661389351,-0.3775494695,-0.6225473881,-0.4919873476]},"step_mean_q":{"0":[9.1108894348,9.1901025772,9.14112854,9.0518045425,8.9693021774,8.8291778564,8.7107620239,8.5672159195,8.3914308548,8.1582098007,7.8950109482,7.6023340225,7.2763652802,6.9028606415,6.536837101,6.1239743233,5.7199788094,5.3143877983,4.927283287,4.5264344215,4.1241769791,3.7245321274,3.3340220451,3.0149559975,2.705429554,2.4507088661,2.2678201199,2.1214478016,1.9860075712,1.8642306328,1.7688699961,1.7018454075,1.6214848757,1.5492538214,1.507170558,1.4705420732,1.4101436138,1.3770078421,1.3222050667,1.289535284,1.2640699148,1.2584353685,1.2205508947,1.1711755991,1.162168026,1.1754364967,1.1446148157,1.0785316229,1.1333185434,1.1857018471,1.1805187464,1.1682647467,1.1790320873,1.1134008169,1.1274967194,1.1397166252,1.1788902283,1.1339113712,1.1730663776,1.1900038719,1.1487288475,1.2107179165,1.1329269409,1.1755445004,1.135155797,1.0942499638,1.1207339764,1.1587535143,1.2919111252,1.2188318968,1.231523037,1.2859475613,1.2248120308,1.1185295582,1.1656783819,1.2762359381,1.2100422382,1.1988147497,1.4726163149,1.4721068144,1.1114542484,1.1971665621,1.0458694696,1.3516994715,1.5664849281,1.4938198328,1.3060923815,0.7272130251,0.7008994818,-0.4227499664,-0.5946998,-0.7048248053,-0.6131932735,-0.408084631,-0.3661389351,-0.3775494695,-0.6225473881,-0.4919873476]},"episodes_still_running":{"0":[4096.0,4096.0,4093.0,4084.0,4080.0,4077.0,4068.0,4065.0,4062.0,4053.0,4042.0,4039.0,4027.0,4014.0,3989.0,3952.0,3903.0,3851.0,3805.0,3754.0,3678.0,3611.0,3533.0,3439.0,3318.0,3208.0,3080.0,2946.0,2784.0,2641.0,2484.0,2336.0,2183.0,2035.0,1890.0,1736.0,1604.0,1482.0,1360.0,1231.0,1123.0,1015.0,907.0,825.0,761.0,687.0,628.0,568.0,504.0,449.0,404.0,352.0,309.0,275.0,243.0,214.0,193.0,169.0,152.0,134.0,122.0,107.0,100.0,88.0,82.0,72.0,67.0,58.0,51.0,40.0,38.0,33.0,29.0,25.0,21.0,19.0,19.0,17.0,12.0,10.0,9.0,7.0,7.0,7.0,6.0,6.0,6.0,4.0,4.0,3.0,2.0,2.0,2.0,1.0,1.0,1.0,1.0,1.0]},"step_range_q":{"0":[17.8640193939,19.5602722168,21.045633316,21.1676559448,21.9217834473,19.3477802277,19.4892368317,21.6648712158,19.6106090546,19.7322177887,19.699596405,19.6252174377,19.4710235596,20.6173324585,21.4985313416,20.0232429504,21.2514305115,19.1762256622,18.8483791351,20.4112663269,20.1958332062,19.474193573,18.8999576569,18.0968666077,18.5026340485,16.7417144775,16.3942260742,16.3777656555,17.8441181183,21.4918346405,20.112323761,19.1712665558,17.2850589752,18.7464141846,18.7103309631,19.8626708984,18.5508003235,17.3849067688,18.4424495697,18.3203487396,12.1071329117,12.3632392883,12.8247509003,10.3885240555,10.5838079453,10.7156934738,10.7693443298,10.7104911804,11.0206604004,11.6632032394,12.4518489838,12.6473140717,12.7186126709,6.9043369293,7.3321495056,7.9541826248,7.7811665535,7.0979647636,7.2398939133,7.1100625992,6.0158729553,5.9303970337,5.7825946808,6.0983395576,5.377614975,5.4413261414,5.5261955261,5.8159241676,6.2964076996,6.3944311142,6.2537841797,5.49330616,5.7090950012,4.5598459244,4.6837759018,4.4788947105,4.3734798431,5.0936808586,4.9431405067,5.3513998985,5.194735527,4.8733382225,4.0742268562,5.6936488152,5.4900488853,5.2505626678,5.0388717651,4.8425798416,4.9957046509,0.8786333799,0.9128541946,1.0255274773,0.9055349827,0.408084631,0.3661389351,0.3775494695,0.6225473881,0.4919873476]},"mean_loss:":{"0":1.2072577477},"rmse":{"0":1.0987528563},"step_rmse":{"0":[0.9775453806,1.0356080532,1.0242749453,1.0534800291,1.0854063034,1.1116040945,1.1302227974,1.1841264963,1.2004605532,1.2505755424,1.2450697422,1.2772849798,1.2738975286,1.2678705454,1.2609696388,1.2403024435,1.2373608351,1.2429744005,1.1691192389,1.1643407345,1.1596370935,1.1331468821,1.0878874063,1.0369541645,1.0228331089,1.0386984348,1.0485091209,0.986544311,1.0192666054,1.0164033175,1.0279946327,0.9779599309,0.9593423009,0.9525330663,0.9430741072,0.9227236509,0.9136679173,0.8474630117,0.8597402573,0.85395962,0.8470635414,0.7624135017,0.7910416722,0.7496142983,0.7760215998,0.8269685507,0.8056259751,0.8057746291,0.8089175224,0.8544671535,0.9005094767,0.9662875533,0.9705836177,0.9139452577,0.8953886032,0.8977022171,0.9030031562,0.9703847766,0.8965895772,0.9740165472,0.8984270692,0.9334666729,0.9069125652,0.9028642178,0.9066233635,0.9672321081,1.0728985071,1.0111291409,0.993814528,1.11432302,1.1339216232,1.4695017338,1.2614392042,1.1456559896,1.2124563456,1.3419091702,1.2412252426,1.420360446,1.5109050274,1.3034502268,1.3877229691,1.5816107988,1.4230213165,0.930605948,1.2178243399,1.2529085875,1.2198390961,1.6165707111,1.5529569387,0.8473360538,0.7224314809,0.8372936249,0.6868258715,0.8666582108,0.6344537735,0.5941513181,0.4798715115,0.5018817186]},"rmse_by_q":{"0":21.0368328094},