{"max_q":{"0":17.3191413879},"min_q":{"0":-1.87830019},"mean_q":{"0":8.9243717194},"range_q":{"0":19.1974411011},"step_max_q":{"0":[13.4083375931,14.563914299,14.2350568771,14.9361820221,15.1784973145,15.1652669907,15.4154052734,15.7547807693,16.7868404388,16.8806190491,15.8628740311,17.3191413879,16.1405258179,16.0957107544,16.0983505249,16.6468772888,15.9191884995,14.6327610016,15.2848405838,14.7233886719,13.1236190796,14.4595146179,13.295460701,11.3399648666,12.6506595612,13.8294563293,12.6007957458,10.6933279037,10.4906272888,9.8096694946,8.4474868774,5.9115080833,3.7640697956,0.0,0.0,0.0,0.0]},"step_min_q":{"0":[6.6300115585,8.2438964844,7.0185027122,6.9999523163,7.3884859085,6.890499115,7.209728241,4.8513083458,4.4454574585,3.2301812172,2.8395028114,2.6017274857,2.6698150635,1.9273277521,1.3868604898,1.2413252592,0.6221549511,0.3328129053,-0.0706419945,-0.4494291544,-0.2914502621,-0.6539398432,-0.8182981014,-0.5326291323,-0.2884587049,-0.3181909323,-0.5590888262,-0.2846981287,-0.6021432877,-0.3942279816,-0.2884016037,-1.87830019,-0.2747423649,-0.5532996655,-0.4325193167,-0.9435601234,-0.827742815]},"step_mean_q":{"0":[11.5187206268,12.0476560593,12.2060146332,12.7077302933,12.8081321716,12.8584394455,13.0034580231,12.1211128235,11.8301916122,11.0486125946,10.5937423706,10.2671604156,9.6469287872,9.3444576263,8.6756210327,8.3676872253,7.6180171967,7.269990921,6.6460170746,6.2962799072,5.805109024,5.5443334579,5.3844685555,5.1197485924,4.9751391411,4.8242797852,4.200633049,3.3763818741,2.424213171,2.0575470924,1.4758850336,1.0428394079,0.8277938962,-0.3885439634,-0.4325193167,-0.9435601234,-0.827742815]},"episodes_still_running":{"0":[4096.0,4096.0,4096.0,4096.0,4096.0,4096.0,4096.0,4096.0,4096.0,4096.0,4096.0,4096.0,4096.0,4096.0,4096.0,4096.0,4096.0,4096.0,4096.0,4096.0,4068.0,4000.0,3896.0,3776.0,3636.0,3172.0,2404.0,1636.0,1064.0,600.0,260.0,92.0,28.0,8.0,4.0,4.0,4.0]},"step_range_q":{"0":[6.7783260345,6.3200178146,7.2165541649,7.9362297058,7.7900114059,8.2747678757,8.2056770325,10.9034729004,12.3413829803,13.6504383087,13.0233707428,14.7174139023,13.4707107544,14.1683826447,14.7114896774,15.4055519104,15.2970333099,14.2999477386,15.3554821014,15.1728181839,13.4150695801,15.1134548187,14.1137590408,11.8725938797,12.9391183853,14.147646904,13.1598844528,10.9780263901,11.0927705765,10.2038974762,8.7358884811,7.7898082733,4.0388121605,0.5532996655,0.4325193167,0.9435601234,0.827742815]},"mean_loss:":{"0":1.0473871231},"rmse":{"0":1.0234193802},"step_rmse":{"0":[0.1927651167,0.6080613136,0.2108516842,0.2079760432,0.2337674499,0.2453709543,0.2029021978,0.5203409195,0.6790655255,0.8122029305,0.8911553025,1.0458446741,1.2029737234,1.4241808653,1.5307887793,1.5597846508,1.4735025167,1.4532161951,1.3627113104,1.328193903,1.1798511744,1.1146531105,1.0231353045,0.9412881732,0.9539133906,1.0153514147,1.050552845,1.1938194036,1.2633457184,1.5359469652,1.4977165461,1.0567239523,1.9361754656,0.608397603,1.022851944,0.9925074577,0.9711589813]},"rmse_by_q":{"0":11.4676904678},"step_rmse_by_q":{"0":[1.6734941006,5.0471334457,1.7274409533,1.636610508,1.8251485825,1.9082483053,1.5603710413,4.2928476334,5.740105629,7.3511757851,8.4120912552,10.1863088608,12.4700174332,15.2409152985,17.6447162628,18.6405696869,19.3423366547,19.9892425537,20.5041790009,21.0948982239,20.3243579865,20.1043663025,19.0016021729,18.3854370117,19.1736030579,21.0466938019,25.009393692,35.3579483032,52.1136398315,74.6494140625,101.4792175293,101.331413269,233.8958282471,-156.583984375,-236.4869995117,-105.1875152588,-117.3261795044]},"mean_error":{"0":0.6549656391},"step_mean_error":{"0":[0.148496449,0.4285718203,0.1781026721,0.1690382957,0.1947704256,0.1660009176,0.1222138554,0.4007921219,0.515342772,0.651505053,0.6995828748,0.8091953397,0.922878325,1.1062011719,1.1823204756,1.1861972809,1.118760705,1.0833798647,0.9884482622,0.922332406,0.809230268,0.7282961607,0.670666337,0.602682054,0.5664466619,0.5795550942,0.6267336607,0.648508966,0.7258296609,0.9042564631,0.8220787644,0.6657809615,1.1244808435,0.5355382562,1.022851944,0.9925074577,0.9711589813]},"mean_q_deviation":{"0":41.8973350525},"step_mean_q_deviation":{"0":[1.3187639713,4.2202515602,1.4788968563,1.3484150171,1.5707278252,1.3435765505,0.9842401147,3.385037899,4.5511302948,6.052772522,6.9817228317,8.3150177002,10.4740085602,13.0635347366,15.2171297073,16.5223121643,17.5030078888,18.0175971985,18.8449287415,33.5643310547,83.4677505493,44.4627418518,36.3996047974,113.7055969238,35.6468963623,75.6198043823,79.8222503662,182.8303527832,490.9931640625,475.6408691406,4142.7036132812,211.487487793,196.0072784424,687.5030517578,173.2670593262,2027.7048339844,677.1614379883]},"mean_range_deviation":{"0":2.4837574959},"step_mean_range_deviation":{"0":[2.33279109,6.244550705,2.5063862801,2.1670856476,2.5212273598,2.0532612801,1.482586503,4.0050582886,4.2191324234,5.4792718887,5.1292152405,5.3041362762,7.1548643112,8.0958442688,8.4184551239,7.3355236053,7.959833622,7.432264328,7.4756274223,3.8090455532,6.8161392212,5.5351715088,5.3546104431,4.9927167892,3.9470422268,4.4280948639,4.1292438507,4.0068888664,5.1591010094,8.8057909012,7.2456889153,7.185737133,13.8439817429,197.6620025635,173.2670593262,2027.7048339844,677.1614379883]},"epoch":{"0":105},"mask_name":{"0":"ally_shield"},"map_name":{"0":"5m_vs_6m"}}