{"max_q":{"0":27.6614437103},"min_q":{"0":-1.2966250181},"mean_q":{"0":7.7446722984},"range_q":{"0":28.9580688477},"step_max_q":{"0":[23.0090904236,24.7458152771,24.5301647186,24.0144939423,23.825378418,24.1957798004,24.722038269,27.6614437103,25.8616809845,26.6829414368,22.4069786072,23.8835811615,23.2460803986,24.7685165405,23.7660217285,24.3498420715,22.4753608704,19.3421401978,19.0888271332,17.9636116028,18.029750824,16.7703304291,16.2070922852,16.4465827942,15.9999322891,15.5587539673,14.6315040588,14.0260314941,13.5557174683,13.2601890564,13.2144918442,12.7678775787,12.7018795013,12.7794885635,11.9213542938,11.8520259857,12.0588884354,11.7417917252,11.9284658432,10.9646205902,11.7031993866,11.5266752243,10.6586818695,10.1258125305,9.8936767578,9.9610853195,9.8998556137,11.1280670166,10.0936985016,11.3967590332,10.3254966736,10.7707920074,10.3801012039,7.8853321075,7.5513210297,7.269411087,7.2796664238,7.6695389748,8.2419691086,7.3310627937,7.2165956497,7.0680398941,7.0482139587,7.2536854744,7.1025967598,7.4185876846,7.2178378105,7.8799166679,7.6412858963,7.2605638504,7.0385007858,7.7473044395,6.6744017601,6.1274466515,5.972448349,5.3947229385,1.1986736059,0.4842092991,0.5662394166]},"step_min_q":{"0":[4.9914951324,3.3876662254,0.0,0.0,0.0,-0.256179899,-0.2228271216,-0.1194604337,-0.040649116,-0.399656415,-0.3082457781,-0.4010826945,-0.4844138324,-0.396851778,-0.4555443525,-0.6917214394,-0.5197727084,-0.9681898952,-0.7037572861,-0.7376753688,-0.4636511207,-0.711443007,-0.8656865358,-0.9867932796,-0.7460756302,-1.2966250181,-0.5815464258,-0.8690559268,-0.8941073418,-0.9306607246,-0.8186615705,-0.7741292119,-1.0134665966,-0.7910598516,-0.8649243712,-0.7534011006,-0.7448318005,-0.7883770466,-0.5852430463,-0.6439757347,-0.7048937678,-0.6210145354,-0.6007491946,-0.4396875203,-0.5410722494,-0.6824240685,-0.7680790424,-0.6832818985,-0.6407963634,-0.6099739075,-0.5685762167,-0.5231609344,-0.4381418228,-0.6189892888,-0.478934288,-0.463291049,-0.4239231646,-0.5090511441,-0.0543092936,-0.2460363358,-0.2279189974,-0.0046460181,0.0,0.0,0.0,-0.1062798947,-0.0094670355,-0.0215160698,0.0,0.0,0.0,0.0,0.0,0.0,0.0,0.0,0.0,0.0,0.0]},"step_mean_q":{"0":[11.705280304,11.6311836243,11.5442552567,11.4718942642,11.4048013687,11.2734460831,11.1352748871,10.9199333191,10.7066345215,10.4136734009,10.1205997467,9.7611055374,9.3970546722,9.0120449066,8.6096992493,8.219587326,7.8225812912,7.4389128685,7.062918663,6.7000141144,6.3560204506,6.0334448814,5.7368693352,5.4505019188,5.1840047836,4.9513602257,4.7272872925,4.5027689934,4.271109581,4.0607686043,3.8577470779,3.6669948101,3.5148530006,3.3975672722,3.2050778866,3.0647528172,2.9376955032,2.8761465549,2.7908980846,2.7017409801,2.7499141693,2.7214121819,2.6327166557,2.4961240292,2.5156674385,2.5151162148,2.4951193333,2.5016889572,2.4362487793,2.4254550934,2.316352129,2.4072980881,2.3459413052,2.0515608788,2.005491972,2.1005010605,2.0172176361,2.173520565,2.3166127205,2.3259704113,2.2776176929,2.1972951889,2.21697402,2.041367054,1.9731369019,1.9241188765,2.0546483994,2.594820261,3.7244677544,4.0143046379,3.4109275341,3.720669508,4.4550104141,4.2257986069,3.8245978355,3.46139884,1.1986736059,0.4842092991,0.5662394166]},"episodes_still_running":{"0":[4096.0,4096.0,4095.0,4094.0,4092.0,4090.0,4089.0,4083.0,4081.0,4077.0,4064.0,4056.0,4044.0,4030.0,4013.0,3988.0,3957.0,3924.0,3867.0,3804.0,3739.0,3679.0,3595.0,3493.0,3385.0,3235.0,3063.0,2890.0,2693.0,2453.0,2246.0,2049.0,1839.0,1635.0,1451.0,1289.0,1155.0,1008.0,891.0,745.0,638.0,556.0,485.0,422.0,368.0,328.0,294.0,262.0,220.0,200.0,165.0,141.0,122.0,99.0,79.0,64.0,57.0,50.0,41.0,35.0,32.0,29.0,19.0,14.0,12.0,11.0,9.0,7.0,4.0,3.0,3.0,3.0,2.0,2.0,2.0,2.0,1.0,1.0,1.0]},"step_range_q":{"0":[18.0175952911,21.3581485748,24.5301647186,24.0144939423,23.825378418,24.45195961,24.9448661804,27.7809047699,25.9023303986,27.0825977325,22.7152252197,24.2846641541,23.7304935455,25.1653690338,24.2215652466,25.0415630341,22.9951343536,20.3103294373,19.7925834656,18.7012863159,18.4934024811,17.4817733765,17.0727787018,17.4333763123,16.7460079193,16.8553791046,15.2130508423,14.8950872421,14.4498252869,14.1908493042,14.0331535339,13.5420064926,13.7153463364,13.5705480576,12.7862787247,12.6054267883,12.8037204742,12.5301685333,12.5137090683,11.6085968018,12.4080934525,12.1476898193,11.2594308853,10.5655002594,10.4347486496,10.6435089111,10.6679344177,11.8113489151,10.734495163,12.0067329407,10.8940725327,11.2939529419,10.8182430267,8.5043210983,8.0302553177,7.7327022552,7.7035894394,8.1785898209,8.2962779999,7.5770993233,7.4445147514,7.0726857185,7.0482139587,7.2536854744,7.1025967598,7.5248675346,7.2273049355,7.9014325142,7.6412858963,7.2605638504,7.0385007858,7.7473044395,6.6744017601,6.1274466515,5.972448349,5.3947229385,1.1986736059,0.4842092991,0.5662394166]},"mean_loss:":{"0":1.8149864674},"rmse":{"0":1.3472143412},"step_rmse":{"0":[1.1470346451,1.2018227577,1.2079980373,1.2385309935,1.2691061497,1.2733359337,1.2922660112,1.3250063658,1.3768012524,1.393481493,1.3949041367,1.3975534439,1.4056186676,1.3835695982,1.38935709,1.3715144396,1.3642398119,1.3705352545,1.354481101,1.3666840792,1.3716641665,1.4015717506,1.4028304815,1.4143384695,1.3947581053,1.4008237123,1.3944644928,1.3540525436,1.3375519514,1.3261204958,1.3199201822,1.353831172,1.3232375383,1.3404115438,1.3580408096,1.3541275263,1.3560221195,1.3674118519,1.3319630623,1.2892092466,1.3430700302,1.4648506641,1.347740531,1.3348648548,1.3595514297,1.4020514488,1.3959513903,1.4171423912,1.3901144266,1.4643592834,1.5185272694,1.5754941702,1.7954404354,1.6838675737,1.6675387621,1.7041435242,1.5529937744,1.7673517466,1.7902069092,1.6689158678,1.8016353846,1.6536129713,1.6386681795,1.4481991529,1.4149082899,1.4461040497,1.5108786821,1.6791284084,2.1665613651,1.206338644,1.2738045454,1.3320592642,1.9404761791,2.3999159336,2.1708359718,2.4466426373,0.541048646,0.0654416084,0.1737859845]},"rmse_by_q":{"0":17.3953704834},"step_rmse_by_q":{"0":[9.7992925644,10.3327636719,10.4640617371,10.7962207794,11.1278238297,11.2950019836,11.6051559448,12.1338319778,12.85932827,13.3812685013,13.7828216553,14.3175735474,14.9580774307,15.3524484634,16.1371154785,16.6859283447,17.4397640228,18.4238643646,19.17735672,20.3982257843,21.5805492401,23.2300415039,24.4528923035,25.9487743378,26.9050292969,28.2916927338,29.4981956482,30.071554184,31.3162651062,32.6568832397,34.2147903442,36.9193649292,37.6470222473,39.4520950317,42.3715400696,44.1839065552,46.1593818665,47.5431900024,47.7252502441,47.7177238464,48.8404350281,53.8268585205,51.1920089722,53.4775085449,54.0433692932,55.7449951172,55.9472808838,56.6474266052,57.059627533,60.3746185303,65.5568389893,65.4465713501,76.5339050293,82.0773925781,83.1486129761,81.1303329468,76.9869232178,81.3128585815,77.2769165039,71.7513809204,79.1017456055,75.2567520142,73.9146270752,70.9426193237,71.7085723877,75.1566925049,73.53465271,64.7107772827,58.1710357666,30.0509986877,37.3448143005,35.8016014099,43.5571632385,56.7920074463,56.759853363,70.6836395264,45.1372756958,13.5151491165,30.6912536621]},"mean_error":{"0":0.9832592607},