{"max_q":{"0":17.9302425385},"min_q":{"0":0.0},"mean_q":{"0":4.4669108391},"range_q":{"0":17.9302425385},"step_max_q":{"0":[13.2025938034,15.3498897552,16.0661144257,16.4671173096,17.0764026642,16.9247245789,16.5469055176,16.8856925964,16.6775531769,17.5501441956,17.9302425385,17.8584651947,17.7543029785,17.7192230225,17.2522964478,16.7629356384,16.7152194977,16.1402797699,16.0159244537,15.3363523483,15.3594484329,15.7801828384,15.5202636719,15.7856550217,15.2930793762,13.9334192276,13.419965744,14.440618515,13.5174436569,14.0214662552,13.194978714,13.4710702896,13.2460622787,12.1244678497,11.7595872879,11.8936491013,12.6918725967,12.157995224,11.9203777313,12.3338060379,12.3069095612,12.237783432,12.7812366486,9.7711925507,10.8054599762,10.7763500214,10.7733602524,9.1672124863,9.3265533447,9.0857601166,9.34532547,10.1625871658,8.153673172,7.302523613,7.0018920898,6.6078138351,6.7792749405,6.8838953972,6.802485466,6.4606695175,6.5098924637,6.4837865829,6.5088820457,6.5671596527,6.6373953819,6.7080612183,6.7736768723,6.6466369629,7.6685333252,4.671380043,4.5385551453,4.5613188744,4.7108917236,4.5531373024,4.590903759,4.3378815651,4.5849742889,4.4753437042,4.4010443687,4.4644675255,4.565864563,4.465862751,4.4865283966,4.5066070557,4.5259628296,4.5444149971,4.5617470741,4.5777554512,4.5923047066,4.6053609848,4.6169891357,4.8038892746,4.6742076874,4.345392704,4.9608736038,4.8344955444,4.3076653481,4.465157032]},"step_min_q":{"0":[4.3920197487,0.0,0.0,0.0,0.0,0.0,0.0,0.0,0.0,0.0,0.0,0.0,0.0,0.0,0.0,0.0,0.0,0.0,0.0,0.0,0.0,0.0,0.0,0.0,0.0,0.0,0.0,0.0,0.0,0.0,0.0,0.0,0.0,0.0,0.0,0.0,0.0,0.0,0.0,0.0,0.0,0.0,0.0,0.0,0.0,0.0,0.0,0.0,0.0,0.0,0.0,0.0,0.0,0.0,0.0,0.0,0.0,0.0,0.0,0.0,0.0,0.0,0.0,0.0,0.0,0.0,0.0,0.0,0.0,0.0,0.0,0.0,0.0,0.0,0.0,0.0,0.0,0.0,0.0,0.0,0.0,0.0,0.0,0.0,0.0,0.0,0.0,0.0,0.0,0.0,0.0,0.0,0.0,0.0,0.0,0.0,0.0,0.0]},"step_mean_q":{"0":[8.5992908478,8.6057109833,8.4192934036,8.3052663803,8.1661014557,7.9168205261,7.6590509415,7.3536067009,7.0212845802,6.7183012962,6.4064464569,6.0925822258,5.7138428688,5.3624267578,4.9417514801,4.5393209457,4.1540379524,3.7809917927,3.4507374763,3.1356406212,2.8600723743,2.6331954002,2.4105625153,2.246942997,2.097689867,1.9603252411,1.8355550766,1.7408382893,1.6438449621,1.5892817974,1.5192034245,1.4555350542,1.423037529,1.4056675434,1.3967177868,1.3762108088,1.3606181145,1.3570523262,1.3453297615,1.358056426,1.3640419245,1.3598402739,1.3847613335,1.3868716955,1.3852623701,1.4036581516,1.3348963261,1.3325254917,1.3356013298,1.3528500795,1.4050935507,1.4188722372,1.4569731951,1.3855546713,1.4059211016,1.4661743641,1.5201413631,1.5607913733,1.6058305502,1.6069654226,1.6230443716,1.6869477034,1.7027286291,1.8289659023,1.8707510233,1.8855109215,2.0029196739,2.1466193199,2.1857898235,1.9211449623,1.9481252432,1.9420824051,1.9905358553,2.0779969692,2.0721504688,2.0933146477,2.0950596333,2.0592339039,2.0154743195,2.1131587029,2.0977501869,2.1014852524,2.2432193756,2.3007359505,2.1978080273,2.1960237026,2.2900569439,2.3674514294,3.6975905895,3.7300291061,3.7147400379,3.3910753727,3.2611920834,3.2794206142,4.9608736038,4.8344955444,4.3076653481,4.465157032]},"episodes_still_running":{"0":[4096.0,4095.0,4090.0,4084.0,4080.0,4073.0,4065.0,4058.0,4047.0,4036.0,4021.0,4006.0,3989.0,3959.0,3921.0,3872.0,3806.0,3730.0,3641.0,3570.0,3492.0,3405.0,3308.0,3197.0,3094.0,2981.0,2855.0,2741.0,2624.0,2493.0,2344.0,2199.0,2050.0,1887.0,1743.0,1608.0,1483.0,1348.0,1229.0,1103.0,998.0,908.0,815.0,744.0,678.0,617.0,554.0,515.0,460.0,411.0,363.0,303.0,270.0,240.0,216.0,191.0,170.0,152.0,138.0,117.0,103.0,91.0,81.0,74.0,63.0,55.0,50.0,43.0,41.0,35.0,30.0,29.0,27.0,24.0,23.0,21.0,18.0,18.0,17.0,15.0,15.0,15.0,13.0,11.0,10.0,8.0,7.0,7.0,3.0,3.0,3.0,2.0,2.0,2.0,1.0,1.0,1.0,1.0]},"step_range_q":{"0":[8.8105735779,15.3498897552,16.0661144257,16.4671173096,17.0764026642,16.9247245789,16.5469055176,16.8856925964,16.6775531769,17.5501441956,17.9302425385,17.8584651947,17.7543029785,17.7192230225,17.2522964478,16.7629356384,16.7152194977,16.1402797699,16.0159244537,15.3363523483,15.3594484329,15.7801828384,15.5202636719,15.7856550217,15.2930793762,13.9334192276,13.419965744,14.440618515,13.5174436569,14.0214662552,13.194978714,13.4710702896,13.2460622787,12.1244678497,11.7595872879,11.8936491013,12.6918725967,12.157995224,11.9203777313,12.3338060379,12.3069095612,12.237783432,12.7812366486,9.7711925507,10.8054599762,10.7763500214,10.7733602524,9.1672124863,9.3265533447,9.0857601166,9.34532547,10.1625871658,8.153673172,7.302523613,7.0018920898,6.6078138351,6.7792749405,6.8838953972,6.802485466,6.4606695175,6.5098924637,6.4837865829,6.5088820457,6.5671596527,6.6373953819,6.7080612183,6.7736768723,6.6466369629,7.6685333252,4.671380043,4.5385551453,4.5613188744,4.7108917236,4.5531373024,4.590903759,4.3378815651,4.5849742889,4.4753437042,4.4010443687,4.4644675255,4.565864563,4.465862751,4.4865283966,4.5066070557,4.5259628296,4.5444149971,4.5617470741,4.5777554512,4.5923047066,4.6053609848,4.6169891357,4.8038892746,4.6742076874,4.345392704,4.9608736038,4.8344955444,4.3076653481,4.465157032]},"mean_loss:":{"0":3.0268218517},"rmse":{"0":1.7397763729},"step_rmse":{"0":[2.4062576294,2.1421821117,1.9983437061,1.9649497271,1.9709055424,1.9342268705,1.9354579449,1.9219845533,1.9347373247,1.9350223541,1.912823081,1.9278026819,1.873451829,1.8851253986,1.862470746,1.8198816776,1.7729254961,1.7198147774,1.6804145575,1.6354312897,1.6203719378,1.5839607716,1.5538535118,1.5107896328,1.565885663,1.4955587387,1.4402296543,1.460026145,1.3730208874,1.3762017488,1.3712970018,1.3528894186,1.3279135227,1.2895458937,1.2653896809,1.266605854,1.3057256937,1.295861721,1.2831661701,1.3137552738,1.3096168041,1.3006099463,1.350143075,1.3647041321,1.3945938349,1.4579195976,1.3894559145,1.417539835,1.4201965332,1.4853018522,1.4821703434,1.5460548401,1.5707293749,1.6124380827,1.6369490623,1.6874668598,1.7945146561,1.7989391088,1.7427164316,1.8353172541,1.8314507008,1.8787660599,1.8821805716,1.6900466681,1.7296390533,1.6708523035,1.7977068424,1.9397475719,1.9485081434,1.7387675047,1.5287402868,1.5524613857,1.4207212925,1.5100892782,1.4514167309,1.3073596954,1.4814326763,1.6581395864,1.59468925,1.3505480289,1.2751123905,1.313141942,1.3246333599,1.4119729996,1.4880589247,1.3939769268,1.6077822447,1.7172828913,2.3725523949,2.4353740215,2.4981889725,2.1915738583,2.1344251633,1.8118889332,2.9347596169,2.9403717518,2.2629163265,2.4687438011]},"mean_error":{"0":1.2155884504},"step_mean_error":{"0":[1.9459755421,1.6887911558,1.5383167267,1.4978179932,1.4971815348,1.4615294933,1.4539048672,1.4490828514,1.471924901,1.4526369572,1.4201099873,1.4221804142,1.3883191347,1.3815428019,1.3458132744,1.3078737259,1.2654143572,1.2063748837,1.1643226147,1.1139048338,1.0870233774,1.0523108244,1.027253747,0.9929766655,0.9785208106,0.9329333901,0.9016315937,0.8899965286,0.8554141521,0.8498610854,0.8327451348,0.8202018142,0.8124502897,0.8030771017,0.7874158621,0.7924301624,0.8010903597,0.7987017035,0.8036265373,0.8197512627,0.8347247243,0.8328305483,0.8524153233,0.8589133024,0.8786322474,0.9072682261,0.8862150311,0.9044203758,0.9305310845,0.959600091,0.9715905786,1.0243103504,1.067728281,1.0956273079,1.1105779409,1.160979867,1.2435494661,1.2272517681,1.228400588,1.2807462215,1.2486963272,1.2755715847,1.3311116695,1.2555149794,1.2914814949,1.3029316664,1.3686550856,1.5187844038,1.5166119337,1.392350316,1.2057538033,1.2350795269,1.1322617531,1.208147645,1.1337952614,1.0282387733,1.1917484999,1.2687135935,1.2533254623,1.0580755472,0.952108562,1.0118944645,0.9867331982,1.1292227507,1.1470606327,1.0166947842,1.2472161055,1.3094521761,2.0541069508,2.1527242661,2.2911031246,1.8443801403,1.8605573177,1.5084964037,2.9347596169,2.9403717518,2.2629163265,2.4687438011]},"mean_deviation":{"0":4.6972050667},