{"max_q":{"0":26.0043640137},"min_q":{"0":-2.0540764332},"mean_q":{"0":8.512345314},"range_q":{"0":28.0584411621},"step_max_q":{"0":[23.813085556,24.6311798096,24.4216861725,24.8139324188,25.9413642883,25.9577064514,25.4217681885,25.5052280426,25.7151088715,25.6056461334,25.769744873,26.0043640137,25.1884689331,24.9855709076,24.5208969116,24.9190330505,24.2423400879,23.834236145,23.7833652496,23.4784488678,22.207244873,21.2420253754,20.3459415436,19.8176879883,19.0854644775,19.0373878479,18.2767963409,17.8414039612,17.6236629486,16.1847419739,16.2502193451,15.6214675903,15.2043867111,14.7948236465,15.1751337051,14.4883995056,14.6645030975,15.0448474884,13.865480423,13.4719696045,12.9647274017,12.3660984039,11.701713562,11.63630867,10.9773435593,10.6660327911,10.3697433472,10.0773983002,9.8464708328,9.5251235962,9.3326129913,9.190527916,8.9984512329,9.1288986206,9.098534584,9.2203845978,9.2706546783,9.0011425018,9.0932769775,9.2236433029,8.5758209229,8.6096792221,8.5427112579,7.9577260017,7.9881343842,7.7554311752,7.6658191681,7.2787494659,7.7088732719,7.3337078094,6.9265165329,7.2626481056,7.4922380447,7.5323009491,7.3331451416,7.6959776878,7.5757880211,6.4341478348,7.0963048935,6.5567531586,6.0712013245,6.2728567123,6.5778708458,6.174946785,6.2821235657,5.7531914711,5.6800441742,5.5948066711,5.7595415115,5.9457783699,5.993183136,5.9755339622,5.8731479645,4.9322414398,4.720580101,4.5611915588,4.2894029617,4.3858389854,4.3233013153,4.304620266,4.1061592102,4.0601735115,4.4950342178,4.8159060478,4.8957548141,5.2079467773,4.9152636528,4.889834404,4.567053318,4.9957427979,5.0013027191,4.8188295364,4.8418717384,4.3608632088,3.7557618618,3.8342328072,3.6909914017,3.8189570904,3.810464859,0.8692893982,0.8927752376,0.9141934514,0.5611050725,0.5789952278,0.5952215195,0.2814280093,0.2952501774,0.3075688481,0.0135430172,0.1583427191,0.1212742701,0.1387579888,0.1629631817,0.1875096858,0.2153673172,0.1130728126,0.1529330462,0.1598163694,0.1653373241,0.1659140885,0.1565732807,0.1957705468,0.0401924103]},"step_min_q":{"0":[11.3578805923,11.0683822632,10.614812851,10.2901000977,10.1238613129,9.3391809464,8.8314275742,8.1195755005,8.05427742,6.8711528778,6.4333124161,6.0644416809,5.7011737823,5.2305326462,4.8946528435,0.0,0.0,0.0,0.0,0.0,0.0,0.0,0.0,0.0,0.0,-0.4701744914,-0.6489980221,-0.9632687569,-1.372913599,-1.5319137573,-1.8505086899,-1.7178020477,-1.680393219,-2.0282337666,-1.7355064154,-1.6528258324,-1.5997538567,-1.3719223738,-1.1859008074,-1.2006897926,-1.2999657393,-1.3746691942,-1.1861776114,-1.1926660538,-1.142021656,-1.2311196327,-1.5576300621,-1.908339262,-2.009814024,-2.0540764332,-2.0474700928,-2.0128774643,-1.884670496,-1.0205570459,-1.1527708769,-1.1346062422,-1.1852238178,-1.2435280085,-1.2191960812,-1.1984473467,-1.1572909355,-1.047803998,-0.94435817,-0.655379355,-0.5189551115,-0.8371719122,-1.0075200796,-1.026540637,-0.6039309502,-0.6451933384,-0.7454606891,-0.7877804637,-0.833447814,-0.908849895,-0.5525121689,-0.4392931163,-0.5809622407,-0.5506265163,-0.584756434,-0.5273146629,-0.4816188514,-0.1213091239,-0.2884490788,-0.3331263065,-0.30219993,-0.1696499884,-0.1889920235,-0.0225112177,0.0,0.0,0.0,0.0,-0.2414442301,-0.1787845641,-0.2171134651,-0.1081726998,-0.1786423922,-0.0880136043,0.0,0.0,-0.060563989,-0.1944355667,0.0,0.0,0.0,0.0,0.0,0.0,0.0,0.0,0.0,-0.0376898162,-0.0353748985,-0.0698089674,0.0,0.0,0.0,0.0,0.0,0.0,0.0,0.0,0.0,0.0,0.0,0.0,0.0,0.0,0.0,0.0,0.0,0.0,0.0,0.0,0.0,0.0,0.0,0.0,0.0,0.0,0.0,0.0,0.0]},"step_mean_q":{"0":[14.1188716888,14.21479702,14.2013940811,14.2977247238,14.3704967499,14.3244361877,14.2295780182,14.1678524017,14.0526561737,13.9113836288,13.6979885101,13.4978694916,13.3002967834,13.0548934937,12.771440506,12.526219368,12.2729177475,11.9649915695,11.6716251373,11.3999357224,11.100736618,10.7782926559,10.4932584763,10.211523056,9.927069664,9.6423006058,9.3639612198,9.1089420319,8.8534173965,8.5815629959,8.3339958191,8.107219696,7.8613491058,7.6058239937,7.384355545,7.1732816696,6.9363045692,6.7345395088,6.5310764313,6.3312635422,6.1261734962,5.939596653,5.7677702904,5.6031837463,5.426410675,5.2672576904,5.1294498444,4.9960680008,4.8395180702,4.7079091072,4.5967617035,4.4882774353,4.3662014008,4.2581939697,4.1605319977,4.0697345734,3.975723505,3.8761475086,3.8019475937,3.7217626572,3.6427409649,3.578286171,3.5120847225,3.4505493641,3.3546824455,3.3240511417,3.2563381195,3.2002828121,3.1018586159,3.0466878414,2.9822888374,2.9518070221,2.8680593967,2.7925291061,2.7229015827,2.683876276,2.6430191994,2.6116008759,2.5829093456,2.5735750198,2.584485054,2.5501060486,2.6069769859,2.5680792332,2.5292983055,2.4963641167,2.5153594017,2.4926850796,2.5123829842,2.369392395,2.2183516026,2.2608423233,2.212572813,1.9946334362,1.9037137032,1.9961278439,2.0897111893,1.8432980776,1.8268585205,1.7452101707,1.7735744715,1.8846094608,1.9040569067,1.9578841925,2.0626356602,2.1461968422,2.0253632069,2.121121645,2.1177926064,2.0581822395,2.0887637138,2.157790184,2.0408117771,1.8829404116,2.5061705112,2.6537988186,2.1467292309,2.16152215,2.6237101555,0.8692893982,0.8927752376,0.9141934514,0.5611050725,0.5789952278,0.5952215195,0.2814280093,0.2952501774,0.3075688481,0.0135430172,0.1583427191,0.1212742701,0.1387579888,0.1629631817,0.1875096858,0.2153673172,0.1130728126,0.1529330462,0.1598163694,0.1653373241,0.1659140885,0.1565732807,0.1957705468,0.0401924103]},"episodes_still_running":{"0":[4096.0,4096.0,4096.0,4096.0,4096.0,4096.0,4096.0,4096.0,4096.0,4096.0,4096.0,4096.0,4096.0,4096.0,4096.0,4095.0,4095.0,4095.0,4095.0,4095.0,4095.0,4095.0,4095.0,4095.0,4095.0,4095.0,4095.0,4095.0,4095.0,4095.0,4095.0,4095.0,4094.0,4094.0,4093.0,4088.0,4084.0,4079.0,4072.0,4061.0,4048.0,4032.0,4017.0,4001.0,3978.0,3952.0,3916.0,3866.0,3815.0,3758.0,3676.0,3594.0,3505.0,3401.0,3304.0,3185.0,3054.0,2923.0,2777.0,2600.0,2442.0,2285.0,2091.0,1928.0,1773.0,1637.0,1502.0,1391.0,1250.0,1139.0,1036.0,931.0,845.0,758.0,667.0,597.0,522.0,460.0,407.0,361.0,312.0,271.0,234.0,205.0,178.0,150.0,129.0,111.0,97.0,87.0,75.0,68.0,64.0,54.0,48.0,41.0,33.0,29.0,24.0,22.0,19.0,17.0,16.0,14.0,13.0,12.0,10.0,10.0,8.0,8.0,8.0,7.0,6.0,6.0,3.0,3.0,3.0,3.0,2.0,1.0,1.0,1.0,1.0,1.0,1.0,1.0,1.0,1.0,1.0,1.0,1.0,1.0,1.0,1.0,1.0,1.0,1.0,1.0,1.0,1.0,1.0,1.0,1.0]},