{"max_q":{"0":15.2071552277},"min_q":{"0":-0.3237879276},"mean_q":{"0":7.0447835922},"range_q":{"0":15.5309429169},"step_max_q":{"0":[14.6656093597,15.2071552277,14.9040565491,14.8756275177,14.8123979568,14.6440410614,14.6255044937,14.0423202515,14.008731842,14.2238426208,13.7647485733,13.5564289093,13.4798851013,13.2681331635,12.8763217926,12.6482162476,12.0707473755,11.4004678726,11.2081298828,11.113368988,10.2861728668,10.1171560287,9.6186351776,9.2577056885,9.1408519745,8.5615034103,8.182926178,8.052154541,7.9945559502,7.2340259552,7.6116027832,6.5499825478,6.3949384689,6.2207393646,6.6668977737,5.6300001144,5.5213260651,5.1510267258,4.8161859512,4.9362735748,4.6820068359,4.3920860291,4.2461528778,4.1904773712,3.9912056923,4.1421451569,3.9418439865,4.3820209503,3.9344363213,4.1331505775,3.8423514366,4.0690627098,3.8128414154,4.1011161804,3.210105896,3.3108615875,3.0415489674,3.2567601204,2.5793881416]},"step_min_q":{"0":[10.9769229889,10.4592256546,9.4902877808,9.3241109848,8.5494909286,8.2365808487,5.8224701881,6.5271224976,5.3264765739,5.0417103767,4.5692539215,4.8346748352,4.2813796997,4.0329208374,3.9427273273,3.6128482819,2.604937315,1.9846371412,0.5512208939,1.4392111301,1.1151770353,0.8883304596,0.668433547,0.6151618958,0.4133011103,0.243285656,0.0,0.0,-0.1087975502,-0.0939669609,-0.1151146889,-0.2886167765,-0.3237879276,-0.1367384195,-0.1043643951,-0.1076233387,-0.2732528448,-0.0419294834,-0.0614094734,-0.147536397,-0.1378575563,-0.0615961552,-0.0768865347,-0.0871052742,-0.1519100666,-0.1805516481,-0.1343296766,-0.0053248405,-0.0345232487,-0.0188168287,0.0,0.0,0.0,0.0,0.0,0.0,0.0,0.0,0.0]},"step_mean_q":{"0":[13.2576828003,13.4242591858,13.3890743256,13.1584701538,13.0821533203,12.7449798584,12.5836591721,12.1313781738,11.7281684875,11.4737892151,11.0050964355,10.7344207764,10.2698144913,9.9430093765,9.4913921356,9.0657014847,8.6605949402,8.238117218,7.8395190239,7.3886260986,6.9884309769,6.5436220169,6.1220817566,5.7260189056,5.3373584747,4.9781527519,4.6255631447,4.3108019829,4.0211043358,3.744410038,3.5141038895,3.2806456089,3.1049232483,2.9441781044,2.7876272202,2.657335043,2.5452020168,2.4846291542,2.3962733746,2.3622322083,2.3160119057,2.2831151485,2.2985367775,2.2835788727,2.3282752037,2.2975900173,2.3077161312,2.3079338074,2.1874167919,2.1266913414,2.0960536003,2.185942173,2.0506205559,2.0871219635,1.5695463419,1.5608506203,1.2372668982,1.8648059368,1.5836181641]},"episodes_still_running":{"0":[4096.0,4096.0,4096.0,4096.0,4096.0,4096.0,4096.0,4096.0,4096.0,4096.0,4096.0,4096.0,4096.0,4096.0,4096.0,4096.0,4096.0,4096.0,4096.0,4096.0,4096.0,4096.0,4096.0,4096.0,4096.0,4096.0,4092.0,4092.0,4080.0,4060.0,4024.0,3992.0,3944.0,3880.0,3800.0,3712.0,3604.0,3476.0,3392.0,3244.0,3104.0,2908.0,2648.0,2352.0,2032.0,1668.0,1312.0,1036.0,740.0,524.0,372.0,248.0,172.0,108.0,72.0,48.0,28.0,20.0,8.0]},"step_range_q":{"0":[3.6886863708,4.7479295731,5.4137687683,5.5515165329,6.2629070282,6.4074602127,8.8030338287,7.5151977539,8.6822547913,9.1821327209,9.1954946518,8.7217540741,9.1985054016,9.235212326,8.9335947037,9.0353679657,9.4658098221,9.4158306122,10.656908989,9.6741580963,9.1709957123,9.2288255692,8.9502019882,8.6425437927,8.7275505066,8.3182182312,8.182926178,8.052154541,8.1033535004,7.3279929161,7.7267174721,6.838599205,6.7187261581,6.3574776649,6.7712621689,5.7376232147,5.7945790291,5.1929559708,4.8775954247,5.0838098526,4.8198642731,4.4536819458,4.3230395317,4.2775826454,4.1431159973,4.3226966858,4.0761737823,4.3873457909,3.9689595699,4.1519675255,3.8423514366,4.0690627098,3.8128414154,4.1011161804,3.210105896,3.3108615875,3.0415489674,3.2567601204,2.5793881416]},"mean_loss:":{"0":0.2009705752},"rmse":{"0":0.4482974112},"step_rmse":{"0":[0.19781591,0.2064953148,0.2645537853,0.2788120806,0.3335864842,0.3873038292,0.4642029703,0.5130053759,0.5833421946,0.6413081884,0.6402837038,0.6419699192,0.6429086328,0.6425168514,0.6422696114,0.6200067997,0.5630766749,0.5604041219,0.5259535313,0.4977810085,0.4941304624,0.4753691256,0.4659993947,0.4701910019,0.4436486959,0.4199181199,0.4435813725,0.4354586899,0.4084538817,0.4090141654,0.3911424279,0.3702713251,0.3779529929,0.3551748097,0.3652667403,0.3297273815,0.3161423504,0.3113731146,0.2877114415,0.2794192433,0.274264425,0.2729437649,0.2625144422,0.2733316123,0.2829594612,0.2969841659,0.3183639944,0.3438388407,0.3211112618,0.3876717687,0.3080669045,0.3705777824,0.4083338976,0.4496872425,0.4841694236,0.5680029988,0.1704474986,0.4643350244,0.1377381682]},"mean_error":{"0":0.311965853},"step_mean_error":{"0":[0.1168888211,0.1253402978,0.1703247726,0.1791806519,0.2245234847,0.2701868713,0.3412541151,0.3745886087,0.4172314703,0.4927309453,0.4776887,0.4928985238,0.4935074151,0.4924860895,0.4689926505,0.4572062194,0.4306048751,0.4243006408,0.4068281353,0.3772022128,0.3738803267,0.3643918335,0.3521257639,0.3498831987,0.3354282081,0.3100163937,0.3254879415,0.3085379303,0.3013457954,0.2938931286,0.2751706243,0.2582578957,0.2568678558,0.2412378043,0.2444902807,0.2271011025,0.2223864645,0.2152838856,0.2020931244,0.1988211572,0.1892614514,0.1899048388,0.1886780858,0.1924718022,0.1970363557,0.2114098221,0.2243759632,0.2434790134,0.2392233312,0.2872948647,0.2279906571,0.2593150735,0.2809487283,0.3304401934,0.2932819128,0.3198139966,0.1400749981,0.3961346745,0.0985808671]},"mean_deviation":{"0":2.0239725113},"step_mean_deviation":{"0":[2.7529828548,2.4853210449,3.0409119129,3.0287475586,3.414712429,3.583414793,4.2433643341,4.6882486343,4.5516600609,5.4020376205,4.8961362839,4.3370485306,4.5403561592,4.6046457291,4.7148523331,4.7195630074,4.1179728508,4.2118620872,4.2336511612,3.8870186806,3.8290779591,3.7884883881,3.7104487419,3.8084414005,3.7480368614,3.6527295113,3.9061737061,3.6953341961,3.7298195362,3.6906104088,3.7689399719,3.8217396736,3.6882553101,3.8349733353,3.9131782055,3.9043505192,3.9887647629,4.0150036812,3.8261179924,3.8703613281,3.7462646961,4.204682827,4.1662321091,4.3262267113,4.4199619293,5.0495219231,5.7257361412,6.2416591644,6.2295055389,7.3325381279,5.6652722359,6.4771456718,7.299598217,8.9970607758,7.4433045387,8.8774261475,4.6557760239,12.9780101776,3.825407505]},"epoch":{"0":305},"mask_name":{"0":"own_health"},"map_name":{"0":"6h_vs_8z"}}