{"max_q":{"0":17.0981826782},"min_q":{"0":-1.5190443993},"mean_q":{"0":8.9265003204},"range_q":{"0":18.6172275543},"step_max_q":{"0":[13.2644987106,13.8827009201,14.2153759003,17.0981826782,14.8514957428,15.1172952652,15.5288105011,15.63560009,16.5520820618,16.419708252,16.6402587891,15.9641532898,15.1848707199,15.4477462769,15.570684433,14.874329567,14.9204750061,13.968583107,14.7046031952,12.9935054779,12.8132019043,14.2058000565,13.4645814896,11.5045642853,11.3602323532,11.3731231689,11.0065498352,10.8393917084,10.4340734482,9.3446092606,9.0807790756,8.1100673676,8.5679683685,1.6212131977]},"step_min_q":{"0":[7.1314897537,7.3122425079,7.1907343864,7.2292742729,7.2579336166,6.8853487968,6.7655792236,4.2620925903,5.4092922211,4.649848938,3.194770813,2.7288532257,2.1477437019,1.1960337162,1.7119600773,0.9854791164,0.2299802303,-0.0032117367,-1.1837669611,-0.7978451252,-1.5190443993,-0.778948307,-0.5927134752,-0.5754483938,-0.8501493931,-0.7308180332,-0.7059639692,-0.7809606791,-1.0987479687,-1.0740061998,-0.9083913565,-0.4230456352,-0.2475156784,0.0]},"step_mean_q":{"0":[11.5031900406,12.0139255524,12.1698532104,12.7495098114,12.5915699005,12.7842922211,13.0944499969,12.1010570526,11.8059434891,11.1102714539,10.6234989166,10.3637619019,9.6341171265,9.3272132874,8.610669136,8.3560314178,7.6898388863,7.3034539223,6.6572256088,6.2968988419,5.8943157196,5.6398777962,5.3981657028,5.1804537773,4.988260746,4.8175406456,4.0920963287,3.5774965286,2.1971619129,1.7823491096,1.4910261631,2.5436446667,2.5005121231,1.6212131977]},"episodes_still_running":{"0":[4096.0,4096.0,4096.0,4096.0,4096.0,4096.0,4096.0,4096.0,4096.0,4096.0,4096.0,4096.0,4096.0,4096.0,4096.0,4096.0,4096.0,4096.0,4096.0,4096.0,4064.0,3996.0,3892.0,3756.0,3640.0,3184.0,2464.0,1680.0,1052.0,580.0,292.0,92.0,24.0,4.0]},"step_range_q":{"0":[6.1330089569,6.5704584122,7.0246415138,9.8689079285,7.5935621262,8.2319469452,8.7632312775,11.3735074997,11.1427898407,11.769859314,13.4454879761,13.2353000641,13.0371265411,14.2517127991,13.8587245941,13.8888502121,14.6904945374,13.9717950821,15.8883705139,13.7913503647,14.3322467804,14.9847488403,14.0572948456,12.0800123215,12.2103815079,12.1039409637,11.7125139236,11.6203527451,11.5328216553,10.4186153412,9.9891700745,8.5331134796,8.8154840469,1.6212131977]},"mean_loss:":{"0":1.0157872438},"rmse":{"0":1.0078626871},"step_rmse":{"0":[0.2115066051,0.2766247392,0.2604755759,0.368558079,0.1924726218,0.2163816243,0.1857255548,0.5060997009,0.6398819089,0.6980512738,0.8632657528,1.0039125681,1.2023898363,1.3805369139,1.5562665462,1.5028184652,1.4859027863,1.3625700474,1.3133471012,1.234994173,1.2491565943,1.1437417269,1.0383964777,1.0403630733,0.9984256625,1.0452412367,1.0481991768,1.1608828306,1.3495079279,1.3755553961,1.2349807024,2.054847002,1.3943873644,1.1611593962]},"mean_error":{"0":0.6317086816},"step_mean_error":{"0":[0.1610389054,0.1628958881,0.1685858667,0.1743287146,0.1177613437,0.0949083865,0.1004711837,0.391033262,0.4923361838,0.5442759991,0.6815032959,0.7879978418,0.9261453748,1.0684452057,1.1862530708,1.1422922611,1.0964946747,1.0091631413,0.94478333,0.8537870646,0.8511294723,0.7406637669,0.6686642766,0.6533674002,0.6231079698,0.6503685713,0.6381761432,0.7209592462,0.7872547507,0.8576969504,0.7687686086,1.4577450752,1.0660187006,1.1611593962]},"mean_deviation":{"0":3.1949050426},"step_mean_deviation":{"0":[2.5298252106,2.3734915257,2.3724205494,2.2354619503,1.5239111185,1.2074863911,1.2178491354,4.0452618599,4.1896972656,4.3447198868,4.8641290665,6.3513464928,7.0946722031,7.1540222168,8.8493843079,8.6372737885,8.018529892,7.9311666489,7.3173718452,6.9512577057,6.0981278419,4.9925627708,5.3926610947,6.1633014679,5.8733096123,4.1657738686,5.5425453186,5.0940380096,7.3141856194,9.03332901,8.6327495575,16.2604084015,9.5461530685,252.3964385986]},"epoch":{"0":120},"mask_name":{"0":"own_health"},"map_name":{"0":"5m_vs_6m"}}