{"max_q":{"0":15.0505008698},"min_q":{"0":-0.4400453568},"mean_q":{"0":7.0366573334},"range_q":{"0":15.4905462265},"step_max_q":{"0":[14.7286567688,15.0505008698,14.8541374207,14.6970691681,14.7136001587,14.6131334305,14.6020870209,14.2631454468,14.1125774384,13.8474445343,13.197599411,13.1998100281,13.0274467468,13.3538990021,13.308298111,12.3182582855,12.4680614471,11.6132745743,11.5509462357,10.7184066772,10.5868434906,10.1642856598,9.7461891174,9.4062213898,9.3317470551,8.8362169266,8.5321979523,7.9879031181,7.5996179581,7.1773958206,6.8624897003,6.5835151672,6.5180945396,6.0009527206,5.9383554459,5.7451291084,5.513229847,5.1050329208,5.1925554276,4.760509491,4.9246606827,4.5158452988,4.5444054604,4.2358283997,4.2110090256,4.091258049,3.9497141838,3.8976683617,3.6810195446,3.7511744499,3.5827407837,3.6162772179,3.6326265335,3.449811697,3.1306214333,3.5372083187,3.5468254089,3.2316968441,2.9741201401]},"step_min_q":{"0":[10.9479103088,10.7891407013,10.5798244476,9.8558340073,8.6681671143,7.7399711609,6.4159340858,6.253262043,5.4596714973,5.1613473892,4.8397464752,3.5352478027,3.4711890221,3.3341841698,3.6091825962,2.877396822,2.0883431435,2.0592525005,1.7686918974,0.8219323158,0.877820015,0.6174477339,0.4120396376,0.3564001322,-0.3642171621,-0.3539377451,-0.1087474823,-0.4400453568,-0.2220703363,-0.2855349779,-0.2812445164,-0.1075210571,-0.1201956272,-0.2686120272,-0.2193336487,-0.2321352959,-0.1630929708,-0.1093271971,-0.1116933823,-0.1112804413,-0.1437523961,-0.10720855,-0.1148690581,-0.1126670241,-0.1615051627,-0.2996231914,-0.2943496108,-0.0849773884,-0.1125850081,-0.1905152202,0.0,-0.1247394085,0.0,0.0,0.0,-0.1131289601,-0.1935555339,0.0,0.0]},"step_mean_q":{"0":[13.2572402954,13.4269008636,13.3962182999,13.1481533051,13.088760376,12.7021064758,12.5616416931,12.080657959,11.6706647873,11.4112377167,10.9404916763,10.6989946365,10.1963806152,9.9095144272,9.4442653656,9.0629749298,8.6721172333,8.2233161926,7.8451719284,7.3817634583,6.9848384857,6.5623993874,6.147380352,5.7411546707,5.3389811516,4.9847135544,4.6446094513,4.3292140961,4.029343605,3.7484676838,3.529556036,3.2925632,3.1085615158,2.9355971813,2.7978658676,2.663081646,2.5517764091,2.4860289097,2.3925156593,2.3498160839,2.3103525639,2.2887027264,2.3061556816,2.2980670929,2.3397264481,2.305639267,2.3087534904,2.2781085968,2.1752038002,2.0840826035,2.0826833248,2.0987541676,1.9198638201,1.9072663784,1.5652996302,1.6205514669,1.3267890215,1.72864151,1.8012111187]},"episodes_still_running":{"0":[4096.0,4096.0,4096.0,4096.0,4096.0,4096.0,4096.0,4096.0,4096.0,4096.0,4096.0,4096.0,4096.0,4096.0,4096.0,4096.0,4096.0,4096.0,4096.0,4096.0,4096.0,4096.0,4096.0,4096.0,4096.0,4096.0,4092.0,4092.0,4080.0,4060.0,4024.0,3992.0,3944.0,3880.0,3800.0,3712.0,3604.0,3476.0,3392.0,3244.0,3104.0,2908.0,2648.0,2352.0,2032.0,1668.0,1312.0,1036.0,740.0,524.0,372.0,248.0,172.0,108.0,72.0,48.0,28.0,20.0,8.0]},"step_range_q":{"0":[3.78074646,4.2613601685,4.274312973,4.8412351608,6.0454330444,6.8731622696,8.1861534119,8.0098838806,8.6529064178,8.6860971451,8.3578529358,9.6645622253,9.5562572479,10.0197143555,9.6991157532,9.440861702,10.3797187805,9.5540218353,9.7822542191,9.8964748383,9.7090234756,9.5468378067,9.3341493607,9.0498209,9.6959638596,9.1901550293,8.6409454346,8.427947998,7.8216881752,7.4629306793,7.1437339783,6.6910362244,6.6382904053,6.2695646286,6.1576890945,5.9772644043,5.676322937,5.2143602371,5.3042488098,4.8717899323,5.0684132576,4.6230540276,4.6592745781,4.3484954834,4.3725142479,4.3908810616,4.2440638542,3.98264575,3.7936046124,3.9416897297,3.5827407837,3.7410166264,3.6326265335,3.449811697,3.1306214333,3.6503372192,3.7403810024,3.2316968441,2.9741201401]},"mean_loss:":{"0":0.1540115625},"rmse":{"0":0.3924430609},"step_rmse":{"0":[0.2035079747,0.2221208662,0.2527320087,0.2872845232,0.3190019727,0.3700755835,0.4447391927,0.4797439575,0.5130741,0.5811938643,0.5775086284,0.5603263974,0.5363823175,0.5421991348,0.5122644901,0.4898798168,0.4757784307,0.4585369825,0.4458069503,0.4216747582,0.4195115566,0.4160157442,0.4217399061,0.4086348116,0.3925596774,0.3805565536,0.3830985129,0.388714999,0.3799319267,0.3635185063,0.343767643,0.3288967609,0.3237028718,0.318244338,0.3057212234,0.2838981152,0.2643460631,0.2615551949,0.2604050934,0.2452209145,0.2454262376,0.2495813072,0.2498561144,0.2342637777,0.2517800331,0.2512994111,0.2809527516,0.2916817069,0.2846290171,0.3143313825,0.3202752471,0.335770756,0.3682589233,0.3594766557,0.4380226731,0.4169188142,0.3499197364,0.29536888,0.3263704777]},"mean_error":{"0":0.2779347301},"step_mean_error":{"0":[0.123704724,0.1371776164,0.1652448028,0.1857740432,0.2157351673,0.2683467269,0.3356500268,0.3601936102,0.3838986456,0.4441034198,0.4298808575,0.426299572,0.4146163166,0.4116814733,0.3853956759,0.3739414215,0.3695822656,0.3515632749,0.3450960815,0.326908946,0.3187384605,0.3115816712,0.3168756366,0.304296881,0.2945048213,0.2828155756,0.2818478048,0.2831812799,0.2740208805,0.2620702982,0.249768883,0.2331894636,0.2304638475,0.2240461856,0.2145890146,0.2025858164,0.1878084242,0.183236286,0.1788332909,0.1700058877,0.1766781807,0.176964134,0.1810475588,0.1664483994,0.1778327227,0.1811949313,0.2010991573,0.2168967873,0.2095213979,0.2415627837,0.2446977943,0.2543464005,0.2846699953,0.2741857469,0.3012832105,0.3212432861,0.2804380357,0.2599699497,0.3161737919]},"mean_deviation":{"0":1.803185463},"step_mean_deviation":{"0":[2.9135119915,2.720038414,2.9502160549,3.1401977539,3.2810535431,3.5590097904,4.1736798286,4.5080842972,4.1880259514,4.8689117432,4.4061231613,3.7510399818,3.8145442009,3.8491389751,3.8744394779,3.8600525856,3.5343997478,3.4898273945,3.5912373066,3.368752718,3.2643449306,3.2394344807,3.3390083313,3.3122394085,3.2907633781,3.3322389126,3.3824491501,3.3916394711,3.3916134834,3.2909898758,3.4210190773,3.4507732391,3.3091313839,3.5616769791,3.434595108,3.4828808308,3.3685665131,3.4173223972,3.3857524395,3.3094274998,3.4971897602,3.9181628227,3.997740984,3.7412936687,3.9891819954,4.3278398514,5.1317472458,5.5602154732,5.4560513496,6.1653318405,6.0804228783,6.3530392647,7.3962836266,7.4653930664,7.6463723183,8.9171009064,9.3211259842,8.5170345306,12.2690496445]},"epoch":{"0":255},"mask_name":{"0":"ally_last_action_only"},"map_name":{"0":"6h_vs_8z"}}