{"max_q":{"0":14.7203989029},"min_q":{"0":-0.9053404331},"mean_q":{"0":6.9556741714},"range_q":{"0":15.6257390976},"step_max_q":{"0":[14.4680671692,14.6096420288,14.7203989029,14.3580884933,14.5724105835,14.0776329041,13.7454967499,13.9188585281,13.4664440155,13.7363910675,13.0167560577,13.2427282333,13.1773080826,12.6315498352,12.6456260681,12.2017097473,11.9534034729,11.6939525604,11.5503835678,10.9228572845,10.7650642395,10.7951698303,9.8971986771,9.5363492966,9.1263027191,9.075917244,8.5888290405,8.3502540588,8.0913248062,8.2535991669,7.470705986,7.1142339706,7.1416950226,7.1886196136,7.1003503799,6.3835096359,6.0492019653,5.685628891,5.4965276718,5.4541273117,4.6911578178,4.3986382484,4.4890241623,4.2024259567,4.0494647026,4.0907979012,4.149274826,4.118932724,3.7046625614,3.7788119316,4.173833847,3.573870182,3.9500603676,3.5741677284,3.3892383575,3.3625454903,3.3116459846,3.3726019859,3.1912853718,3.2818393707,3.0592083931,3.0527586937,3.1259498596,3.3434991837,2.8228960037,3.2257590294,3.0093283653,2.0993030071,2.9385004044,2.0334444046,2.7814049721,1.2111676931,1.1660009623,1.1202719212,1.0752085447,1.030395031,0.9869735837,0.9448217154,0.9038767815,0.8640913963,0.825304687,0.787458837,0.7499939203,0.7096688747,0.6626050472,0.6168584228,0.582839191,0.5593577027,0.5366481543,0.5136437416,0.4914727807,0.470092535,0.4494778514,0.4298011065,0.4108205438,0.3925172687,0.3743466735,0.3553663492,0.3355990648,0.3164072633,0.2977642417,0.2796461582,0.2620334029,0.24490273,0.2282354236,0.212015748,0.1962237358,0.1806929111,0.1654233932,0.150541544,0.1359653473,0.1214563847,0.1074995995,0.0939475298,0.0807037354,0.0735955238,0.0706176758,0.0,0.0,0.5096281767,0.0,0.2393840551,0.5696651936]},"step_min_q":{"0":[11.0482110977,10.8181819916,10.0156345367,10.1262617111,10.0688409805,9.7818584442,8.9718389511,8.9120368958,7.7516689301,7.1453180313,5.9012546539,5.6630525589,4.3890008926,3.9250071049,3.7081720829,3.5378451347,2.5243084431,2.5050234795,2.0251643658,1.2887085676,1.210416317,1.2114948034,1.1557182074,0.5873502493,0.3251513243,-0.1791616678,-0.167001605,-0.2002972364,-0.3359371424,-0.212954402,-0.2065449953,-0.0896035433,-0.2527014017,-0.3932670355,-0.1687455177,-0.3065801859,-0.1875236034,-0.3312646151,-0.2681370974,-0.1852380037,-0.3641002178,-0.9053404331,-0.4198915958,-0.4520243406,-0.2896505594,-0.3875730038,-0.4546742439,-0.1941815615,-0.2295747995,-0.2136030197,-0.3098996878,0.0,0.0,-0.2706266642,-0.1686868668,-0.1502763033,0.0,0.0,0.0,0.0,0.0,0.0,0.0,0.0,0.0,0.0,0.0,0.0,0.0,0.0,0.0,0.0,0.0,0.0,0.0,0.0,0.0,0.0,0.0,0.0,0.0,0.0,0.0,0.0,0.0,0.0,0.0,0.0,0.0,0.0,0.0,0.0,0.0,0.0,0.0,0.0,0.0,0.0,0.0,0.0,0.0,0.0,0.0,0.0,0.0,0.0,0.0,0.0,0.0,0.0,0.0,0.0,0.0,0.0,0.0,0.0,0.0,-0.3278104067,-0.086902082,0.0,-0.1564956903,0.0,0.0]},"step_mean_q":{"0":[13.3002099991,13.4237728119,13.3585166931,13.0963277817,13.1672258377,12.6467781067,12.4399671555,12.013381958,11.5895519257,11.4127635956,10.8398609161,10.6238822937,10.0970783234,9.7891559601,9.3493452072,8.9288520813,8.5683174133,8.1257123947,7.8094577789,7.4331889153,7.0968990326,6.7809677124,6.4140319824,6.0780110359,5.7001724243,5.3897805214,5.0896320343,4.7782683372,4.4836373329,4.2036976814,3.9283952713,3.662209034,3.4126720428,3.1870670319,2.9924240112,2.8304917812,2.6664373875,2.5244548321,2.4286618233,2.3384380341,2.2843551636,2.2644674778,2.2545309067,2.2031252384,2.1799015999,2.1808624268,2.1809728146,2.1591491699,2.1132993698,2.003153801,2.0147628784,2.1049165726,2.1017804146,2.148671627,2.1958169937,2.1593708992,2.4862306118,2.6273493767,2.5529515743,2.7039580345,2.5853285789,2.5333180428,2.3868653774,2.3964989185,2.1922345161,2.3555879593,2.2231698036,1.7478613853,2.1441559792,1.6681699753,2.0190987587,1.2111676931,1.1660009623,1.1202719212,1.0752085447,1.030395031,0.9869735837,0.9448217154,0.9038767815,0.8640913963,0.825304687,0.787458837,0.7499939203,0.7096688747,0.6626050472,0.6168584228,0.582839191,0.5593577027,0.5366481543,0.5136437416,0.4914727807,0.470092535,0.4494778514,0.4298011065,0.4108205438,0.3925172687,0.3743466735,0.3553663492,0.3355990648,0.3164072633,0.2977642417,0.2796461582,0.2620334029,0.24490273,0.2282354236,0.212015748,0.1962237358,0.1806929111,0.1654233932,0.150541544,0.1359653473,0.1214563847,0.1074995995,0.0939475298,0.0807037354,0.0735955238,0.0706176758,-0.3278104067,-0.086902082,0.5096281767,-0.1564956903,0.2393840551,0.5696651936]},"episodes_still_running":{"0":[4096.0,4096.0,4096.0,4096.0,4096.0,4096.0,4096.0,4096.0,4096.0,4096.0,4096.0,4096.0,4096.0,4096.0,4096.0,4096.0,4096.0,4096.0,4096.0,4096.0,4096.0,4096.0,4096.0,4096.0,4096.0,4096.0,4092.0,4092.0,4092.0,4080.0,4072.0,4052.0,4044.0,4016.0,3980.0,3908.0,3848.0,3756.0,3644.0,3528.0,3356.0,3168.0,2984.0,2784.0,2468.0,2132.0,1720.0,1428.0,1080.0,852.0,580.0,396.0,276.0,196.0,128.0,80.0,48.0,32.0,32.0,20.0,16.0,16.0,12.0,12.0,12.0,8.0,8.0,8.0,8.0,8.0,8.0,4.0,4.0,4.0,4.0,4.0,4.0,4.0,4.0,4.0,4.0,4.0,4.0,4.0,4.0,4.0,4.0,4.0,4.0,4.0,4.0,4.0,4.0,4.0,4.0,4.0,4.0,4.0,4.0,4.0,4.0,4.0,4.0,4.0,4.0,4.0,4.0,4.0,4.0,4.0,4.0,4.0,4.0,4.0,4.0,4.0,4.0,4.0,4.0,4.0,4.0,4.0,4.0]},"step_range_q":{"0":[3.4198560715,3.7914600372,4.7047643661,4.2318267822,4.503569603,4.2957744598,4.7736577988,5.0068216324,5.7147750854,6.5910730362,7.1155014038,7.5796756744,8.7883071899,8.7065429688,8.9374542236,8.6638641357,9.4290952682,9.1889286041,9.5252189636,9.6341485977,9.5546474457,9.5836753845,8.7414808273,8.9489994049,8.8011512756,9.2550792694,8.7558307648,8.5505514145,8.4272623062,8.466553688,7.6772508621,7.2038373947,7.3943963051,7.5818867683,7.2690958977,6.6900897026,6.2367258072,6.0168933868,5.76466465,5.6393651962,5.0552577972,5.30397892,4.9089155197,4.6544504166,4.3391151428,4.4783706665,4.60394907,4.3131141663,3.9342374802,3.9924149513,4.483733654,3.573870182,3.9500603676,3.8447942734,3.5579252243,3.5128216743,3.3116459846,3.3726019859,3.1912853718,3.2818393707,3.0592083931,3.0527586937,3.1259498596,3.3434991837,2.8228960037,3.2257590294,3.0093283653,2.0993030071,2.9385004044,2.0334444046,2.7814049721,1.2111676931,1.1660009623,1.1202719212,1.0752085447,1.030395031,0.9869735837,0.9448217154,0.9038767815,0.8640913963,0.825304687,0.787458837,0.7499939203,0.7096688747,0.6626050472,0.6168584228,0.582839191,0.5593577027,0.5366481543,0.5136437416,0.4914727807,0.470092535,0.4494778514,0.4298011065,0.4108205438,0.3925172687,0.3743466735,0.3553663492,0.3355990648,0.3164072633,0.2977642417,0.2796461582,0.2620334029,0.24490273,0.2282354236,0.212015748,0.1962237358,0.1806929111,0.1654233932,0.150541544,0.1359653473,0.1214563847,0.1074995995,0.0939475298,0.0807037354,0.0735955238,0.0706176758,0.3278104067,0.086902082,0.5096281767,0.1564956903,0.2393840551,0.5696651936]},"mean_loss:":{"0":0.1759637445},"rmse":{"0":0.4194803238},