{"max_q":{"0":18.3056945801},"min_q":{"0":-1.3561931849},"mean_q":{"0":12.4751710892},"range_q":{"0":19.6618881226},"step_max_q":{"0":[16.7557849884,17.0624370575,17.4240589142,17.9743041992,17.9602622986,18.3056945801,17.4838638306,17.4083328247,16.9452915192,16.063205719,15.7983608246,14.8733730316,14.7475547791,13.7887477875,13.1768980026,12.5375185013,12.1278591156,11.9685430527,10.8283996582,10.4474525452,10.2382602692,10.0150756836,8.8241271973,8.8072929382,8.4304494858,8.1558914185,8.0006999969,7.6165232658,7.6270422935,7.1989855766,6.9698929787,6.3826055527,5.7417383194,4.9546709061,2.966739893,0.4633901119,0.3646845222,0.4858763516,0.6202815771,0.7715040445,1.3085283041,1.1262955666,1.6810810566,1.4577542543,1.9421000481,1.6786731482,2.0963475704,1.8052716255,2.1775181293,1.8714859486,2.2162187099,1.8992040157,2.228979826,1.9054464102,2.2259864807,1.8979529142,2.2123413086,1.8816363811,2.1911897659,1.8601794243,2.1377904415,1.5107080936,2.396043539,1.5545977354,2.410323143,1.570472002,2.4202477932,1.5794053078,2.4265289307,1.5853904486,2.4307405949,1.5898331404,2.4337794781,1.5933643579,2.4361190796,1.5962988138,2.4380104542,1.5988153219,2.4395959377,1.6010191441,2.4409611225,1.6029802561,2.4421591759,1.6047480106,2.4432258606,1.6063570976,2.4441864491,1.607831955,2.4450592995,1.6091930866,2.4458577633,1.6104556322,2.446590662,1.6116312742,2.4472663403,1.6127294302,2.4478909969,1.6137592793,2.4484701157,1.6147248745,2.4490060806,1.6156344414,2.4495034218,1.6164915562,2.4499666691,1.617300272,2.4503953457,1.6180647612,2.4507930279,1.6187883615,2.4511628151,1.6194740534,2.4515061378,1.6201233864,2.4518232346,1.6207414865,2.4521172047,1.6213279963,2.4523887634,1.6218847036]},"step_min_q":{"0":[15.9759273529,16.0296440125,16.4142913818,16.2739810944,15.1146125793,15.4599542618,14.4494590759,13.3542289734,13.0919408798,11.1017684937,9.9969177246,9.3617191315,6.5709433556,5.424533844,6.1857852936,4.8780422211,3.6752610207,2.7153933048,1.6203818321,1.6873332262,-0.5338004827,0.2287637591,-0.0026275516,-0.274892509,-1.2304766178,-0.9792302847,-1.3561931849,-0.8767282367,-0.8945821524,-0.3411366343,-0.4027689695,-0.2829061151,-0.391287446,0.0,0.0,0.0,0.0,0.0,0.0,0.0,0.0,0.0,0.0,0.0,0.0,0.0,0.0,0.0,0.0,0.0,0.0,0.0,0.0,0.0,0.0,0.0,0.0,0.0,0.0,0.0,0.0,0.0,0.0,0.0,0.0,0.0,0.0,0.0,0.0,0.0,0.0,0.0,0.0,0.0,0.0,0.0,0.0,0.0,0.0,0.0,0.0,0.0,0.0,0.0,0.0,0.0,0.0,0.0,0.0,0.0,0.0,0.0,0.0,0.0,0.0,0.0,0.0,0.0,0.0,0.0,0.0,0.0,0.0,0.0,0.0,0.0,0.0,0.0,0.0,0.0,0.0,0.0,0.0,0.0,0.0,0.0,0.0,0.0,0.0,0.0]},"step_mean_q":{"0":[16.4068450928,16.6916847229,17.0428371429,17.4128437042,17.5345516205,17.9108314514,16.6671333313,16.4659004211,15.6982803345,15.0275344849,14.540766716,13.8189439774,13.3395318985,12.6353683472,12.0371437073,11.3871269226,10.7645111084,10.1011199951,9.4995689392,8.9225883484,8.3790435791,7.8641738892,7.3505973816,6.9219965935,6.5927176476,6.3218955994,6.0182995796,5.5980558395,5.1954555511,4.6353030205,3.8980755806,2.8949906826,2.8205895424,2.8566703796,1.5497683287,0.3692008555,0.3398980498,0.4858763516,0.6202815771,0.7715040445,1.3085283041,1.1262955666,1.6810810566,1.4577542543,1.9421000481,1.6786731482,2.0963475704,1.8052716255,2.1775181293,1.8714859486,2.2162187099,1.8992040157,2.228979826,1.9054464102,2.2259864807,1.8979529142,2.2123413086,1.8816363811,2.1911897659,1.8601794243,2.1377904415,1.5107080936,2.396043539,1.5545977354,2.410323143,1.570472002,2.4202477932,1.5794053078,2.4265289307,1.5853904486,2.4307405949,1.5898331404,2.4337794781,1.5933643579,2.4361190796,1.5962988138,2.4380104542,1.5988153219,2.4395959377,1.6010191441,2.4409611225,1.6029802561,2.4421591759,1.6047480106,2.4432258606,1.6063570976,2.4441864491,1.607831955,2.4450592995,1.6091930866,2.4458577633,1.6104556322,2.446590662,1.6116312742,2.4472663403,1.6127294302,2.4478909969,1.6137592793,2.4484701157,1.6147248745,2.4490060806,1.6156344414,2.4495034218,1.6164915562,2.4499666691,1.617300272,2.4503953457,1.6180647612,2.4507930279,1.6187883615,2.4511628151,1.6194740534,2.4515061378,1.6201233864,2.4518232346,1.6207414865,2.4521172047,1.6213279963,2.4523887634,1.6218847036]},"episodes_still_running":{"0":[4096.0,4096.0,4096.0,4096.0,4096.0,4096.0,4096.0,4096.0,4096.0,4096.0,4096.0,4096.0,4096.0,4096.0,4096.0,4096.0,4096.0,4096.0,4096.0,4096.0,4096.0,4096.0,4092.0,3948.0,3280.0,2432.0,1432.0,848.0,488.0,288.0,168.0,88.0,56.0,44.0,24.0,8.0,8.0,4.0,4.0,4.0,4.0,4.0,4.0,4.0,4.0,4.0,4.0,4.0,4.0,4.0,4.0,4.0,4.0,4.0,4.0,4.0,4.0,4.0,4.0,4.0,4.0,4.0,4.0,4.0,4.0,4.0,4.0,4.0,4.0,4.0,4.0,4.0,4.0,4.0,4.0,4.0,4.0,4.0,4.0,4.0,4.0,4.0,4.0,4.0,4.0,4.0,4.0,4.0,4.0,4.0,4.0,4.0,4.0,4.0,4.0,4.0,4.0,4.0,4.0,4.0,4.0,4.0,4.0,4.0,4.0,4.0,4.0,4.0,4.0,4.0,4.0,4.0,4.0,4.0,4.0,4.0,4.0,4.0,4.0,4.0]},"step_range_q":{"0":[0.7798576355,1.032793045,1.0097675323,1.7003231049,2.8456497192,2.8457403183,3.0344047546,4.0541038513,3.8533506393,4.9614372253,5.8014431,5.5116539001,8.1766109467,8.3642139435,6.991112709,7.6594762802,8.4525985718,9.2531499863,9.2080173492,8.7601194382,10.7720603943,9.7863121033,8.82675457,9.0821857452,9.6609258652,9.1351213455,9.3568935394,8.4932518005,8.5216245651,7.5401220322,7.3726620674,6.6655116081,6.1330256462,4.9546709061,2.966739893,0.4633901119,0.3646845222,0.4858763516,0.6202815771,0.7715040445,1.3085283041,1.1262955666,1.6810810566,1.4577542543,1.9421000481,1.6786731482,2.0963475704,1.8052716255,2.1775181293,1.8714859486,2.2162187099,1.8992040157,2.228979826,1.9054464102,2.2259864807,1.8979529142,2.2123413086,1.8816363811,2.1911897659,1.8601794243,2.1377904415,1.5107080936,2.396043539,1.5545977354,2.410323143,1.570472002,2.4202477932,1.5794053078,2.4265289307,1.5853904486,2.4307405949,1.5898331404,2.4337794781,1.5933643579,2.4361190796,1.5962988138,2.4380104542,1.5988153219,2.4395959377,1.6010191441,2.4409611225,1.6029802561,2.4421591759,1.6047480106,2.4432258606,1.6063570976,2.4441864491,1.607831955,2.4450592995,1.6091930866,2.4458577633,1.6104556322,2.446590662,1.6116312742,2.4472663403,1.6127294302,2.4478909969,1.6137592793,2.4484701157,1.6147248745,2.4490060806,1.6156344414,2.4495034218,1.6164915562,2.4499666691,1.617300272,2.4503953457,1.6180647612,2.4507930279,1.6187883615,2.4511628151,1.6194740534,2.4515061378,1.6201233864,2.4518232346,1.6207414865,2.4521172047,1.6213279963,2.4523887634,1.6218847036]},"mean_loss:":{"0":0.2333285362},"rmse":{"0":0.4830409288},"step_rmse":{"0":[0.2355059236,0.1935810447,0.1753397286,0.2352516353,0.1939324886,0.2139067054,0.251422286,0.3834045827,0.3557328582,0.4579479694,0.4719051421,0.4603433609,0.5756115317,0.5994975567,0.590747416,0.56921947,0.542144835,0.5846874714,0.5539496541,0.5625712872,0.5562179685,0.4612212181,0.4731219411,0.4660081863,0.4848277271,0.5441735387,0.5763979554,0.6831133366,0.8903524876,1.0327653885,1.529712081,2.0077600479,2.0495223999,2.2262041569,1.8744421005,0.2684958279,0.1481599957,0.2659032643,0.3678184748,0.4567614794,0.9595054388,0.6427168846,1.2077796459,0.9529577494,1.4987838268,1.2428950071,1.72108531,1.427904129,1.8561348915,1.5304632187,1.9093401432,1.5663290024,1.9267327785,1.5826705694,1.9299325943,1.6055477858,1.9610688686,1.637604475,1.9987223148,1.6726529598,1.9901545048,1.3866119385,2.1628541946,1.4204524755,2.1472227573,1.4335310459,2.1671800613,1.443665266,2.1753394604,1.4570473433,2.1777300835,1.4529758692,2.1794798374,1.4557195902,2.1720333099,1.4578162432,2.1824951172,1.4584614038,2.1810457706,1.4677803516,2.1826171875,1.4611121416,2.184882164,1.4665277004,2.1765878201,1.4659686089,2.1873307228,1.4646396637,2.181645155,1.4733493328,2.1847298145,1.4647291899,2.1869478226,1.4730132818,2.1779055595,1.4700309038,2.1899924278,1.4683833122,2.1808230877,1.476859808,2.1862728596,1.4661765099,2.187387228,1.477401495,2.1777470112,1.4717078209,2.1913571358,1.4709144831,2.178886652,1.4788841009,2.1875333786,1.4662157297,2.1865823269,1.4804286957,2.1768820286,1.4716717005,2.1916611195,1.4728451967,2.1760115623,1.4796632528]},"rmse_by_q":{"0":3.8720183372},