{"max_q":{"0":20.3059558868},"min_q":{"0":-1.4668715},"mean_q":{"0":4.3850879669},"range_q":{"0":21.7728271484},"step_max_q":{"0":[16.8746795654,18.1673316956,19.1453113556,18.0015621185,18.5026760101,19.3101043701,18.1956348419,19.1022224426,18.6517677307,20.3059558868,19.2948760986,19.690984726,17.0873012543,19.234413147,17.4549446106,18.0436401367,17.3798370361,16.796749115,16.660823822,16.0698375702,16.3864955902,16.0987968445,14.0933113098,13.7223358154,16.8773174286,16.1119003296,14.7684240341,14.2862148285,13.6055593491,11.4845561981,10.7624645233,11.9096794128,13.3842945099,11.853934288,12.1370582581,12.1807231903,10.7505712509,9.9218273163,9.0322990417,9.2503376007,8.8223800659,7.6444234848,7.9079184532,7.6614789963,7.6475715637,7.674952507,8.1472520828,8.0335931778,7.0752186775,7.037583828,9.1270427704,7.997821331,7.6624288559,9.3258419037,7.8407292366,7.6976723671,7.4285507202,7.7001504898,8.1718025208,7.9941329956,8.592634201,8.7767887115,8.3328971863,8.309258461,9.0057964325,8.5557785034,8.0172748566,8.1215696335,8.8633022308,4.7798905373,5.0841927528,5.0540561676,5.0465726852,5.2780914307,5.2891592979,5.1308345795,5.4680805206,5.7109246254,5.5576219559,5.7550048828,4.4792170525,4.4108390808,4.3420476913,4.4950456619,4.7863631248,4.6783223152,4.3189640045,4.4835195541,4.8964724541,4.9699406624,5.2032222748,4.9227805138,4.9788284302,4.6949729919,4.6221208572,3.7587513924,4.0377764702,4.349298954,5.1985712051,5.075715065,4.2726316452,4.5371894836,4.4391136169,4.9719934464,4.6359214783,4.4561414719,4.1759405136,3.9641294479,2.279712677,2.2636189461,2.3385932446,2.3492474556,2.3293333054,2.4086737633,2.4408040047,2.4348349571,2.4536719322,2.4256300926,2.5143005848,2.2997722626,2.5597679615,2.5607290268,2.7112383842,2.5244650841,2.2267794609,2.402305603,2.4085280895,1.1359107494]},"step_min_q":{"0":[1.5662497282,0.0,-0.7370555401,-1.4668715,-0.2956953049,-0.4920603037,-0.203219533,-0.1411982775,-0.0869528055,-0.0771296024,-0.4319332838,-0.5231772661,-0.5325202942,-0.2374155521,-0.2352348566,-0.2095195055,-0.5644567013,-0.1270829439,-0.2477309704,-0.4623317719,-0.2647707462,-0.6096659899,-0.4556131363,-0.3772124052,-0.4416050911,-0.567351222,-0.3814685345,-0.6474280357,-0.7386002541,-0.6497365236,-0.4630585909,-0.2851222754,-0.4145994186,-0.3000854254,-0.5213346481,-0.5336728096,-0.4822957516,-0.3983097076,-0.5106859207,-0.6406199932,-0.482208252,-0.6526510715,-0.6993558407,-0.3080527782,-0.3945224285,-0.3003659248,-0.4370980263,-0.3655748367,-0.317409277,-0.4034907818,-0.3018420935,-0.3496243954,-0.2724045515,-0.3874046803,-0.2596447468,-0.2393672466,-0.2602430582,-0.2654789686,-0.2449202538,-0.176893115,-0.1541200876,-0.1717535257,-0.1731916666,-0.1977251768,-0.2820175886,-0.2607927322,-0.2039432526,-0.1406574249,-0.1393055916,-0.3004968166,-0.2280386686,-0.27543962,-0.2957809567,-0.2323958874,-0.1394572258,-0.2017365694,-0.1181838512,-0.1525927782,-0.1724948883,-0.0952925682,-0.1560239792,-0.1554512382,-0.198328793,-0.17255795,-0.2678663135,-0.0967035294,-0.3511612415,-0.4659380913,-0.7258889079,-0.5367663503,-0.0996929407,-0.1606861353,0.0,0.0,-0.0427068472,0.0,0.0,0.0,-0.0726213455,-0.0157629251,0.0,0.0,0.0,0.0,0.0,0.0,-0.0657156706,0.0,0.0,0.0,0.0,0.0,0.0,0.0,0.0,0.0,0.0,0.0,0.0,0.0,0.0,0.0,0.0,0.0,0.0,0.0,0.0,0.0]},"step_mean_q":{"0":[9.3379087448,9.5344200134,9.3353404999,9.2340307236,9.1430654526,9.0083637238,8.9198350906,8.7418403625,8.5506925583,8.3405256271,8.0633544922,7.7688212395,7.3837475777,6.9315695763,6.4381971359,5.9425158501,5.4663572311,5.0183320045,4.5950517654,4.1605591774,3.7845814228,3.4456326962,3.1462376118,2.8951601982,2.650863409,2.4609451294,2.2836341858,2.127818346,1.9904270172,1.8493013382,1.7442188263,1.6472342014,1.5810793638,1.4990917444,1.4401929379,1.3885405064,1.3278295994,1.2687629461,1.2386029959,1.1932008266,1.1634625196,1.1309741735,1.1141501665,1.0804687738,1.0614330769,1.0376164913,1.019675374,1.0135333538,0.9972794652,0.999606967,1.011501193,0.995929718,0.9997463822,0.9923632741,0.9963251352,0.9765583873,0.9716674089,0.9691023827,0.981167376,0.9870935678,0.9642934203,0.9582052827,0.9466317892,0.9757320285,0.9681397676,0.9243373871,0.9140455723,0.9005538821,0.9358659387,0.899161458,0.9125359654,0.9083776474,0.8881440759,0.9195145369,0.9279574156,0.9387551546,0.9369028211,0.9320772886,0.9371891022,0.9480507374,0.8910751343,0.8906284571,0.8946051598,0.8933410645,0.9056305885,1.0034757853,0.9776476026,0.9991037846,0.9973188639,1.0304989815,1.1089578867,1.0776108503,1.1387944221,1.1464797258,1.1753424406,1.0740948915,1.0742504597,1.1573190689,1.1569079161,1.2409803867,1.2488315105,1.3423449993,1.2904301882,1.2747855186,1.2293995619,1.2064105272,1.2099961042,1.2842820883,1.0315701962,1.1985166073,1.1186828613,1.1065312624,1.1054135561,1.1307672262,1.2713322639,1.3371863365,1.4817581177,1.8854576349,1.8255444765,1.7634152174,1.6871436834,1.8035963774,1.9222993851,1.8584886789,1.6812413931,1.78383708,1.7886613607,1.1359107494]},"episodes_still_running":{"0":[4096.0,4095.0,4095.0,4093.0,4090.0,4085.0,4081.0,4079.0,4077.0,4075.0,4074.0,4067.0,4056.0,4043.0,4034.0,4015.0,3995.0,3965.0,3935.0,3911.0,3874.0,3836.0,3793.0,3750.0,3704.0,3637.0,3569.0,3516.0,3447.0,3379.0,3311.0,3221.0,3133.0,3036.0,2927.0,2817.0,2705.0,2605.0,2469.0,2369.0,2245.0,2147.0,2044.0,1929.0,1819.0,1713.0,1589.0,1487.0,1393.0,1296.0,1201.0,1134.0,1055.0,982.0,911.0,844.0,786.0,728.0,679.0,639.0,592.0,553.0,514.0,478.0,449.0,401.0,373.0,351.0,332.0,302.0,283.0,265.0,241.0,224.0,211.0,194.0,178.0,168.0,152.0,139.0,130.0,122.0,112.0,97.0,92.0,81.0,75.0,72.0,69.0,60.0,54.0,49.0,43.0,36.0,34.0,31.0,30.0,27.0,26.0,22.0,20.0,19.0,17.0,17.0,16.0,14.0,12.0,12.0,10.0,8.0,8.0,6.0,6.0,6.0,5.0,5.0,4.0,3.0,3.0,3.0,3.0,3.0,2.0,2.0,2.0,2.0,2.0,1.0]},"step_range_q":{"0":[15.308429718,18.1673316956,19.8823661804,19.4684333801,18.7983703613,19.8021640778,18.3988552094,19.2434215546,18.7387199402,20.3830852509,19.726808548,20.2141628265,17.6198215485,19.4718284607,17.6901798248,18.2531604767,17.9442939758,16.9238319397,16.9085540771,16.532169342,16.651266098,16.7084636688,14.5489244461,14.0995483398,17.3189220428,16.6792507172,15.149892807,14.9336433411,14.34416008,12.1342926025,11.225522995,12.1948013306,13.7988939285,12.1540193558,12.6583929062,12.7143955231,11.2328672409,10.3201370239,9.5429849625,9.8909578323,9.3045883179,8.2970743179,8.6072740555,7.9695320129,8.0420942307,7.9753184319,8.5843505859,8.3991680145,7.3926277161,7.4410743713,9.4288845062,8.347445488,7.9348335266,9.7132463455,8.1003742218,7.9370393753,7.6887936592,7.9656295776,8.4167232513,8.1710262299,8.7467546463,8.9485425949,8.5060892105,8.506983757,9.2878141403,8.8165712357,8.2212181091,8.2622270584,9.0026073456,5.0803871155,5.3122315407,5.3294959068,5.3423538208,5.5104875565,5.4286165237,5.3325710297,5.5862646103,5.8635172844,5.7301168442,5.850297451,4.6352410316,4.5662903786,4.5403766632,4.6676034927,5.0542292595,4.7750258446,4.6701250076,4.9494576454,5.6223611832,5.5067071915,5.3029150963,5.0834665298,4.9788284302,4.6949729919,4.6648278236,3.7587513924,4.0377764702,4.349298954,5.2711925507,5.0914778709,4.2726316452,4.5371894836,4.4391136169,4.9719934464,4.6359214783,4.4561414719,4.2416563034,3.9641294479,2.279712677,2.2636189461,2.3385932446,2.3492474556,2.3293333054,2.4086737633,2.4408040047,2.4348349571,2.4536719322,2.4256300926,2.5143005848,2.2997722626,2.5597679615,2.5607290268,2.7112383842,2.5244650841,2.2267794609,2.402305603,2.4085280895,1.1359107494]},"mean_loss:":{"0":0.3841400743},"rmse":{"0":0.6197903752},