{"max_q":{"0":17.0321025848},"min_q":{"0":-0.8010828495},"mean_q":{"0":8.8050756454},"range_q":{"0":17.8331851959},"step_max_q":{"0":[13.5359668732,14.3265199661,14.5206413269,15.1467657089,15.3111400604,15.2194929123,15.3630390167,15.5428256989,17.0321025848,16.220161438,15.9290962219,15.0230178833,15.7093801498,15.7662525177,16.1736602783,16.3913574219,15.2274780273,15.081741333,15.4919099808,14.9845180511,14.9867391586,14.4634180069,13.5592851639,12.9331302643,12.3098049164,11.9423065186,11.0579795837,11.3168544769,8.6908111572,8.3210792542,8.170920372,5.9743790627,3.1664142609,1.1364744902,0.0,0.0,0.0]},"step_min_q":{"0":[7.0732984543,7.2225384712,7.5235142708,7.9637265205,7.4025168419,6.9629116058,7.0857563019,5.3916926384,4.7686634064,3.6057174206,3.675401926,2.7436172962,2.4539666176,1.3185533285,0.7755248547,0.5804708004,0.2736968994,-0.1931750774,-0.1705844402,-0.1978752613,-0.2253730297,-0.1520371437,-0.0912709236,-0.3567466736,-0.5781786442,-0.3878982067,-0.5288772583,-0.5066542625,-0.8010828495,-0.5335094929,-0.7661950588,-0.5749776363,-0.7620813847,-0.2726154327,-0.3813540936,-0.6486787796,-0.7930824757]},"step_mean_q":{"0":[11.3692674637,11.8200969696,12.0271205902,12.5939846039,12.6593961716,12.6600799561,12.8862943649,11.9895563126,11.6866846085,10.8609466553,10.5513591766,9.9728841782,9.5930290222,8.949754715,8.4172840118,8.0315799713,7.3771543503,7.0727472305,6.5417914391,6.2864017487,5.9111680984,5.7309212685,5.4987959862,5.1606836319,4.9408102036,4.7499499321,4.0998878479,3.302210331,2.4549171925,2.1983149052,1.7421739101,1.1596217155,0.9464446902,0.4319295287,-0.3813540936,-0.6486787796,-0.7930824757]},"episodes_still_running":{"0":[4096.0,4096.0,4096.0,4096.0,4096.0,4096.0,4096.0,4096.0,4096.0,4096.0,4096.0,4096.0,4096.0,4096.0,4096.0,4096.0,4096.0,4096.0,4096.0,4096.0,4068.0,4000.0,3896.0,3776.0,3636.0,3172.0,2404.0,1636.0,1064.0,600.0,260.0,92.0,28.0,8.0,4.0,4.0,4.0]},"step_range_q":{"0":[6.4626684189,7.1039814949,6.9971270561,7.1830391884,7.9086232185,8.2565813065,8.2772827148,10.1511325836,12.2634391785,12.614443779,12.2536945343,12.2794008255,13.2554130554,14.4476995468,15.3981351852,15.8108863831,14.9537811279,15.2749166489,15.6624946594,15.182393074,15.2121124268,14.6154556274,13.6505565643,13.2898769379,12.8879833221,12.3302049637,11.586856842,11.8235092163,9.4918937683,8.8545885086,8.9371156693,6.5493564606,3.9284956455,1.4090899229,0.3813540936,0.6486787796,0.7930824757]},"mean_loss:":{"0":1.4391380548},"rmse":{"0":1.1996407509},"step_rmse":{"0":[0.2859569192,0.3068381548,0.3232705891,0.4591831267,0.1856117696,0.320915401,0.2624472678,0.6411906481,0.7950164676,0.9290431142,0.9936297536,1.1412888765,1.2213028669,1.4786907434,1.6518542767,1.6243712902,1.5661337376,1.5291377306,1.5080083609,1.489387989,1.4311939478,1.3988281488,1.381737709,1.3310941458,1.404311657,1.4818754196,1.6429538727,1.8058195114,1.9758462906,2.0545139313,1.6305332184,1.4675424099,2.4629025459,0.8761157393,0.9716867208,0.6976261139,0.936498642]},"rmse_by_q":{"0":13.6244220734},"step_rmse_by_q":{"0":[2.5151743889,2.5959022045,2.687846899,3.6460511684,1.4661976099,2.5348608494,2.0366387367,5.3479099274,6.802754879,8.55397892,9.4170789719,11.4439201355,12.7311496735,16.5221385956,19.6245517731,20.2248039246,21.2295093536,21.6201381683,23.0519180298,23.6922168732,24.2116947174,24.4084339142,25.1280040741,25.7929801941,28.422700882,31.1977062225,40.0731430054,54.6851768494,80.4852523804,93.4585800171,93.5918731689,126.5535507202,260.226776123,202.8376617432,-254.7990722656,-107.5457000732,-118.0833816528]},"mean_error":{"0":0.8187199831},"step_mean_error":{"0":[0.2302336246,0.2359503508,0.2429169714,0.3189479113,0.1502747834,0.2471679747,0.1887536943,0.510794282,0.6283833385,0.7501087785,0.7853855491,0.9107351303,0.9500983357,1.1748638153,1.3138210773,1.298997879,1.2370557785,1.1962306499,1.145450592,1.0758595467,1.0470068455,1.0187026262,1.0159871578,0.9724740386,1.0066305399,1.059650898,1.1739968061,1.2740542889,1.3863424063,1.5375826359,1.238065958,0.978920579,1.4133872986,0.8284870386,0.9716867208,0.6976261139,0.936498642]},"mean_q_deviation":{"0":74.9765548706},"step_mean_q_deviation":{"0":[2.2311840057,2.1908884048,2.3059301376,3.0511639118,1.2546664476,2.0356934071,1.4836258888,4.3478269577,5.4331793785,6.938041687,7.8376588821,9.2614498138,10.9023323059,13.899348259,17.1831226349,18.4003181458,19.610830307,21.100982666,22.2724266052,32.389339447,75.3756027222,56.1064071655,59.416179657,246.3184356689,64.3779067993,256.7063598633,208.3237457275,481.8111572266,1194.0218505859,1411.7099609375,4659.7314453125,408.2821350098,1017.8034057617,2515.310546875,164.5998687744,1425.2586669922,652.9937744141]},"mean_range_deviation":{"0":3.1047458649},"step_mean_range_deviation":{"0":[3.6168336868,3.437939167,3.4184987545,4.0889396667,1.9452486038,3.0572147369,2.2897868156,5.1042938232,5.1446003914,6.3085465431,5.7583045959,5.9697117805,7.3658952713,8.598359108,9.3547763824,8.0330896378,8.8014879227,8.206448555,8.6630344391,4.4430818558,8.8189287186,7.7423086166,8.1116571426,8.0561342239,7.0142760277,8.0962705612,7.7348957062,7.8718953133,9.8539381027,14.9732189178,10.9121427536,10.5654354095,17.4008388519,305.7865600586,164.5998687744,1425.2586669922,652.9937744141]},"epoch":{"0":70},"mask_name":{"0":"ally_all"},"map_name":{"0":"5m_vs_6m"}}