{"max_q":{"0":18.7910518646},"min_q":{"0":-1.1896878481},"mean_q":{"0":11.9652223587},"range_q":{"0":19.9807395935},"step_max_q":{"0":[16.5988121033,17.2306976318,17.5821170807,18.4071273804,18.7910518646,18.3980426788,18.11236763,17.6166362762,16.8878688812,16.4653396606,16.0810070038,15.7038135529,14.7610301971,14.2839050293,14.017993927,13.0971565247,12.749250412,11.9006071091,11.8349075317,11.260635376,10.2227468491,9.9170627594,9.4337215424,8.9692153931,8.5180673599,8.1030931473,8.2877521515,8.0911121368,7.7740502357,7.3684325218,6.7188544273,6.9603462219,5.9835767746,5.8480491638,4.3264112473,3.7108039856,3.4673037529,2.9852955341,2.3082761765,1.7928153276,1.060133338,1.9989900589,2.0673429966,3.2447311878]},"step_min_q":{"0":[14.7571849823,14.3521137238,14.86369133,13.9787883759,13.8012065887,12.8583126068,11.9923419952,7.0800623894,6.6461801529,5.4136285782,4.5515842438,3.4695005417,2.7571084499,1.3243041039,0.7498214245,0.5567486286,0.6898189783,0.2948875427,-0.0295729041,-0.1202118993,-0.2425180078,-0.0654082596,-0.5370771289,-0.3514474034,-0.592437923,-0.5640031695,-0.2727345824,-0.2341030687,-0.281686008,-1.1896878481,-0.2137654275,-0.3020501733,0.0,0.0,0.0,0.0,0.0,0.0,0.0,0.0,0.0,0.0,0.0,0.0]},"step_mean_q":{"0":[16.0794963837,16.3137454987,16.6817474365,17.3091163635,17.7006988525,17.1083259583,16.6202850342,15.9266853333,15.4242687225,14.9827899933,14.3189620972,13.7252874374,13.0165205002,12.4348449707,11.8057222366,11.2571601868,10.6200847626,10.0345497131,9.4759101868,8.9420261383,8.4335823059,7.9451646805,7.4579410553,7.057706356,6.7036514282,6.3843050003,6.177397728,5.9555830956,5.6460390091,5.1485061646,4.1781826019,3.4359838963,2.8081328869,4.5482182503,4.3264112473,3.7108039856,3.4673037529,2.9852955341,2.3082761765,1.7928153276,1.060133338,1.9989900589,2.0673429966,3.2447311878]},"episodes_still_running":{"0":[4096.0,4096.0,4096.0,4096.0,4096.0,4096.0,4096.0,4096.0,4096.0,4096.0,4096.0,4096.0,4096.0,4096.0,4096.0,4096.0,4096.0,4096.0,4096.0,4096.0,4096.0,4096.0,4096.0,4084.0,4076.0,3992.0,3560.0,2600.0,1320.0,572.0,256.0,124.0,60.0,24.0,4.0,4.0,4.0,4.0,4.0,4.0,4.0,4.0,4.0,4.0]},"step_range_q":{"0":[1.841627121,2.8785839081,2.7184257507,4.4283390045,4.9898452759,5.539730072,6.1200256348,10.53657341,10.2416887283,11.0517110825,11.52942276,12.2343130112,12.0039215088,12.9596004486,13.2681722641,12.5404081345,12.059431076,11.6057195663,11.8644800186,11.3808469772,10.465265274,9.9824714661,9.9707984924,9.3206624985,9.1105051041,8.667096138,8.5604867935,8.3252153397,8.0557365417,8.5581207275,6.9326200485,7.2623963356,5.9835767746,5.8480491638,4.3264112473,3.7108039856,3.4673037529,2.9852955341,2.3082761765,1.7928153276,1.060133338,1.9989900589,2.0673429966,3.2447311878]},"mean_loss:":{"0":0.2469717711},"rmse":{"0":0.4969625473},"step_rmse":{"0":[0.3228065372,0.3301593959,0.3553268611,0.271261692,0.2855782509,0.4193173051,0.5233366489,0.5254293084,0.5355184674,0.5828133821,0.5888776183,0.5737882257,0.6096044183,0.5110082626,0.5538475513,0.5848286748,0.5745748878,0.6072227955,0.5799464583,0.498345077,0.5150194168,0.4880743921,0.4738914073,0.4551798999,0.3993954659,0.381737262,0.4021071196,0.4264059365,0.5926463604,0.7273305058,1.049580574,1.0468425751,1.7251904011,1.05080235,0.2304081917,0.3633599281,0.634832859,1.0601828098,1.2831027508,1.1817301512,2.0950651169,1.2894339561,0.0519480705,0.0892851353]},"mean_error":{"0":0.3019610643},"step_mean_error":{"0":[0.1722795367,0.2327176332,0.2300239503,0.2082920671,0.2159259617,0.322184056,0.3768310249,0.3801959753,0.3797090352,0.4005031586,0.4083733261,0.3772785664,0.3872507513,0.3267831206,0.3339588344,0.356177032,0.3414949179,0.3395641744,0.3190588951,0.2885035574,0.278919816,0.2650974691,0.249129191,0.2328815162,0.2062861919,0.2198054045,0.230811432,0.2578387856,0.3509232402,0.4613149166,0.6389187574,0.6274436712,1.1894340515,0.604021132,0.2304081917,0.3633599281,0.634832859,1.0601828098,1.2831027508,1.1817301512,2.0950651169,1.2894339561,0.0519480705,0.0892851353]},"mean_deviation":{"0":1.5812922716},"step_mean_deviation":{"0":[4.2592668533,4.8051862717,4.7592186928,3.915719986,3.7737169266,4.7473063469,3.9868102074,3.3997020721,3.498175621,3.7554423809,3.552097559,3.1970169544,2.8976178169,3.1216666698,3.0445888042,3.4477450848,3.1198642254,3.2995529175,2.9895539284,2.9127569199,2.9239189625,2.7506108284,2.6754302979,2.6373543739,2.3964521885,2.7417337894,2.9792423248,3.1514956951,4.8134403229,6.7570128441,8.4598312378,9.7677593231,16.3606987,10.3167858124,5.0563378334,8.9186382294,15.4756631851,26.2066116333,35.7273025513,39.7280883789,66.4004211426,39.2113075256,2.577562809,2.6780054569]},"epoch":{"0":205},"mask_name":{"0":"ally_distance"},"map_name":{"0":"8m_vs_9m"}}