{"move_action_north":{"0":0.0269867852},"move_action_south":{"0":0.0245231483},"move_action_east":{"0":0.0443349481},"move_action_west":{"0":0.054536175},"enemy_shootable_0":{"0":0.0962685868},"enemy_distance_0":{"0":0.0768395439},"enemy_relative_x_0":{"0":0.0621992573},"enemy_relative_y_0":{"0":0.0679015219},"enemy_health_0":{"0":0.0489059277},"enemy_shootable_1":{"0":0.0485278517},"enemy_distance_1":{"0":0.0589171387},"enemy_relative_x_1":{"0":0.0416022092},"enemy_relative_y_1":{"0":0.0287497174},"enemy_health_1":{"0":0.0742546543},"enemy_shootable_2":{"0":0.1141422987},"enemy_distance_2":{"0":0.0507845879},"enemy_relative_x_2":{"0":0.0495001748},"enemy_relative_y_2":{"0":0.0372993574},"enemy_health_2":{"0":0.0706706122},"enemy_shootable_3":{"0":0.1054258347},"enemy_distance_3":{"0":0.0408189334},"enemy_relative_x_3":{"0":0.0362153724},"enemy_relative_y_3":{"0":0.0471433289},"enemy_health_3":{"0":0.0806467012},"enemy_shootable_4":{"0":0.0863368511},"enemy_distance_4":{"0":0.0636686459},"enemy_relative_x_4":{"0":0.0328291915},"enemy_relative_y_4":{"0":0.0297827665},"enemy_health_4":{"0":0.0583264716},"enemy_shootable_5":{"0":0.0802981704},"enemy_distance_5":{"0":0.0377291851},"enemy_relative_x_5":{"0":0.0440225005},"enemy_relative_y_5":{"0":0.0552241392},"enemy_health_5":{"0":0.05641298},"enemy_shootable_6":{"0":0.0999359861},"enemy_distance_6":{"0":0.0304413736},"enemy_relative_x_6":{"0":0.0402806662},"enemy_relative_y_6":{"0":0.0627500042},"enemy_health_6":{"0":0.0485505275},"enemy_shootable_7":{"0":0.1124889553},"enemy_distance_7":{"0":0.0363649093},"enemy_relative_x_7":{"0":0.0303173233},"enemy_relative_y_7":{"0":0.0505479611},"enemy_health_7":{"0":0.048979748},"enemy_shootable_8":{"0":0.1239326671},"enemy_distance_8":{"0":0.0332066678},"enemy_relative_x_8":{"0":0.0758963972},"enemy_relative_y_8":{"0":0.0432097912},"enemy_health_8":{"0":0.0507482439},"enemy_shootable_9":{"0":0.0904998854},"enemy_distance_9":{"0":0.0505053885},"enemy_relative_x_9":{"0":0.0340753943},"enemy_relative_y_9":{"0":0.0274033807},"enemy_health_9":{"0":0.0666885823},"enemy_shootable_10":{"0":0.0891674012},"enemy_distance_10":{"0":0.0479483195},"enemy_relative_x_10":{"0":0.0514348894},"enemy_relative_y_10":{"0":0.0206535365},"enemy_health_10":{"0":0.0483044609},"enemy_shootable_11":{"0":0.0889729112},"enemy_distance_11":{"0":0.0415453129},"enemy_relative_x_11":{"0":0.0382624529},"enemy_relative_y_11":{"0":0.039381884},"enemy_health_11":{"0":0.0770699307},"enemy_shootable_12":{"0":0.0628703162},"enemy_distance_12":{"0":0.0311620254},"enemy_relative_x_12":{"0":0.0510503724},"enemy_relative_y_12":{"0":0.0384117551},"enemy_health_12":{"0":0.0765048563},"enemy_shootable_13":{"0":0.0871647224},"enemy_distance_13":{"0":0.063831009},"enemy_relative_x_13":{"0":0.038420666},"enemy_relative_y_13":{"0":0.0352566615},"enemy_health_13":{"0":0.0671381578},"enemy_shootable_14":{"0":0.1486907452},"enemy_distance_14":{"0":0.0361291394},"enemy_relative_x_14":{"0":0.0320412852},"enemy_relative_y_14":{"0":0.0443954468},"enemy_health_14":{"0":0.0738004446},"enemy_shootable_15":{"0":0.0775192678},"enemy_distance_15":{"0":0.0626092553},"enemy_relative_x_15":{"0":0.0356104337},"enemy_relative_y_15":{"0":0.0312081613},"enemy_health_15":{"0":0.0571706817},"enemy_shootable_16":{"0":0.0623603128},"enemy_distance_16":{"0":0.0374371521},"enemy_relative_x_16":{"0":0.0560983829},"enemy_relative_y_16":{"0":0.0588595867},"enemy_health_16":{"0":0.0493255854},"enemy_shootable_17":{"0":0.0917083398},"enemy_distance_17":{"0":0.0461602099},"enemy_relative_x_17":{"0":0.0503760278},"enemy_relative_y_17":{"0":0.0249669477},"enemy_health_17":{"0":0.0488422439},"enemy_shootable_18":{"0":0.0902546942},"enemy_distance_18":{"0":0.0350493304},"enemy_relative_x_18":{"0":0.0464688912},"enemy_relative_y_18":{"0":0.0476256944},"enemy_health_18":{"0":0.0645571202},"enemy_shootable_19":{"0":0.1300684363},"enemy_distance_19":{"0":0.0370847695},"enemy_relative_x_19":{"0":0.0484240055},"enemy_relative_y_19":{"0":0.0357592069},"enemy_health_19":{"0":0.0795814991},"enemy_shootable_20":{"0":0.0498282127},"enemy_distance_20":{"0":0.0404463857},"enemy_relative_x_20":{"0":0.0423576236},"enemy_relative_y_20":{"0":0.0278222989},"enemy_health_20":{"0":0.0762255043},"enemy_shootable_21":{"0":0.0550047681},"enemy_distance_21":{"0":0.033909902},"enemy_relative_x_21":{"0":0.0454220288},"enemy_relative_y_21":{"0":0.0398119278},"enemy_health_21":{"0":0.0535270236},"enemy_shootable_22":{"0":0.0443756916},"enemy_distance_22":{"0":0.0436327606},"enemy_relative_x_22":{"0":0.0314044505},"enemy_relative_y_22":{"0":0.0543775558},"enemy_health_22":{"0":0.0440274328},"enemy_shootable_23":{"0":0.0611992888},"enemy_distance_23":{"0":0.0440068804},"enemy_relative_x_23":{"0":0.0354212858},"enemy_relative_y_23":{"0":0.0520175546},"enemy_health_23":{"0":0.0509009622},"ally_visible_1":{"0":0.0533200763},"ally_distance_1":{"0":0.0562350973},"ally_relative_x_1":{"0":0.1187433153},"ally_relative_y_1":{"0":0.0633022487},"ally_health_1":{"0":0.1025514603},"ally_shield_bits_1":{"0":0.0444847383},"ally_visible_2":{"0":0.0519917347},"ally_distance_2":{"0":0.0437619239},"ally_relative_x_2":{"0":0.0859335288},"ally_relative_y_2":{"0":0.0630220994},"ally_health_2":{"0":0.098088339},"ally_shield_bits_2":{"0":0.046297539},"ally_visible_3":{"0":0.0475393049},"ally_distance_3":{"0":0.0539904088},"ally_relative_x_3":{"0":0.1356539726},"ally_relative_y_3":{"0":0.1155358106},"ally_health_3":{"0":0.118327871},"ally_shield_bits_3":{"0":0.063829802},"ally_visible_4":{"0":0.0558904223},"ally_distance_4":{"0":0.0406848751},"ally_relative_x_4":{"0":0.0760490969},"ally_relative_y_4":{"0":0.0702774674},"ally_health_4":{"0":0.0962631479},"ally_shield_bits_4":{"0":0.0493692718},"ally_visible_5":{"0":0.0448852926},"ally_distance_5":{"0":0.0522100143},"ally_relative_x_5":{"0":0.0847507268},"ally_relative_y_5":{"0":0.0445010401},"ally_health_5":{"0":0.1041735038},"ally_shield_bits_5":{"0":0.0521411747},"own_health":{"0":0.2359602749},"own_shield":{"0":0.1020044237}}