{"ally_health_0":{"0":1.210855484},"ally_weapon_cooldown_0":{"0":0.1355987489},"ally_relative_x_0":{"0":0.4967226386},"ally_relative_y_0":{"0":0.2851294577},"ally_shield_0":{"0":0.3360721171},"ally_health_1":{"0":1.1454058886},"ally_weapon_cooldown_1":{"0":0.102529645},"ally_relative_x_1":{"0":0.3405306041},"ally_relative_y_1":{"0":0.2184374928},"ally_shield_1":{"0":0.4109606743},"ally_health_2":{"0":1.2862081528},"ally_weapon_cooldown_2":{"0":0.0857929885},"ally_relative_x_2":{"0":0.2412728816},"ally_relative_y_2":{"0":0.2851926982},"ally_shield_2":{"0":0.2688393593},"ally_health_3":{"0":0.4180721939},"ally_weapon_cooldown_3":{"0":0.1407075077},"ally_relative_x_3":{"0":0.7364838719},"ally_relative_y_3":{"0":0.3590268493},"ally_shield_3":{"0":0.2930931747},"ally_health_4":{"0":1.525305748},"ally_weapon_cooldown_4":{"0":0.1121454239},"ally_relative_x_4":{"0":0.2261760682},"ally_relative_y_4":{"0":0.1752233803},"ally_shield_4":{"0":0.8898593187},"ally_health_5":{"0":1.1206015348},"ally_weapon_cooldown_5":{"0":0.0819828883},"ally_relative_x_5":{"0":0.213669613},"ally_relative_y_5":{"0":0.4004735053},"ally_shield_5":{"0":0.2887005508},"enemy_health_0":{"0":0.1425634474},"enemy_relative_x_0":{"0":0.2172675282},"enemy_relative_y_0":{"0":0.2183018327},"enemy_health_1":{"0":0.2119903862},"enemy_relative_x_1":{"0":0.1525193006},"enemy_relative_y_1":{"0":0.2376829237},"enemy_health_2":{"0":0.2632367015},"enemy_relative_x_2":{"0":0.2989197969},"enemy_relative_y_2":{"0":0.1601199359},"enemy_health_3":{"0":0.3309145272},"enemy_relative_x_3":{"0":0.1755348593},"enemy_relative_y_3":{"0":0.1485031843},"enemy_health_4":{"0":0.244138062},"enemy_relative_x_4":{"0":0.1848128438},"enemy_relative_y_4":{"0":0.1842665821},"enemy_health_5":{"0":0.2245372683},"enemy_relative_x_5":{"0":0.1747376621},"enemy_relative_y_5":{"0":0.1687071025},"enemy_health_6":{"0":0.272213459},"enemy_relative_x_6":{"0":0.2140964121},"enemy_relative_y_6":{"0":0.2173357606},"enemy_health_7":{"0":0.2065046281},"enemy_relative_x_7":{"0":0.1492349207},"enemy_relative_y_7":{"0":0.1221127138},"enemy_health_8":{"0":0.2675996721},"enemy_relative_x_8":{"0":0.1795468628},"enemy_relative_y_8":{"0":0.2146661282},"enemy_health_9":{"0":0.169727087},"enemy_relative_x_9":{"0":0.3395452797},"enemy_relative_y_9":{"0":0.1436402202},"enemy_health_10":{"0":0.2233999968},"enemy_relative_x_10":{"0":0.1717253029},"enemy_relative_y_10":{"0":0.1786737442},"enemy_health_11":{"0":0.1929154098},"enemy_relative_x_11":{"0":0.1876122057},"enemy_relative_y_11":{"0":0.189416945},"enemy_health_12":{"0":0.2734462619},"enemy_relative_x_12":{"0":0.1575714052},"enemy_relative_y_12":{"0":0.1821709424},"enemy_health_13":{"0":0.1782891303},"enemy_relative_x_13":{"0":0.205546394},"enemy_relative_y_13":{"0":0.1517724097},"enemy_health_14":{"0":0.1869233698},"enemy_relative_x_14":{"0":0.1995757222},"enemy_relative_y_14":{"0":0.1287169307},"enemy_health_15":{"0":0.2633591294},"enemy_relative_x_15":{"0":0.1389047801},"enemy_relative_y_15":{"0":0.2025474906},"enemy_health_16":{"0":0.2069428563},"enemy_relative_x_16":{"0":0.1114355251},"enemy_relative_y_16":{"0":0.1651870459},"enemy_health_17":{"0":0.2674666345},"enemy_relative_x_17":{"0":0.20976457},"enemy_relative_y_17":{"0":0.1279903799},"enemy_health_18":{"0":0.2068083882},"enemy_relative_x_18":{"0":0.1845900863},"enemy_relative_y_18":{"0":0.1564886272},"enemy_health_19":{"0":0.1768733114},"enemy_relative_x_19":{"0":0.1594253927},"enemy_relative_y_19":{"0":0.1631355882},"enemy_health_20":{"0":0.1991520673},"enemy_relative_x_20":{"0":0.2049360275},"enemy_relative_y_20":{"0":0.153565973},"enemy_health_21":{"0":0.2029937357},"enemy_relative_x_21":{"0":0.1854109764},"enemy_relative_y_21":{"0":0.2053429931},"enemy_health_22":{"0":0.2500850558},"enemy_relative_x_22":{"0":0.2167974263},"enemy_relative_y_22":{"0":0.1722367853},"enemy_health_23":{"0":0.2000842839},"enemy_relative_x_23":{"0":0.1112101898},"enemy_relative_y_23":{"0":0.2353696823},"ally_last_action_0_action_0":{"0":0.3262221813},"ally_last_action_0_action_1":{"0":0.3725992441},"ally_last_action_0_action_2":{"0":0.3120453656},"ally_last_action_0_action_3":{"0":0.3411747813},"ally_last_action_0_action_4":{"0":0.3283792734},"ally_last_action_0_action_5":{"0":0.3385205865},"ally_last_action_0_action_6":{"0":0.3344069719},"ally_last_action_0_action_7":{"0":0.4305858016},"ally_last_action_0_action_8":{"0":0.3867168427},"ally_last_action_0_action_9":{"0":0.4041745663},"ally_last_action_0_action_10":{"0":0.3244773149},"ally_last_action_0_action_11":{"0":0.3647812903},"ally_last_action_0_action_12":{"0":0.3423494995},"ally_last_action_0_action_13":{"0":0.3138203919},"ally_last_action_0_action_14":{"0":0.3926213682},"ally_last_action_0_action_15":{"0":0.3720775545},"ally_last_action_0_action_16":{"0":0.3900461793},"ally_last_action_0_action_17":{"0":0.4147705436},"ally_last_action_0_action_18":{"0":0.3953210413},"ally_last_action_0_action_19":{"0":0.4077885449},"ally_last_action_0_action_20":{"0":0.4187231362},"ally_last_action_0_action_21":{"0":0.400605619},"ally_last_action_0_action_22":{"0":0.3994838595},"ally_last_action_0_action_23":{"0":0.3856191933},"ally_last_action_0_action_24":{"0":0.3571270704},"ally_last_action_0_action_25":{"0":0.3440136015},"ally_last_action_0_action_26":{"0":0.3730517924},"ally_last_action_0_action_27":{"0":0.336327821},"ally_last_action_0_action_28":{"0":0.3502537012},"ally_last_action_0_action_29":{"0":0.3939415216},"ally_last_action_1_action_0":{"0":0.3258803487},"ally_last_action_1_action_1":{"0":0.4033682048},"ally_last_action_1_action_2":{"0":0.4034956992},"ally_last_action_1_action_3":{"0":0.4275950789},"ally_last_action_1_action_4":{"0":0.3599115312},"ally_last_action_1_action_5":{"0":0.4126027524},"ally_last_action_1_action_6":{"0":0.3814126551},"ally_last_action_1_action_7":{"0":0.4208342731},"ally_last_action_1_action_8":{"0":0.3552891016},"ally_last_action_1_action_9":{"0":0.4278294742},"ally_last_action_1_action_10":{"0":0.4508348405},"ally_last_action_1_action_11":{"0":0.4017795324},"ally_last_action_1_action_12":{"0":0.3623991311},"ally_last_action_1_action_13":{"0":0.4095904827},"ally_last_action_1_action_14":{"0":0.3946720362},"ally_last_action_1_action_15":{"0":0.4469945729},"ally_last_action_1_action_16":{"0":0.4551994503},"ally_last_action_1_action_17":{"0":0.3610791564},"ally_last_action_1_action_18":{"0":0.4179056585},"ally_last_action_1_action_19":{"0":0.3911441863},"ally_last_action_1_action_20":{"0":0.4039040804},"ally_last_action_1_action_21":{"0":0.4111280441},"ally_last_action_1_action_22":{"0":0.3709375262},"ally_last_action_1_action_23":{"0":0.5596907735},"ally_last_action_1_action_24":{"0":0.4209574759},"ally_last_action_1_action_25":{"0":0.4726181328},"ally_last_action_1_action_26":{"0":0.4371938109},"ally_last_action_1_action_27":{"0":0.3992869556},"ally_last_action_1_action_28":{"0":0.4878357947},"ally_last_action_1_action_29":{"0":0.4858630598},"ally_last_action_2_action_0":{"0":0.3294443786},"ally_last_action_2_action_1":{"0":0.4121477306},"ally_last_action_2_action_2":{"0":0.4495460689},"ally_last_action_2_action_3":{"0":0.4287453294},"ally_last_action_2_action_4":{"0":0.4200839102},"ally_last_action_2_action_5":{"0":0.4370796978},"ally_last_action_2_action_6":{"0":0.4289855957},"ally_last_action_2_action_7":{"0":0.4013911486},"ally_last_action_2_action_8":{"0":0.4351929426},"ally_last_action_2_action_9":{"0":0.4870916605},"ally_last_action_2_action_10":{"0":0.3453087807},"ally_last_action_2_action_11":{"0":0.439167738},"ally_last_action_2_action_12":{"0":0.444108218},"ally_last_action_2_action_13":{"0":0.4616595209},"ally_last_action_2_action_14":{"0":0.4567993879},"ally_last_action_2_action_15":{"0":0.4842857718},"ally_last_action_2_action_16":{"0":0.439150542},"ally_last_action_2_action_17":{"0":0.4207118154},"ally_last_action_2_action_18":{"0":0.376334995},"ally_last_action_2_action_19":{"0":0.3839153945},"ally_last_action_2_action_20":{"0":0.3967552185},