{"max_q":{"0":20.975938797},"min_q":{"0":-0.8353424668},"mean_q":{"0":4.9507455826},"range_q":{"0":21.8112812042},"step_max_q":{"0":[16.9696674347,17.5144081116,17.474729538,17.8615283966,17.4482345581,17.5806541443,19.046672821,18.9534397125,19.0432567596,18.5190658569,18.8784923553,19.2566738129,19.4356365204,20.975938797,19.2524108887,18.7799739838,19.3459720612,18.1071548462,18.0369968414,19.2960624695,18.1149978638,18.1268692017,17.8947505951,17.3294353485,17.4009456635,17.4155311584,17.584859848,17.3413028717,17.2290706635,15.9801177979,14.4650611877,14.1117153168,12.7413272858,12.9645900726,12.8575973511,12.4048204422,12.5424480438,13.226234436,13.0028028488,12.370472908,13.1736593246,11.9359760284,11.7871713638,12.8521556854,11.8083162308,11.5571317673,12.0757875443,11.8185853958,12.1985168457,11.4669017792,11.3224830627,13.5594615936,11.847111702,11.5509748459,12.5266532898,12.2620277405,14.0484313965,11.7762756348,10.2539682388,10.207742691,10.041012764,10.0056152344,9.6608190536,8.473031044,8.5853261948,6.9139461517,7.6255998611,7.4136724472,7.3157916069,7.399928093,7.1735391617,5.0508999825,8.5516061783,5.3527860641,6.9636230469,3.9237627983,6.0998277664,3.1136891842,5.2797856331,1.6858552694,1.4124668837,2.1190052032,1.3022216558,1.2342725992,1.0713347197,0.9201820493,0.5732911825,0.3830112815,0.5466463566,0.5122777224,0.2310979068,1.6990166903,0.3072464168,0.9898325801]},"step_min_q":{"0":[2.0419044495,2.0285189152,-0.0406256318,-0.0077680647,0.0,0.0,0.0,0.0,0.0,-0.1674943715,-0.1443143487,-0.2319745123,-0.2416788787,-0.2599527836,-0.3160738647,-0.3078757226,-0.404469192,-0.3110369742,-0.3095777035,-0.4027405381,-0.3877471089,-0.4279114008,-0.6470400095,-0.681180954,-0.4769817591,-0.4516683817,-0.5046568513,-0.562518537,-0.5961009264,-0.4992131591,-0.6275682449,-0.5632237792,-0.5329680443,-0.7334158421,-0.7486294508,-0.5307863951,-0.5363506079,-0.5054824352,-0.5142985582,-0.5057896376,-0.5646576285,-0.5472955108,-0.6026224494,-0.5168954134,-0.6058474779,-0.5140810609,-0.5322550535,-0.6299805641,-0.5284976959,-0.6084580421,-0.5424521565,-0.722632587,-0.7719883919,-0.8353424668,-0.3541693091,-0.4190544486,-0.4010559618,-0.4107205868,-0.4227513969,-0.3411831856,-0.4629179239,-0.2620033324,-0.2301016897,-0.2192189544,-0.2918120623,-0.2294486761,-0.1642805636,-0.0610830486,-0.2167052031,-0.2548937798,-0.2796717286,-0.1931318194,-0.253746748,-0.2688246667,-0.2354225218,-0.1321929097,0.0,0.0,0.0,0.0,0.0,0.0,0.0,0.0,0.0,0.0,0.0,0.0,0.0,0.0,0.0,0.0,0.0,0.0]},"step_mean_q":{"0":[9.219751358,9.2482872009,9.2119026184,9.0848016739,8.9155817032,8.7114648819,8.4701509476,8.2141675949,7.9914455414,7.6853346825,7.3077683449,6.9202752113,6.46398592,6.0576057434,5.614385128,5.1522464752,4.7660450935,4.4270119667,4.0814161301,3.7762432098,3.4770247936,3.1980204582,2.9386467934,2.6512229443,2.4264047146,2.224167347,2.0614180565,1.9330302477,1.7983568907,1.6734048128,1.5732991695,1.4570368528,1.3868018389,1.3331568241,1.314470768,1.2860658169,1.2569952011,1.2041375637,1.1945720911,1.1637837887,1.1826459169,1.1638621092,1.145914793,1.1087149382,1.0884473324,1.0428220034,1.0577206612,1.014103651,1.0298711061,1.0189609528,1.0875767469,1.0518370867,1.0441169739,1.1243293285,1.2562332153,1.2862684727,1.3009114265,1.2491084337,1.1270593405,1.2635062933,1.3151487112,1.5361890793,1.5677349567,1.3682118654,1.4657869339,1.4003235102,1.4744112492,1.6371287107,1.4997061491,1.5989958048,1.4354888201,1.2111006975,1.4777758121,1.2501909733,1.1952394247,1.1829065084,1.5154561996,1.1581196785,1.404936552,0.8501799703,0.7667292953,1.200933218,0.9655179977,0.8270452619,0.7845470905,0.9201820493,0.5732911825,0.3830112815,0.5466463566,0.5122777224,0.2310979068,1.6990166903,0.3072464168,0.9898325801]},"episodes_still_running":{"0":[4096.0,4096.0,4087.0,4083.0,4079.0,4072.0,4062.0,4058.0,4049.0,4039.0,4027.0,4007.0,3974.0,3938.0,3875.0,3800.0,3729.0,3653.0,3570.0,3487.0,3389.0,3294.0,3212.0,3119.0,3010.0,2904.0,2813.0,2686.0,2571.0,2459.0,2337.0,2202.0,2070.0,1930.0,1795.0,1655.0,1547.0,1429.0,1314.0,1216.0,1111.0,1011.0,913.0,823.0,730.0,639.0,576.0,508.0,456.0,411.0,351.0,308.0,268.0,237.0,208.0,187.0,158.0,137.0,121.0,99.0,84.0,62.0,58.0,52.0,48.0,38.0,34.0,26.0,22.0,20.0,18.0,16.0,16.0,16.0,14.0,12.0,10.0,9.0,7.0,6.0,5.0,4.0,3.0,2.0,2.0,1.0,1.0,1.0,1.0,1.0,1.0,1.0,1.0,1.0]},"step_range_q":{"0":[14.9277629852,15.4858894348,17.5153560638,17.8692970276,17.4482345581,17.5806541443,19.046672821,18.9534397125,19.0432567596,18.6865596771,19.0228061676,19.4886474609,19.6773147583,21.2358913422,19.56848526,19.0878505707,19.7504405975,18.4181919098,18.3465747833,19.698802948,18.5027446747,18.5547809601,18.5417900085,18.0106163025,17.8779277802,17.8671989441,18.0895175934,17.9038219452,17.8251724243,16.4793300629,15.0926294327,14.6749391556,13.2742958069,13.6980056763,13.6062269211,12.9356069565,13.0787982941,13.7317171097,13.5171012878,12.8762626648,13.7383165359,12.4832715988,12.389793396,13.3690509796,12.4141635895,12.0712127686,12.608042717,12.4485664368,12.7270145416,12.0753593445,11.8649349213,14.2820940018,12.6191005707,12.3863172531,12.8808221817,12.6810817719,14.4494876862,12.18699646,10.6767196655,10.5489253998,10.5039310455,10.2676181793,9.890920639,8.6922502518,8.8771381378,7.1433949471,7.7898802757,7.4747552872,7.5324969292,7.6548218727,7.4532108307,5.2440319061,8.8053531647,5.6216106415,7.1990456581,4.0559558868,6.0998277664,3.1136891842,5.2797856331,1.6858552694,1.4124668837,2.1190052032,1.3022216558,1.2342725992,1.0713347197,0.9201820493,0.5732911825,0.3830112815,0.5466463566,0.5122777224,0.2310979068,1.6990166903,0.3072464168,0.9898325801]},"mean_loss:":{"0":0.7052713633},"rmse":{"0":0.8398043513},"step_rmse":{"0":[0.5102338195,0.5918106437,0.6863260269,0.7037037611,0.7406345606,0.8008004427,0.8371427655,0.8784345388,0.9250494242,0.9750833511,0.9787872434,1.0154752731,0.9896023273,0.9916496277,1.0096052885,0.9874800444,0.9793855548,0.9907454848,0.948322773,0.9430462122,0.905339241,0.916036725,0.9173702598,0.8742313385,0.8498841524,0.8691600561,0.8126158714,0.777964592,0.7507496476,0.726449132,0.7311235666,0.7021556497,0.6778509021,0.6845805645,0.6969189048,0.6894752383,0.6946883798,0.6682309508,0.6756443381,0.6725915074,0.6798505187,0.6554596424,0.6971918344,0.6643669009,0.6851842403,0.6378628612,0.6561688185,0.606716156,0.5895800591,0.6873270273,0.6475197077,0.6041710973,0.5885127187,0.6688542366,0.6876686811,0.7732169628,0.7777932286,0.8181007504,0.6946482658,0.8627895117,0.8272553682,0.8413926363,0.8324414492,0.7367431521,0.806347847,0.7609845996,0.4386616945,0.8244939446,0.709982574,0.9941850901,0.4976354241,0.577878952,1.2317862511,0.5661095977,1.2373310328,0.738469243,1.4784599543,0.7938802838,1.6358684301,0.8217161894,0.7701890469,1.1861258745,1.1311935186,0.72187078,0.541111052,0.5978372693,0.0494340658,0.1937870383,0.0524432659,0.6515191793,0.4056098759,1.0785022974,0.1696293652,0.6536132693]},"mean_error":{"0":0.5182514787},