{"max_q":{"0":18.2962150574},"min_q":{"0":-0.5199982524},"mean_q":{"0":12.4204378128},"range_q":{"0":18.8162136078},"step_max_q":{"0":[16.6910820007,17.0217113495,17.3354263306,17.8789291382,17.9213428497,18.2962150574,17.2908401489,17.2105236053,16.6072006226,16.056602478,15.7048664093,15.1256198883,14.5186271667,14.1379470825,13.312253952,12.925283432,12.4306240082,11.699420929,11.1222467422,10.9847564697,11.3948173523,9.61921978,9.1345930099,8.9581670761,8.6190814972,9.0284938812,8.2682933807,8.2584781647,8.8420801163,7.2098884583,7.4996013641,6.261525631,5.8686876297,6.7852797508,4.4933657646,2.1143393517,1.3904569149,0.6608858109,0.6303758621,0.412024796,0.585634768,0.3225943446,0.5095241666,0.2420214117,0.4193077385,0.1562931389,0.3257941902,0.0688982606,0.2384284735,0.0,0.1650325358,0.0,0.1124168783,0.0,0.0854007602,0.0,0.0823952407,0.0,0.0920976251,0.0,0.1091589406,0.0,0.1493080258,0.0,0.171190396,0.0,0.1811455488,0.0,0.1823765039,0.0,0.1789743006,0.0,0.1749542356,0.0,0.1725576818,0.0,0.172141999,0.0,0.1729884148,0.0,0.1741563678,0.0,0.1749789119,0.0,0.1751961857,0.0,0.1748797297,0.0,0.1742762178,0.0,0.1736522317,0.0,0.1731895208,0.0,0.1729503423,0.0,0.1728959084,0.0,0.1729364693,0.0,0.1729822457,0.0,0.1729742289,0.0,0.1728953421,0.0,0.1727622151,0.0,0.1726063937,0.0,0.1724594384,0.0,0.1723403633,0.0,0.1722537428,0.0,0.1721931547,0.0,0.1721471995,0.0]},"step_min_q":{"0":[13.6554517746,15.7587680817,16.2433376312,15.1287899017,14.1662473679,15.1346492767,14.6335830688,14.1101417542,10.6667060852,8.475320816,9.5708837509,9.3281345367,8.1688871384,5.9984912872,4.2462677956,2.707359314,1.6648786068,2.257461071,2.0195808411,1.3663361073,0.838175416,0.6158643961,0.0,-0.4027352929,-0.5199982524,-0.4574150443,0.0,0.0,-0.1794438958,-0.2769946456,-0.4952701032,0.0,0.0,0.0,0.0,0.0,0.0,0.0,0.0,0.0,0.0,0.0,0.0,0.0,0.0,0.0,0.0,0.0,0.0,-0.0148973763,0.0,-0.0880683959,0.0,-0.1383781433,0.0,-0.1599064469,0.0,-0.1598360837,0.0,-0.1534369886,0.0,-0.1237532496,0.0,-0.0674665868,0.0,-0.0331495702,0.0,-0.0186878741,0.0,-0.0162151754,0.0,-0.0186165571,0.0,-0.0209603608,0.0,-0.0212672651,0.0,-0.0197611451,0.0,-0.0175499618,0.0,-0.0156669319,0.0,-0.014660418,0.0,-0.0145773888,0.0,-0.0151360333,0.0,-0.015942961,0.0,-0.0166679919,0.0,-0.0171357393,0.0,-0.0173302889,0.0,-0.0173425078,0.0,-0.0172973573,0.0,-0.0172942281,0.0,-0.0173839927,0.0,-0.0175616443,0.0,-0.0177927017,0.0,-0.0180295408,0.0,-0.0182392299,0.0,-0.018404901,0.0,-0.0185279846,0.0,-0.0186230838,0.0,-0.0187057555]},"step_mean_q":{"0":[16.3817119598,16.633934021,16.9702033997,17.3544616699,17.4492988586,17.7855682373,16.578622818,16.3180198669,15.5634965897,14.9017820358,14.4542293549,13.7629108429,13.281873703,12.5308036804,11.934513092,11.2676906586,10.6673183441,10.0478134155,9.4837646484,8.9632320404,8.4114208221,7.8877921104,7.366625309,6.9489078522,6.6464037895,6.3832297325,6.1165280342,5.724480629,5.3087844849,4.6513729095,4.1159229279,3.3370559216,2.9285597801,3.1675157547,2.2908799648,1.4343340397,1.0494372845,0.6608858109,0.6303758621,0.412024796,0.585634768,0.3225943446,0.5095241666,0.2420214117,0.4193077385,0.1562931389,0.3257941902,0.0688982606,0.2384284735,-0.0148973763,0.1650325358,-0.0880683959,0.1124168783,-0.1383781433,0.0854007602,-0.1599064469,0.0823952407,-0.1598360837,0.0920976251,-0.1534369886,0.1091589406,-0.1237532496,0.1493080258,-0.0674665868,0.171190396,-0.0331495702,0.1811455488,-0.0186878741,0.1823765039,-0.0162151754,0.1789743006,-0.0186165571,0.1749542356,-0.0209603608,0.1725576818,-0.0212672651,0.172141999,-0.0197611451,0.1729884148,-0.0175499618,0.1741563678,-0.0156669319,0.1749789119,-0.014660418,0.1751961857,-0.0145773888,0.1748797297,-0.0151360333,0.1742762178,-0.015942961,0.1736522317,-0.0166679919,0.1731895208,-0.0171357393,0.1729503423,-0.0173302889,0.1728959084,-0.0173425078,0.1729364693,-0.0172973573,0.1729822457,-0.0172942281,0.1729742289,-0.0173839927,0.1728953421,-0.0175616443,0.1727622151,-0.0177927017,0.1726063937,-0.0180295408,0.1724594384,-0.0182392299,0.1723403633,-0.018404901,0.1722537428,-0.0185279846,0.1721931547,-0.0186230838,0.1721471995,-0.0187057555]},"episodes_still_running":{"0":[4096.0,4096.0,4096.0,4096.0,4096.0,4096.0,4096.0,4096.0,4096.0,4096.0,4096.0,4096.0,4096.0,4096.0,4096.0,4096.0,4096.0,4096.0,4096.0,4096.0,4096.0,4096.0,4092.0,3948.0,3280.0,2432.0,1432.0,848.0,488.0,288.0,168.0,88.0,56.0,44.0,24.0,8.0,8.0,4.0,4.0,4.0,4.0,4.0,4.0,4.0,4.0,4.0,4.0,4.0,4.0,4.0,4.0,4.0,4.0,4.0,4.0,4.0,4.0,4.0,4.0,4.0,4.0,4.0,4.0,4.0,4.0,4.0,4.0,4.0,4.0,4.0,4.0,4.0,4.0,4.0,4.0,4.0,4.0,4.0,4.0,4.0,4.0,4.0,4.0,4.0,4.0,4.0,4.0,4.0,4.0,4.0,4.0,4.0,4.0,4.0,4.0,4.0,4.0,4.0,4.0,4.0,4.0,4.0,4.0,4.0,4.0,4.0,4.0,4.0,4.0,4.0,4.0,4.0,4.0,4.0,4.0,4.0,4.0,4.0,4.0,4.0]},"step_range_q":{"0":[3.0356302261,1.2629432678,1.0920886993,2.7501392365,3.7550954819,3.1615657806,2.6572570801,3.1003818512,5.9404945374,7.581281662,6.1339826584,5.7974853516,6.3497400284,8.1394557953,9.0659866333,10.217924118,10.765745163,9.4419593811,9.1026659012,9.6184206009,10.5566415787,9.0033550262,9.1345930099,9.3609027863,9.1390800476,9.4859085083,8.2682933807,8.2584781647,9.0215244293,7.4868831635,7.9948716164,6.261525631,5.8686876297,6.7852797508,4.4933657646,2.1143393517,1.3904569149,0.6608858109,0.6303758621,0.412024796,0.585634768,0.3225943446,0.5095241666,0.2420214117,0.4193077385,0.1562931389,0.3257941902,0.0688982606,0.2384284735,0.0148973763,0.1650325358,0.0880683959,0.1124168783,0.1383781433,0.0854007602,0.1599064469,0.0823952407,0.1598360837,0.0920976251,0.1534369886,0.1091589406,0.1237532496,0.1493080258,0.0674665868,0.171190396,0.0331495702,0.1811455488,0.0186878741,0.1823765039,0.0162151754,0.1789743006,0.0186165571,0.1749542356,0.0209603608,0.1725576818,0.0212672651,0.172141999,0.0197611451,0.1729884148,0.0175499618,0.1741563678,0.0156669319,0.1749789119,0.014660418,0.1751961857,0.0145773888,0.1748797297,0.0151360333,0.1742762178,0.015942961,0.1736522317,0.0166679919,0.1731895208,0.0171357393,0.1729503423,0.0173302889,0.1728959084,0.0173425078,0.1729364693,0.0172973573,0.1729822457,0.0172942281,0.1729742289,0.0173839927,0.1728953421,0.0175616443,0.1727622151,0.0177927017,0.1726063937,0.0180295408,0.1724594384,0.0182392299,0.1723403633,0.018404901,0.1722537428,0.0185279846,0.1721931547,0.0186230838,0.1721471995,0.0187057555]},"mean_loss:":{"0":0.2084038556},"rmse":{"0":0.4565127194},"step_rmse":{"0":[0.0947740898,0.1810739934,0.1599077731,0.1136079282,0.1291210949,0.1283061951,0.1979142129,0.3151957989,0.2948854268,0.4122844934,0.4175148606,0.4246852696,0.5316211581,0.5538717508,0.5315740108,0.5375541449,0.5584977269,0.5746603608,0.5855900645,0.6148288846,0.5620849729,0.5155121088,0.5055075288,0.4591433108,0.4698146284,0.4746582806,0.5040534735,0.68486619,0.9781119823,1.1968693733,1.6839886904,2.172668457,2.1065385342,1.9735682011,1.2876101732,1.3901970387,0.9397351146,0.4409127235,0.3779127598,0.0972822309,0.2366119027,0.1609843373,0.0362227559,0.2627750933,0.0240084827,0.2794849873,0.0494680703,0.3084692359,0.0829547644,0.3559201062,0.141846031,0.4209434092,0.1898301691,0.4611539841,0.2106531262,0.4523115754,0.1688771993,0.4038679898,0.100369826,0.3409634531,0.0384769961,0.2478494048,0.0838813186,0.2016118467,0.0919099897,0.1700905263,0.071922183,0.1544279158,0.0688129663,0.1445582807,0.0740362108,0.1554738283,0.0793454051,0.1586051285,0.0915280879,0.1597498357,0.083373338,0.1601150632,0.0855617523,0.1507887542,0.0841875672,0.1575350463,0.0822981,0.1528807282,0.0914418548,0.1549658775,0.0819759965,0.1583283246,0.0891379267,0.1517867148,0.0874757171,0.1623944342,0.0864533186,0.1557537317,0.0964104384,0.1600288153,0.0850026608,0.1627184749,0.0947105587,0.1551624238,0.0897509754,0.1667521596,0.0891419649,0.1564740539,0.0993243158,0.1631540954,0.0862759948,0.1649429798,0.0992999822,0.1579338014,0.091169998,0.1714975536,0.0925834477,0.1580995917,0.1026874632,0.1675977707,0.0882629305,0.1671058834,0.1042300016,0.1609272063]},"rmse_by_q":{"0":3.6754961014},