{"max_q":{"0":22.9732112885},"min_q":{"0":-0.9380779266},"mean_q":{"0":6.2602777481},"range_q":{"0":23.9112892151},"step_max_q":{"0":[21.3343048096,21.7573242188,21.8639469147,21.2399196625,21.4802474976,22.3480091095,22.130607605,22.9732112885,22.4617977142,22.7109622955,21.9690704346,22.0411491394,22.3329620361,21.0678443909,21.4756584167,20.943025589,20.1177310944,19.9978370667,19.3713665009,18.8393344879,18.9165840149,18.5359287262,18.5633544922,18.3362731934,18.5219783783,18.4627571106,17.9778594971,17.1097354889,16.446516037,16.6802711487,16.3965244293,15.4481716156,15.4223995209,15.5153427124,15.3125629425,14.8727474213,14.6082172394,14.6247558594,14.7585830688,14.0206279755,13.2076911926,13.2718715668,12.0970020294,11.7618217468,11.2821540833,11.2138385773,10.7150831223,10.4671478271,10.6020030975,9.9707384109,10.1211242676,9.5966110229,9.744972229,9.380358696,9.1076412201,9.532907486,9.556760788,9.4414100647,9.1362705231,9.1928863525,9.4352931976,9.5642213821,8.679397583,8.4146213531,8.4139194489,8.3663663864,7.9403409958,7.6489415169,7.5148034096,7.6350045204,7.849003315,8.1766424179,8.2136192322,8.0992908478,8.1097373962,7.5574026108,7.6204323769,8.0391321182,7.1236004829,7.0556793213,7.1067557335,6.3138360977,6.6016774178,6.4373755455,6.5311584473,5.9349870682,5.9289803505,5.8245825768,6.6320791245,6.3806447983,6.4550309181,6.3485946655,6.330581665,6.2986545563,6.2206373215,6.0762791634,6.058403492,5.8007707596,5.7840981483,6.0557322502,5.8932852745,5.7789206505,5.8501167297,6.1904292107,5.9695682526,6.0913968086,5.9805493355,6.0424561501,6.686211586,6.2729043961,6.5843548775,6.4457249641,6.2944545746,6.0339593887,5.8951849937,5.8368549347,5.7980518341,5.2357316017,5.358042717,5.3229012489,5.0557398796,4.8713097572,5.1554403305,4.7473769188,4.6601548195,4.5164170265,4.4805278778,4.4629883766,2.6927425861,2.4913425446,2.2374641895,2.3723886013,2.389384985,2.2544527054,2.3014149666,2.3505263329,2.3998913765,2.448826313,2.4964361191,2.5265817642,2.3365044594,2.1862797737,2.254216671,2.067278862,1.9129914045,1.9992384911,1.8053743839,1.651409626,1.4920535088,1.2246851921,1.0196344852,1.0513156652,0.5925418735,0.2920853794,0.3614919782,0.4406864643,0.2776529491,0.1847730279,0.1326651573,0.0721668601,0.0,0.0,0.0,0.0,0.0]},"step_min_q":{"0":[6.7316942215,6.9330182076,6.366812706,6.1981244087,6.1053218842,6.1581678391,5.0166683197,5.2382888794,4.7729029655,4.821349144,4.5733146667,4.2620425224,4.1665296555,3.8172597885,3.5391368866,3.0079016685,3.453548193,3.0782587528,2.3036727905,2.2137477398,2.4081392288,2.2855420113,2.0306270123,1.8289650679,1.7553069592,1.4251842499,1.2602381706,1.2523257732,0.0,0.0,0.0,0.0,0.0,0.0,0.0,0.0,0.0,0.0,-0.1977774203,-0.172254771,-0.3004373908,-0.3996552229,-0.4218072891,-0.4737104774,-0.4529058933,-0.3250589967,-0.319922328,-0.4520970583,-0.3502987325,-0.4544287324,-0.4048829079,-0.4780650139,-0.6010329127,-0.7841319442,-0.8295766711,-0.9380779266,-0.8435640335,-0.5124707222,-0.4203347564,-0.7093353868,-0.7512800097,-0.7513668537,-0.8302474022,-0.632637918,-0.5971848369,-0.6253957748,-0.5048018694,-0.6632974148,-0.5872963071,-0.6613919735,-0.6318046451,-0.543563664,-0.6676297784,-0.4255818129,-0.4780971408,-0.4098757505,-0.3717189431,-0.3440493345,-0.4810812473,-0.5264190435,-0.347863555,-0.3271932602,-0.5907667279,-0.7852176428,-0.431070447,-0.3590932786,-0.4908716679,-0.465046823,-0.4269919991,-0.3956904411,-0.35239923,-0.4683055878,-0.5031346083,-0.4815344214,-0.4787346125,-0.394843936,-0.2461782098,-0.3309472799,-0.2717407346,-0.3144535422,-0.3046796918,-0.3054617643,-0.3447988033,-0.1976202875,-0.2836591601,-0.3089253306,-0.4904053211,-0.4092132449,-0.3396701217,-0.3653434515,-0.3432483077,-0.4222918153,-0.2917026877,-0.4773702621,-0.2469779253,-0.1256785989,-0.1151560545,-0.1476902664,-0.1150624007,-0.1086069793,-0.209106341,-0.1828669459,-0.1108472943,-0.1764573008,-0.2684648931,-0.1974966377,-0.1223056912,-0.2435881943,-0.2826923132,-0.2204124331,-0.2355126739,-0.000323981,-0.1647362113,-0.13834095,-0.1136791706,-0.0463555008,-0.132577002,-0.1436294615,-0.149175629,-0.0663057566,-0.1771547943,-0.1651073545,-0.1540114284,-0.0557505488,-0.1019688845,-0.1454165429,-0.0745595992,-0.1233988255,-0.1481157094,0.0,0.0,0.0,0.0,0.0,0.0,0.0,0.0,0.0,0.0,0.0,-0.0128221512,-0.1094512939,-0.1045575142,-0.0891423523,-0.3039681315]},"step_mean_q":{"0":[11.6121253967,11.7551002502,11.6911449432,11.8390054703,11.9358987808,11.9574041367,11.951883316,11.987156868,11.9566202164,11.889043808,11.7325878143,11.566078186,11.3965187073,11.1741962433,10.9205522537,10.6871070862,10.4460887909,10.171705246,9.8895149231,9.6217536926,9.3299837112,9.0211896896,8.7301292419,8.424571991,8.1130714417,7.7943439484,7.4942741394,7.2048006058,6.9136428833,6.6188240051,6.3462953568,6.0874743462,5.8139925003,5.5617313385,5.3205003738,5.0879487991,4.8495583534,4.6311612129,4.4177107811,4.2099432945,4.014418602,3.8336365223,3.6449451447,3.4715344906,3.3172156811,3.1679656506,3.0342497826,2.904283762,2.7929823399,2.6894164085,2.5860395432,2.492767334,2.4180381298,2.3477532864,2.2880220413,2.2460193634,2.1980922222,2.1701073647,2.1226775646,2.0925574303,2.0675470829,2.0313971043,2.0133163929,1.9921693802,1.967492342,1.9651283026,1.9462810755,1.9419925213,1.9359793663,1.9150187969,1.8979724646,1.885484457,1.8511939049,1.8329120874,1.83347857,1.8243449926,1.7981278896,1.8099144697,1.8265514374,1.8168058395,1.813901782,1.8324296474,1.839495182,1.8375626802,1.8432992697,1.8455015421,1.810739994,1.7789453268,1.8179240227,1.7986203432,1.7640761137,1.7415465117,1.6968719959,1.6816823483,1.6794745922,1.6913884878,1.6692606211,1.5944641829,1.5505363941,1.6315530539,1.6319342852,1.6797295809,1.6508203745,1.7014079094,1.6710538864,1.634480834,1.6918367147,1.7041418552,1.7135820389,1.7146103382,1.6476905346,1.5679702759,1.5639805794,1.4747315645,1.4510718584,1.3676332235,1.3248218298,1.2889612913,1.2384468317,1.1614147425,1.2361375093,1.1953064203,1.1866418123,1.0200271606,1.0369399786,1.0147690773,1.0678169727,0.9990211725,0.7359030247,0.7728424668,0.7654488087,0.7611070871,0.7568742633,0.725340724,0.7095585465,0.7562664151,0.7538365126,0.7292687297,0.6830812097,0.8016162515,0.8000825047,0.7358521819,0.6933350563,0.7006272674,0.5863016248,0.576179266,0.6264904737,0.4828045964,0.4334552884,1.0206762552,0.816647172,0.8670783043,0.5925418735,0.2920853794,0.3614919782,0.4406864643,0.2776529491,0.1847730279,0.1326651573,0.0721668601,-0.0128221512,-0.1094512939,-0.1045575142,-0.0891423523,-0.3039681315]},"episodes_still_running":{"0":[4096.0,4096.0,4096.0,4096.0,4096.0,4096.0,4096.0,4096.0,4096.0,4096.0,4096.0,4096.0,4096.0,4096.0,4096.0,4096.0,4096.0,4096.0,4096.0,4096.0,4096.0,4096.0,4096.0,4096.0,4096.0,4096.0,4096.0,4096.0,4095.0,4095.0,4095.0,4095.0,4094.0,4094.0,4093.0,4093.0,4093.0,4090.0,4090.0,4088.0,4086.0,4075.0,4067.0,4057.0,4037.0,4014.0,3985.0,3946.0,3893.0,3840.0,3786.0,3712.0,3628.0,3534.0,3422.0,3291.0,3158.0,3023.0,2900.0,2772.0,2641.0,2511.0,2405.0,2265.0,2123.0,2006.0,1891.0,1771.0,1664.0,1570.0,1468.0,1366.0,1277.0,1194.0,1111.0,1037.0,978.0,917.0,857.0,812.0,763.0,721.0,666.0,625.0,585.0,539.0,513.0,491.0,456.0,430.0,405.0,384.0,360.0,342.0,320.0,290.0,270.0,257.0,241.0,219.0,211.0,196.0,186.0,173.0,158.0,149.0,135.0,125.0,118.0,108.0,103.0,98.0,91.0,84.0,76.0,69.0,65.0,63.0,61.0,58.0,53.0,46.0,42.0,38.0,36.0,35.0,34.0,34.0,27.0,26.0,22.0,20.0,17.0,13.0,12.0,11.0,10.0,9.0,9.0,8.0,7.0,6.0,6.0,6.0,6.0,6.0,5.0,5.0,5.0,2.0,2.0,2.0,1.0,1.0,1.0,1.0,1.0,1.0,1.0,1.0,1.0,1.0,1.0,1.0,1.0]},