{"max_q":{"0":20.3770828247},"min_q":{"0":-0.8332287669},"mean_q":{"0":4.3833146095},"range_q":{"0":21.2103118896},"step_max_q":{"0":[16.7271118164,18.1503944397,18.5718955994,18.4714450836,18.2508525848,19.0013103485,17.8313694,20.0385742188,18.5154628754,20.3770828247,18.7010307312,19.4098968506,17.3118515015,19.5102310181,18.4434146881,19.2708568573,16.3197402954,19.4723796844,16.6103687286,19.8407058716,19.9005680084,17.9938259125,17.258605957,18.8201522827,15.790019989,14.8584260941,13.5670413971,11.8458337784,11.1633214951,10.9037475586,10.7854251862,10.6816520691,10.5114917755,10.7742557526,11.01521492,11.7331504822,10.2516326904,9.9183702469,9.3791389465,9.4931840897,9.1082077026,7.4529333115,7.5355501175,7.68872118,7.1133933067,7.6600418091,8.3294239044,8.2697000504,7.2680864334,7.155623436,7.4182929993,7.7702312469,7.7798728943,7.6357078552,7.7636528015,7.9462108612,7.9172458649,7.8756642342,8.3404026031,8.4876861572,8.871764183,9.1690711975,8.4740505219,8.4999933243,9.4543895721,8.8999853134,8.9001283646,8.4543838501,9.0264148712,5.2386140823,5.2324924469,5.3287591934,5.1033811569,5.0824975967,4.8427562714,5.1059484482,4.7771420479,5.4417390823,5.2960753441,5.5364589691,4.5700368881,4.8738241196,4.5702133179,4.4111409187,4.762087822,5.3523221016,4.5216927528,4.7105412483,5.1411361694,4.574201107,4.966012001,4.7225184441,4.8785963058,4.9492764473,4.6131844521,4.5079669952,4.7552800179,4.7433786392,5.2239637375,5.1982154846,4.744134903,4.9885764122,4.9818944931,5.3184146881,5.1335802078,4.8931951523,4.6080031395,4.9687662125,1.9829602242,2.0233159065,2.0243110657,1.9984619617,2.0407962799,2.0347759724,2.0197730064,2.0186219215,2.0494763851,2.0311317444,2.1035671234,2.1002025604,2.0768930912,2.1137623787,2.2480568886,2.5910441875,2.2089698315,2.4007313251,2.4600262642,0.810952425]},"step_min_q":{"0":[2.3400051594,0.0,-0.3862533569,-0.3489109874,-0.4235690832,-0.519559741,-0.4298955202,-0.4481049776,-0.3070881963,-0.2048975229,-0.1487432718,-0.2079877853,-0.4420634508,-0.4754531384,-0.4482361078,-0.2667170763,-0.2402180433,-0.2175197601,-0.1987755895,-0.2288803458,-0.1913429499,-0.2969148755,-0.3616741896,-0.6073532104,-0.4932107329,-0.6466168761,-0.7738156915,-0.4420253038,-0.4540975094,-0.6854383349,-0.536092639,-0.5838215947,-0.8332287669,-0.4660119414,-0.4397274256,-0.384352982,-0.5324816704,-0.4610292912,-0.4419847727,-0.4528912306,-0.4597622156,-0.5348552465,-0.5729190111,-0.3659679294,-0.5401352644,-0.2855171561,-0.3107880354,-0.2968258858,-0.2985305786,-0.2299410105,-0.2379084826,-0.3915438652,-0.4845807552,-0.3208431005,-0.4114390612,-0.2709735632,-0.2645021677,-0.2147767544,-0.3072410822,-0.2132838964,-0.1814579964,-0.1882582903,-0.2502450943,-0.2937856913,-0.2535429001,-0.2722868919,-0.1822980046,-0.1308307648,-0.1559393406,-0.2189157009,-0.1023182869,-0.1035388112,-0.1515282393,-0.1725447178,-0.1541265249,-0.1811915636,-0.1633687019,-0.255436182,-0.2144627571,-0.1902217269,-0.157563448,-0.0810534954,-0.059838891,-0.0570009947,-0.0654927492,-0.055170536,-0.0066542625,-0.1204248667,-0.3173655272,-0.0090315342,-0.0366625786,-0.0115048885,-0.0096997023,-0.0029398203,-0.0109314919,-0.0534213781,-0.0678702593,-0.0551712513,-0.0822883248,-0.1806089878,-0.0657840967,-0.0630863905,-0.0317345858,-0.0134446621,0.0,-0.0218812227,-0.0238257647,0.0,0.0,-0.0555280447,-0.0306872129,0.0,-0.0149508715,-0.0049043894,0.0,0.0,0.0,0.0,0.0,0.0,0.0,0.0,0.0,0.0,0.0,0.0,0.0,0.0]},"step_mean_q":{"0":[9.2917165756,9.4289484024,9.2572078705,9.1645393372,9.0771226883,8.9474477768,8.8544187546,8.6757078171,8.5127868652,8.3020458221,8.0439443588,7.7584686279,7.376270771,6.9493126869,6.4665551186,5.974773407,5.5046563148,5.0705757141,4.6478714943,4.2119002342,3.8383004665,3.4978034496,3.1939778328,2.9305064678,2.6870484352,2.4918179512,2.3021826744,2.1391327381,2.0015809536,1.8614213467,1.7574335337,1.6539435387,1.5892146826,1.50398314,1.4521654844,1.3970344067,1.338056922,1.2764445543,1.2481225729,1.2058895826,1.1768912077,1.1465040445,1.1260319948,1.0888822079,1.0670946836,1.0367202759,1.0254564285,1.0202355385,0.9976534247,0.9991471767,1.0128922462,0.9961323738,0.9970622063,0.9882042408,0.9990047216,0.9775556326,0.9701612592,0.9692251086,0.9778509736,0.9867144227,0.9649645686,0.9451850057,0.9374182224,0.9573408961,0.959880054,0.9022557735,0.9004077315,0.8845798969,0.909619987,0.8837175965,0.8950042725,0.8954629302,0.8800282478,0.8928222656,0.9016644359,0.9227952957,0.8961642981,0.8894137144,0.8867980838,0.8863424659,0.8329703212,0.8428034782,0.8431828618,0.8501688242,0.8831416965,0.9754337072,0.9518637061,0.9640772939,0.9619317651,0.975122273,1.0313336849,0.9907292724,1.053529501,1.0739244223,1.1134279966,1.0036667585,0.9795464873,1.0450289249,1.0585342646,1.1523607969,1.1789212227,1.2251265049,1.2056548595,1.2031654119,1.1580426693,1.1220400333,1.1743659973,1.2535456419,0.9034841657,1.0126442909,0.9645413756,0.8611268401,0.8531494141,0.8584092259,0.9831556082,1.0342924595,1.2311645746,1.6549286842,1.6771497726,1.597325325,1.4207134247,1.5281044245,1.6587327719,1.7823649645,1.5727125406,1.6256756783,1.6528508663,0.810952425]},"episodes_still_running":{"0":[4096.0,4095.0,4095.0,4093.0,4090.0,4085.0,4081.0,4079.0,4077.0,4075.0,4074.0,4067.0,4056.0,4043.0,4034.0,4015.0,3995.0,3965.0,3935.0,3911.0,3874.0,3836.0,3793.0,3750.0,3704.0,3637.0,3569.0,3516.0,3447.0,3379.0,3311.0,3221.0,3133.0,3036.0,2927.0,2817.0,2705.0,2605.0,2469.0,2369.0,2245.0,2147.0,2044.0,1929.0,1819.0,1713.0,1589.0,1487.0,1393.0,1296.0,1201.0,1134.0,1055.0,982.0,911.0,844.0,786.0,728.0,679.0,639.0,592.0,553.0,514.0,478.0,449.0,401.0,373.0,351.0,332.0,302.0,283.0,265.0,241.0,224.0,211.0,194.0,178.0,168.0,152.0,139.0,130.0,122.0,112.0,97.0,92.0,81.0,75.0,72.0,69.0,60.0,54.0,49.0,43.0,36.0,34.0,31.0,30.0,27.0,26.0,22.0,20.0,19.0,17.0,17.0,16.0,14.0,12.0,12.0,10.0,8.0,8.0,6.0,6.0,6.0,5.0,5.0,4.0,3.0,3.0,3.0,3.0,3.0,2.0,2.0,2.0,2.0,2.0,1.0]},"step_range_q":{"0":[14.3871068954,18.1503944397,18.9581489563,18.820356369,18.6744213104,19.5208702087,18.261264801,20.4866790771,18.8225517273,20.5819797516,18.849773407,19.6178855896,17.7539157867,19.9856834412,18.8916511536,19.5375747681,16.5599575043,19.6898994446,16.8091449738,20.0695858002,20.0919113159,18.2907409668,17.6202793121,19.4275054932,16.2832298279,15.5050430298,14.3408575058,12.287858963,11.6174192429,11.5891857147,11.3215179443,11.2654733658,11.3447208405,11.2402677536,11.4549427032,12.1175031662,10.7841148376,10.3793992996,9.8211240768,9.9460754395,9.5679702759,7.9877886772,8.1084690094,8.0546894073,7.6535286903,7.9455590248,8.640212059,8.566526413,7.566617012,7.3855643272,7.6562013626,8.161775589,8.2644538879,7.956551075,8.1750917435,8.2171840668,8.1817483902,8.0904407501,8.647644043,8.700969696,9.0532226562,9.3573293686,8.7242956161,8.7937793732,9.7079324722,9.1722717285,9.0824260712,8.5852146149,9.1823539734,5.4575300217,5.3348107338,5.4322981834,5.2549095154,5.2550420761,4.9968829155,5.2871398926,4.9405107498,5.6971750259,5.5105381012,5.7266807556,4.7276000977,4.9548778534,4.6300520897,4.4681420326,4.827580452,5.4074926376,4.5283470154,4.8309659958,5.4585018158,4.5832328796,5.0026745796,4.7340230942,4.8882961273,4.9522161484,4.6241159439,4.5613884926,4.8231501579,4.7985496521,5.3062520027,5.378824234,4.8099188805,5.0516629219,5.0136289597,5.3318595886,5.1335802078,4.9150762558,4.6318287849,4.9687662125,1.9829602242,2.0788440704,2.0549983978,1.9984619617,2.0557470322,2.039680481,2.0197730064,2.0186219215,2.0494763851,2.0311317444,2.1035671234,2.1002025604,2.0768930912,2.1137623787,2.2480568886,2.5910441875,2.2089698315,2.4007313251,2.4600262642,0.810952425]},"mean_loss:":{"0":0.4355471432},"rmse":{"0":0.6599599719},