{"max_q":{"0":16.7419509888},"min_q":{"0":-0.5586405396},"mean_q":{"0":7.8186268806},"range_q":{"0":17.3005924225},"step_max_q":{"0":[16.7419509888,15.9841051102,15.8143825531,16.0816135406,16.0302867889,15.3797235489,15.56503582,15.4854459763,14.0961799622,14.2362480164,14.2470855713,13.6604413986,13.812754631,13.7928009033,13.6262531281,13.7960853577,13.4167795181,12.546330452,12.6409606934,12.6646366119,12.2409677505,12.2757358551,12.0587406158,10.6317958832,10.5591945648,10.452419281,10.1351547241,9.4006347656,9.4121017456,8.8972702026,8.8580760956,8.859670639,8.3613891602,7.5566663742,7.6739120483,7.6471066475,6.6604485512,6.2029776573,6.0283660889,5.2950191498,5.0302762985,4.9499759674,4.6506404877,4.2847976685,4.073237896,3.8692092896,3.5976138115,3.2107791901,3.1057024002,3.2370400429,2.5112140179,2.4718856812,2.4998691082,2.3959136009,2.2369287014,2.2911288738,2.3018772602,2.0791096687,2.051574707,1.918853879,1.9406094551,1.7805907726,1.7300764322,1.7368445396,1.6874535084,1.7001357079,1.6492261887,1.6649339199,1.6139881611,1.6763055325,1.6765394211,1.3664343357,1.2488992214,1.2215518951]},"step_min_q":{"0":[16.2416954041,15.21616745,14.208612442,14.3085155487,13.2036876678,12.1413612366,12.3671321869,11.5868701935,10.7500171661,10.8646697998,10.2026309967,9.5261745453,9.6346492767,9.7352695465,8.7724590302,8.9286384583,9.0024414062,8.1064624786,8.2448549271,8.3669223785,7.0555334091,7.1532330513,7.2228322029,5.5635700226,5.6638813019,5.7359118462,4.3115935326,4.2784929276,4.3177905083,2.9176540375,2.9439790249,2.9886741638,2.1309962273,1.9079682827,1.9001969099,1.6442309618,1.6383005381,1.6387114525,0.0,0.0,0.0,0.0,0.0,0.0,0.0,0.0,0.0,0.0,0.0,0.0,-0.2199057937,-0.410082221,-0.5586405396,0.0,0.0,0.0,0.0,0.0,0.0,0.0,0.0,0.0,0.0,0.0,0.0,0.0,0.0,0.0,0.0,0.0,0.0,0.0,0.0,0.0]},"step_mean_q":{"0":[16.6033668518,15.5112953186,14.8278045654,15.0018091202,14.6215744019,13.4310779572,13.5735654831,13.3935642242,12.3317985535,12.4488945007,12.3842115402,11.4578132629,11.5377473831,11.5075426102,10.673122406,10.7438297272,10.7432460785,9.972867012,10.0308208466,10.0433244705,9.300737381,9.3347854614,9.3244781494,8.2284460068,8.2203922272,8.1449871063,6.9654550552,6.9259200096,6.8441076279,5.7907457352,5.7247486115,5.6348996162,4.7477197647,4.6427412033,4.5612545013,3.8404006958,3.7029874325,3.614923954,3.0705020428,2.9149477482,2.8201057911,2.4394445419,2.3142027855,2.2406358719,2.0245068073,1.9306827784,1.8805001974,1.752124548,1.6986210346,1.6636049747,1.5947494507,1.5601409674,1.5407800674,1.5077018738,1.4762423038,1.4352455139,1.4108970165,1.3940657377,1.337968111,1.3792324066,1.3494372368,1.2060163021,1.2453539371,1.2108944654,1.198492527,1.2300159931,1.1878753901,1.2924163342,1.4516882896,1.4284932613,1.3726084232,1.3664343357,1.2488992214,1.2215518951]},"episodes_still_running":{"0":[4096.0,4096.0,4096.0,4096.0,4096.0,4096.0,4096.0,4096.0,4096.0,4096.0,4096.0,4096.0,4096.0,4096.0,4096.0,4096.0,4096.0,4096.0,4096.0,4096.0,4096.0,4096.0,4096.0,4096.0,4096.0,4096.0,4096.0,4096.0,4096.0,4096.0,4096.0,4096.0,4096.0,4096.0,4096.0,4096.0,4096.0,4096.0,4092.0,4088.0,4080.0,4056.0,4032.0,4000.0,3736.0,3580.0,3444.0,2940.0,2516.0,2252.0,1728.0,1328.0,1164.0,820.0,636.0,516.0,356.0,228.0,188.0,136.0,96.0,68.0,56.0,44.0,36.0,24.0,20.0,16.0,8.0,8.0,8.0,4.0,4.0,4.0]},"step_range_q":{"0":[0.5002555847,0.7679376602,1.6057701111,1.7730979919,2.8265991211,3.2383623123,3.1979036331,3.8985757828,3.346162796,3.3715782166,4.0444545746,4.1342668533,4.1781053543,4.0575313568,4.8537940979,4.8674468994,4.4143381119,4.4398679733,4.3961057663,4.2977142334,5.1854343414,5.1225028038,4.8359084129,5.0682258606,4.8953132629,4.7165074348,5.8235611916,5.1221418381,5.0943112373,5.9796161652,5.9140968323,5.8709964752,6.2303929329,5.6486978531,5.7737150192,6.0028758049,5.0221481323,4.5642662048,6.0283660889,5.2950191498,5.0302762985,4.9499759674,4.6506404877,4.2847976685,4.073237896,3.8692092896,3.5976138115,3.2107791901,3.1057024002,3.2370400429,2.7311198711,2.8819680214,3.0585095882,2.3959136009,2.2369287014,2.2911288738,2.3018772602,2.0791096687,2.051574707,1.918853879,1.9406094551,1.7805907726,1.7300764322,1.7368445396,1.6874535084,1.7001357079,1.6492261887,1.6649339199,1.6139881611,1.6763055325,1.6765394211,1.3664343357,1.2488992214,1.2215518951]},"mean_loss:":{"0":0.0268850531},"rmse":{"0":0.1639666259},"step_rmse":{"0":[0.0492856354,0.0708516538,0.0698915794,0.0927892104,0.0992348939,0.0893269926,0.09044718,0.1011697799,0.1036704108,0.1068052799,0.1125912741,0.1306845993,0.1343064159,0.1431428939,0.1482450068,0.1391487718,0.1341112256,0.1235157773,0.1387079358,0.1236270368,0.1303313673,0.1410651803,0.1485806108,0.1420473456,0.1502963305,0.1555752754,0.1540503353,0.1581536978,0.1570743769,0.1639210582,0.1885097623,0.1832380593,0.2007018924,0.1945754886,0.2032454461,0.211618498,0.1764261276,0.1900572777,0.1892622709,0.1835011095,0.1651404947,0.1633357555,0.1571103036,0.175447911,0.1819691956,0.1991757154,0.2184193879,0.2198831737,0.2423588037,0.2202076167,0.2383440584,0.2715091109,0.2973085046,0.3558602333,0.3961880803,0.4000265598,0.3739734292,0.3687254488,0.4071184099,0.4880928993,0.4450353682,0.3304970562,0.2267049998,0.1837686896,0.4745513499,0.1754738241,0.2220813483,0.1463756114,0.1938559413,0.2573652267,0.3280989826,0.0047712326,0.1068983078,0.1456618309]},"rmse_by_q":{"0":2.0971281528},"step_rmse_by_q":{"0":[0.2968412042,0.4567745626,0.471354872,0.6185201406,0.6786881685,0.6650768518,0.6663479805,0.7553611398,0.8406755328,0.8579499125,0.9091516733,1.1405719519,1.1640610695,1.2439049482,1.3889563084,1.2951505184,1.2483304739,1.2385182381,1.3828173876,1.2309374809,1.4013015032,1.5111775398,1.59344697,1.7262961864,1.8283352852,1.9100738764,2.2116334438,2.2835044861,2.2950308323,2.8307416439,3.2928915024,3.2518424988,4.227332592,4.1909613609,4.4559111595,5.5103235245,4.7644267082,5.2575731277,6.1638870239,6.295176506,5.8558263779,6.6956124306,6.78895998,7.8302731514,8.988322258,10.3163356781,11.6149616241,12.5495176315,14.2679738998,13.2367725372,14.9455490112,17.4028568268,19.2959728241,23.6028251648,26.8376045227,27.8716468811,26.5060749054,26.4496440887,30.42811203,35.3887367249,32.9793319702,27.4040279388,18.2040615082,15.1762771606,39.5956878662,14.2659778595,18.6956787109,11.3257322311,13.3538274765,18.0165519714,23.9033184052,0.3491739631,8.5594024658,11.924325943]},"mean_error":{"0":0.0824245512},"step_mean_error":{"0":[0.0382129475,0.0548704006,0.0534913614,0.0718642473,0.0759729445,0.0702421367,0.0695502907,0.0778236911,0.0792635307,0.0778900534,0.0789622813,0.0843517482,0.083210513,0.0834266096,0.0770724341,0.0758885145,0.0756319463,0.0760491043,0.079831779,0.0756387338,0.0780524909,0.0789342523,0.0836068913,0.0802986324,0.0851062089,0.0944720954,0.0809267163,0.0877282172,0.0897977799,0.0815037191,0.0914602876,0.0962467492,0.090887472,0.0949661881,0.0981619656,0.0869632065,0.0826051682,0.0883585215,0.0774476975,0.0768587887,0.0745261237,0.065944992,0.0676248521,0.0716440901,0.0707837939,0.0767195523,0.0814469159,0.086049594,0.0983769819,0.1008808687,0.1121951565,0.1355130523,0.1430536956,0.1827573031,0.2164041698,0.2315471321,0.2214380801,0.2243654728,0.2812308967,0.3036286831,0.2702233791,0.2372644693,0.1840260178,0.1417271942,0.325174123,0.1678709984,0.2003421336,0.1179766655,0.185890615,0.2572385669,0.3222155571,0.0047712326,0.1068983078,0.1456618309]},"mean_q_deviation":{"0":2.6714286804},