{"max_q":{"0":27.9964866638},"min_q":{"0":-1.4945542812},"mean_q":{"0":7.6500515938},"range_q":{"0":29.4910411835},"step_max_q":{"0":[22.2661590576,22.5127372742,22.8199520111,23.4974975586,24.3339424133,25.2894763947,25.808298111,26.1184043884,26.6510658264,27.9964866638,24.3394050598,24.0779399872,22.5585365295,23.7002868652,21.2197570801,21.585483551,21.3481807709,20.9434814453,20.4669857025,17.8726596832,17.3625335693,16.1117324829,16.0703125,16.5774421692,15.5008659363,13.9301109314,14.25532341,12.7839918137,12.8735809326,12.0823669434,12.5628204346,12.0696411133,11.6881093979,11.2646579742,10.9663543701,11.6555299759,11.8573799133,11.0011453629,11.2586164474,11.0036354065,11.4439725876,11.3233165741,12.0202932358,10.3103561401,10.5743865967,10.8978395462,9.8939180374,9.7674846649,9.7251081467,10.2653913498,9.7132797241,10.2137680054,11.5844011307,9.1484518051,8.5568752289,8.8878288269,8.88326931,8.9856758118,8.7869443893,9.3092021942,8.345126152,8.4218797684,5.4555869102,5.6619844437,5.3936953545,5.5583992004,5.3646140099,5.939593792,6.2964968681,5.7965326309,6.1243395805,7.0233330727,9.1065092087,8.2791337967,8.6230602264,7.930867672,2.1231985092,1.2343895435,1.6341112852]},"step_min_q":{"0":[4.6568107605,4.256934166,0.0,0.0,-0.1198019981,-0.0074458122,-0.1714268923,-0.4630855918,-0.2605961263,-0.328378886,-0.3711841404,-0.183172822,-0.2392406017,-0.2547348738,-0.3431915641,-0.7370954156,-0.7600908279,-1.0378624201,-0.488732338,-0.7248499393,-0.6006321907,-1.4131625891,-0.8388419151,-1.0588345528,-1.4945542812,-1.0893950462,-0.9219263196,-0.8984289765,-1.0662901402,-0.8910409212,-0.8420569897,-1.1750917435,-1.4858591557,-0.9152722955,-0.8966404796,-0.8528026342,-0.8281181455,-0.5439479351,-0.5492582321,-0.6413141489,-0.6907631755,-0.5253258944,-0.5297395587,-0.4344497919,-0.5740397573,-0.5451529026,-0.6922690868,-0.659068346,-0.3575049341,-0.3678806424,-0.3608772159,-0.3527367413,-0.4112172127,-0.3194949031,-0.3013165593,-0.2151655853,-0.2695946395,-0.1664690971,-0.1580866277,0.0,0.0,-0.1852042377,0.0,0.0,0.0,-0.0134712681,0.0,0.0,0.0,0.0,0.0,0.0,0.0,0.0,0.0,0.0,0.0,0.0,0.0]},"step_mean_q":{"0":[11.5378437042,11.4496717453,11.3608493805,11.2836065292,11.2065706253,11.096446991,11.0017194748,10.789935112,10.5815191269,10.2926397324,10.0153503418,9.6591281891,9.3151693344,8.9471330643,8.5463819504,8.1463050842,7.7550826073,7.389477253,7.0217151642,6.6415162086,6.2903552055,5.9468989372,5.648750782,5.3592176437,5.0988807678,4.8657898903,4.6403260231,4.407345295,4.183265686,3.9883816242,3.7737219334,3.6034641266,3.4565827847,3.3508810997,3.1618711948,3.0301833153,2.9471480846,2.8887147903,2.8052909374,2.7077357769,2.7853982449,2.7676577568,2.6932380199,2.5449926853,2.5830459595,2.5524499416,2.5646548271,2.5847811699,2.499227047,2.5577025414,2.3467519283,2.438949585,2.3498156071,1.9686714411,1.9097293615,2.0109620094,1.9100126028,2.0911536217,2.1113743782,2.1321241856,2.0668263435,2.0763056278,2.1658241749,1.9527190924,1.9733557701,2.0735502243,2.3917121887,2.7649173737,3.7371959686,4.1445059776,3.9377424717,4.4148039818,6.0595569611,5.6521034241,5.6193246841,5.1859788895,2.1231985092,1.2343895435,1.6341112852]},"episodes_still_running":{"0":[4096.0,4096.0,4095.0,4094.0,4092.0,4090.0,4089.0,4083.0,4081.0,4077.0,4064.0,4056.0,4044.0,4030.0,4013.0,3988.0,3957.0,3924.0,3867.0,3804.0,3739.0,3679.0,3595.0,3493.0,3385.0,3235.0,3063.0,2890.0,2693.0,2453.0,2246.0,2049.0,1839.0,1635.0,1451.0,1289.0,1155.0,1008.0,891.0,745.0,638.0,556.0,485.0,422.0,368.0,328.0,294.0,262.0,220.0,200.0,165.0,141.0,122.0,99.0,79.0,64.0,57.0,50.0,41.0,35.0,32.0,29.0,19.0,14.0,12.0,11.0,9.0,7.0,4.0,3.0,3.0,3.0,2.0,2.0,2.0,2.0,1.0,1.0,1.0]},"step_range_q":{"0":[17.6093482971,18.2558021545,22.8199520111,23.4974975586,24.4537448883,25.2969226837,25.979724884,26.581489563,26.9116611481,28.3248653412,24.7105884552,24.2611122131,22.7977771759,23.9550209045,21.5629482269,22.3225784302,22.1082725525,21.981344223,20.9557189941,18.5975093842,17.9631652832,17.5248947144,16.909154892,17.6362762451,16.9954204559,15.0195064545,15.1772499084,13.6824207306,13.9398708344,12.9734077454,13.4048776627,13.2447328568,13.1739683151,12.179930687,11.8629951477,12.5083322525,12.6854982376,11.5450935364,11.8078746796,11.644949913,12.1347360611,11.8486423492,12.5500326157,10.7448062897,11.1484260559,11.4429922104,10.5861873627,10.4265527725,10.0826129913,10.633272171,10.0741567612,10.5665044785,11.9956188202,9.4679470062,8.8581914902,9.1029939651,9.1528635025,9.1521453857,8.9450311661,9.3092021942,8.345126152,8.6070842743,5.4555869102,5.6619844437,5.3936953545,5.571870327,5.3646140099,5.939593792,6.2964968681,5.7965326309,6.1243395805,7.0233330727,9.1065092087,8.2791337967,8.6230602264,7.930867672,2.1231985092,1.2343895435,1.6341112852]},"mean_loss:":{"0":1.3555598259},"rmse":{"0":1.1642850637},"step_rmse":{"0":[1.1029630899,1.1789819002,1.1722563505,1.2026456594,1.2215433121,1.238243103,1.257815361,1.2797361612,1.3254451752,1.3422207832,1.3498179913,1.3500324488,1.319865346,1.274074316,1.2719888687,1.2368103266,1.1864290237,1.1738853455,1.1887460947,1.1636859179,1.1518636942,1.1218292713,1.1026279926,1.0923603773,1.0526373386,1.0434913635,1.0086193085,0.9924411178,1.0065008402,0.9782962203,0.9973130226,0.9886690378,0.9710396528,0.9738145471,0.968449831,0.9603088498,0.94687289,0.9675968885,0.8630998731,0.8752490878,0.8758968711,0.9380658269,0.8963936567,0.9403738976,0.9031634927,0.8849527836,0.9400613904,0.8963727951,0.9515872598,0.9332742095,0.9764400125,0.9979549646,1.0325995684,1.1175938845,1.0310773849,0.9345854521,0.7889755964,0.9063325524,1.0285063982,1.0540212393,1.3111355305,1.1918334961,1.4857238531,1.2666795254,1.2310926914,1.3797886372,1.5060437918,1.701794982,2.0978066921,2.0558423996,1.991717577,2.119946003,1.2757507563,1.4176381826,1.2083073854,1.1886792183,1.4655735493,0.8156218529,1.2416578531]},"rmse_by_q":{"0":15.2193098068},"step_rmse_by_q":{"0":[9.5595254898,10.29708004,10.3183860779,10.6583442688,10.9002418518,11.158914566,11.4328975677,11.8604621887,12.5260381699,13.0405883789,13.4774904251,13.9767532349,14.1689891815,14.2400283813,14.8833599091,15.182469368,15.2987289429,15.8859043121,16.9295692444,17.5213890076,18.3115844727,18.8641052246,19.5198554993,20.3828334808,20.6444778442,21.4454669952,21.7359580994,22.5178890228,24.0601711273,24.5286502838,26.4278354645,27.4366283417,28.0924739838,29.0614490509,30.6290092468,31.691444397,32.1284484863,33.4957580566,30.7668571472,32.3240203857,31.446018219,33.8938522339,33.2831192017,36.9499664307,34.965057373,34.6707191467,36.654499054,34.6788635254,38.0752639771,36.4887695312,41.6081504822,40.9174079895,43.9438552856,56.7689361572,53.9907569885,46.4745445251,41.3073501587,43.3412704468,48.7126502991,49.4352645874,63.4371414185,57.401638031,68.5985412598,64.8674697876,62.3857421875,66.5423278809,62.9692726135,61.5495796204,56.1331748962,49.6040420532,50.5801925659,48.01902771,21.0535316467,25.0816040039,21.5027160645,22.9210205078,69.0266876221,66.0749130249,75.9836807251]},"mean_error":{"0":0.8373895884},