{"max_q":{"0":16.6171398163},"min_q":{"0":-1.2052721977},"mean_q":{"0":6.6904330254},"range_q":{"0":17.8224124908},"step_max_q":{"0":[9.1220932007,9.308303833,9.3428354263,9.6251316071,10.6026678085,11.2210788727,11.5451278687,11.3600559235,13.6614332199,14.2717199326,13.4011831284,14.8114452362,15.3492422104,15.2813549042,14.5927877426,15.6510295868,13.2553672791,15.8788070679,14.6334075928,16.6171398163,13.8133096695,12.8348827362,15.0027227402,14.0855312347,12.6125392914,13.7351264954,14.8642978668,11.3024997711,11.7893753052,9.9335403442,8.163022995,4.4171886444,3.5564293861,2.4861011505]},"step_min_q":{"0":[8.6686830521,9.184012413,9.3260641098,9.2871112823,7.3576788902,7.0237798691,7.3517260551,6.123290062,6.0665082932,5.2860822678,3.5823254585,3.0473313332,2.8948605061,2.4008421898,1.5862916708,1.0016453266,0.4840911031,0.0048399568,0.2788513005,-0.16867733,-0.2003009319,-0.2741582394,-0.3938452005,-0.8193819523,-0.8028586507,-1.0715577602,-1.1834951639,-1.2052721977,-1.0119400024,-0.8931654692,-0.8679496646,-1.1671826839,0.0,0.0]},"step_mean_q":{"0":[9.1216506958,9.1841335297,9.3428192139,9.4620065689,9.7894248962,10.0516433716,10.2230415344,9.387008667,9.2205858231,8.6636476517,8.1755180359,7.9888010025,7.3864555359,7.2071909904,6.4199409485,6.1134376526,5.2810239792,4.8941245079,4.2625193596,3.8136646748,3.5440831184,3.2046430111,3.1232931614,2.9572768211,3.0950651169,3.4841132164,3.7464640141,3.6935825348,3.0376312733,2.6301805973,2.1387696266,1.5134136677,1.9218945503,1.2602180243]},"episodes_still_running":{"0":[4096.0,4096.0,4096.0,4096.0,4096.0,4096.0,4096.0,4096.0,4096.0,4096.0,4096.0,4096.0,4096.0,4096.0,4096.0,4096.0,4096.0,4096.0,4096.0,4092.0,4048.0,3944.0,3804.0,3524.0,3236.0,2604.0,2100.0,1544.0,956.0,500.0,208.0,52.0,16.0,8.0]},"step_range_q":{"0":[0.4534101486,0.12429142,0.0167713165,0.3380203247,3.2449889183,4.1972990036,4.1934018135,5.2367658615,7.5949249268,8.9856376648,9.818857193,11.7641143799,12.4543819427,12.8805122375,13.0064964294,14.6493844986,12.771276474,15.8739671707,14.3545560837,16.7858161926,14.0136108398,13.109041214,15.3965682983,14.9049129486,13.415397644,14.806684494,16.0477924347,12.5077724457,12.8013153076,10.8267059326,9.0309724808,5.5843715668,3.5564293861,2.4861011505]},"mean_loss:":{"0":1.435970664},"rmse":{"0":1.198319912},"step_rmse":{"0":[0.8577060103,0.8784210682,0.8869355917,0.9721634388,0.309253335,0.1535630226,0.305247426,0.6198526621,0.8041407466,0.9485846758,1.1543236971,1.3401491642,1.7209941149,1.844091773,1.7539820671,1.6866394281,1.5999084711,1.4997941256,1.3885887861,1.3479906321,1.2358522415,1.1917368174,1.0818619728,1.1059767008,0.9755320549,1.1299728155,1.1999057531,1.229285121,1.3131338358,1.370546937,1.546765089,1.5661408901,1.1096025705,0.1223981082]},"rmse_by_q":{"0":17.9109477997},"step_rmse_by_q":{"0":[9.4029693604,9.5645503998,9.4932336807,10.2743902206,3.159055233,1.5277404785,2.9858767986,6.6033034325,8.7211456299,10.9490213394,14.1192731857,16.775346756,23.2993221283,25.5868320465,27.3208446503,27.589050293,30.2954235077,30.6447887421,32.5767173767,35.34633255,34.8708610535,37.1878166199,34.6385040283,37.3984832764,31.518951416,32.4321517944,32.0276870728,33.2816467285,43.2288780212,52.1084709167,72.3203277588,103.4839859009,57.734828949,9.7124547958]},"mean_error":{"0":0.7879283428},"step_mean_error":{"0":[0.6654702425,0.7304505706,0.729445219,0.8402354717,0.2292507589,0.1226061881,0.2520466447,0.4650577307,0.6038550138,0.6966528893,0.8449990749,0.9926800132,1.1853450537,1.2606937885,1.2378727198,1.204911232,1.114279747,1.044434309,0.9453117847,0.883916378,0.8098758459,0.771298945,0.6819981933,0.6830787063,0.6080448627,0.7329327464,0.7712727785,0.8512539864,0.8661607504,0.9222670794,1.0640090704,1.2355173826,0.9794024229,0.1186912358]},"mean_q_deviation":{"0":56.1161155701},"step_mean_q_deviation":{"0":[7.9733042717,8.4767122269,8.3587255478,9.2964696884,2.4097149372,1.2202076912,2.3757061958,4.7392582893,6.3349127769,7.7504816055,9.8718662262,12.0622196198,14.9556455612,16.7337532043,18.9083404541,19.631072998,20.4334068298,21.6941490173,29.5031223297,46.8671188354,56.8623313904,148.1918640137,60.8041305542,158.2810516357,142.6698608398,275.1936035156,171.8010559082,276.9831542969,975.4014892578,543.0115966797,786.4519042969,783.7524414062,184.8206939697,66.8781356812]},"mean_range_deviation":{"0":3.7555408478},"step_mean_range_deviation":{"0":[21.4848155975,22.4199352264,22.4732723236,21.9125156403,5.9319353104,2.8167312145,5.1558299065,7.0730566978,6.7076125145,4.950304985,6.7274241447,7.0660791397,6.9098906517,7.7312097549,7.5737886429,7.7736206055,7.3768281937,7.5169115067,6.8401665688,6.5554013252,6.2335968018,5.879963398,4.8924574852,3.4208703041,4.7955727577,6.1083035469,5.9822058678,6.8082213402,7.7290272713,9.7061653137,10.6268491745,14.1609220505,25.2299213409,4.7258062363]},"epoch":{"0":40},"mask_name":{"0":"enemy_distance"},"map_name":{"0":"5m_vs_6m"}}