{"max_q":{"0":15.5509185791},"min_q":{"0":-0.4014691114},"mean_q":{"0":7.0306196213},"range_q":{"0":15.9523878098},"step_max_q":{"0":[14.8201293945,14.9973564148,15.1658229828,14.6489944458,15.5509185791,14.8489599228,14.4478845596,14.1176967621,14.2280521393,14.1349143982,13.5849399567,13.2336454391,13.0089492798,13.0442581177,12.772769928,12.5249891281,12.3865966797,11.757979393,11.3811073303,11.0820217133,10.6392421722,10.106388092,9.8428707123,9.1538391113,8.9536838531,8.5968141556,8.0601320267,8.1579780579,8.0321903229,7.4910526276,7.1283569336,7.0768165588,6.6267895699,6.6571598053,6.1385564804,6.2835388184,5.6657238007,5.5113210678,5.5078706741,5.5441026688,5.1728038788,4.9530339241,4.6142907143,4.5088691711,4.1563482285,3.9888494015,3.9777784348,3.9921212196,3.8547315598,3.7336494923,3.668680191,3.9814534187,3.5136938095,3.3057560921,3.3018069267,3.0680873394,3.0218892097,3.1182367802,2.5019333363,2.6640872955,2.8890514374,1.7310557365,1.6889908314,1.654301405,1.6307837963,1.6192891598,1.6184849739,1.6259388924,1.6390547752,1.6556432247,1.6740684509,1.6931743622,1.7121685743,1.7305278778,1.7479259968,1.7641756535,1.7791891098,1.7929461002,1.8054773808,1.8168480396,1.8271503448,1.8364928961,1.8449931145,1.8527708054,1.8599414825,1.8666107655,1.8728733063,1.8788094521,1.8844858408,1.8899565935,1.895263195,1.9004384279,1.9055068493,1.9104868174,1.9153921604,1.9202332497,1.925018549,1.929754734,1.9344470501,1.9391005039,1.9437198639,1.9483084679,1.9528706074,1.9574100971,1.9619250298,1.96641922,1.9708960056,1.9753574133,1.9798069,1.9842454195,1.988675952,1.9930992126,1.9975173473,2.0019304752,2.0063400269,2.0107469559,2.0151515007,2.0195541382,2.0239553452,2.0283551216,2.0327532291,2.0371489525,2.0415410995,2.0459322929,2.0503225327,2.0547115803,2.0590999126,2.0634870529,2.0678732395,2.0722584724,2.0766425133,2.0810251236,2.0854063034,2.0897855759,2.0941634178,2.0985379219,2.1029100418,2.1072795391,2.1116452217,2.1160070896,2.1203644276,2.1247177124,2.1290650368,2.1334071159,2.1377425194,2.1420710087,2.1463918686,2.1507048607,2.1550092697,2.1593036652]},"step_min_q":{"0":[10.724114418,10.9855899811,9.9808101654,8.6221427917,9.2560415268,8.4422588348,8.0672464371,8.2766151428,7.3603181839,6.60216856,5.9195809364,5.3979444504,4.6882157326,4.2379655838,2.6020724773,2.6744184494,2.5960354805,2.1703019142,2.0274796486,1.1759479046,1.3389215469,0.9789809585,0.4901474118,0.1166769266,0.0509952903,-0.1239094138,-0.0067798495,-0.0238234997,-0.0395846963,-0.1296298504,-0.4014691114,-0.1075002849,-0.3490320444,-0.174048841,-0.1507363319,-0.1675429344,-0.2708243728,-0.1657340527,-0.1262546778,-0.1748166084,-0.1983128786,-0.1705942154,-0.241771102,-0.179246068,-0.2009057999,-0.1346464157,-0.2880986929,-0.0960875154,-0.0559655428,-0.0624851584,0.0,0.0,0.0,0.0,0.0,0.0,0.0,0.0,0.0,0.0,0.0,0.0,0.0,0.0,0.0,0.0,0.0,0.0,0.0,0.0,0.0,0.0,0.0,0.0,0.0,0.0,0.0,0.0,0.0,0.0,0.0,0.0,0.0,0.0,0.0,0.0,0.0,0.0,0.0,0.0,0.0,0.0,0.0,0.0,0.0,0.0,0.0,0.0,0.0,0.0,0.0,0.0,0.0,0.0,0.0,0.0,0.0,0.0,0.0,0.0,0.0,0.0,0.0,0.0,0.0,0.0,0.0,0.0,0.0,0.0,0.0,0.0,0.0,0.0,0.0,0.0,0.0,0.0,0.0,0.0,0.0,0.0,0.0,0.0,0.0,0.0,0.0,0.0,0.0,0.0,0.0,0.0,0.0,0.0,0.0,0.0,0.0,0.0,0.0,0.0]},"step_mean_q":{"0":[13.246887207,13.4507808685,13.4523277283,13.2389383316,13.1602640152,12.7803001404,12.5986652374,12.1520652771,11.7338161469,11.4810380936,11.03353405,10.7233123779,10.2654724121,9.8594837189,9.4497671127,9.0610780716,8.6792011261,8.2477426529,7.8530378342,7.4028272629,6.9967851639,6.5779180527,6.158618927,5.7776918411,5.4221272469,5.0729103088,4.7526903152,4.4265742302,4.15564394,3.8947720528,3.6113612652,3.3579072952,3.1764991283,3.0074322224,2.8283815384,2.7039744854,2.6016690731,2.5475490093,2.4732780457,2.4345641136,2.3534722328,2.3637833595,2.3408658504,2.3249197006,2.3294100761,2.3396949768,2.2451405525,2.2810482979,2.1451544762,1.9498598576,1.8649995327,1.8135496378,1.8088575602,1.6556113958,1.960359931,1.9521853924,1.9915518761,1.5862811804,1.6650633812,1.712105155,1.7749387026,1.2014051676,1.185071826,1.1710911989,1.1615558863,1.1573323011,1.1582009792,1.1632512808,1.1713325977,1.1813771725,1.1925280094,1.2041487694,1.2157921791,1.2271617651,1.2380747795,1.248426795,1.258164525,1.2672708035,1.2757552862,1.2836443186,1.2909793854,1.2978105545,1.3041938543,1.3101873398,1.3158476353,1.3212270737,1.3263727427,1.3313248158,1.3361171484,1.3407771587,1.3453264236,1.3497817516,1.3541562557,1.3584599495,1.3627004623,1.3668839931,1.3710153103,1.3750984669,1.3791363239,1.3831312656,1.3870877028,1.3910079002,1.3948926926,1.3987466097,1.4025691748,1.406362772,1.4101296663,1.4138712883,1.4175897837,1.4212861061,1.4249620438,1.4286186695,1.4322571754,1.4358779192,1.4394819736,1.4430702925,1.4466432333,1.4502011538,1.4537448883,1.4572746754,1.4607909918,1.4642934799,1.4677820206,1.471257925,1.4747214317,1.4781727791,1.4816122055,1.4850667715,1.4885414839,1.4920048714,1.495456934,1.4988980293,1.5023280382,1.5057468414,1.5091552734,1.5125465393,1.5159268379,1.5192966461,1.522654891,1.5260024071,1.5293383598,1.5326635838,1.5359771252,1.5392792225,1.5425698757,1.5458487272,1.5491155386,1.5523697138,1.5556107759,1.5588390827]},"episodes_still_running":{"0":[4096.0,4096.0,4096.0,4096.0,4096.0,4096.0,4096.0,4096.0,4096.0,4096.0,4096.0,4096.0,4096.0,4096.0,4096.0,4096.0,4096.0,4096.0,4096.0,4096.0,4096.0,4096.0,4096.0,4096.0,4096.0,4096.0,4096.0,4096.0,4092.0,4080.0,4068.0,4040.0,3988.0,3920.0,3844.0,3772.0,3668.0,3516.0,3400.0,3264.0,3132.0,2948.0,2740.0,2448.0,2120.0,1792.0,1408.0,1072.0,776.0,572.0,392.0,268.0,200.0,124.0,76.0,52.0,32.0,16.0,12.0,12.0,12.0,8.0,8.0,8.0,8.0,8.0,8.0,8.0,8.0,8.0,8.0,8.0,8.0,8.0,8.0,8.0,8.0,8.0,8.0,8.0,8.0,8.0,8.0,8.0,8.0,8.0,8.0,8.0,8.0,8.0,8.0,8.0,8.0,8.0,8.0,8.0,8.0,8.0,8.0,8.0,8.0,8.0,8.0,8.0,8.0,8.0,8.0,8.0,8.0,8.0,8.0,8.0,8.0,8.0,8.0,8.0,8.0,8.0,8.0,8.0,8.0,8.0,8.0,8.0,8.0,8.0,8.0,8.0,8.0,8.0,8.0,8.0,8.0,8.0,8.0,8.0,8.0,8.0,8.0,8.0,8.0,8.0,8.0,8.0,8.0,8.0,8.0,8.0,8.0,8.0]},"step_range_q":{"0":[4.0960149765,4.0117664337,5.1850128174,6.0268516541,6.2948770523,6.406701088,6.3806381226,5.8410816193,6.8677339554,7.5327458382,7.6653590202,7.8357009888,8.320734024,8.8062925339,10.1706972122,9.8505706787,9.790561676,9.587677002,9.3536281586,9.9060735703,9.3003206253,9.127407074,9.3527231216,9.0371618271,8.9026889801,8.7207231522,8.0669116974,8.181801796,8.0717754364,7.6206827164,7.5298261642,7.1843166351,6.9758214951,6.8312087059,6.2892928123,6.4510817528,5.936548233,5.6770553589,5.6341252327,5.7189192772,5.3711166382,5.1236281395,4.8560619354,4.6881151199,4.3572540283,4.1234960556,4.2658772469,4.0882086754,3.9106969833,3.7961347103,3.668680191,3.9814534187,3.5136938095,3.3057560921,3.3018069267,3.0680873394,3.0218892097,3.1182367802,2.5019333363,2.6640872955,2.8890514374,1.7310557365,1.6889908314,1.654301405,1.6307837963,1.6192891598,1.6184849739,1.6259388924,1.6390547752,1.6556432247,1.6740684509,1.6931743622,1.7121685743,1.7305278778,1.7479259968,1.7641756535,1.7791891098,1.7929461002,1.8054773808,1.8168480396,1.8271503448,1.8364928961,1.8449931145,1.8527708054,1.8599414825,1.8666107655,1.8728733063,1.8788094521,1.8844858408,1.8899565935,1.895263195,1.9004384279,1.9055068493,1.9104868174,1.9153921604,1.9202332497,1.925018549,1.929754734,1.9344470501,1.9391005039,1.9437198639,1.9483084679,1.9528706074,1.9574100971,1.9619250298,1.96641922,1.9708960056,1.9753574133,1.9798069,1.9842454195,1.988675952,1.9930992126,1.9975173473,2.0019304752,2.0063400269,2.0107469559,2.0151515007,2.0195541382,2.0239553452,2.0283551216,2.0327532291,2.0371489525,2.0415410995,2.0459322929,2.0503225327,2.0547115803,2.0590999126,2.0634870529,2.0678732395,2.0722584724,2.0766425133,2.0810251236,2.0854063034,2.0897855759,2.0941634178,2.0985379219,2.1029100418,2.1072795391,2.1116452217,2.1160070896,2.1203644276,2.1247177124,2.1290650368,2.1334071159,2.1377425194,2.1420710087,2.1463918686,2.1507048607,2.1550092697,2.1593036652]},"mean_loss:":{"0":0.2227739394},"rmse":{"0":0.4719893336},