{"max_q":{"0":14.8174543381},"min_q":{"0":-0.5822894573},"mean_q":{"0":6.9427218437},"range_q":{"0":15.3997440338},"step_max_q":{"0":[14.3480453491,14.4619874954,14.8174543381,14.3781700134,14.4588260651,14.0160675049,13.8594427109,13.6097049713,13.4713535309,13.4146785736,13.1009969711,13.1133537292,12.9616661072,12.765332222,12.6325941086,12.1052875519,11.9353246689,11.6386518478,11.5553407669,10.961971283,10.4730377197,9.9490814209,9.6787071228,9.6770887375,9.0446243286,8.7377109528,8.095995903,8.1301450729,7.8354082108,7.7814068794,7.471976757,6.8373069763,6.7727122307,6.2981758118,6.1439418793,5.6498131752,5.2401947975,5.1315002441,5.0711021423,4.7367610931,4.3574151993,4.2163200378,4.3550643921,4.0588955879,4.0437617302,4.1318645477,4.271739006,4.050339222,3.6530907154,3.8388106823,3.7671978474,3.7319335938,3.6286613941,3.6231415272,3.3912723064,3.3311672211,3.9285416603,3.322701931,3.4655702114,2.8995792866,2.6903572083,2.7760016918,2.7486159801,2.8518352509,2.9360363483,2.9017379284,2.8732016087,2.9443469048,2.8455884457,2.870221138,2.8224892616,1.6384630203,1.6223179102,1.6059666872,1.5908094645,1.5765758753,1.5646731853,1.552741766,1.5400571823,1.5192420483,1.4909530878,1.4630856514,1.4356187582,1.408505559,1.3817683458,1.3576081991,1.3344142437,1.3118658066,1.2902365923,1.2690626383,1.2481757402,1.2276400328,1.2112269402,1.1950836182,1.1791522503,1.1637151241,1.1500197649,1.1376862526,1.1257244349,1.1139857769,1.102463603,1.0923081636,1.0805740356,1.0689616203,1.0575041771,1.0462447405,1.035320878,1.0245863199,1.0148992538,1.0056761503,0.9965777397,0.9903867245,0.9851599932,0.9804298878,0.9759404659,0.971290648,0.9670897722,0.7493807673,0.8604037166,0.9756109118,0.7151678801,1.0732089281,0.9214192033]},"step_min_q":{"0":[10.765329361,11.2310113907,10.7799510956,10.3152618408,10.088183403,9.5722332001,9.2530536652,8.7165336609,8.1151371002,7.0462327003,6.5954093933,5.9034233093,5.5139021873,4.8674111366,4.0087633133,3.6698708534,2.8327374458,2.2316272259,1.7498303652,1.6725628376,1.4949390888,1.2285437584,0.888812542,0.4897397757,0.227897346,0.0723382235,0.0,-0.0206802785,-0.1507455707,-0.1517978311,-0.1839821339,-0.1664900184,-0.4432768226,-0.3120655417,-0.3538659811,-0.1695445776,-0.1620772779,-0.1975952089,-0.2206068039,-0.3606826961,-0.1485505104,-0.0834254622,-0.1037391722,-0.1275878549,-0.1651486158,-0.24327977,-0.5822894573,-0.5732107759,-0.2093765438,-0.2623409033,-0.1435856968,-0.0414265692,0.0,0.0,0.0,-0.0096812844,0.0,0.0,0.0,0.0,0.0,0.0,0.0,0.0,0.0,0.0,0.0,0.0,0.0,0.0,0.0,0.0,0.0,0.0,0.0,0.0,0.0,0.0,0.0,0.0,0.0,0.0,0.0,0.0,0.0,0.0,0.0,0.0,0.0,0.0,0.0,0.0,0.0,0.0,0.0,0.0,0.0,0.0,0.0,0.0,0.0,0.0,0.0,0.0,0.0,0.0,0.0,0.0,0.0,0.0,0.0,0.0,0.0,0.0,0.0,0.0,0.0,0.0,0.0,0.0,0.0,0.0,0.0]},"step_mean_q":{"0":[13.2577342987,13.3905057907,13.318157196,13.0832710266,13.1460552216,12.6243419647,12.4176979065,11.9957456589,11.5959796906,11.3976554871,10.8354129791,10.6420631409,10.1030483246,9.8103466034,9.3564157486,8.9318733215,8.5864372253,8.0938034058,7.8318252563,7.422683239,7.1025915146,6.7958488464,6.4111404419,6.0913152695,5.6829042435,5.3748993874,5.0687360764,4.7602009773,4.4596648216,4.164607048,3.8925235271,3.6344702244,3.3762991428,3.1587843895,2.9683845043,2.8055720329,2.6442449093,2.5098695755,2.4193649292,2.3186657429,2.2788538933,2.2697451115,2.2459373474,2.2101347446,2.1594333649,2.1629023552,2.1552917957,2.102789402,2.0957691669,1.9523855448,1.9317721128,2.0117182732,1.9771891832,2.0203001499,2.0486712456,2.0428581238,2.3669764996,2.4758532047,2.3681330681,2.4577796459,2.2669746876,2.3296225071,2.1450402737,2.1614742279,2.254817009,2.3274722099,2.3031852245,2.3287260532,2.269671917,2.2723441124,2.2388968468,1.6384630203,1.6223179102,1.6059666872,1.5908094645,1.5765758753,1.5646731853,1.552741766,1.5400571823,1.5192420483,1.4909530878,1.4630856514,1.4356187582,1.408505559,1.3817683458,1.3576081991,1.3344142437,1.3118658066,1.2902365923,1.2690626383,1.2481757402,1.2276400328,1.2112269402,1.1950836182,1.1791522503,1.1637151241,1.1500197649,1.1376862526,1.1257244349,1.1139857769,1.102463603,1.0923081636,1.0805740356,1.0689616203,1.0575041771,1.0462447405,1.035320878,1.0245863199,1.0148992538,1.0056761503,0.9965777397,0.9903867245,0.9851599932,0.9804298878,0.9759404659,0.971290648,0.9670897722,0.7493807673,0.8604037166,0.9756109118,0.7151678801,1.0732089281,0.9214192033]},"episodes_still_running":{"0":[4096.0,4096.0,4096.0,4096.0,4096.0,4096.0,4096.0,4096.0,4096.0,4096.0,4096.0,4096.0,4096.0,4096.0,4096.0,4096.0,4096.0,4096.0,4096.0,4096.0,4096.0,4096.0,4096.0,4096.0,4096.0,4096.0,4092.0,4092.0,4092.0,4080.0,4072.0,4052.0,4044.0,4016.0,3980.0,3908.0,3848.0,3756.0,3644.0,3528.0,3356.0,3168.0,2984.0,2784.0,2468.0,2132.0,1720.0,1428.0,1080.0,852.0,580.0,396.0,276.0,196.0,128.0,80.0,48.0,32.0,32.0,20.0,16.0,16.0,12.0,12.0,12.0,8.0,8.0,8.0,8.0,8.0,8.0,4.0,4.0,4.0,4.0,4.0,4.0,4.0,4.0,4.0,4.0,4.0,4.0,4.0,4.0,4.0,4.0,4.0,4.0,4.0,4.0,4.0,4.0,4.0,4.0,4.0,4.0,4.0,4.0,4.0,4.0,4.0,4.0,4.0,4.0,4.0,4.0,4.0,4.0,4.0,4.0,4.0,4.0,4.0,4.0,4.0,4.0,4.0,4.0,4.0,4.0,4.0,4.0]},"step_range_q":{"0":[3.5827159882,3.2309761047,4.0375032425,4.0629081726,4.370642662,4.4438343048,4.6063890457,4.8931713104,5.3562164307,6.3684458733,6.5055875778,7.2099304199,7.4477639198,7.8979210854,8.6238307953,8.4354171753,9.1025867462,9.4070243835,9.8055105209,9.2894086838,8.9780988693,8.7205371857,8.789894104,9.1873493195,8.8167266846,8.6653728485,8.095995903,8.1508255005,7.9861536026,7.9332046509,7.6559591293,7.0037970543,7.2159891129,6.6102414131,6.4978079796,5.819357872,5.4022722244,5.3290953636,5.2917089462,5.0974435806,4.5059657097,4.2997455597,4.4588036537,4.1864833832,4.2089104652,4.3751444817,4.8540287018,4.6235499382,3.862467289,4.1011514664,3.9107835293,3.7733602524,3.6286613941,3.6231415272,3.3912723064,3.3408484459,3.9285416603,3.322701931,3.4655702114,2.8995792866,2.6903572083,2.7760016918,2.7486159801,2.8518352509,2.9360363483,2.9017379284,2.8732016087,2.9443469048,2.8455884457,2.870221138,2.8224892616,1.6384630203,1.6223179102,1.6059666872,1.5908094645,1.5765758753,1.5646731853,1.552741766,1.5400571823,1.5192420483,1.4909530878,1.4630856514,1.4356187582,1.408505559,1.3817683458,1.3576081991,1.3344142437,1.3118658066,1.2902365923,1.2690626383,1.2481757402,1.2276400328,1.2112269402,1.1950836182,1.1791522503,1.1637151241,1.1500197649,1.1376862526,1.1257244349,1.1139857769,1.102463603,1.0923081636,1.0805740356,1.0689616203,1.0575041771,1.0462447405,1.035320878,1.0245863199,1.0148992538,1.0056761503,0.9965777397,0.9903867245,0.9851599932,0.9804298878,0.9759404659,0.971290648,0.9670897722,0.7493807673,0.8604037166,0.9756109118,0.7151678801,1.0732089281,0.9214192033]},"mean_loss:":{"0":0.1588761657},"rmse":{"0":0.3985927403},