{"max_q":{"0":17.6482105255},"min_q":{"0":-0.8973296881},"mean_q":{"0":8.9701213837},"range_q":{"0":18.545539856},"step_max_q":{"0":[13.3151893616,13.9388856888,14.1148071289,14.8435153961,15.0842437744,15.0603694916,15.5163707733,15.8755121231,16.5944099426,17.6482105255,16.489906311,17.3044528961,16.3452987671,15.3385982513,15.0943346024,15.2190465927,14.147687912,13.9838075638,13.8507537842,12.4899425507,12.6337976456,12.522485733,11.3045883179,11.1716833115,11.6946678162,10.3877487183,10.8225317001,9.9285020828,10.4464139938,8.9699811935,8.8117570877,8.4648418427,7.6844439507,0.2203327417,0.0,0.0,0.0]},"step_min_q":{"0":[7.0149636269,7.2017989159,7.4854636192,7.6474313736,7.3151941299,6.6402778625,6.9860773087,5.3629150391,4.981095314,4.2352356911,4.0029950142,3.4942545891,2.8835761547,2.4088904858,1.4058847427,1.5102821589,0.1914663315,0.2155450583,-0.410900712,-0.3115310669,-0.5090444088,-0.5490533113,-0.4575939178,-0.3803305626,-0.4222358465,-0.8973296881,-0.7676403522,-0.5876684189,-0.7489025593,-0.6324990988,-0.8018547297,-0.7039196491,-0.4903895855,-0.425861001,-0.4231230021,-0.5882745981,-0.5944120884]},"step_mean_q":{"0":[11.3787784576,11.8531427383,12.0534973145,12.5698108673,12.6645145416,12.7728815079,13.0099525452,12.184928894,11.8997631073,11.1959171295,10.7095708847,10.4057044983,9.8294067383,9.4133014679,8.7352457047,8.4038295746,7.6773376465,7.3566761017,6.7283267975,6.4173259735,5.9805779457,5.7176632881,5.5317802429,5.2441139221,5.0826058388,4.9019632339,4.2771234512,3.4514026642,2.5087394714,2.1075417995,1.259980917,1.1862179041,1.1791381836,-0.1027641296,-0.4231230021,-0.5882745981,-0.5944120884]},"episodes_still_running":{"0":[4096.0,4096.0,4096.0,4096.0,4096.0,4096.0,4096.0,4096.0,4096.0,4096.0,4096.0,4096.0,4096.0,4096.0,4096.0,4096.0,4096.0,4096.0,4096.0,4096.0,4068.0,4000.0,3896.0,3776.0,3636.0,3172.0,2404.0,1636.0,1064.0,600.0,260.0,92.0,28.0,8.0,4.0,4.0,4.0]},"step_range_q":{"0":[6.3002257347,6.7370867729,6.6293435097,7.1960840225,7.7690496445,8.420091629,8.5302934647,10.512597084,11.6133146286,13.4129753113,12.4869117737,13.8101978302,13.461722374,12.9297075272,13.6884498596,13.7087640762,13.9562215805,13.7682628632,14.2616548538,12.8014736176,13.1428422928,13.0715389252,11.7621822357,11.5520133972,12.1169033051,11.2850780487,11.590171814,10.5161705017,11.1953163147,9.6024799347,9.613612175,9.1687612534,8.1748332977,0.6461937428,0.4231230021,0.5882745981,0.5944120884]},"mean_loss:":{"0":1.0619597435},"rmse":{"0":1.0305143595},"step_rmse":{"0":[0.2162488252,0.2030744106,0.2308713347,0.2561283708,0.1452085078,0.1449765712,0.1772639602,0.4666977823,0.644608736,0.7173815966,0.9034000635,0.9965360761,1.1491013765,1.374407053,1.5717424154,1.6469407082,1.5492444038,1.5337539911,1.4803725481,1.443189621,1.2463723421,1.1083108187,1.0387039185,0.9664786458,0.9286475778,0.9471622705,1.0322391987,1.1323381662,1.2307850122,1.334261179,1.2752857208,0.7925406098,1.1782393456,0.5120772123,1.0134556293,0.6372219324,0.7378282547]},"rmse_by_q":{"0":11.4882993698},"step_rmse_by_q":{"0":[1.900457263,1.7132537365,1.9153887033,2.0376470089,1.1465777159,1.1350342035,1.3625258207,3.8301234245,5.416987896,6.4075284004,8.4354457855,9.5768241882,11.6904449463,14.6006908417,17.9931106567,19.5975017548,20.1794490814,20.8484649658,22.0020904541,22.4889564514,20.8403339386,19.3839817047,18.7770271301,18.4297790527,18.2710914612,19.3220996857,24.1339588165,32.8080558777,49.0598983765,63.308883667,101.2146835327,66.8123931885,99.9237747192,-498.3034667969,-239.5179748535,-108.3204879761,-124.1274032593]},"mean_error":{"0":0.627628386},"step_mean_error":{"0":[0.1786171794,0.1555546224,0.1668988466,0.1824758649,0.1186282486,0.0950127169,0.1022008434,0.3382076621,0.4942897856,0.5594910979,0.7045346498,0.7545540333,0.8744256496,1.027109623,1.1699061394,1.2205122709,1.1317977905,1.0830996037,1.0007503033,0.9371569157,0.8245411515,0.7010756731,0.6622011065,0.6086048484,0.5780831575,0.5689304471,0.6227234006,0.6504955292,0.7305477858,0.7845537066,0.7713387609,0.5637256503,0.6768273115,0.4470389485,1.0134556293,0.6372219324,0.7378282547]},"mean_q_deviation":{"0":45.3567619324},"step_mean_q_deviation":{"0":[1.6510952711,1.3606307507,1.4959056377,1.6320924759,0.9413686395,0.7501726747,0.8226044178,2.9102642536,4.3289213181,5.1918773651,6.995098114,7.761408329,9.9036083221,12.1690502167,14.939242363,16.6667671204,17.091545105,18.2518482208,19.3972015381,21.49061203,59.335975647,42.9538497925,41.7498512268,173.5338134766,42.9485778809,276.232421875,107.4954299927,189.1491699219,776.2252807617,321.8609619141,1680.6827392578,231.1939697266,544.5232543945,556.4898681641,171.6753540039,1301.8521728516,514.4665527344]},"mean_range_deviation":{"0":2.380089283},"step_mean_range_deviation":{"0":[2.8059699535,2.2665250301,2.3487181664,2.3393564224,1.5355964899,1.1752101183,1.2398068905,3.379660368,4.0467710495,4.7054181099,5.165520668,4.9459719658,6.7792215347,7.5170049667,8.3300609589,7.5477304459,8.0525913239,7.4303412437,7.5686678886,3.8702681065,6.9451026917,5.3282914162,5.2870240211,5.0417823792,4.0281262398,4.3469171524,4.1028223038,4.0191636086,5.1926364899,7.6401062012,6.798473835,6.08425951,8.3327207565,164.9977722168,171.6753540039,1301.8521728516,514.4665527344]},"epoch":{"0":235},"mask_name":{"0":"ally_last_action_only"},"map_name":{"0":"5m_vs_6m"}}