{"max_q":{"0":16.6786193848},"min_q":{"0":-1.0300192833},"mean_q":{"0":6.6955480576},"range_q":{"0":17.7086391449},"step_max_q":{"0":[10.2054204941,10.3065652847,10.462843895,10.7409849167,10.868481636,11.4327793121,12.1567287445,12.2471628189,13.4687328339,14.460308075,14.4800186157,14.9858589172,15.826628685,15.7651834488,15.6825819016,16.6786193848,13.9083013535,14.2976789474,13.8058681488,16.3532524109,14.2238426208,14.7191400528,14.2852478027,11.7373781204,10.7423686981,13.2167186737,12.2407970428,11.9808139801,13.2042551041,10.1979160309,8.4783658981,7.3568563461,5.7872457504,4.4607925415]},"step_min_q":{"0":[7.367017746,7.4182987213,7.5836968422,7.5619978905,7.1665802002,7.7021150589,7.4210615158,6.3286709785,5.9050345421,4.7970485687,3.8334267139,3.6939148903,2.9037952423,2.6117095947,1.9382609129,0.6162526608,0.8457956314,-0.1072653532,-0.5760698318,-1.0300192833,-0.773630023,-0.6827666759,-0.7399022579,-0.6818220615,-0.367633462,-0.7311304808,-0.5845762491,-0.5828245878,-0.4420756102,-0.3391673565,-0.2636246681,-0.4204365015,0.0,0.0]},"step_mean_q":{"0":[8.9615392685,9.0200119019,9.1573085785,9.3829164505,9.5952301025,10.0293178558,10.2786521912,9.5053653717,9.31965065,8.7261219025,8.1594810486,7.8793363571,7.4633970261,7.2459154129,6.4614124298,6.1319651604,5.3861274719,5.0662202835,4.4006404877,3.9364466667,3.6408884525,3.3132207394,3.155520916,2.9650366306,3.0744857788,3.412052393,3.6131501198,3.6138570309,2.7757956982,2.4936821461,2.2418644428,2.1222364902,2.8088834286,2.3535802364]},"episodes_still_running":{"0":[4096.0,4096.0,4096.0,4096.0,4096.0,4096.0,4096.0,4096.0,4096.0,4096.0,4096.0,4096.0,4096.0,4096.0,4096.0,4096.0,4096.0,4096.0,4096.0,4092.0,4048.0,3944.0,3804.0,3524.0,3236.0,2604.0,2100.0,1544.0,956.0,500.0,208.0,52.0,16.0,8.0]},"step_range_q":{"0":[2.8384027481,2.8882665634,2.8791470528,3.1789870262,3.7019014359,3.7306642532,4.7356672287,5.9184918404,7.5636982918,9.6632595062,10.6465921402,11.2919445038,12.9228334427,13.1534738541,13.7443208694,16.0623664856,13.062505722,14.4049444199,14.3819379807,17.383272171,14.9974727631,15.4019069672,15.0251502991,12.4191999435,11.1100025177,13.9478492737,12.8253736496,12.5636386871,13.6463308334,10.5370836258,8.7419910431,7.7772927284,5.7872457504,4.4607925415]},"mean_loss:":{"0":1.5516848564},"rmse":{"0":1.2456663847},"step_rmse":{"0":[0.3073931038,0.3115718663,0.321067214,0.3385832608,0.2480613887,0.1413871348,0.1645351499,0.5525917411,0.7141128182,0.9135050178,1.2085090876,1.445923686,1.7502225637,1.9593617916,1.8768041134,1.9055716991,1.741532445,1.6438016891,1.4832490683,1.4509989023,1.3603508472,1.3549808264,1.2536035776,1.1959803104,1.0927037001,1.2698659897,1.3362497091,1.4290468693,1.6595252752,1.6400922537,2.1195540428,2.8869514465,2.5124106407,1.481220603]},"rmse_by_q":{"0":18.6043968201},"step_rmse_by_q":{"0":[3.4301373959,3.454228878,3.5061306953,3.6085076332,2.5852572918,1.4097383022,1.6007463932,5.8134717941,7.6624417305,10.4686250687,14.8111028671,18.3508300781,23.450750351,27.0409145355,29.0463447571,31.0760345459,32.3336677551,32.4463119507,33.7052993774,36.8606262207,37.363155365,40.8961830139,39.7273101807,40.3361053467,35.5410232544,37.2170715332,36.9829559326,39.5435371399,59.7855682373,65.7698974609,94.5442581177,136.0334472656,89.4451751709,62.9347801208]},"mean_error":{"0":0.7580328584},"step_mean_error":{"0":[0.2320271134,0.2630380392,0.2710248232,0.2852471173,0.2233594805,0.1135921627,0.1273514032,0.4319648743,0.5338900089,0.6771159172,0.8876068592,1.0591379404,1.2457520962,1.385487318,1.3277845383,1.3699249029,1.2403334379,1.1545906067,1.0328147411,0.9657767415,0.8662702441,0.8366667032,0.754554987,0.6990013719,0.6315360665,0.7592719197,0.8544979692,0.9515374303,1.0581898689,1.1061745882,1.6036483049,2.2551355362,2.2257475853,1.212053299]},"mean_q_deviation":{"0":48.2395362854},"step_mean_q_deviation":{"0":[2.7126486301,2.9433834553,2.9962296486,3.0760099888,2.2914788723,1.1307603121,1.2279231548,4.4435911179,5.6563596725,7.6117739677,10.3970928192,12.828710556,15.8915948868,18.608959198,20.5545558929,22.4660930634,23.0715847015,25.8679981232,35.0711593628,89.0789108276,46.4967193604,78.7520141602,60.3607521057,181.7459411621,104.9862976074,244.7134246826,137.5930480957,255.1456451416,441.8518676758,580.8086547852,937.9552612305,577.7623291016,176.7138366699,200.8564300537]},"mean_range_deviation":{"0":3.613048315},"step_mean_range_deviation":{"0":[7.4910335541,8.0735044479,8.3499279022,7.4389643669,5.7794966698,2.6096446514,2.6050820351,6.5697484016,5.9304418564,4.8114786148,7.0666446686,7.5391387939,7.2620286942,8.496506691,8.1239042282,8.8382253647,8.2113370895,8.3097190857,7.4733281136,7.1625037193,6.6676630974,6.3782916069,5.4129590988,3.5006113052,4.9808449745,6.3278155327,6.6277236938,7.6102762222,9.4425640106,11.6416521072,16.0165252686,25.8473072052,57.3364334106,48.2590713501]},"epoch":{"0":65},"mask_name":{"0":"enemy_health"},"map_name":{"0":"5m_vs_6m"}}