{"max_q":{"0":18.5194129944},"min_q":{"0":-0.7742635012},"mean_q":{"0":3.5736465454},"range_q":{"0":19.2936763763},"step_max_q":{"0":[12.7859716415,13.078748703,14.5257234573,14.3618164062,16.0097503662,18.5194129944,17.4602565765,15.9966907501,17.1705589294,16.5835475922,16.3641052246,16.8929653168,16.8006973267,16.6542854309,17.6882400513,17.8096904755,16.4326343536,15.6819696426,16.1236972809,15.2629508972,14.6655807495,16.2744503021,15.7599411011,13.5170898438,14.7459859848,15.6519641876,13.7664270401,14.7308397293,15.9098291397,12.4777927399,12.681883812,13.5950050354,11.8661241531,11.5516204834,13.0221986771,11.1423444748,11.0413331985,10.2048892975,10.6184978485,11.5125846863,10.5591888428,10.4034786224,9.1776132584,10.1993198395,8.8262767792,9.5451221466,9.1012535095,10.4660587311,9.0677547455,8.4381160736,11.0479860306,7.4774990082,8.2531261444,7.9911160469,8.7836713791,7.8747973442,7.7519640923,7.5729598999,7.3763232231,7.4780855179,7.5325717926,7.0991606712,7.6204333305,8.6833486557,8.6134433746,8.1188735962,6.2425708771,6.0240650177,7.2747898102,6.4865989685,7.2091879845,7.8623905182,7.0008420944,7.8437695503,6.6878876686,7.2348918915,6.5662636757,7.2552194595,6.9877066612,7.5042624474,6.9930920601,7.5140972137,6.7069907188,7.9357881546,6.2511191368,4.5721788406,4.5854282379,4.5474205017,4.7437233925,4.6930160522,4.6695594788,3.6532440186,4.2345490456,3.9523901939,3.9042508602,4.1510915756,3.9271185398,3.5801239014,3.0165817738,3.4963698387,3.7596979141,3.2074830532,3.4880933762,3.6411242485,3.2433457375,3.1396076679,3.5081739426,3.5484445095,3.5033595562,3.238918066,3.1966817379,2.8228049278,3.115427494,2.8286106586,2.3408322334,2.3457782269,2.4420251846,2.0787811279,2.2890849113,2.1738300323,2.0711929798,2.287971735,2.1770143509,2.4263994694,1.9713761806,2.3007378578,2.0312907696,2.2237951756,2.2364435196,2.0750718117,2.0911593437,1.899539113,1.8187813759,2.261721611,2.2545089722,2.1054105759,2.2837092876,2.2817060947,1.9560362101,2.0120620728,1.8898932934,2.1401743889,2.279163599,2.2952795029,2.1281180382,2.3052301407,2.3009822369,2.1313230991,2.3114011288,2.3081717491,1.9915987253,2.0565280914,1.9218456745,2.1766624451,2.3122274876,2.3244976997,2.1573312283,2.3385276794,2.3321254253,2.1622543335,2.3437485695,2.3358492851,2.0116426945,2.0777387619,1.9342222214,2.1876649857,2.3068585396,2.3042407036,2.293718338,2.289525032,2.2639899254,2.0754213333,2.2380831242,2.080997467,1.8380966187,2.064081192,2.2584228516,1.9254360199,2.09659338,2.0662610531,1.8663175106,2.0204005241,2.3630082607,1.7903780937,1.9449732304,1.6352903843,1.6442306042,1.880308032,1.8722282648,2.0049681664,1.7597754002,1.7600579262,1.9065716267,1.6698852777,1.8478757143,1.7277235985,2.4533276558,1.6997338533,1.8076103926,1.5171142817]},"step_min_q":{"0":[3.4157314301,3.1845281124,3.2483077049,2.3862292767,1.8073595762,1.4115425348,1.1540338993,0.666180253,0.6528169513,0.3574179709,0.4372244179,0.3881234825,0.0485152006,-0.2524662018,-0.0443729758,-0.1525022686,-0.0762616992,-0.2542917728,-0.213858813,-0.1338031888,-0.3232180476,-0.3542390168,-0.3010582924,-0.3323776424,-0.2145890594,-0.3708924651,-0.5612451434,-0.5589578748,-0.4856766462,-0.3610498309,-0.2603843212,-0.6128089428,-0.3084429204,-0.4199203253,-0.548802793,-0.3687716424,-0.3893026114,-0.2756181359,-0.3721925616,-0.4941495657,-0.3015668988,-0.4114743173,-0.3808600008,-0.3599066138,-0.4993767142,-0.4676273763,-0.3820306659,-0.5032158494,-0.403739512,-0.3755065799,-0.5172900558,-0.3728615344,-0.4372067153,-0.5296857953,-0.3293715715,-0.4339942336,-0.4715387225,-0.5124621391,-0.2831518948,-0.5236827135,-0.3124819696,-0.4233115017,-0.5434297919,-0.68539536,-0.4062960744,-0.5149685144,-0.4754750729,-0.6107489467,-0.5743397474,-0.636308372,-0.7514740229,-0.6911647916,-0.22243613,-0.7742635012,-0.2473607063,-0.1698246598,-0.2946436405,-0.1933752,-0.290558666,-0.2780216932,-0.2382253706,-0.2364479303,-0.2858459949,-0.2507454753,-0.1617789268,-0.2011363208,-0.1882891059,-0.1810989976,-0.1493639648,-0.2504421473,-0.1783894897,-0.2303411365,-0.1458683312,-0.1502676606,-0.2329159677,-0.1555672884,-0.1816724837,-0.2838414907,-0.1975045502,-0.1874040663,-0.1544727683,-0.2118291855,-0.1429366469,-0.1515675783,-0.2437951267,-0.1782446802,-0.0999786258,-0.0911313295,-0.1629832089,-0.0857881904,-0.1955627203,-0.205009073,-0.2829631567,-0.1874737144,-0.1419210732,-0.1628581285,-0.0936360955,-0.1148228347,-0.1751444638,-0.0988082588,-0.1723047793,-0.2727844417,-0.278560698,-0.0950364769,-0.0673011541,-0.063249588,-0.105076462,-0.1847966313,-0.1539805532,-0.0847209394,-0.0467136502,-0.0457789302,-0.0581555963,-0.0441595912,-0.139801681,-0.10245502,-0.1950570941,0.0,-0.0653544813,-0.0687230527,-0.1320675611,-0.0728093386,-0.0657478124,-0.0933457613,-0.1090838909,-0.1197213531,-0.1672074199,-0.1926464438,-0.1771959066,-0.2426035106,-0.2377848327,-0.2422510087,-0.2844181061,-0.2920505404,-0.298417002,-0.343675673,-0.3409874141,-0.3310246468,-0.3992326856,-0.3879387975,-0.3797177076,-0.4525636137,-0.4136698842,-0.4256116152,-0.4811113775,-0.143273145,-0.0481351018,0.0,-0.0618921369,0.0,-0.0652155876,0.0,-0.0370999426,0.0,-0.1162222922,0.0,-0.0798910111,0.0,-0.0437329561,0.0,-0.1290489733,0.0,-0.0909422636,0.0,-0.0490198731,0.0,-0.1373722255,0.0,-0.105458647,0.0,-0.058877334,0.0,-0.1480970383,0.0,-0.122748822,0.0,-0.0692391098,0.0,-0.1551323235,0.0]},"step_mean_q":{"0":[7.1661405563,7.248816967,7.1954460144,7.2009744644,7.2314119339,7.1027164459,7.0647063255,7.0196495056,6.8156766891,6.7018194199,6.5574021339,6.3119983673,6.110376358,5.8993167877,5.5988407135,5.3249902725,5.0813169479,4.7812209129,4.499423027,4.2376098633,3.9482717514,3.6803684235,3.4436793327,3.1950070858,2.9695520401,2.7732174397,2.573161602,2.3958573341,2.2525439262,2.1070654392,1.9734137058,1.844982028,1.7491520643,1.6498340368,1.5694818497,1.4999519587,1.4452190399,1.3921633959,1.3551075459,1.3237435818,1.2790993452,1.2422699928,1.188729763,1.1507351398,1.1208658218,1.0956341028,1.0699379444,1.035629034,1.0195493698,1.0118131638,0.9880821109,0.9831681848,0.9681146145,0.9216527939,0.9193052053,0.9144338965,0.8915487528,0.877538383,0.8551917672,0.8341267109,0.8373279572,0.83226794,0.8343077898,0.8377293348,0.8492050767,0.8377174139,0.8293213248,0.8260899186,0.8268102407,0.8071213365,0.8361090422,0.816501081,0.7983080149,0.7783197165,0.7843267322,0.8047974706,0.7894656062,0.7807840109,0.7808672786,0.7773908973,0.7758384347,0.7869319916,0.7894285917,0.777218163,0.7342516184,0.7116740942,0.7143077254,0.70132792,0.7300457358,0.7417690754,0.72299999,0.6994789839,0.6917308569,0.6665312648,0.6909973025,0.6728153825,0.6709737778,0.6803098917,0.671517849,0.653339088,0.6772949696,0.6581820846,0.69505018,0.6588746309,0.6557811499,0.6418563724,0.6828404665,0.6565821767,0.6418095827,0.6534414291,0.6257194877,0.633295238,0.6120182872,0.630318284,0.6382210255,0.635124445,0.6720169783,0.6619400978,0.6780435443,0.6537077427,0.6405128241,0.6286914349,0.6564821005,0.6444860697,0.6472158432,0.6456400752,0.6564196944,0.6529771686,0.6535386443,0.625082016,0.6566574574,0.6484611034,0.6168641448,0.6170789003,0.6103392839,0.595885694,0.6219621301,0.6481992602,0.6300351024,0.6144999266,0.6161465645,0.6356680989,0.6636682749,0.6675798297,0.6621701121,0.6334381104,0.6430793405,0.6615284681,0.6390892267,0.6186240911,0.6323213577,0.626958251,0.6654759645,0.6974904537,0.6945488453,0.663017869,0.6585870981,0.6727696657,0.6757061481,0.6751002669,0.6906874776,0.6984474063,0.6816379428,0.6209156513,0.6423225999,0.6412966251,0.6713243723,0.6671205163,0.7018423676,0.683078289,0.6714913845,0.6569669843,0.6948631406,0.6614435911,0.6738435626,0.6786704063,0.6769757271,0.6492422819,0.668925941,0.6473273039,0.6426725388,0.6436761022,0.6786312461,0.6422048211,0.663872838,0.6389627457,0.6380385756,0.6470893025,0.6539507508,0.654833138,0.6501455903,0.6285607219,0.6297354698,0.6172065139,0.6637003422,0.6126899719,0.6724273562,0.6365189552,0.6168771386,0.620491147]},