{"max_q":{"0":19.1883182526},"min_q":{"0":-1.8391451836},"mean_q":{"0":4.933154583},"range_q":{"0":21.027463913},"step_max_q":{"0":[17.6259040833,17.4474143982,17.7917556763,18.458147049,17.9578952789,18.8982448578,18.3272972107,18.0040187836,18.6283454895,18.253162384,18.4545211792,18.1823005676,19.0790309906,18.3447360992,18.676448822,18.3164672852,18.2994804382,17.899181366,17.2574939728,17.4310970306,17.5657100677,17.7816696167,17.1219520569,17.4370594025,19.1883182526,17.9028320312,17.3011493683,17.3202190399,17.0659828186,16.4949588776,16.0588283539,14.5253801346,16.7768783569,15.6111936569,15.3862371445,16.0194320679,15.2725486755,14.7099676132,14.5185947418,13.6589450836,14.9326086044,11.9645137787,17.4080944061,13.3618164062,16.3784332275,13.395567894,15.3902444839,13.076333046,15.0752954483,14.6817750931,13.1113777161,14.6392908096,13.6741323471,12.1377134323,12.5962648392,12.2417430878,13.5439176559,12.1278905869,12.804857254,12.7047328949,14.4358434677,13.05884552,15.2928333282,11.9550361633,11.436630249,8.8747901917,9.5210666656,5.9510755539,6.248755455,6.3113899231,4.629676342,5.0449953079,5.4136724472,4.859972477,5.0269007683,4.5694708824,4.4740858078,4.3582043648,3.4874560833,2.8332874775,1.5696935654,1.6391811371,1.3229646683,0.2017177641,0.5065158606,0.6398903131,0.5823881626,0.3825432062,0.5446742177,1.9481949806,1.4152859449,0.6640017033,1.09504354,0.6642600298]},"step_min_q":{"0":[2.1640644073,2.0575180054,0.0,0.0,0.0,0.0,-0.191700995,-0.0011663735,-0.0054467618,-0.090619117,-0.0320022702,-0.3790954351,-0.5966300964,-0.6646360159,-0.2937861085,-0.5934925079,-0.6427720785,-0.4373287559,-0.6897137761,-0.586423099,-0.9017188549,-0.8856846094,-0.4790806174,-0.6830174327,-0.6207165718,-0.6660450101,-0.476919651,-0.5775281191,-1.1653983593,-1.0887546539,-1.0139942169,-1.1321587563,-1.2193598747,-1.2456709146,-1.2088760138,-1.2278459072,-1.2755336761,-0.9074231982,-1.1695871353,-1.1522870064,-1.0388000011,-1.1099427938,-1.0898332596,-1.2047319412,-1.1969989538,-0.936960578,-1.8391451836,-0.5770006776,-0.7530040741,-0.6972394586,-0.8055359125,-0.9627432823,-0.748940587,-0.9871156216,-0.7544730306,-1.0520884991,-1.0855506659,-0.7466042042,-1.0975171328,-1.0010508299,-0.9830669761,-0.6846078038,-0.4438455999,-0.7412493825,-0.4431041479,-0.3939982653,-0.2876044512,-0.4075061083,-0.4179941416,-0.0577066541,-0.2129939795,-0.188608706,-0.4337846041,0.0,-0.1428363323,0.0,-0.008829236,-0.2532982528,0.0,0.0,-0.1264894605,-0.2755678296,0.0,0.0,0.0,0.0,0.0,0.0,0.0,0.0,0.0,0.0,0.0,0.0]},"step_mean_q":{"0":[9.1262168884,9.1782016754,9.1060028076,9.0065307617,8.8697252274,8.7101211548,8.4587974548,8.201259613,7.9602160454,7.6707968712,7.2835993767,6.9182014465,6.4741249084,6.0446023941,5.6211462021,5.1648645401,4.7687511444,4.4272432327,4.0994462967,3.7603683472,3.4856669903,3.2155327797,2.9498250484,2.6695230007,2.4427700043,2.2460839748,2.0761706829,1.9331996441,1.7973415852,1.6758590937,1.5786011219,1.4693915844,1.3890283108,1.3321135044,1.3055049181,1.2914230824,1.2471061945,1.1971665621,1.1732575893,1.1364579201,1.159424305,1.124813199,1.0840343237,1.0548350811,1.0225583315,0.9697495103,0.9941775203,0.9347703457,0.9398334026,0.9357759953,0.9930360913,0.9513149261,0.938046515,0.9972507358,1.0910929441,1.1149921417,1.1162205935,1.0490608215,0.9922356009,1.079711318,1.2227176428,1.4744958878,1.5388022661,1.245822072,1.3893837929,1.3005852699,1.3738194704,1.4660688639,1.3728843927,1.5299412012,1.2411943674,1.1083190441,1.0967196226,1.1207940578,1.1604396105,1.3046605587,1.3143657446,1.3868168592,1.0706843138,1.0421196222,0.4994920194,0.6825146675,0.7000558972,0.1369004548,0.3871564567,0.6398903131,0.5823881626,0.3825432062,0.5446742177,1.9481949806,1.4152859449,0.6640017033,1.09504354,0.6642600298]},"episodes_still_running":{"0":[4096.0,4096.0,4087.0,4083.0,4079.0,4072.0,4062.0,4058.0,4049.0,4039.0,4027.0,4007.0,3974.0,3938.0,3875.0,3800.0,3729.0,3653.0,3570.0,3487.0,3389.0,3294.0,3212.0,3119.0,3010.0,2904.0,2813.0,2686.0,2571.0,2459.0,2337.0,2202.0,2070.0,1930.0,1795.0,1655.0,1547.0,1429.0,1314.0,1216.0,1111.0,1011.0,913.0,823.0,730.0,639.0,576.0,508.0,456.0,411.0,351.0,308.0,268.0,237.0,208.0,187.0,158.0,137.0,121.0,99.0,84.0,62.0,58.0,52.0,48.0,38.0,34.0,26.0,22.0,20.0,18.0,16.0,16.0,16.0,14.0,12.0,10.0,9.0,7.0,6.0,5.0,4.0,3.0,2.0,2.0,1.0,1.0,1.0,1.0,1.0,1.0,1.0,1.0,1.0]},"step_range_q":{"0":[15.4618396759,15.3898963928,17.7917556763,18.458147049,17.9578952789,18.8982448578,18.5189990997,18.0051860809,18.6337928772,18.3437824249,18.4865226746,18.5613956451,19.675661087,19.0093727112,18.9702358246,18.9099597931,18.9422531128,18.3365097046,17.9472084045,18.0175209045,18.4674282074,18.6673545837,17.6010322571,18.1200771332,19.8090343475,18.5688762665,17.7780685425,17.8977470398,18.2313804626,17.5837135315,17.0728225708,15.6575393677,17.9962387085,16.8568649292,16.5951137543,17.2472782135,16.5480823517,15.6173906326,15.6881818771,14.8112316132,15.971408844,13.0744562149,18.4979286194,14.5665483475,17.5754318237,14.3325281143,17.2293891907,13.6533336639,15.8282995224,15.3790149689,13.9169139862,15.6020336151,14.4230728149,13.1248292923,13.3507375717,13.2938318253,14.6294679642,12.8744945526,13.9023742676,13.705783844,15.4189100266,13.7434530258,15.7366790771,12.6962852478,11.8797340393,9.2687883377,9.8086709976,6.358581543,6.6667494774,6.369096756,4.8426704407,5.2336039543,5.8474569321,4.859972477,5.1697368622,4.5694708824,4.4829149246,4.6115026474,3.4874560833,2.8332874775,1.6961829662,1.9147489071,1.3229646683,0.2017177641,0.5065158606,0.6398903131,0.5823881626,0.3825432062,0.5446742177,1.9481949806,1.4152859449,0.6640017033,1.09504354,0.6642600298]},"mean_loss:":{"0":0.9224928617},"rmse":{"0":0.9604648948},"step_rmse":{"0":[0.6351075172,0.7151314616,0.8694428802,0.867557466,0.8940631747,0.9687651992,1.0110862255,1.0287945271,1.0736348629,1.0780211687,1.105779171,1.142423749,1.1012589931,1.1178677082,1.1062701941,1.0476453304,1.0336937904,1.0542509556,1.049734354,1.0172183514,0.9925558567,0.9774950743,1.0052531958,0.939409554,0.9595802426,0.9346001148,0.9042782187,0.8868913651,0.8818709254,0.8301046491,0.8685947657,0.8046286702,0.8185693026,0.7852421403,0.8256143928,0.8079177141,0.8650224805,0.7903671861,0.8007280827,0.7845386863,0.823946476,0.7782218456,0.9179506302,0.801194787,0.9172875881,0.9053697586,0.9014934301,0.8460814357,0.9059722424,0.9499551654,0.9014768004,0.9691804051,0.9610996246,0.9836291671,0.9952113628,1.0187402964,1.1210249662,1.0528066158,1.0428153276,1.1791195869,1.435726285,1.4115256071,1.4743658304,1.0646158457,1.2064380646,1.1646718979,0.9015197754,0.9720330834,0.9599001408,1.01866889,0.8253828883,0.902867496,0.5989348888,0.7702041864,0.86984092,0.9984736443,1.0017092228,1.2352591753,0.9772518277,1.3106523752,0.8375514746,1.0659862757,1.2003625631,0.2968587279,0.298222065,0.3175455332,0.0585310459,0.1933189631,0.0544154048,0.7843980789,0.7785781622,0.0434873104,0.618167758,0.328040719]},"mean_error":{"0":0.6014972925},