{"max_q":{"0":21.2750415802},"min_q":{"0":-1.5026315451},"mean_q":{"0":4.9474701881},"range_q":{"0":22.7776737213},"step_max_q":{"0":[16.2821407318,17.3728713989,17.2340335846,18.995267868,17.2090835571,18.0671539307,17.912021637,18.2260093689,18.1482582092,18.6635799408,19.1280536652,18.6970806122,21.2750415802,19.4284095764,18.6281929016,18.8247013092,17.4016475677,18.2900829315,18.3974075317,17.1044654846,16.9744567871,16.4029083252,17.6582736969,17.6467075348,18.0218925476,17.2649993896,17.9233474731,18.0087738037,17.712852478,15.3675317764,14.3281059265,14.1973199844,14.7668266296,14.1698455811,13.0889520645,14.5072383881,13.1033344269,14.6015338898,13.6461687088,12.670879364,12.3804788589,12.1187057495,11.3922157288,11.2812194824,9.4826011658,9.9440546036,9.9521627426,10.0980434418,10.3724555969,9.4239864349,9.9869279861,9.8959770203,11.2005062103,11.4768705368,10.8628644943,11.7922782898,8.9991760254,9.3542137146,8.7795410156,8.8943519592,8.4263849258,9.6341257095,9.2782354355,8.0993232727,7.5029039383,2.911450386,2.7944524288,2.379758358,3.3299260139,2.5760402679,2.4790041447,2.4181189537,2.4250264168,2.6370913982,2.5657880306,2.3312654495,3.6145792007,3.4925475121,1.9382202625,1.2821774483,0.0,0.0297564566,0.2189218402,0.247099936,0.0350388885,0.0099491179,0.0,0.0818826407,0.1463974267,0.6789204478,0.1897772104,0.2614530027,0.0621574372,0.1780093759]},"step_min_q":{"0":[2.2254490852,2.3979249001,0.0,0.0,0.0,0.0,0.0,0.0,0.0,0.0,0.0,-0.6748265028,-1.0136117935,-1.5026315451,-1.3169440031,-1.4188547134,-0.4496953487,-0.701992631,-0.8541278839,-0.4698982239,-0.9345808625,-0.8264154792,-1.0065572262,-0.9431194663,-0.7740863562,-0.9032810926,-1.1053593159,-0.5805622339,-0.7425419092,-1.1725463867,-0.7999829054,-1.3109283447,-0.7488003969,-0.6328377724,-0.8690246344,-0.5862221718,-0.935141921,-0.7657449841,-0.5130209923,-0.7956783772,-0.9749150276,-0.6972194314,-0.8048509359,-0.7463725805,-0.7102667093,-0.7171751857,-0.9209422469,-0.535171628,-0.5212067366,-0.5484334826,-0.9342366457,-0.6467878819,-0.5126184821,-0.6433861256,-0.4605498314,-0.4658694863,-0.3496521115,-0.3296967149,-0.3572354615,-0.5049083829,-0.4024332762,-0.4056318402,-0.2280230969,-0.351834476,-0.5050923228,-0.3742588758,-0.2540046573,-0.1590368748,-0.1963316202,-0.2007826567,-0.2037437558,-0.2033641338,-0.4021736383,-0.2032817006,-0.2004953623,-0.1960667372,-0.192083776,-0.2541854978,-0.0728857517,-0.072997272,-0.1819954515,-0.1004048735,-0.0878594518,-0.0685153604,-0.1029147506,0.0,-0.0137088299,0.0,0.0,0.0,0.0,0.0,0.0,0.0]},"step_mean_q":{"0":[9.2112846375,9.2828130722,9.2540683746,9.1859006882,9.0979671478,8.8868627548,8.6290836334,8.3855867386,8.1761236191,7.8375034332,7.4615740776,7.0337891579,6.5522685051,6.101360321,5.6595644951,5.1747312546,4.7918510437,4.426115036,4.0926647186,3.7268211842,3.4142985344,3.1319830418,2.8745920658,2.5769453049,2.3492786884,2.1474487782,1.9715902805,1.8312393427,1.6895219088,1.5505108833,1.4571481943,1.3625723124,1.2759869099,1.2179077864,1.1728540659,1.1444554329,1.1208523512,1.0689946413,1.0603339672,1.012960434,1.0166893005,0.9901958704,0.960457623,0.9183416963,0.8944770694,0.8763736486,0.8872258067,0.8301925659,0.8239582777,0.8186476231,0.836245358,0.8211008906,0.8081832528,0.8122282028,0.8724785447,0.8361136913,0.8153527379,0.7666960359,0.6645752192,0.644524157,0.6752248406,0.7494432926,0.7697281837,0.6938467622,0.7013934255,0.5023779869,0.5580192804,0.5772997737,0.6041912436,0.5418375731,0.471645087,0.3980104327,0.3726715147,0.4726518691,0.4301046431,0.4470299184,0.5445353389,0.5196734071,0.3743141592,0.2231078595,-0.0649110451,-0.0279482491,0.0797106624,0.0892922878,-0.0339379311,0.0099491179,-0.0137088299,0.0818826407,0.1463974267,0.6789204478,0.1897772104,0.2614530027,0.0621574372,0.1780093759]},"episodes_still_running":{"0":[4096.0,4096.0,4087.0,4083.0,4079.0,4072.0,4062.0,4058.0,4049.0,4039.0,4027.0,4007.0,3974.0,3938.0,3875.0,3800.0,3729.0,3653.0,3570.0,3487.0,3389.0,3294.0,3212.0,3119.0,3010.0,2904.0,2813.0,2686.0,2571.0,2459.0,2337.0,2202.0,2070.0,1930.0,1795.0,1655.0,1547.0,1429.0,1314.0,1216.0,1111.0,1011.0,913.0,823.0,730.0,639.0,576.0,508.0,456.0,411.0,351.0,308.0,268.0,237.0,208.0,187.0,158.0,137.0,121.0,99.0,84.0,62.0,58.0,52.0,48.0,38.0,34.0,26.0,22.0,20.0,18.0,16.0,16.0,16.0,14.0,12.0,10.0,9.0,7.0,6.0,5.0,4.0,3.0,2.0,2.0,1.0,1.0,1.0,1.0,1.0,1.0,1.0,1.0,1.0]},"step_range_q":{"0":[14.0566921234,14.9749469757,17.2340335846,18.995267868,17.2090835571,18.0671539307,17.912021637,18.2260093689,18.1482582092,18.6635799408,19.1280536652,19.3719062805,22.2886543274,20.9310417175,19.9451370239,20.2435569763,17.8513431549,18.9920749664,19.2515354156,17.5743637085,17.9090385437,17.2293243408,18.6648311615,18.5898265839,18.7959785461,18.1682796478,19.0287075043,18.5893363953,18.4553947449,16.5400772095,15.1280889511,15.5082483292,15.5156269073,14.8026828766,13.9579763412,15.093460083,14.0384759903,15.3672790527,14.1591892242,13.4665575027,13.3553943634,12.8159255981,12.1970663071,12.0275917053,10.1928682327,10.6612300873,10.8731050491,10.6332149506,10.8936624527,9.9724197388,10.9211645126,10.5427646637,11.7131242752,12.120256424,11.3234138489,12.2581481934,9.3488283157,9.6839103699,9.1367769241,9.3992605209,8.8288183212,10.0397577286,9.5062589645,8.4511575699,8.0079965591,3.2857093811,3.0484571457,2.5387952328,3.526257515,2.7768230438,2.6827478409,2.6214830875,2.8271999359,2.8403730392,2.7662835121,2.5273323059,3.8066630363,3.7467329502,2.0111060143,1.3551747799,0.1819954515,0.1301613301,0.306781292,0.3156152964,0.137953639,0.0099491179,0.0137088299,0.0818826407,0.1463974267,0.6789204478,0.1897772104,0.2614530027,0.0621574372,0.1780093759]},"mean_loss:":{"0":1.4741449356},"rmse":{"0":1.2141437531},"step_rmse":{"0":[0.8600720167,0.9249948263,1.0320019722,1.0600341558,1.073119998,1.1184726954,1.1604175568,1.1785861254,1.2213834524,1.2715251446,1.2794667482,1.3271704912,1.3180800676,1.3276714087,1.3439748287,1.2976844311,1.2850868702,1.3037275076,1.2819554806,1.2829478979,1.253811717,1.2307192087,1.2696321011,1.2164868116,1.2042857409,1.2278115749,1.224224925,1.1933145523,1.181815505,1.1473872662,1.2006139755,1.1230946779,1.1412904263,1.140989542,1.2058900595,1.1628111601,1.2014068365,1.1931977272,1.2016340494,1.1540795565,1.2335146666,1.1804633141,1.1737467051,1.17535007,1.2237340212,1.2289816141,1.237939477,1.2146152258,1.3035075665,1.3464943171,1.4317048788,1.4605021477,1.4638199806,1.6165544987,1.7705646753,1.817240715,1.7605699301,1.7339097261,1.7204502821,1.9525424242,2.0553092957,2.2205007076,2.158343792,1.7678676844,2.0530495644,2.2746143341,2.074877739,2.1737990379,2.0474882126,2.2989945412,1.8936806917,1.3384485245,1.434859395,1.3444372416,0.8759711385,0.8468704224,0.8778613806,0.8228423595,0.7300843596,0.5031989813,0.5611599088,0.4824527502,0.6715254188,0.3914778233,0.5371757746,0.3123956621,0.5375659466,0.1073416024,0.4526922107,0.4848764539,0.4469305873,0.3590613902,0.4147183299,0.1582099348]},"mean_error":{"0":0.7622154355},