{"max_q":{"0":16.7625427246},"min_q":{"0":-0.4731662273},"mean_q":{"0":9.7002420425},"range_q":{"0":17.2357082367},"step_max_q":{"0":[15.3061676025,15.5836906433,15.8011188507,16.1004447937,16.3768539429,16.7625427246,16.5542068481,16.4679946899,16.5759220123,15.9447631836,15.3880844116,14.8529930115,14.7394981384,14.5318803787,14.0601596832,13.6050519943,13.1236133575,13.0096149445,12.3651819229,12.0325469971,11.6958246231,11.1875772476,10.8837852478,10.617641449,10.5460624695,10.4015007019,10.1599550247,9.8927726746,9.790895462,9.8684396744,9.431810379,9.0783843994,8.9151744843,8.7840595245,8.4788169861,8.0868377686,8.1516065598,7.8134717941,7.7671546936,7.7089500427,7.773188591,7.4314966202,7.5125331879,7.5260219574,7.5561060905,7.1968603134,7.0966682434,6.9803519249,6.9695696831,6.426384449,6.3363800049,6.0706706047,6.1196007729,5.582775116,5.7236919403,5.6169834137,5.3688650131,5.3695230484,5.1924986839,5.1954407692,5.0503959656,4.907541275,4.8476638794,4.7734084129,4.6791338921,4.6545572281,4.4768066406,4.5118522644,4.3961234093,4.0349845886,3.9397888184,3.8792989254,3.8496243954,3.8747930527,3.5816540718,3.6104736328,3.7307829857,3.6695299149,3.6544167995,3.1686599255,3.3492844105,1.3339402676,1.4410908222,1.8401424885,1.907443881,1.9663769007,2.0216128826,1.8553445339,1.9426745176,2.0962367058,1.974470973,1.8230499029,1.9872159958]},"step_min_q":{"0":[6.4855909348,6.8657569885,6.7764892578,7.3604168892,7.1060800552,7.1578207016,7.102288723,8.5182218552,8.1566905975,8.292807579,8.0542669296,6.1733942032,5.3748073578,5.5969820023,5.0829553604,4.5676999092,4.1692881584,3.6423602104,4.0468082428,2.6902825832,1.945374608,1.9956550598,2.6479415894,4.0167369843,3.6193442345,4.1623091698,2.8901801109,2.4963264465,2.2511732578,1.570499897,1.5548906326,1.1508420706,0.7949013114,0.3057403564,0.3307958245,0.0,0.0,0.0,0.0,0.0,0.0,0.0,-0.0739530325,-0.4731662273,0.0,0.0,0.0,0.0,0.0,0.0,0.0,0.0,0.0,0.0,0.0,0.0,0.0,0.0,0.0,0.0,0.0,0.0,-0.0483088493,0.0,0.0,0.0,0.0,0.0,0.0,0.0,0.0,0.0,0.0,0.0,0.0,0.0,0.0,0.0,0.0,0.0,0.0,0.0,0.0,0.0,0.0,0.0,0.0,0.0,0.0,0.0,0.0,0.0,0.0]},"step_mean_q":{"0":[14.8352565765,15.0870342255,15.3225364685,15.5597476959,15.7662439346,15.8301954269,15.5753383636,15.2097501755,14.8851337433,14.5542802811,14.1828565598,13.8050012589,13.538444519,13.119392395,12.7623920441,12.4213809967,12.0336103439,11.6294384003,11.2810621262,10.9187326431,10.5071716309,10.1643733978,9.8401260376,9.5011577606,9.2039909363,8.938539505,8.6501274109,8.3894519806,8.1513938904,7.8783884048,7.6202354431,7.3681530952,7.1040158272,6.8413147926,6.5884771347,6.3530292511,6.0953669548,5.8491430283,5.6243276596,5.3976655006,5.1901798248,5.0086050034,4.8555998802,4.7514381409,4.6512923241,4.5917487144,4.5296502113,4.4810423851,4.4405708313,4.379632473,4.3372235298,4.2845125198,4.2282977104,4.1568670273,4.1154260635,4.0646958351,3.9793646336,3.9067044258,3.8537900448,3.786646843,3.6909303665,3.6243069172,3.5482735634,3.4237091541,3.4028964043,3.2742094994,3.1429374218,3.0160992146,2.983232975,2.690715313,2.5363368988,2.7519657612,2.6810438633,2.6294777393,2.2283716202,2.3198094368,2.0020499229,2.0235002041,1.7209179401,1.6897974014,1.759845376,1.2286632061,1.3457226753,1.5606116056,1.5007463694,1.3877919912,1.5536339283,1.4947324991,1.9426745176,2.0962367058,1.974470973,1.8230499029,1.9872159958]},"episodes_still_running":{"0":[4096.0,4096.0,4096.0,4096.0,4096.0,4096.0,4096.0,4096.0,4096.0,4096.0,4096.0,4096.0,4096.0,4096.0,4096.0,4096.0,4096.0,4096.0,4096.0,4096.0,4096.0,4096.0,4096.0,4096.0,4096.0,4096.0,4096.0,4096.0,4096.0,4096.0,4096.0,4096.0,4096.0,4096.0,4096.0,4088.0,4084.0,4072.0,4048.0,4012.0,3940.0,3820.0,3608.0,3276.0,2948.0,2556.0,2244.0,1920.0,1672.0,1452.0,1252.0,1080.0,944.0,820.0,724.0,612.0,544.0,484.0,412.0,352.0,332.0,292.0,244.0,204.0,168.0,148.0,132.0,112.0,88.0,72.0,64.0,52.0,52.0,48.0,36.0,32.0,28.0,24.0,20.0,20.0,20.0,16.0,16.0,12.0,12.0,12.0,8.0,8.0,4.0,4.0,4.0,4.0,4.0]},"step_range_q":{"0":[8.8205766678,8.7179336548,9.0246295929,8.7400283813,9.2707738876,9.604722023,9.4519176483,7.9497728348,8.4192314148,7.6519556046,7.333817482,8.6795988083,9.3646907806,8.9348983765,8.9772043228,9.0373516083,8.9543247223,9.3672542572,8.3183736801,9.3422641754,9.7504501343,9.1919221878,8.2358436584,6.6009044647,6.926718235,6.2391915321,7.2697749138,7.396446228,7.5397224426,8.2979393005,7.8769197464,7.9275422096,8.1202735901,8.4783191681,8.1480207443,8.0868377686,8.1516065598,7.8134717941,7.7671546936,7.7089500427,7.773188591,7.4314966202,7.5864863396,7.9991884232,7.5561060905,7.1968603134,7.0966682434,6.9803519249,6.9695696831,6.426384449,6.3363800049,6.0706706047,6.1196007729,5.582775116,5.7236919403,5.6169834137,5.3688650131,5.3695230484,5.1924986839,5.1954407692,5.0503959656,4.907541275,4.8959727287,4.7734084129,4.6791338921,4.6545572281,4.4768066406,4.5118522644,4.3961234093,4.0349845886,3.9397888184,3.8792989254,3.8496243954,3.8747930527,3.5816540718,3.6104736328,3.7307829857,3.6695299149,3.6544167995,3.1686599255,3.3492844105,1.3339402676,1.4410908222,1.8401424885,1.907443881,1.9663769007,2.0216128826,1.8553445339,1.9426745176,2.0962367058,1.974470973,1.8230499029,1.9872159958]},"mean_loss:":{"0":0.0536325499},"rmse":{"0":0.2315870225},"step_rmse":{"0":[0.0950076133,0.0792625621,0.0801380202,0.1139824316,0.130765751,0.1788319796,0.1881116629,0.2195331454,0.2275414765,0.2351637185,0.2221835554,0.2299302667,0.2528239191,0.2792948782,0.2904428542,0.2879633605,0.2876503766,0.2922855914,0.2891945839,0.3042576909,0.2934160233,0.3356159031,0.3204045892,0.2929972708,0.3110457659,0.295379132,0.2595674396,0.2421322465,0.2369583994,0.2124437988,0.1990878135,0.1942752451,0.1907247901,0.1690930426,0.1724725962,0.1790610105,0.1767568141,0.1727767587,0.178489238,0.1798559725,0.1787247509,0.188781485,0.1816350371,0.1832242459,0.1749055684,0.2007508874,0.1878037453,0.1916857809,0.2008798271,0.2220248431,0.2231018245,0.2204653919,0.2778886259,0.245586127,0.2519232035,0.2707550526,0.2604966462,0.2401225716,0.2854012847,0.2999294996,0.2683127522,0.3371423781,0.362191081,0.3023418188,0.3427245617,0.2862763405,0.470240593,0.5039794445,0.4284457862,0.5122375488,0.5405420661,0.543694675,0.6843965054,0.7336321473,0.706104219,0.7528594732,0.8286232352,0.6724373102,0.8654902577,0.598094821,0.6290645003,0.478389293,0.5342502594,0.8563848734,0.7275499105,0.7888541818,0.9536867738,0.7862330675,1.0490525961,1.1761248112,1.5941501856,1.1193333864,1.8026771545]},"mean_error":{"0":0.124624595},"step_mean_error":{"0":[0.058710888,0.0353626832,0.0374988057,0.071485579,0.0827479661,0.1239488721,0.1330227852,0.1369813383,0.1507683992,0.1547415107,0.1506206393,0.1519070864,0.1578875482,0.1628426909,0.1654375941,0.1642321944,0.1619959921,0.1693280637,0.1674501002,0.1592247635,0.1582580507,0.1588160098,0.1489038765,0.1409880519,0.1399707496,0.1349752247,0.1291022003,0.1272191107,0.1219859421,0.1187000945,0.1101028323,0.1080728471,0.1077958941,0.1014052108,0.1009644642,0.1057799682,0.0989893973,0.0990609825,0.0990320146,0.0981130823,0.0957257897,0.0961239859,0.1006094664,0.097182624,0.0985903069,0.1031211391,0.1009226516,0.1016566902,0.1083707362,0.1216507554,0.1283937395,0.1360036731,0.1537252516,0.1413884461,0.1574597806,0.164308086,0.1585412025,0.1458207965,0.1668757051,0.1690427363,0.1739334762,0.1967999637,0.2213404626,0.2168732435,0.219768703,0.2126381844,0.2913588583,0.3845233917,0.3266704679,0.3145977557,0.3774715066,0.3946250677,0.4782051444,0.5197612047,0.5289578438,0.5164891481,0.6744906306,0.5529553294,0.761176765,0.4792247713,0.5334049463,0.4038777053,0.4838305414,0.8325231671,0.6411182284,0.7145363688,0.9057428837,0.7554268837,1.0490525961,1.1761248112,1.5941501856,1.1193333864,1.8026771545]},"mean_deviation":{"0":0.7127412558},