{"max_q":{"0":15.7272338867},"min_q":{"0":-2.2705266476},"mean_q":{"0":8.5909032822},"range_q":{"0":17.9977607727},"step_max_q":{"0":[14.9205560684,15.7272338867,15.3418598175,15.3611965179,14.9486274719,15.0547771454,14.7930831909,14.5488805771,14.1630144119,13.9798049927,13.5787181854,13.2975654602,12.9968299866,12.6193523407,12.2753400803,11.9724607468,11.7379245758,11.3205108643,11.1450157166,10.7992153168,10.4808959961,10.2388458252,9.712562561,9.3275556564,8.897444725,8.5463504791,8.3229122162,8.0304813385,7.9056177139,7.3854651451,7.106156826,6.6749715805,6.4481225014,6.1817674637,5.8588423729,5.6654930115,5.2582540512,4.8579273224,4.6787104607,4.3665246964,4.2702097893,4.197599411,4.0488753319,3.7244052887,3.5599486828,3.5592148304,3.2269148827,3.3060164452,3.2097048759,2.8936414719,2.8874619007,2.8615560532,2.7399606705,2.7350594997,2.7128186226,2.7056574821,2.7090301514,2.4392197132,2.6445448399,2.2811641693,2.0266149044,1.9921635389,1.9701980352,1.9548093081,2.0591349602,1.7318897247,2.0021319389,1.9783481359,1.9317586422]},"step_min_q":{"0":[12.1583690643,12.5500612259,12.3386449814,11.848526001,11.4924030304,10.8215532303,10.9643011093,10.6180582047,9.5354814529,9.1064405441,6.7855463028,5.4967908859,4.5038104057,3.9216752052,4.1249637604,2.2929077148,0.7927517891,0.3302981853,-1.2486884594,-0.9372968674,-1.5540590286,-1.7565133572,-1.8312580585,-2.0621254444,-1.8440413475,-2.2705266476,-2.2588927746,-2.2419316769,-1.9752254486,-1.9022576809,-2.0196435452,-1.8627688885,-2.0308926105,-1.8321158886,-1.9618494511,-1.7700185776,-1.7162307501,-1.08311975,-1.1213840246,-1.1596741676,-1.150031805,-1.018443346,-0.3725763857,-0.337890774,-0.1806729734,-0.195543617,-0.1862923503,-0.294427067,-0.3566678464,0.0,0.0,-0.1464895904,0.0,0.0,0.0,0.0,0.0,0.0,0.0,0.0,0.0,0.0,0.0,0.0,0.0,0.0,0.0,0.0,0.0]},"step_mean_q":{"0":[14.7032279968,15.0051651001,14.795589447,14.6445360184,14.2892217636,14.2787094116,13.9991493225,13.7792873383,13.3599128723,12.9495592117,12.5636501312,12.1834049225,11.8300561905,11.4527931213,11.0943450928,10.7099132538,10.3501014709,9.9773712158,9.5911283493,9.2081127167,8.8262634277,8.4597702026,8.0601768494,7.658826828,7.2859282494,6.8919100761,6.5143427849,6.1409440041,5.8000612259,5.4314627647,5.1042370796,4.7822122574,4.4472279549,4.1784658432,3.8901627064,3.6315307617,3.4372870922,3.248039484,3.0605797768,2.9047017097,2.6982040405,2.5450460911,2.3729689121,2.1541790962,1.9733160734,1.7800297737,1.6290483475,1.529881835,1.4590426683,1.5071879625,1.5351996422,1.5141224861,1.518612504,1.8581608534,1.9490479231,2.0939218998,2.0949130058,2.0501945019,2.2436742783,2.1981730461,2.0266149044,1.9921635389,1.9701980352,1.9548093081,2.0591349602,1.7318897247,2.0021319389,1.9783481359,1.9317586422]},"episodes_still_running":{"0":[4096.0,4096.0,4096.0,4096.0,4096.0,4096.0,4096.0,4096.0,4096.0,4096.0,4096.0,4096.0,4096.0,4096.0,4096.0,4096.0,4096.0,4096.0,4096.0,4096.0,4096.0,4096.0,4096.0,4096.0,4092.0,4092.0,4092.0,4092.0,4080.0,4076.0,4060.0,4044.0,4040.0,4000.0,3984.0,3968.0,3916.0,3860.0,3692.0,3392.0,2920.0,2444.0,1868.0,1400.0,1056.0,788.0,572.0,448.0,320.0,216.0,156.0,108.0,84.0,56.0,36.0,28.0,28.0,20.0,12.0,8.0,4.0,4.0,4.0,4.0,4.0,4.0,4.0,4.0,4.0]},"step_range_q":{"0":[2.7621870041,3.1771726608,3.0032148361,3.512670517,3.4562244415,4.2332239151,3.8287820816,3.9308223724,4.627532959,4.8733644485,6.7931718826,7.8007745743,8.493019104,8.6976776123,8.1503763199,9.6795530319,10.9451732635,10.9902124405,12.3937044144,11.7365121841,12.0349550247,11.9953594208,11.5438203812,11.3896808624,10.7414855957,10.8168773651,10.5818052292,10.2724132538,9.8808431625,9.2877225876,9.1258001328,8.5377407074,8.4790153503,8.0138835907,7.8206920624,7.4355115891,6.9744849205,5.9410471916,5.8000946045,5.526198864,5.4202413559,5.2160425186,4.4214515686,4.0622959137,3.7406215668,3.754758358,3.4132072926,3.6004436016,3.566372633,2.8936414719,2.8874619007,3.0080456734,2.7399606705,2.7350594997,2.7128186226,2.7056574821,2.7090301514,2.4392197132,2.6445448399,2.2811641693,2.0266149044,1.9921635389,1.9701980352,1.9548093081,2.0591349602,1.7318897247,2.0021319389,1.9783481359,1.9317586422]},"mean_loss:":{"0":0.5563773513},"rmse":{"0":0.7459070683},"step_rmse":{"0":[0.2898489237,0.2810592949,0.2877893746,0.2874499261,0.3332172334,0.4149158597,0.4237562418,0.5330536962,0.6136131287,0.6819423437,0.7468098402,0.8044291139,0.9015370011,0.8776109815,0.8814953566,0.85405159,0.8697026372,0.9091552496,0.8847967386,0.8902826309,0.8664039373,0.8616488576,0.8476656675,0.8373587728,0.8446217179,0.8499461412,0.8481714129,0.8440030813,0.8600168228,0.8480474949,0.8226231933,0.8061070442,0.7928711176,0.7811947465,0.7693065405,0.7238351703,0.7144909501,0.6853112578,0.6690700054,0.6689658165,0.674769938,0.6749762297,0.7023975849,0.7192671895,0.7619128823,0.7787439823,0.8843771219,0.9388440251,0.9486450553,0.9731807113,1.046613574,1.1527924538,1.2309383154,1.0475848913,1.0407617092,1.225632906,1.2884026766,1.4191625118,1.7372310162,1.1002138853,1.0346105099,1.0735632181,0.9109145403,0.9299277067,0.6975419521,0.9993257523,0.7647049427,0.6447011232,0.5627310276]},"rmse_by_q":{"0":8.6825218201},"step_rmse_by_q":{"0":[1.9713284969,1.8730835915,1.9451024532,1.9628475904,2.3319480419,2.9058358669,3.0270142555,3.8685142994,4.5929422379,5.266143322,5.9442105293,6.6026630402,7.6207332611,7.6628551483,7.9454474449,7.9744024277,8.402841568,9.1121721268,9.2251577377,9.6684589386,9.8162031174,10.185251236,10.5167131424,10.9332513809,11.5925064087,12.3325195312,13.0200605392,13.7438659668,14.8277196884,15.6136112213,16.1164779663,16.8563632965,17.8284339905,18.6957321167,19.7756900787,19.9319572449,20.78647995,21.0992279053,21.8608913422,23.0304489136,25.0081157684,26.5211791992,29.5999488831,33.3893852234,38.6107902527,43.7489318848,54.2879562378,61.3670959473,65.0183181763,64.5692977905,68.1744308472,76.1360092163,81.0567703247,56.3775138855,53.3984680176,58.5328865051,61.5014915466,69.2208709717,77.4279556274,50.05128479,51.0511627197,53.8893089294,46.2346687317,47.5712738037,33.8754844666,57.7014694214,38.1945343018,32.5878486633,29.1305027008]},"mean_error":{"0":0.5299745798},"step_mean_error":{"0":[0.2078676522,0.1656801105,0.1788713336,0.1874889284,0.2362107337,0.2907032371,0.3116294146,0.392239362,0.434626013,0.4621307552,0.5255292654,0.5450994968,0.6038070917,0.6022242308,0.6216282845,0.6257358789,0.6327457428,0.6715209484,0.6442244053,0.6671091318,0.6403441429,0.6374949813,0.6127132177,0.6155551672,0.628491044,0.6279364824,0.6274217963,0.6341776848,0.6371455193,0.6481141448,0.6271217465,0.6135582328,0.6017730236,0.600248456,0.5858502388,0.5535766482,0.5482811332,0.5286712646,0.5189372301,0.5138018727,0.5269114971,0.5184911489,0.5466783047,0.5589288473,0.5980781913,0.6234871745,0.7248095274,0.7622456551,0.7806774378,0.8251507878,0.9115501046,1.0126014948,1.073318243,0.9198154807,0.8304923177,1.0372103453,1.0562542677,1.2277325392,1.6296724081,1.1001338959,1.0346105099,1.0735632181,0.9109145403,0.9299277067,0.6975419521,0.9993257523,0.7647049427,0.6447011232,0.5627310276]},"mean_q_deviation":{"0":43.694519043},