{"max_q":{"0":15.2640991211},"min_q":{"0":-0.9926783442},"mean_q":{"0":6.9663472176},"range_q":{"0":16.2567768097},"step_max_q":{"0":[14.2351093292,14.3611745834,14.6215009689,14.8705463409,15.1317682266,14.6704940796,14.7703256607,15.2640991211,14.2582836151,14.0224323273,13.9337253571,13.6783628464,13.2591056824,13.340795517,13.0765457153,12.8423290253,12.4657564163,12.3731250763,12.0631694794,11.8472623825,11.6684055328,11.2302999496,11.3536548615,11.1386318207,11.1334552765,10.7456893921,10.7000370026,10.3283214569,10.2165966034,10.152841568,10.2731618881,9.5386581421,9.3186607361,9.420592308,8.9770832062,9.0377845764,8.7185115814,8.4255332947,8.3423881531,8.3253860474,8.0755348206,7.912571907,7.7454309464,7.3816652298,7.3135004044,7.2032141685,7.1236977577,7.0865049362,6.9668731689,6.9306316376,6.9461770058,6.9954833984,6.995221138,7.0359601974,7.0599060059,7.0813784599,7.2121458054,7.1607484818,7.3694658279,7.2597570419,7.1912941933,7.2192840576,7.2647733688,7.2951202393,7.364294529,7.4165620804,7.5388479233,7.4920635223,7.432674408,7.4489946365,7.4013872147,7.4301695824,7.5836315155,7.5372524261,7.5465602875,7.6309742928,7.7401046753,7.6906728745,7.8408565521,7.8261165619,7.6442232132,7.7832403183,7.7007722855,7.6968641281,7.7306332588,7.6773505211,7.7976922989,7.6358470917,7.5637850761,7.6197805405,7.6078023911,7.6486616135,7.6840667725,7.7020683289,7.5859708786,7.5834345818,7.7794013023,7.7521266937,7.7572312355,7.6038217545,7.6830978394,7.6556344032,7.4148817062,7.4579515457,7.4839906693,7.5815954208,7.3861432076,7.1942577362,6.978269577,6.8539981842,6.8682961464,6.7098045349,6.7666578293,6.6485285759,6.7056283951,6.7190232277,6.8548855782,6.7357654572,7.1206493378,7.0070252419,6.6436309814,6.3820638657,6.0319070816,5.8844046593,5.9973039627,5.9066514969,5.9919595718,6.0974225998,6.067741394,6.0306415558,5.9537453651,5.829723835,5.8676052094,5.6825065613,5.7712945938,5.8846025467,5.7188110352,5.7693338394,5.6294932365,5.4490871429,5.541557312,5.4946470261,5.290790081,5.2668261528,5.1728014946,5.0233836174,5.1182045937,5.1412138939,5.1983947754,5.3671078682,5.3770070076,5.2843446732,4.9350528717,4.8564224243,4.5768613815,4.5712122917,4.3549017906,4.2228288651,4.4955463409,4.0736150742,4.4611940384,4.2866697311,4.3253631592,4.2563123703,4.4983692169,4.1752471924,4.076631546,4.1993341446,4.0859313011,3.954513073]},"step_min_q":{"0":[11.3464183807,11.6365680695,11.7588949203,11.6851272583,11.6088924408,10.9986057281,10.8415145874,10.758014679,9.9789390564,9.3089618683,9.1887207031,8.7986488342,7.6395235062,7.0776720047,6.9440927505,6.0129766464,6.0829687119,5.6999034882,5.1233444214,4.9370131493,3.8237941265,3.6110496521,3.2151474953,2.9590196609,1.8394012451,1.3824176788,0.9633319378,1.4127135277,1.4922940731,0.9238128662,0.4589216709,0.5499148369,0.3808419704,0.3300981522,0.0141475201,-0.0599439144,-0.3022202253,-0.4672133923,-0.3367158175,-0.591797471,-0.7168123722,-0.5662899017,-0.7471556664,-0.6376917362,-0.5412256122,-0.9926783442,-0.56240201,-0.8721657991,-0.6291968822,-0.3807228208,-0.0629265308,0.0,0.0,-0.2475937009,-0.0965154767,-0.3110356331,-0.4647446871,-0.4617390633,-0.4919151366,-0.45759058,-0.4191857576,-0.3849404156,-0.5669550896,0.0,0.0,-0.0431694984,-0.0152235627,-0.2334684134,-0.2629808187,0.0,0.0,0.0,0.0,0.0,0.0,0.0,0.0,0.0,0.0,0.0,0.0,0.0,0.0,0.0,0.0,0.0,0.0,0.0,-0.0033154488,-0.0088176727,-0.0139225721,-0.0182949305,-0.0221937895,-0.0247970819,-0.0272620916,-0.0263136625,-0.0235977173,-0.0179605484,-0.0090389252,0.0,-0.0571758747,0.0,0.0,0.0,-0.0368646383,-0.0339684486,0.0,-0.0625682473,0.0,0.0,-0.111027658,-0.0486665368,0.0,-0.0010749698,-0.0259064436,-0.0647482276,-0.1912813187,-0.4093139768,-0.315603435,-0.1588412523,-0.1368456185,-0.1705943346,-0.1877747476,-0.1523855329,-0.1478084326,-0.2066252828,-0.2038377523,-0.2836219072,-0.2535173893,-0.2370761633,-0.2281793058,-0.4097322226,-0.2090790272,-0.41026631,-0.386736095,-0.4493744671,-0.6044332385,-0.593824029,-0.3775467873,-0.4603832364,-0.4528304935,-0.512417078,-0.3566886187,-0.3592472672,-0.4452742934,-0.3646706343,-0.2825148702,-0.2180138826,-0.1673974991,-0.2645151615,-0.1362039447,-0.2377704382,-0.1449382901,-0.3003691733,-0.1427374184,-0.1917665005,-0.1412496865,-0.1435027719,-0.212009728,-0.02805233,0.0,-0.2433338761,-0.258657217,-0.2493800521,-0.236954391,-0.1526663303,-0.2506401539,-0.3583421111,-0.1929214001,-0.0307826996]},"step_mean_q":{"0":[13.6179561615,13.7919101715,13.9848442078,14.1957368851,14.1255073547,13.9835100174,14.0144863129,13.81021595,13.4518041611,13.2193908691,13.0631771088,12.8200273514,12.425778389,12.192193985,11.9939651489,11.7224836349,11.3605394363,11.1182937622,10.9024381638,10.6317129135,10.3209190369,10.114862442,9.9522867203,9.7382106781,9.5150165558,9.3340196609,9.1636619568,8.9554538727,8.748128891,8.5615901947,8.3579320908,8.1304655075,7.9195542336,7.7065973282,7.4683303833,7.2319045067,7.0064105988,6.8050804138,6.5917959213,6.3842868805,6.2112798691,6.0659189224,5.9254417419,5.8185706139,5.73406744,5.670545578,5.6414909363,5.6582417488,5.6542863846,5.6565027237,5.6635231972,5.6830124855,5.7002334595,5.7111029625,5.7435207367,5.755657196,5.7841720581,5.8151268959,5.8264966011,5.8402776718,5.8640565872,5.8815102577,5.9055361748,5.9270143509,5.9413557053,5.9734983444,5.9868965149,5.9992718697,6.0216937065,6.0427203178,6.0557603836,6.0696473122,6.0770745277,6.0838823318,6.0899853706,6.0980114937,6.0973796844,6.0988540649,6.0995979309,6.0942893028,6.0887403488,6.0778837204,6.0642051697,6.0535607338,6.0267562866,6.0043029785,5.9718899727,5.9375815392,5.8967437744,5.8556985855,5.8041129112,5.7552103996,5.7026309967,5.6446185112,5.5817813873,5.5072364807,5.431324482,5.3637800217,5.2773227692,5.1986584663,5.1131129265,5.0287256241,4.9288363457,4.8405256271,4.7482361794,4.6540255547,4.566423893,4.4623484612,4.3796319962,4.2964625359,4.2046585083,4.1217236519,4.0269722939,3.9500117302,3.8630714417,3.7926778793,3.725771904,3.6511240005,3.5683283806,3.510436058,3.4354307652,3.3733592033,3.3192505836,3.2799875736,3.2283935547,3.1710736752,3.1166577339,3.0648832321,3.0184187889,2.9544825554,2.9204118252,2.899367094,2.8403739929,2.7853007317,2.7136080265,2.6570515633,2.5927848816,2.547711134,2.4965493679,2.4632630348,2.4681782722,2.4929409027,2.4543268681,2.4111509323,2.4256799221,2.3662667274,2.3707375526,2.3153152466,2.3107073307,2.3149850368,2.2491004467,2.1767075062,2.1462771893,2.0924401283,2.0715191364,2.0600178242,2.0247592926,1.9669562578,2.0474932194,2.0041465759,2.0217864513,1.8779622316,1.8153886795,1.7473698854,1.6595028639,1.6250488758,1.6037307978,1.6820914745,1.6345845461,1.6109274626]},"episodes_still_running":{"0":[4096.0,4096.0,4096.0,4096.0,4096.0,4096.0,4096.0,4096.0,4096.0,4096.0,4096.0,4096.0,4096.0,4096.0,4096.0,4096.0,4096.0,4096.0,4096.0,4096.0,4096.0,4096.0,4096.0,4096.0,4096.0,4096.0,4096.0,4096.0,4096.0,4096.0,4096.0,4096.0,4096.0,4096.0,4096.0,4096.0,4096.0,4096.0,4096.0,4096.0,4096.0,4096.0,4096.0,4084.0,4084.0,4084.0,4068.0,4028.0,4024.0,4020.0,4016.0,4004.0,3996.0,3996.0,3980.0,3980.0,3972.0,3960.0,3960.0,3960.0,3952.0,3948.0,3940.0,3936.0,3936.0,3924.0,3924.0,3924.0,3920.0,3912.0,3912.0,3908.0,3908.0,3908.0,3908.0,3904.0,3904.0,3904.0,3904.0,3904.0,3904.0,3904.0,3900.0,3900.0,3900.0,3900.0,3900.0,3900.0,3900.0,3900.0,3896.0,3896.0,3892.0,3888.0,3888.0,3880.0,3876.0,3872.0,3868.0,3856.0,3856.0,3828.0,3816.0,3796.0,3772.0,3740.0,3700.0,3668.0,3600.0,3532.0,3468.0,3376.0,3292.0,3180.0,3100.0,2988.0,2848.0,2732.0,2644.0,2540.0,2404.0,2276.0,2132.0,1980.0,1840.0,1732.0,1624.0,1492.0,1408.0,1340.0,1268.0,1184.0,1104.0,1024.0,972.0,928.0,868.0,824.0,796.0,736.0,672.0,608.0,572.0,552.0,520.0,500.0,464.0,436.0,420.0,404.0,380.0,372.0,348.0,328.0,308.0,288.0,272.0,260.0,236.0,212.0,200.0,184.0,180.0,180.0,180.0,160.0,148.0,128.0,124.0,108.0]},