{"max_q":{"0":18.0438041687},"min_q":{"0":-0.4738487601},"mean_q":{"0":9.0447311401},"range_q":{"0":18.5176525116},"step_max_q":{"0":[16.3521976471,16.6106929779,17.2412452698,17.1225776672,17.4396247864,17.8466205597,17.5831565857,18.0438041687,17.3128852844,17.0731925964,15.8022937775,15.2942895889,14.1300067902,13.7579040527,12.7340631485,12.4858398438,11.2675914764,10.4434251785,9.7551641464,9.4147853851,8.3361387253,7.8601756096,7.437204361,7.0931787491,7.1007738113,6.8918094635,6.3555374146,6.2036905289,5.9718132019,5.5836925507,5.2237586975,4.9931983948,4.393342495,4.3582997322,3.98736763,3.6640210152,3.6337895393,3.3928546906,3.1233048439,2.9335269928,2.6852149963,2.5502593517,2.3272948265,2.0416424274,2.3581111431,2.2955369949,1.496922493,1.5975848436,0.7069757581,0.6832897663,0.4173187613,0.7771437168,0.4658076167,0.809607029,0.4597584009,0.8096086979,0.4658125937,0.8096090555,0.4597595632,0.8096090555,0.4658135772,0.8096090555,0.4597596824,0.8096090555,0.4658135772,0.8096090555,0.4659656286,0.8096090555,0.4659944177,0.8096090555,0.4660113156,0.8096090555,0.4660202861,0.8096090555,0.4660244584,0.8096090555,0.4660258889,0.8096090555,0.4660263658,0.8096090555,0.4660266042,0.8096090555,0.4660266042,0.8096090555,0.4660266042,0.8096090555,0.4660266042,0.8096090555,0.4660266042,0.8096090555,0.4660266042,0.8096090555,0.4660266042,0.8096090555,0.4660266042,0.4341855645,0.4660266042,0.4341855645,0.760080874,0.4341855645,0.4660266042,0.4341855645,0.4660266042,0.4341855645,0.4660266042,0.4341855645,0.4660266042,0.4341855645,0.4660266042,0.4341855645,0.4660266042,0.4341855645,0.4660266042,0.4341855645,0.4660266042,0.4341855645,0.4660266042,0.4341855645,0.4660266042,0.4341855645,0.4660266042,0.4341855645,0.4660266042,0.4341855645,0.4660266042,0.4341855645,0.4660266042,0.4341855645,0.4660266042,0.4341855645,0.4660266042,0.4341855645,0.4660266042,0.4341855645,0.4660266042,0.4341855645,0.4660266042,0.4341855645,0.4660266042,0.4341855645,0.4660266042,0.4341855645,0.4660266042,0.4341855645,0.4660266042,0.4341855645,0.4660266042,0.4341855645,0.4660266042,0.4341855645,0.4660266042,0.4341855645,0.4660266042,0.4341855645,0.4660266042,0.4341855645,0.4660266042,0.4341855645,0.4660266042,0.4341855645,0.4660266042,0.4341855645,0.4660266042,0.4341855645,0.4660266042,0.4341855645,0.4660266042,0.4341855645,0.4660266042,0.4341855645,0.4660266042,0.4341855645,0.4660266042,0.4341855645,0.4660266042,0.4341855645,0.4660266042,0.4341855645,0.4660266042,0.4341855645]},"step_min_q":{"0":[15.5006799698,14.052772522,14.4073495865,14.6252813339,14.1026449203,15.3470363617,14.3400793076,14.1424503326,13.2740697861,12.0950641632,11.6816511154,10.4625911713,10.0176477432,9.3049707413,7.4470424652,7.0084018707,6.2648067474,5.7893691063,4.8217306137,4.1870040894,3.7055268288,3.5180540085,2.5447633266,1.8930943012,1.5957715511,1.3187186718,1.0080850124,0.0,0.0,-0.235242188,-0.2074017525,-0.16137743,-0.3429504633,-0.2489410639,-0.2694925666,-0.4640654325,-0.3759415746,-0.3720496893,-0.2393567562,-0.2126765251,-0.285371542,-0.363527298,-0.3971869349,-0.4209182858,-0.4330007434,-0.4240538478,-0.4280653596,-0.4244139791,-0.4281412959,-0.4171603918,-0.4688969851,-0.4618381262,-0.4548718333,-0.4486461282,-0.4423949122,-0.4360966086,-0.4296499491,-0.4231005907,-0.4164913297,-0.4190693498,-0.3698970079,-0.3582624197,-0.4130942225,-0.4086592793,-0.3522199392,-0.4107737541,-0.4107842743,-0.4158822894,-0.3493232429,-0.328392148,-0.4168819785,-0.4231010377,-0.368668437,-0.3831498027,-0.4230238497,-0.4306975305,-0.3880183995,-0.383143425,-0.4292541444,-0.440102756,-0.4073556066,-0.3831419945,-0.4356759787,-0.4495477676,-0.4266848862,-0.3831415772,-0.4421392679,-0.4590323567,-0.4460201263,-0.383141458,-0.4486442506,-0.4685561061,-0.4653654695,-0.383141458,-0.4552017748,-0.4738487601,-0.3805287778,-0.4479638636,-0.3746850789,-0.46489802,-0.3180273771,-0.4551800787,-0.4737277031,-0.3831413388,-0.4479017556,-0.3831413388,-0.3726172745,-0.4445577264,-0.4650375545,-0.3831413388,-0.4551526606,-0.4736986756,-0.3804962933,-0.4478891194,-0.3714238107,-0.3831413388,-0.4445578456,-0.465038985,-0.3180273771,-0.4551518261,-0.47369802,-0.3831413388,-0.4478889406,-0.3831413388,-0.372615248,-0.4445578456,-0.465038985,-0.3831413388,-0.4551518261,-0.47369802,-0.3804962933,-0.4478889406,-0.3714236915,-0.3831413388,-0.4445578456,-0.465038985,-0.3180273771,-0.4551518261,-0.47369802,-0.3831413388,-0.4478889406,-0.3831413388,-0.372615248,-0.4445578456,-0.465038985,-0.3831413388,-0.4551518261,-0.47369802,-0.3804962933,-0.4478889406,-0.3714236915,-0.3831413388,-0.4445578456,-0.465038985,-0.3180273771,-0.4551518261,-0.47369802,-0.3831413388,-0.4478889406,-0.3831413388,-0.372615248,-0.4445578456,-0.465038985,-0.3831413388,-0.4551518261,-0.47369802,-0.3804962933,-0.4478889406,-0.3714236915,-0.3831413388,-0.4445578456,-0.465038985,-0.3180273771,-0.4551518261,-0.47369802,-0.3831413388,-0.4478889406,-0.3831413388,-0.372615248,-0.4445578456]},"step_mean_q":{"0":[16.099822998,16.3801364899,16.6000652313,16.8262844086,17.0169143677,17.2312984467,16.8032665253,16.4050483704,15.7480564117,14.9788990021,14.2915039062,13.5239906311,12.8198862076,12.08182621,11.3624305725,10.6318435669,9.932674408,9.1960134506,8.4478635788,7.7413864136,7.0633745193,6.4294133186,5.8153367043,5.2666649818,4.7636165619,4.3109660149,3.9182300568,3.5971708298,3.3147580624,3.0953371525,2.939822197,2.8006606102,2.6765768528,2.5125761032,2.3822720051,2.2238836288,2.048609972,1.8517038822,1.6064538956,1.4429627657,1.1346964836,0.7655255795,0.5957814455,0.4271089435,0.3298388124,0.2846902609,0.1452924013,0.1291650534,0.0661641657,0.0644093975,0.0028456291,0.0316249207,0.0021825065,0.0349381194,0.0029779335,0.0387940556,0.0150121963,0.0467680842,0.0063061994,0.0418944173,0.0141018685,0.0510802492,0.0092691081,0.0431791432,0.0185723118,0.0506965779,0.0245761201,0.0488089956,0.0210828949,0.0525490716,0.0270514581,0.0446794741,0.0181598086,0.04903524,0.0233428739,0.0380480438,0.0167172607,0.0475807041,0.0220218562,0.0406198017,0.014403007,0.0472046584,0.0265407171,0.0413856283,0.0108274715,0.0465552658,0.0228697918,0.0407564528,0.0095392484,0.0452843122,0.0224363264,0.0401222073,0.0082495911,0.0440135263,0.0222179256,0.0141235711,-0.0095408754,-0.00180191,0.0473884754,-0.0046813013,0.0088430624,0.0076872208,0.0162086282,0.0163407549,0.0013154129,0.0061669331,-0.0023367247,0.0077252132,-0.0039456286,-0.0115624489,0.008759602,0.0016764541,-0.0207855869,-0.0050881328,0.0102546923,-0.0133104902,0.002218782,0.0000394185,-0.0070295134,-0.0029636642,-0.0323531292,-0.0239144918,-0.0157179665,-0.0140136341,-0.0219378117,-0.024510676,-0.0131818252,-0.0054272772,-0.0243885405,-0.0138625344,0.0038046816,-0.0148053151,-0.0078808209,0.0032032907,-0.0004625539,-0.016553333,-0.0139255719,-0.0126306219,-0.0024050197,-0.0109123886,-0.0239090752,-0.0070480783,0.0043327371,-0.0151830232,-0.0250502396,-0.0021509707,-0.0011697928,-0.0165248979,-0.0084876399,-0.0018161833,0.0044127326,-0.0103920838,-0.0236987546,-0.0132899145,0.0093103908,-0.015889544,-0.025629716,-0.0076529384,-0.0006855567,-0.0103074349,-0.0188886467,-0.0119238673,-0.0018289486,-0.0048093181,-0.0134646753,-0.0035367867,0.0038078923,-0.0154103255,-0.0188231561,-0.007128336,-0.0004625082,-0.0165486839,-0.0139141362,-0.0126299737,-0.0024061641,-0.0109122796,-0.023906894,-0.0070482553,0.0043326337,-0.0145822186]},