{"max_q":{"0":22.6940155029},"min_q":{"0":-1.8807177544},"mean_q":{"0":6.6621499062},"range_q":{"0":24.5747337341},"step_max_q":{"0":[20.2168388367,21.2998790741,21.4781475067,22.6940155029,22.0506877899,21.8027954102,22.0522670746,21.5405292511,21.7634544373,20.9412384033,21.9799747467,21.6482067108,19.3368167877,19.1091117859,18.6452941895,19.9334964752,19.2269763947,19.1161575317,17.922328949,17.067243576,16.1961669922,15.0098800659,14.2879400253,14.057299614,13.1750507355,12.8127641678,13.3391714096,12.9269580841,11.6177434921,11.7021913528,12.7602901459,12.9928035736,11.7544870377,11.9907875061,12.1710319519,11.6987352371,10.6261224747,10.7211208344,10.6611604691,10.4997434616,10.0347566605,10.3372249603,10.5841245651,9.1789102554,9.3249540329,9.3713026047,9.4198255539,10.073767662,9.5984382629,9.879652977,9.7985477448,9.1102619171,9.1505746841,9.1404533386,9.2087783813,9.0304393768,9.1628608704,8.7110900879,9.2610254288,8.8738546371,9.080034256,8.7795009613,8.2435703278,8.195898056,8.122385025,8.7673053741,9.1192092896,6.5530743599,6.8294496536,6.7144861221,6.0914115906,6.0355973244,5.8037333488,6.0975570679,6.2162480354,6.3825125694,5.9361562729,5.8528785706,5.8939843178,5.9929132462,5.8246798515,5.9650712013,6.1154155731,6.2976512909,6.4442081451,6.1166605949,6.0415506363,5.9642357826,6.1386442184,6.1400928497,6.0742564201,5.9738030434,6.0927448273,6.2091312408,6.0066809654,6.0644917488,6.1978807449,6.0063228607,6.03083992,6.0073904991,6.4778690338,6.1704239845]},"step_min_q":{"0":[4.3093318939,3.1340346336,0.6721043587,0.0,0.0,0.0,0.0,0.0,-0.0857397988,-0.1138874218,-0.0373527557,-0.2769939899,-0.3372895718,-0.3294280171,-0.4866280556,-0.5125131011,-0.6981320381,-0.7283642292,-1.8583693504,-1.2899711132,-0.9813604951,-1.2546241283,-1.4537470341,-0.8076419234,-1.8807177544,-1.1754579544,-0.8875527978,-1.237247467,-0.7130648494,-0.6515187621,-0.571526289,-0.5738896728,-0.5527507067,-0.5269799829,-0.8126784563,-0.8373382688,-0.6968983412,-0.6179786921,-0.7524291277,-0.7412641644,-0.549403429,-0.5708422065,-0.5825562477,-0.4541625977,-0.4492619336,-0.4562252164,-0.3981912434,-0.45681113,-0.4636184871,-0.3488513231,-0.3606012464,-0.4107248187,-0.4058434963,-0.4614037275,-0.4907960892,-0.3237644732,-0.1677303612,-0.1277900338,0.0,-0.1584489346,-0.1575946808,-0.3729234934,-0.3319173753,-0.394772619,-0.3960604668,0.0,0.0,0.0,0.0,0.0,0.0,0.0,0.0,0.0,0.0,0.0,0.0,0.0,0.0,0.0,0.0,0.0,0.0,0.0,0.0,0.0,0.0,0.0,0.0,0.0,0.0,0.0,0.0,0.0,0.0,0.0,0.0,0.0,0.0,0.0,0.0,0.0]},"step_mean_q":{"0":[9.9536685944,10.0588645935,9.947763443,9.8387670517,9.7061166763,9.5779800415,9.457490921,9.2504014969,8.9961891174,8.7143468857,8.413228035,8.0826177597,7.7112483978,7.3402795792,6.961356163,6.6119141579,6.2614507675,5.9406671524,5.6370654106,5.3709635735,5.1244249344,4.8727474213,4.6630706787,4.4731216431,4.2865023613,4.1465396881,3.9793686867,3.8501269817,3.7513105869,3.6008372307,3.4890296459,3.3777382374,3.3031451702,3.1948730946,3.0263299942,2.9802594185,2.8491895199,2.6949510574,2.5509152412,2.4955289364,2.4744348526,2.4387190342,2.3988788128,2.3657476902,2.4308462143,2.4835295677,2.5471494198,2.6028308868,2.5075266361,2.6502795219,2.5724947453,2.6147723198,2.8072135448,2.5653772354,2.7734780312,3.0397851467,3.2194654942,3.1835000515,3.018096447,3.1179187298,3.1507871151,3.1511437893,3.0990066528,3.2305088043,3.0208184719,3.5707900524,4.3376865387,3.4877378941,3.7084410191,3.279280901,3.1218292713,4.0119071007,3.9316089153,4.0559940338,3.9868812561,3.2947628498,3.0216622353,5.8528785706,5.8939843178,5.9929132462,5.8246798515,5.9650712013,6.1154155731,6.2976512909,6.4442081451,6.1166605949,6.0415506363,5.9642357826,6.1386442184,6.1400928497,6.0742564201,5.9738030434,6.0927448273,6.2091312408,6.0066809654,6.0644917488,6.1978807449,6.0063228607,6.03083992,6.0073904991,6.4778690338,6.1704239845]},"episodes_still_running":{"0":[4096.0,4096.0,4096.0,4093.0,4091.0,4089.0,4087.0,4080.0,4071.0,4059.0,4051.0,4030.0,4008.0,3989.0,3966.0,3935.0,3901.0,3850.0,3791.0,3702.0,3627.0,3530.0,3424.0,3297.0,3168.0,3008.0,2815.0,2611.0,2347.0,2137.0,1947.0,1718.0,1527.0,1351.0,1178.0,1030.0,896.0,797.0,671.0,573.0,501.0,434.0,380.0,331.0,277.0,237.0,199.0,178.0,159.0,135.0,119.0,102.0,87.0,76.0,64.0,54.0,49.0,44.0,34.0,32.0,30.0,25.0,20.0,17.0,16.0,11.0,9.0,8.0,7.0,6.0,4.0,3.0,3.0,3.0,3.0,2.0,2.0,1.0,1.0,1.0,1.0,1.0,1.0,1.0,1.0,1.0,1.0,1.0,1.0,1.0,1.0,1.0,1.0,1.0,1.0,1.0,1.0,1.0,1.0,1.0,1.0,1.0]},"step_range_q":{"0":[15.9075069427,18.1658439636,20.8060436249,22.6940155029,22.0506877899,21.8027954102,22.0522670746,21.5405292511,21.849193573,21.0551261902,22.0173282623,21.925201416,19.6741065979,19.438539505,19.1319217682,20.4460086823,19.9251079559,19.8445224762,19.7806987762,18.357213974,17.1775283813,16.264503479,15.741686821,14.864941597,15.0557689667,13.9882221222,14.2267246246,14.1642055511,12.3308086395,12.3537101746,13.3318166733,13.566693306,12.3072376251,12.5177679062,12.983710289,12.5360736847,11.3230209351,11.339099884,11.4135894775,11.2410078049,10.5841598511,10.9080667496,11.1666812897,9.6330728531,9.7742156982,9.8275279999,9.8180170059,10.5305786133,10.0620565414,10.2285041809,10.1591491699,9.520986557,9.5564184189,9.6018571854,9.6995744705,9.3542041779,9.3305912018,8.8388805389,9.2610254288,9.0323038101,9.2376289368,9.1524248123,8.5754880905,8.5906705856,8.5184459686,8.7673053741,9.1192092896,6.5530743599,6.8294496536,6.7144861221,6.0914115906,6.0355973244,5.8037333488,6.0975570679,6.2162480354,6.3825125694,5.9361562729,5.8528785706,5.8939843178,5.9929132462,5.8246798515,5.9650712013,6.1154155731,6.2976512909,6.4442081451,6.1166605949,6.0415506363,5.9642357826,6.1386442184,6.1400928497,6.0742564201,5.9738030434,6.0927448273,6.2091312408,6.0066809654,6.0644917488,6.1978807449,6.0063228607,6.03083992,6.0073904991,6.4778690338,6.1704239845]},"mean_loss:":{"0":1.6345591545},"rmse":{"0":1.2784987688},"step_rmse":{"0":[1.0973147154,1.1702105999,1.2108490467,1.2224861383,1.2860418558,1.3105398417,1.3415625095,1.3647905588,1.3509609699,1.3746778965,1.3699585199,1.3492596149,1.3457188606,1.3251549006,1.3398612738,1.321788311,1.3194336891,1.3066568375,1.2892403603,1.2841567993,1.2662314177,1.2631112337,1.2294687033,1.2485144138,1.2638498545,1.2441977262,1.2241938114,1.2197521925,1.2250195742,1.2377806902,1.240519762,1.2690820694,1.299061656,1.2822633982,1.2824436426,1.2732479572,1.275259614,1.1720025539,1.1811751127,1.1564151049,1.1806401014,1.158980608,1.0768085718,1.0415885448,1.082808733,1.0663487911,1.0832502842,1.1889693737,1.0711015463,1.1823856831,1.1759309769,1.171806097,1.2183960676,1.1568578482,1.1870930195,1.2517992258,1.2468030453,1.3030818701,1.464125514,1.3772342205,1.4478987455,1.0599448681,0.9162080288,0.7765440345,0.8892630935,1.0466501713,1.071029067,0.972094357,1.2649103403,0.5150053501,0.6439236999,0.7983916402,0.8888289928,0.5554218888,0.6134467125,0.496439606,0.9050484896,1.2400312424,1.013478756,0.8789463043,1.2880311012,1.0883555412,0.8519215584,0.6464819908,0.6155385971,0.987308979,0.855070591,0.8631625175,0.5959439278,0.6966686249,0.988878727,0.914522171,0.7860388756,0.7246727943,1.0318584442,0.7321410179,0.4294772148,0.9059405327,0.3981933594,0.3898224831,0.1030254364,0.6569676399]},"rmse_by_q":{"0":19.1904830933},