{"max_q":{"0":23.4305553436},"min_q":{"0":-0.6815004349},"mean_q":{"0":5.8847250938},"range_q":{"0":24.1120567322},"step_max_q":{"0":[21.740655899,21.5947399139,21.0332946777,21.2399673462,22.2411422729,21.6575393677,22.4824371338,21.7593536377,23.2485466003,23.4305553436,22.4484462738,21.9683876038,21.6816501617,21.3468799591,21.2784538269,20.698677063,20.3281860352,21.2979831696,21.9792900085,19.8319396973,19.1152648926,19.7583236694,18.8890285492,17.9367752075,19.7989501953,18.7328281403,18.7724590302,17.855255127,19.414648056,18.116569519,17.0204620361,16.7262954712,16.7420845032,16.7850799561,16.2559700012,18.2451953888,15.3447990417,15.3967514038,14.0502071381,14.3256568909,14.1062107086,13.2492437363,12.7601861954,12.8970470428,12.3588619232,12.4558544159,11.9525470734,11.4166584015,11.4659309387,12.2774982452,11.3518161774,11.5401630402,11.0310773849,10.7175912857,10.4334573746,10.479804039,10.3182525635,10.3491592407,10.5081825256,9.9410686493,10.3128614426,9.3816776276,9.853682518,10.2279882431,9.8280916214,8.5181837082,9.3553104401,8.2882881165,9.2375183105,8.9791164398,8.7043504715,9.1149320602,9.1074419022,7.9103565216,7.35683918,7.7331838608,6.9987802505,6.7159280777,6.7498483658,6.5970554352,6.5553846359,6.7795372009,6.34512043,6.9067993164,6.6446905136,6.1859641075,6.4537806511,6.2504220009,6.0155239105,5.9914264679,5.7443857193,6.1446380615,5.5374956131,5.9132547379,5.8565125465,5.8918600082,6.0748224258,5.7977986336,5.6861810684,5.4783706665,5.6249170303,5.4376530647,5.7052054405,5.4438128471,5.6755642891,5.2950706482,5.4955849648,4.8970069885,5.1726932526,4.7305345535,4.9701023102,5.2069540024,4.8305568695,4.671207428,4.8173208237,4.8054761887,5.09019804,4.7070236206,4.5556564331,4.6411237717,4.7259931564,4.7606515884,4.619808197,4.6902351379,4.7645049095,4.6086668968,4.6973462105,4.6180973053,4.5656590462,4.5318107605,4.7955822945,4.8645911217,4.9925994873,4.2013988495,4.4966702461,4.3874759674,4.551281929,4.3773670197,4.6563305855,4.098487854,4.319545269,4.1361832619,3.6981778145,3.663315773,3.6675853729,3.9302399158]},"step_min_q":{"0":[5.9759340286,6.2924766541,5.6254520416,5.6450099945,5.2786207199,5.3173456192,4.7659487724,4.7910046577,4.3896508217,4.3746466637,4.0671958923,3.8372089863,3.6735534668,3.4587812424,3.1605195999,2.6009917259,0.0,0.0,0.0,0.0,0.0,0.0,0.0,0.0,0.0,0.0,0.0,0.0,0.0,0.0,0.0,0.0,0.0,0.0,-0.1750969887,0.0,-0.0155124664,-0.160951376,-0.1964907646,-0.1819896698,-0.2173490524,-0.2774500847,-0.3682746887,-0.2400643826,-0.2019693851,-0.3529927731,-0.4085338116,-0.4159631729,-0.5629981756,-0.4994242191,-0.4519456625,-0.3866548538,-0.6728889942,-0.3021492958,-0.3106849194,-0.4400613308,-0.4365139008,-0.3431966305,-0.3428422213,-0.4943621159,-0.3498231173,-0.6094005108,-0.4042959213,-0.3534460068,-0.4972784519,-0.3124710321,-0.3791751862,-0.4376180172,-0.388245821,-0.4889786243,-0.3099478483,-0.4682018757,-0.3911573887,-0.3099319935,-0.228883028,-0.3760247231,-0.3344602585,-0.324883461,-0.3912494183,-0.5114802122,-0.4633579254,-0.3794658184,-0.4510865211,-0.5067930222,-0.4994820356,-0.5108995438,-0.4511380196,-0.3433470726,-0.4032891989,-0.4256036282,-0.4200592041,-0.4119739532,-0.5078728199,-0.5810499191,-0.5848565102,-0.6815004349,-0.5087218285,-0.516859293,-0.3254432678,-0.3037667274,-0.5451722145,-0.3576753139,-0.4344232082,-0.4855458736,-0.258949399,-0.3147578239,-0.329236269,-0.225720048,-0.4240994453,-0.427089572,-0.3250565529,-0.2883944511,-0.3007467985,-0.3177808523,-0.3110716343,-0.2734049559,-0.4308627844,-0.4477988482,-0.3435851336,-0.467656374,-0.6004111767,-0.0146408081,0.0,0.0,-0.0192631483,0.0,0.0,0.0,0.0,-0.2848773003,-0.1681787968,-0.0890781879,0.0,-0.1029574871,-0.1263469458,-0.155777812,0.0,-0.1348154545,-0.1302942038,-0.1347486973,-0.0983241796,-0.1413075924,-0.0868176222,0.0,0.0,0.0]},"step_mean_q":{"0":[10.8023920059,10.8608598709,10.8045692444,10.8464756012,10.9126424789,10.9263467789,10.8942136765,10.8636789322,10.8087234497,10.7309484482,10.5848245621,10.4184799194,10.2481269836,10.0627574921,9.8450498581,9.6250190735,9.4201526642,9.1914310455,8.9446392059,8.7123031616,8.473651886,8.2078237534,7.9528951645,7.689997673,7.42613554,7.1681423187,6.894490242,6.6460671425,6.388961792,6.134885788,5.8936524391,5.6603827477,5.4326682091,5.206205368,4.9933180809,4.7881946564,4.5727829933,4.362634182,4.1708884239,3.9826500416,3.7996945381,3.631746769,3.470063448,3.3112220764,3.1633398533,3.030122757,2.8986318111,2.7920107841,2.6892108917,2.5880117416,2.5078868866,2.4255907536,2.3642704487,2.3093924522,2.2680783272,2.2312214375,2.199788332,2.1697971821,2.1321697235,2.1106519699,2.0939235687,2.0729293823,2.0649912357,2.0482332706,2.0556676388,2.0666818619,2.0641241074,2.063226223,2.0642542839,2.0342581272,2.0384919643,2.031563282,2.0037009716,2.0018785,1.9874389172,1.9945312738,2.0213851929,2.0171833038,1.9956268072,1.9895029068,1.9791420698,1.999758482,2.0044112206,1.9982770681,2.0052347183,2.0088369846,2.0141038895,2.0168004036,2.0223686695,1.9877179861,1.932759285,1.9599756002,1.941405654,1.8710186481,1.8638683558,1.8516216278,1.8536676168,1.8495607376,1.8130260706,1.8008351326,1.7839051485,1.7605347633,1.7799135447,1.7108527422,1.6714682579,1.6933540106,1.6431035995,1.6182329655,1.5649461746,1.5672228336,1.7178593874,1.8129923344,1.688536644,1.733227253,1.7919861078,1.7653031349,1.7767000198,1.7262259722,1.7764991522,1.7036671638,1.6710473299,1.650867939,1.84628582,1.795640111,1.7401057482,1.9982713461,1.7905275822,1.9133633375,1.942535758,1.5527510643,1.6637865305,1.5031305552,1.6311386824,1.5390331745,1.6841413975,1.420209527,1.3967900276,1.2653203011,1.3490868807,1.2231918573,1.1478321552,1.1215828657,1.0661029816,1.3572431803,1.3479124308,3.9302399158]},"episodes_still_running":{"0":[4096.0,4096.0,4096.0,4096.0,4096.0,4096.0,4096.0,4096.0,4096.0,4096.0,4096.0,4096.0,4096.0,4096.0,4096.0,4096.0,4095.0,4095.0,4095.0,4095.0,4095.0,4094.0,4094.0,4094.0,4094.0,4094.0,4094.0,4094.0,4094.0,4094.0,4094.0,4093.0,4093.0,4093.0,4092.0,4090.0,4090.0,4088.0,4087.0,4084.0,4077.0,4059.0,4044.0,4029.0,4006.0,3980.0,3945.0,3896.0,3833.0,3774.0,3693.0,3608.0,3507.0,3405.0,3287.0,3149.0,3015.0,2872.0,2754.0,2616.0,2488.0,2371.0,2240.0,2101.0,1976.0,1837.0,1729.0,1614.0,1513.0,1430.0,1343.0,1266.0,1199.0,1134.0,1068.0,995.0,931.0,872.0,816.0,760.0,705.0,658.0,611.0,579.0,546.0,513.0,483.0,456.0,420.0,385.0,354.0,328.0,315.0,296.0,278.0,259.0,240.0,222.0,207.0,188.0,177.0,171.0,163.0,152.0,140.0,125.0,114.0,105.0,95.0,85.0,76.0,66.0,63.0,54.0,48.0,43.0,38.0,35.0,31.0,27.0,26.0,23.0,19.0,15.0,15.0,13.0,13.0,11.0,11.0,10.0,10.0,10.0,9.0,8.0,7.0,6.0,6.0,6.0,6.0,5.0,5.0,5.0,4.0,3.0,3.0,1.0]},