{"max_q":{"0":27.0845050812},"min_q":{"0":-1.4922555685},"mean_q":{"0":8.5752267838},"range_q":{"0":28.5767612457},"step_max_q":{"0":[25.509349823,25.7565116882,26.9578952789,26.9105415344,27.0845050812,26.3635215759,26.2216567993,25.6203117371,25.6915283203,25.6519050598,24.4431381226,23.7225437164,23.829788208,23.5265464783,22.8941478729,22.5271930695,22.9399108887,22.3347949982,21.8666305542,21.4370803833,21.3055973053,20.3161201477,20.0270462036,19.8800582886,19.6027069092,19.5231056213,19.1510429382,17.8654441833,17.1171989441,17.0406494141,16.0855026245,18.0203914642,16.6113014221,16.2177200317,15.6888170242,15.3900432587,14.7541837692,14.9825935364,14.8042726517,14.0047121048,13.5729637146,12.8542194366,12.1154470444,11.9002609253,11.5135269165,11.269575119,11.2658452988,10.822599411,10.7887153625,10.2481508255,10.5836400986,10.1393489838,9.9855823517,9.7931976318,11.6013288498,10.8759279251,10.6954593658,9.9003200531,9.6615028381,9.6087818146,9.31112957,9.051897049,8.949631691,11.0563354492,10.4742593765,10.258518219,9.777050972,9.756023407,9.2802791595,9.0967493057,9.0410041809,9.1297578812,8.9691925049,8.6826305389,8.2978200912,8.0281972885,8.0618038177,7.7501306534,7.480032444,7.4785881042,7.1531715393,7.0072946548,6.8627305031,6.5558176041,7.130256176,6.739979744,6.6886978149,6.7619686127,6.4037003517,6.3410663605,6.3895187378,6.08284235,5.8912372589,5.9330849648,6.1943025589,6.2098264694,5.8599853516,5.9133348465,7.0288434029,6.9591908455,6.9783210754,6.04839468,6.2191662788,6.1756544113,6.1819796562,6.7299246788,6.7772526741,6.7653021812,5.9407806396,6.1886458397,5.9322209358,5.9415020943,5.8863048553,6.0943427086,5.5169024467,5.9594020844,6.0063381195,6.0198187828,5.9505429268,5.5662221909,5.5086379051,5.5580539703,4.629193306,4.515393734,4.6091370583,3.2217371464,2.9515488148,2.8167853355,3.1248021126,2.8429458141,2.6948721409,3.0257387161,2.7399017811,2.5840499401,1.5686930418,2.1985857487,2.0802628994,1.7263634205,1.5016870499,1.6191877127,1.3200889826,1.1620237827,1.0981724262,1.0385447741,0.8667978644,0.6971130371,0.6789219975,0.7982866764]},"step_min_q":{"0":[9.2316265106,9.2137374878,8.5817203522,8.8085746765,8.9211387634,9.0484304428,8.5200119019,7.5373058319,6.919962883,5.8975234032,5.4806175232,5.2192316055,4.6752338409,3.9630608559,4.3782305717,3.5740027428,3.4976336956,2.415086031,2.2070021629,2.1715922356,1.6616127491,2.2651157379,2.0289711952,1.6365350485,1.3678078651,1.5517647266,1.4980945587,1.3575626612,1.1742341518,1.0102757215,0.0,0.0,0.0,0.0,0.0,0.0,0.0,-0.1483278871,-1.0605835915,-0.590519309,-0.4788438082,-0.3963756561,-0.3981021643,-0.4565355778,-0.671916008,-0.5691674948,-0.7928696871,-0.6735438108,-0.4572021365,-0.7996070981,-0.5088201165,-0.734244585,-0.8775422573,-0.8065609932,-0.8477704525,-0.5477240682,-0.5813308358,-0.6070671082,-0.7092353106,-0.7315307856,-0.8720085621,-0.9455053806,-0.7437287569,-0.7633640766,-0.6790477633,-0.7013869882,-0.7699414492,-0.5610955954,-0.6202361584,-0.68968153,-0.5631047487,-0.5706654191,-0.4615602791,-0.6448135376,-0.8059745431,-0.3898495436,-0.512917757,-1.2318360806,-1.3372063637,-1.3999814987,-1.4699549675,-1.4922555685,-0.5117085576,-0.457821846,-0.3928464055,-0.3253763914,-0.2023300529,-0.2381287217,-0.2507522404,-0.0715653002,-0.1759456098,-0.2040074468,-0.3071491718,-0.4849892855,-0.6178421974,-0.6597840786,-0.7376824617,-0.6720400453,-0.7232106328,-1.3542702198,-0.3883853257,-0.5272900462,-0.3247253299,0.0,0.0,0.0,-0.147965014,0.0,0.0,-0.0023070574,-0.1827682257,-0.2820811868,0.0,0.0,0.0,0.0,0.0,0.0,0.0,-0.050185591,-0.0916777551,-0.1324092746,-0.2558588982,-0.1722666323,-0.158973217,0.0,0.0,0.0,-0.265378654,-0.3256071508,-0.5429782867,-0.6017248034,-0.5351699591,-0.6156696081,-0.6331516504,-0.6052200794,0.0,0.0,0.0,0.0,0.0,0.0,0.0,0.0,0.0,0.0,0.0,0.0]},"step_mean_q":{"0":[14.532544136,14.7058238983,14.5615749359,14.6220436096,14.6553840637,14.5604095459,14.451710701,14.3635749817,14.2024831772,14.0299491882,13.812669754,13.5822172165,13.3685884476,13.1018610001,12.8055820465,12.5602531433,12.3073768616,11.9898452759,11.6890144348,11.414639473,11.1298084259,10.813117981,10.5147514343,10.2279596329,9.9516859055,9.6607475281,9.38671875,9.1291646957,8.8816490173,8.6030435562,8.3623075485,8.1268720627,7.885913372,7.6394104958,7.411137104,7.1980490685,6.9771580696,6.7555131912,6.5551862717,6.3517193794,6.1595835686,5.981030941,5.8044362068,5.6423082352,5.4962844849,5.3364019394,5.2056622505,5.0796332359,4.9408259392,4.8064908981,4.6784424782,4.5713734627,4.4522895813,4.3332910538,4.2442784309,4.1449933052,4.0508008003,3.9636890888,3.8832893372,3.7975070477,3.7363409996,3.6744072437,3.5909125805,3.5311896801,3.4564814568,3.3974480629,3.357606411,3.2991073132,3.2434329987,3.1952691078,3.1097519398,3.0753338337,3.0200204849,2.9900176525,2.9403619766,2.9320254326,2.8905279636,2.8491179943,2.7944061756,2.7743821144,2.7619385719,2.7191271782,2.6893515587,2.6540763378,2.6995127201,2.6733894348,2.7417550087,2.7844338417,2.7279322147,2.6729795933,2.561139822,2.5520305634,2.5124914646,2.4721870422,2.4826164246,2.4252355099,2.3358058929,2.3291888237,2.3426208496,2.2360687256,2.3794901371,2.3799510002,2.3147366047,2.3588693142,2.2941560745,2.3220095634,2.1387782097,2.1843900681,2.1434116364,2.1797018051,1.9887855053,1.8359129429,1.9430725574,1.8852801323,1.8951586485,1.9677952528,2.1000204086,2.0396122932,2.1443312168,2.0838620663,2.3954322338,2.2635228634,1.837886095,1.8846031427,1.8990859985,1.6096817255,1.559535861,1.4536601305,1.3105893135,1.2304457426,1.0725384951,1.0733214617,1.2841323614,1.0728342533,0.3615007699,0.590905726,2.0802628994,1.7263634205,1.5016870499,1.6191877127,1.3200889826,1.1620237827,1.0981724262,1.0385447741,0.8667978644,0.6971130371,0.6789219975,0.7982866764]},"episodes_still_running":{"0":[4096.0,4096.0,4096.0,4096.0,4096.0,4096.0,4096.0,4096.0,4096.0,4096.0,4096.0,4096.0,4096.0,4096.0,4096.0,4096.0,4096.0,4096.0,4096.0,4096.0,4096.0,4096.0,4096.0,4096.0,4096.0,4096.0,4096.0,4096.0,4096.0,4096.0,4095.0,4094.0,4093.0,4092.0,4091.0,4089.0,4084.0,4084.0,4079.0,4076.0,4070.0,4057.0,4047.0,4030.0,4004.0,3979.0,3936.0,3898.0,3841.0,3782.0,3715.0,3617.0,3522.0,3421.0,3318.0,3196.0,3057.0,2886.0,2718.0,2565.0,2405.0,2255.0,2076.0,1921.0,1762.0,1619.0,1482.0,1331.0,1212.0,1100.0,997.0,895.0,820.0,723.0,657.0,577.0,529.0,478.0,419.0,374.0,332.0,295.0,268.0,251.0,224.0,203.0,177.0,163.0,147.0,138.0,124.0,111.0,106.0,98.0,89.0,84.0,76.0,72.0,68.0,63.0,57.0,51.0,47.0,44.0,41.0,40.0,37.0,35.0,34.0,33.0,29.0,28.0,25.0,25.0,23.0,22.0,20.0,19.0,17.0,15.0,12.0,11.0,10.0,10.0,10.0,6.0,6.0,6.0,6.0,6.0,6.0,6.0,5.0,5.0,3.0,3.0,1.0,1.0,1.0,1.0,1.0,1.0,1.0,1.0,1.0,1.0,1.0,1.0]},