{"max_q":{"0":17.1448078156},"min_q":{"0":-1.4653704166},"mean_q":{"0":9.0136947632},"range_q":{"0":18.6101779938},"step_max_q":{"0":[11.5273561478,11.9214696884,12.0886545181,12.5665302277,12.9751253128,12.9507627487,14.8248252869,14.4943552017,16.0927944183,16.2225170135,16.1647624969,17.1448078156,15.9177036285,16.1677265167,15.6346282959,15.7199621201,14.3487462997,14.1431093216,13.8103017807,13.9982509613,12.7011566162,11.9010705948,12.1287536621,13.6758241653,12.1939640045,12.4403095245,10.857583046,10.467042923,10.7177591324,9.7562913895,8.7305641174,8.8995695114,5.5883259773,1.7732541561]},"step_min_q":{"0":[10.9195489883,10.7629680634,11.872885704,9.9920749664,7.5832309723,7.6583118439,7.3585300446,6.6256465912,5.8564996719,4.7427487373,3.7245869637,3.0878777504,1.8495863676,1.0221345425,1.0342993736,0.5332683325,0.2373819351,0.1684834957,-0.1590875387,-0.2009860277,-0.4587215185,-1.4653704166,-0.2589945793,-0.3229008913,-0.5549051762,-0.294177413,-0.2512122393,-0.5321822166,-0.4446806908,-0.2828056812,-0.1863669157,-0.0700309277,-0.0350636244,0.0]},"step_mean_q":{"0":[11.5267620087,11.920337677,12.0873041153,12.5604066849,12.7081718445,12.7301559448,13.337635994,12.3780040741,12.147151947,11.4009485245,10.841709137,10.4704856873,9.7967739105,9.3002948761,8.6383419037,8.341091156,7.6716423035,7.3307294846,6.5926470757,6.2629203796,5.9447231293,5.7281050682,5.5175385475,5.3452339172,5.0980725288,5.0098404884,4.3236756325,3.7855770588,2.5250861645,2.3053703308,2.2287442684,3.4688680172,1.5417009592,1.7732541561]},"episodes_still_running":{"0":[4096.0,4096.0,4096.0,4096.0,4096.0,4096.0,4096.0,4096.0,4096.0,4096.0,4096.0,4096.0,4096.0,4096.0,4096.0,4096.0,4096.0,4096.0,4096.0,4096.0,4064.0,3996.0,3892.0,3756.0,3640.0,3184.0,2464.0,1680.0,1052.0,580.0,292.0,92.0,24.0,4.0]},"step_range_q":{"0":[0.6078071594,1.1585016251,0.2157688141,2.5744552612,5.3918943405,5.2924509048,7.4662952423,7.8687086105,10.2362947464,11.4797687531,12.4401760101,14.056930542,14.0681171417,15.1455917358,14.6003284454,15.1866941452,14.1113643646,13.9746255875,13.9693889618,14.1992368698,13.1598777771,13.366440773,12.3877487183,13.9987249374,12.7488689423,12.7344865799,11.108795166,10.9992256165,11.1624393463,10.0390968323,8.9169311523,8.9696006775,5.6233897209,1.7732541561]},"mean_loss:":{"0":2.1274805069},"rmse":{"0":1.4585884809},"step_rmse":{"0":[1.4675588608,1.5694634914,1.619256258,1.7614141703,1.3826514482,1.3897945881,0.7582943439,0.9953014851,1.0762500763,1.0485339165,1.2077919245,1.2987651825,1.4961234331,1.6533994675,1.9166394472,1.7794524431,1.7528021336,1.6827630997,1.6550529003,1.5363074541,1.4226433039,1.3152672052,1.2784793377,1.2793054581,1.23835361,1.3108313084,1.3770891428,1.5781111717,1.7473553419,2.0969235897,2.0286281109,2.6978123188,1.9341892004,1.3132003546]},"mean_error":{"0":1.0299531221},"step_mean_error":{"0":[0.9639012218,1.0692493916,1.1182644367,1.2190198898,0.9555090666,0.9938041568,0.6087169647,0.7964423895,0.8510614634,0.8400526047,0.9466574788,1.0206918716,1.1755816936,1.3004145622,1.4935327768,1.3914711475,1.3554840088,1.2758090496,1.2167999744,1.1006574631,0.9841490984,0.891390264,0.8264609575,0.8158883452,0.7562246919,0.7742612958,0.8095367551,0.9740247726,1.023403883,1.3232313395,1.1724722385,1.9207620621,1.6231951714,1.3132003546]},"mean_deviation":{"0":5.2090506554},"step_mean_deviation":{"0":[15.1423139572,15.5796079636,15.736749649,15.6318073273,12.3649311066,12.6438245773,7.3784880638,8.2392425537,7.2423882484,6.7057766914,6.7566285133,8.2268848419,9.0054626465,8.7072267532,11.1416749954,10.521402359,9.91248703,10.0267782211,9.4241476059,8.9611968994,7.051179409,6.008559227,6.6652641296,7.6963825226,7.1280450821,4.9593377113,7.0308089256,6.8821082115,9.5081882477,13.9363718033,13.1660671234,21.4251270294,14.5356445312,285.4449462891]},"epoch":{"0":95},"mask_name":{"0":"enemy_all"},"map_name":{"0":"5m_vs_6m"}}