{"max_q":{"0":16.0501747131},"min_q":{"0":-0.9345018268},"mean_q":{"0":3.6847164631},"range_q":{"0":16.9846763611},"step_max_q":{"0":[14.5538883209,14.4801673889,15.1030521393,14.8918018341,15.939743042,15.3744716644,14.8403358459,15.2160491943,15.6617889404,15.9000787735,16.0501747131,15.6277923584,14.9621429443,15.561091423,14.7840576172,14.9402017593,14.8909053802,14.6379051208,13.6618270874,13.430346489,14.618270874,12.6962928772,13.1992015839,13.4999885559,11.8067674637,12.2804450989,11.9288749695,11.9047698975,11.9228897095,11.3033075333,10.7172985077,11.6029691696,12.0295238495,11.2345218658,10.9666700363,10.6746253967,9.8734836578,9.5408306122,10.352897644,10.3448581696,10.7013301849,10.1842432022,9.8675889969,10.2636146545,11.0952625275,10.1983604431,11.4906234741,11.1174049377,10.6628723145,11.63813591,11.0346832275,10.7667093277,11.7068490982,10.9949121475,10.1552495956,11.0143270493,10.603313446,9.3661327362,9.6106700897,11.0544261932,10.1050891876,10.7847146988,11.7104921341,12.4617938995,13.298242569,13.0464143753,12.5320034027,13.7531614304,12.8220272064,12.5340995789,14.430688858,13.5350561142,12.5058784485,12.0560340881,13.4425134659,12.2411775589,12.3406543732,7.9455890656,7.6501131058,7.8227415085,7.7922086716,8.0105714798,7.8089017868,7.4279375076,7.319732666,7.3521943092,6.4256329536,6.497941494,6.5243682861,5.6450066566,6.159705162,6.2573223114,5.8455858231,5.6178088188,6.5869207382,5.9328556061,6.1670131683,5.365187645,5.4097728729,5.2214303017,5.2138543129,4.9051322937,5.4333648682,5.1006588936,4.849981308,6.1967601776,5.8920445442,5.8796677589,4.9261827469,5.0803427696,4.8145008087,4.8614912033,4.7775001526,4.9427804947,4.8021016121,5.3367724419,5.1451630592,4.4653697014,5.0312690735,4.7817707062,4.4990825653,4.8131022453,5.1202321053,4.1546211243,5.0878725052,4.4874992371,4.1672291756,4.6492505074,4.9308657646,3.9429726601,4.9920377731,4.4248199463,4.3775157928,4.8165640831,6.3024234772,5.1433267593,5.9470696449,6.082318306,5.6620774269,6.8913936615,5.4177966118,5.6933541298,5.5776414871,5.5492815971,5.7545013428,6.1554136276,5.6005125046,5.5546512604,5.8018455505,5.5561742783,5.7172827721,5.5699472427,5.2023472786,5.2302999496,5.5443778038,5.3403258324,5.1443638802,5.1745705605,5.0332465172,4.8802986145,5.1469120979,4.9497847557,4.6435842514,4.7793397903,4.5442829132,4.3099775314,4.5600981712,4.3570919037,3.0637357235,3.0784864426,3.1430301666,3.2166686058,3.2247276306,3.1430511475,3.0212097168,2.953119278,2.8249740601,2.7818448544,2.6844799519,2.6675648689,2.5030894279,2.5539169312,2.4247374535,2.4838898182,2.4321186543,2.3000545502,2.1964402199,2.2856810093,2.3692779541,2.3600459099,2.431592226,2.2565712929,2.4057469368,2.0649189949,2.2405455112,2.5183167458,2.2999215126,2.0113568306,2.298707962,2.1337542534]},"step_min_q":{"0":[2.4031093121,1.8601038456,2.1052308083,1.1010048389,1.2538050413,1.2098032236,1.2359681129,0.8330423832,0.6349593401,0.5149053335,0.0989207625,-0.1248165369,-0.0056955218,-0.0256338716,-0.2572535276,-0.0848420262,-0.0824621916,-0.0886893868,-0.2764502168,-0.200397253,-0.2775733471,-0.4098060727,-0.3381225467,-0.3678852916,-0.3489226699,-0.4210201502,-0.6102361083,-0.5665349364,-0.5676087737,-0.5061849952,-0.4765582681,-0.4772084355,-0.4674887061,-0.6864109635,-0.5245584846,-0.7511199117,-0.6383754611,-0.7849531174,-0.5924506783,-0.8298927546,-0.8144974113,-0.8201603889,-0.8601195812,-0.7436714172,-0.8094009757,-0.7778231502,-0.4545746446,-0.7053734064,-0.4741236567,-0.3864293694,-0.4545943737,-0.4326016903,-0.5120235085,-0.440418452,-0.757866323,-0.4460094571,-0.4376341701,-0.4339050949,-0.5818074346,-0.849858582,-0.4376766384,-0.5081519485,-0.6804145575,-0.6302497387,-0.4558216929,-0.5968684554,-0.5550485253,-0.4151216149,-0.3581467271,-0.4747571349,-0.7209795117,-0.7381789088,-0.7018657327,-0.6534071565,-0.5077640414,-0.4442043304,-0.4573861957,-0.5698782206,-0.6270890832,-0.5380395055,-0.5445833802,-0.7024828792,-0.7284283638,-0.7459389567,-0.7576494217,-0.7877904773,-0.7924289703,-0.8165008426,-0.8499516845,-0.6412076354,-0.8112789989,-0.9033059478,-0.9345018268,-0.5728796124,-0.7664209008,-0.594330132,-0.6773807406,-0.6602770686,-0.6602069736,-0.6317854524,-0.6346134543,-0.6351020932,-0.6249855161,-0.6168152094,-0.6091206074,-0.6021150947,-0.2913735211,-0.1895246506,-0.3761959672,-0.1567183733,-0.3307274282,-0.1602977514,-0.1548108459,-0.1610206366,-0.5777474046,-0.560079813,-0.6080786586,-0.3280650377,-0.2534540296,-0.2287481427,-0.4086174369,-0.1034113765,-0.0212147534,-0.1737896204,-0.1025156379,0.0,0.0,0.0,0.0,0.0,0.0,0.0,0.0,-0.0025584698,0.0,0.0,0.0,0.0,0.0,-0.0562471747,-0.0533131957,0.0,0.0,-0.058555305,-0.050095737,-0.1634638011,0.0,0.0,0.0,0.0,0.0,0.0,0.0,0.0,0.0,0.0,0.0,0.0,0.0,0.0,0.0,0.0,0.0,0.0,0.0,0.0,0.0,0.0,0.0,0.0,0.0,0.0,0.0,0.0,0.0,0.0,0.0,0.0,0.0,-0.0129606128,-0.0243605971,-0.0478956103,-0.0586590171,-0.0798454285,-0.1046807766,-0.1166961789,-0.1324168444,-0.1374405622,-0.1499954462,-0.1526859999,-0.1659436822,-0.167588532,-0.1798258424,-0.1947970986,-0.1981845498,-0.2113118768,-0.1973778009,-0.2159463167,-0.2201650739,0.0]},"step_mean_q":{"0":[6.8522644043,6.8929405212,6.9242010117,6.9455866814,6.9501543045,6.8750362396,6.8617162704,6.8271780014,6.7019586563,6.6023426056,6.4569706917,6.2694978714,6.0775413513,5.8757681847,5.6254582405,5.3910779953,5.1510744095,4.8810930252,4.6039023399,4.3568477631,4.0946235657,3.8522920609,3.6181335449,3.394182682,3.1838121414,2.9888861179,2.8073003292,2.6409380436,2.4860060215,2.3364853859,2.2036252022,2.0964565277,1.9945085049,1.8994207382,1.8187423944,1.7409490347,1.6844580173,1.6285068989,1.5852661133,1.543140769,1.5020809174,1.4460433722,1.4170992374,1.3789589405,1.3619009256,1.3406350613,1.3279082775,1.3012914658,1.2826350927,1.300786376,1.3167777061,1.3033070564,1.3007102013,1.2636440992,1.2466288805,1.2442390919,1.2247091532,1.2059426308,1.2193090916,1.1817908287,1.1920098066,1.2203463316,1.2197717428,1.2203803062,1.1808122396,1.1870943308,1.230547905,1.2480973005,1.26052773,1.2657464743,1.2819408178,1.2360711098,1.2264297009,1.1961375475,1.2315227985,1.2332308292,1.2595112324,1.2036108971,1.2074582577,1.1629722118,1.1607779264,1.1475460529,1.1335235834,1.1076788902,1.1630855799,1.1962376833,1.1508772373,1.1123269796,1.0120573044,1.0165653229,1.0283722878,1.0126572847,1.0289053917,1.0413883924,1.022288084,1.0300123692,1.0507930517,1.0036832094,1.0085566044,1.0473774672,1.0437810421,1.0431522131,1.0355993509,1.0427285433,1.0744690895,1.1381487846,1.0423908234,1.0234375,1.1012027264,1.1062258482,1.0848344564,1.1258878708,1.0691843033,1.1189709902,1.1690973043,1.1380279064,1.1362910271,1.0890477896,1.0966953039,1.0642421246,1.0864049196,1.1161196232,1.1069146395,1.1035339832,1.1204227209,1.1017202139,1.0402655602,1.0260505676,1.0067318678,1.0029927492,1.0220379829,1.0180829763,1.0114599466,0.9874994159,1.0231597424,0.9472221732,1.0038419962,1.0286179781,0.9969862103,1.0032585859,0.9943127036,1.0065748692,0.9505835772,0.9429143667,0.9155887961,0.8968821764,0.9299910665,0.9420987964,0.9684588313,0.9461051822,0.8683251143,0.891067028,0.8872369528,0.8885781765,0.9149936438,0.888428092,0.9120904207,0.9137788415,0.8881561756,0.8994461894,0.9274977446,0.9038045406,0.8542338014,0.8974689841,0.8744744062,0.8889616728,0.8663921952,0.8416831493,0.7998403907,0.80810076,0.8176472783,0.7951431274,0.7879401445,0.7557656765,0.7350734472,0.7491811514,0.7360638976,0.714089036,0.7437621951,0.7057850957,0.6832262278,0.7271450758,0.6762072444,0.6890957952,0.6820544004,0.6424198151,0.6416175365,0.676109612,0.6491345763,0.6824105978,0.6889224648,0.7065457106,0.7027522922,0.6634480357,0.6941550374,0.6644417644,0.684140265,0.6443534493,0.6876677871,0.6476673484]},