{"max_q":{"0":28.0879955292},"min_q":{"0":-0.8119286895},"mean_q":{"0":7.7018685341},"range_q":{"0":28.8999233246},"step_max_q":{"0":[22.9622306824,23.633846283,23.6947746277,24.5012569427,23.2403030396,24.5313491821,25.8348484039,26.5185928345,28.0879955292,27.8287124634,23.875837326,23.2383060455,23.8540287018,22.6518287659,21.1626815796,21.6992340088,20.3332672119,19.3198375702,18.9908370972,17.6172065735,18.1391811371,18.3632698059,16.6230564117,17.660446167,16.9115543365,15.0682382584,13.2060680389,13.3633737564,13.728430748,13.6367006302,14.7118587494,13.2796697617,13.7018966675,13.1313333511,11.3599433899,11.4314403534,12.1179656982,11.1757535934,11.5869846344,11.3833885193,10.6293745041,10.1529531479,11.1628408432,9.8340873718,10.1668949127,10.3381614685,10.31108284,10.0386619568,9.6275596619,9.7446756363,9.7788724899,9.9464292526,9.8625173569,9.0633678436,8.7869997025,8.1705951691,8.07264328,8.1932506561,8.4288854599,7.9791646004,7.3920292854,7.64625597,6.4216246605,5.4389762878,5.641928196,5.8459997177,6.022195816,6.1826066971,6.3060293198,5.8825654984,5.8824501038,7.811006546,7.9741749763,7.0345611572,7.3823213577,6.9261865616,1.0724742413,0.6045525074,0.8725865483]},"step_min_q":{"0":[5.3168544769,2.815923214,0.0,0.0,0.0,0.0,0.0,-0.376378268,-0.0684768558,-0.1032313406,-0.036185205,-0.1141187698,-0.3077166677,-0.3130889535,-0.4611624479,-0.3817218542,-0.4728965461,-0.2905936241,-0.3192694783,-0.8119286895,-0.7932867408,-0.4168880284,-0.5336081982,-0.4721370339,-0.5445820689,-0.4775338173,-0.4831226766,-0.5391477942,-0.5395353436,-0.4769601226,-0.5183829665,-0.4716097414,-0.8058784604,-0.515396595,-0.5555483103,-0.5105249286,-0.4629746377,-0.52507025,-0.4752658606,-0.441539675,-0.4566668272,-0.4622147679,-0.4136928618,-0.382501483,-0.4004213214,-0.5876078606,-0.6187682748,-0.3823172152,-0.3139430583,-0.3048013747,-0.2330412865,-0.2734456658,-0.242133677,-0.2992852926,-0.2024940252,-0.2040010989,-0.1377232075,-0.0894297361,-0.1046591401,-0.2000223398,-0.1911606491,-0.2822161317,-0.1114817858,-0.0021721125,-0.0484453887,-0.0853847265,0.0,-0.0541981161,0.0,0.0,0.0,0.0,0.0,0.0,0.0,0.0,0.0,0.0,0.0]},"step_mean_q":{"0":[11.6597423553,11.598115921,11.546626091,11.4473953247,11.3711185455,11.2197036743,11.0967979431,10.877863884,10.6301956177,10.3392848969,10.0400133133,9.685095787,9.3237266541,8.9458360672,8.5305843353,8.1249933243,7.7230410576,7.3393011093,6.9683685303,6.6007518768,6.2768206596,5.9644684792,5.6661376953,5.4013552666,5.1551985741,4.9449896812,4.7312979698,4.4922089577,4.2623796463,4.0776367188,3.8673784733,3.6993823051,3.5227677822,3.4057438374,3.2163729668,3.0740180016,2.9872741699,2.9295396805,2.8639216423,2.7609567642,2.8141639233,2.8065190315,2.7059731483,2.5576195717,2.5782763958,2.5434930325,2.5596995354,2.5759227276,2.4392044544,2.4751260281,2.3492147923,2.4360466003,2.348867178,1.9900782108,1.9342907667,2.0768961906,2.0075676441,2.1935040951,2.2818183899,2.1145169735,2.1084713936,2.0999326706,2.3187279701,1.9125012159,1.9892474413,1.981570363,2.3149595261,2.7476792336,4.1917843819,3.3829135895,3.0241765976,3.7639725208,4.7959213257,4.3112444878,4.3339633942,4.0666065216,1.0724742413,0.6045525074,0.8725865483]},"episodes_still_running":{"0":[4096.0,4096.0,4095.0,4094.0,4092.0,4090.0,4089.0,4083.0,4081.0,4077.0,4064.0,4056.0,4044.0,4030.0,4013.0,3988.0,3957.0,3924.0,3867.0,3804.0,3739.0,3679.0,3595.0,3493.0,3385.0,3235.0,3063.0,2890.0,2693.0,2453.0,2246.0,2049.0,1839.0,1635.0,1451.0,1289.0,1155.0,1008.0,891.0,745.0,638.0,556.0,485.0,422.0,368.0,328.0,294.0,262.0,220.0,200.0,165.0,141.0,122.0,99.0,79.0,64.0,57.0,50.0,41.0,35.0,32.0,29.0,19.0,14.0,12.0,11.0,9.0,7.0,4.0,3.0,3.0,3.0,2.0,2.0,2.0,2.0,1.0,1.0,1.0]},"step_range_q":{"0":[17.6453762054,20.8179225922,23.6947746277,24.5012569427,23.2403030396,24.5313491821,25.8348484039,26.8949718475,28.1564731598,27.9319438934,23.912021637,23.3524246216,24.1617450714,22.9649181366,21.6238441467,22.0809555054,20.8061637878,19.6104316711,19.3101062775,18.4291343689,18.9324684143,18.7801570892,17.1566638947,18.1325836182,17.4561367035,15.5457725525,13.6891908646,13.9025211334,14.2679662704,14.1136608124,15.2302417755,13.7512798309,14.5077753067,13.646730423,11.9154920578,11.9419651031,12.5809402466,11.7008237839,12.0622501373,11.8249282837,11.0860414505,10.6151676178,11.5765333176,10.216588974,10.5673160553,10.9257698059,10.929851532,10.4209794998,9.9415025711,10.0494766235,10.0119132996,10.2198753357,10.1046514511,9.3626527786,8.9894933701,8.3745965958,8.2103662491,8.2826805115,8.5335445404,8.179186821,7.5831899643,7.9284720421,6.5331063271,5.4411482811,5.6903734207,5.9313845634,6.022195816,6.2368049622,6.3060293198,5.8825654984,5.8824501038,7.811006546,7.9741749763,7.0345611572,7.3823213577,6.9261865616,1.0724742413,0.6045525074,0.8725865483]},"mean_loss:":{"0":1.3294391632},"rmse":{"0":1.1530131102},"step_rmse":{"0":[1.086255908,1.154684186,1.1854766607,1.1835930347,1.197308898,1.2267557383,1.2263216972,1.2627174854,1.2937939167,1.3142328262,1.3105348349,1.292699337,1.2941319942,1.2593500614,1.2327461243,1.2059813738,1.1754190922,1.1733386517,1.139308691,1.1553223133,1.1381934881,1.1320022345,1.1008173227,1.1105715036,1.0663311481,1.0542985201,1.0114225149,0.975241363,0.9825069308,0.9834433198,1.013125658,1.0103003979,0.9961164594,0.9771660566,1.0028949976,0.9927066565,0.9987313747,1.0292618275,0.9535325766,0.9335610271,0.9262288213,0.9535116553,0.9662411213,0.9824596047,0.9455525875,0.948589325,0.9758155346,0.9750264883,1.0073474646,1.0088148117,1.0741710663,1.1397930384,1.1130446196,1.0238217115,1.040815115,0.9522729516,0.869966805,0.9137398601,1.0779751539,1.0153757334,1.0586947203,0.9216846228,0.8341335654,0.8412635922,0.8297488689,0.8699681163,0.9415826201,1.0170702934,1.4105336666,1.6308261156,1.5120304823,1.0545289516,0.9268591404,1.6657874584,1.137018919,1.3434637785,0.4148492813,0.1857848167,0.4801331162]},"rmse_by_q":{"0":14.9705629349},"step_rmse_by_q":{"0":[9.3162937164,9.9557914734,10.266866684,10.3394088745,10.5293855667,10.9339408875,11.0511312485,11.6081390381,12.1709327698,12.7110614777,13.0531196594,13.3473052979,13.8799858093,14.0774993896,14.4508991241,14.8428602219,15.2196407318,15.9870624542,16.3497200012,17.5028896332,18.1332798004,18.979095459,19.4280014038,20.5609779358,20.6845798492,21.3205394745,21.3772735596,21.7096157074,23.0506668091,24.1179733276,26.1967029572,27.3099746704,28.2765293121,28.6917057037,31.1809310913,32.2934570312,33.4328651428,35.1339111328,33.2946434021,33.8129501343,32.9131088257,33.9748840332,35.7077102661,38.4130477905,36.6738243103,37.2947502136,38.1222686768,37.8515434265,41.2981948853,40.7581176758,45.7246856689,46.7886390686,47.3864440918,51.446308136,53.8086166382,45.8507728577,43.3343696594,41.656627655,47.24193573,48.0192756653,50.2114830017,43.8911514282,35.9737586975,43.9876098633,41.7116966248,43.902961731,40.6738243103,37.0156097412,33.6499557495,48.2077407837,49.9980888367,28.0163822174,19.3259868622,38.6382026672,26.2350826263,33.0364837646,38.68151474,30.730966568,55.0241241455]},"mean_error":{"0":0.8319280148},