{"max_q":{"0":24.1207809448},"min_q":{"0":-1.2285189629},"mean_q":{"0":5.5946416855},"range_q":{"0":25.3493003845},"step_max_q":{"0":[22.7474021912,23.3199214935,23.3541793823,23.6757526398,23.9606533051,24.1207809448,23.8719005585,22.8592967987,22.6149215698,21.6685619354,21.7016716003,21.4602394104,20.5510501862,20.8511199951,20.9004974365,20.2850208282,19.8820037842,19.2154159546,20.3405303955,18.8202877045,19.2043800354,19.5192108154,18.457365036,17.8209934235,17.2002182007,16.7483177185,16.2603721619,15.0375022888,14.6909275055,14.4014530182,14.2707490921,13.7175807953,12.5188045502,12.4671468735,11.9596891403,11.7628498077,10.9907331467,10.986913681,11.0331554413,10.5126285553,10.1605682373,10.2511444092,9.7739725113,10.2921876907,9.5004234314,9.5989732742,9.1491756439,9.2465019226,8.7660236359,8.7735462189,8.4914655685,8.4148082733,8.3135700226,8.0323915482,8.2674837112,7.5679249763,7.2315607071,6.9254159927,6.9200892448,6.5198993683,6.3850779533,6.4249134064,6.2716283798,6.1605377197,5.9306435585,6.2340812683,6.0508470535,6.0716080666,6.270802021,6.0408444405,5.5306382179,5.7887811661,5.5519666672,6.1498169899,6.0511722565,6.0015392303,5.9451284409,5.8085803986,5.7795505524,6.002600193,5.8021440506,5.4653286934,5.6520137787,5.543223381,5.4964561462,5.3643155098,5.3869729042,5.4252915382,5.377207756,5.3445339203,5.4184522629,5.2818851471,5.3422002792,5.3095965385,5.1769914627,5.2492494583,5.078827858,5.2095375061,4.5953578949,4.3228311539,4.4141559601,4.3122549057,4.2196941376,4.4079961777,4.3373770714,3.9881949425,3.9473285675,3.9612927437,3.7980792522,3.3259241581,3.7493650913,3.5384304523,3.4437410831,3.4920217991,3.541762352,3.5442039967,3.696700573,3.6025102139,3.3801867962,2.8465104103,2.4708583355,2.1888253689,2.2820460796,2.2114088535,1.6211953163,1.7357815504,2.1245136261,1.908379674,1.9471274614,1.640606761,1.7043960094,1.7564030886,1.5040906668,1.5528758764,1.6054660082,1.3625264168,1.4010446072,1.4478670359,1.2108714581,1.2359433174,1.2642772198,1.3107976913]},"step_min_q":{"0":[5.6800537109,5.6291627884,5.7982964516,6.1154613495,5.8309984207,6.0791201591,5.406920433,5.3321523666,5.1580076218,5.1897678375,4.4125509262,4.2962222099,4.3679461479,4.0510997772,3.6751806736,3.1835832596,3.3123278618,2.733353138,2.4920344353,2.238099575,1.9668697119,1.6973727942,1.3400737047,1.2992959023,0.5903679729,0.4731222391,-0.0079954863,-0.2190649509,-0.1658521891,-0.4132528305,-0.1658844948,-0.206320405,-0.1738256216,-0.1088314056,-0.1574877501,-0.2123861313,-0.3703732491,-0.6112744808,-0.5283694267,-0.6420345306,-0.78633672,-0.7830210924,-0.8789030313,-0.7388839722,-0.6015286446,-0.5913859606,-0.5191886425,-0.5843617916,-0.5552167892,-0.6134015322,-0.5313869715,-0.4976730347,-0.4788124561,-0.5930930376,-0.4968665838,-0.4732141495,-0.891792953,-0.7927240133,-0.9343504906,-1.2285189629,-0.5388419628,-0.6807310581,-0.5536999702,-0.5650246143,-0.6785367727,-0.4567303061,-0.6505665779,-0.7382363677,-0.5128116608,-0.4709091187,-0.5295411348,-0.550714016,-0.2747362554,-0.3301824629,-0.5197473168,-0.3565347195,-0.4307888746,-0.3816424608,-0.3478952646,-0.3181825876,-0.4242841005,-0.4845643044,-0.454852581,-0.4046418667,-0.5616773367,-0.4890458584,-0.2941359282,-0.2241502404,-0.1068672538,-0.1362172961,-0.1041499376,-0.1383907795,-0.3983388543,-0.1681747735,-0.1909562945,-0.4116761982,-0.2782374024,-0.1646133661,-0.1833775043,-0.2282500267,-0.1404982805,-0.144695282,-0.1175489426,-0.0943561792,-0.1250528097,-0.1541958451,-0.2235183418,-0.1172182262,-0.1377708316,-0.1740270257,-0.3328722715,-0.3138078451,-0.3158660829,-0.3791732788,-0.3201586604,-0.3891683817,-0.362656951,-0.4411709905,-0.075042665,-0.0687158704,-0.0769870281,-0.2241389155,-0.0298417807,-0.1341828704,-0.1176373363,-0.1202881932,-0.1422086358,-0.1367607117,-0.3166412115,-0.2599786222,-0.2280598283,-0.0918623209,0.0,0.0,0.0,0.0,0.0,0.0,0.0,0.0,0.0,0.0]},"step_mean_q":{"0":[10.3359985352,10.3467302322,10.3590106964,10.4196910858,10.4877376556,10.4768533707,10.4487848282,10.4347114563,10.365860939,10.2758865356,10.1507062912,9.9934530258,9.8214540482,9.6159572601,9.384267807,9.1693344116,8.9336328506,8.6761445999,8.4186420441,8.1566429138,7.8910398483,7.5911846161,7.3244328499,7.0444025993,6.7722039223,6.4954018593,6.2329573631,5.9704523087,5.7179112434,5.4605641365,5.2231001854,5.0007338524,4.7618384361,4.5303406715,4.3234558105,4.1191124916,3.9034328461,3.7210814953,3.5334751606,3.345615387,3.1727583408,3.0174641609,2.8604319096,2.7142128944,2.5899140835,2.4715645313,2.3616681099,2.2551207542,2.159071207,2.0829753876,2.0092539787,1.9492760897,1.8811904192,1.8486456871,1.8119126558,1.7686328888,1.7380485535,1.7064936161,1.6951899529,1.6746990681,1.6750534773,1.6607273817,1.6347014904,1.6114470959,1.5819749832,1.5584837198,1.5419286489,1.5450687408,1.5455881357,1.5299993753,1.5188698769,1.5166833401,1.5042724609,1.5152876377,1.5074309111,1.4782060385,1.4572101831,1.4453605413,1.4184769392,1.4173197746,1.4128676653,1.3872697353,1.3644123077,1.3552479744,1.3640130758,1.3814454079,1.4155801535,1.4119203091,1.4032553434,1.3626997471,1.3693670034,1.3853715658,1.3865334988,1.3424141407,1.3666644096,1.3257668018,1.3340470791,1.3262289762,1.2379606962,1.2276546955,1.2872984409,1.2443336248,1.1766489744,1.1857708693,1.1901254654,1.1409066916,1.1339262724,1.0579787493,1.0545117855,1.0176756382,1.0672633648,1.09521842,1.0620492697,1.069093585,1.0001072884,0.9421691298,0.9495388865,0.9126817584,0.8911848068,0.6953637004,0.7372785211,0.6345987916,0.6048425436,0.5437374711,0.4798404872,0.5875278115,0.6560717821,0.5749046803,0.5579296947,0.6094956994,0.5802765489,0.6035833955,0.6074109674,0.6090511084,0.6548682451,0.6055211425,0.7737585306,0.7950888276,0.6817543507,1.2359433174,1.2642772198,1.3107976913]},"episodes_still_running":{"0":[4096.0,4096.0,4096.0,4096.0,4096.0,4096.0,4096.0,4096.0,4096.0,4096.0,4096.0,4096.0,4096.0,4096.0,4096.0,4096.0,4096.0,4096.0,4096.0,4096.0,4096.0,4096.0,4096.0,4096.0,4096.0,4096.0,4096.0,4096.0,4096.0,4096.0,4096.0,4096.0,4096.0,4095.0,4095.0,4093.0,4092.0,4084.0,4079.0,4076.0,4062.0,4045.0,4023.0,3987.0,3930.0,3882.0,3827.0,3742.0,3658.0,3561.0,3444.0,3303.0,3162.0,3010.0,2860.0,2708.0,2550.0,2407.0,2278.0,2112.0,1976.0,1848.0,1746.0,1603.0,1484.0,1375.0,1264.0,1180.0,1085.0,990.0,918.0,846.0,774.0,718.0,669.0,616.0,577.0,526.0,501.0,463.0,431.0,403.0,379.0,343.0,318.0,296.0,276.0,252.0,238.0,222.0,210.0,195.0,188.0,178.0,170.0,159.0,150.0,142.0,130.0,121.0,110.0,100.0,90.0,85.0,76.0,69.0,66.0,61.0,57.0,53.0,50.0,47.0,46.0,44.0,43.0,43.0,41.0,38.0,36.0,31.0,29.0,29.0,28.0,27.0,23.0,19.0,17.0,13.0,13.0,12.0,9.0,8.0,7.0,4.0,4.0,3.0,2.0,2.0,2.0,1.0,1.0,1.0]},