{"max_q":{"0":27.9944572449},"min_q":{"0":-0.7877840996},"mean_q":{"0":7.987801075},"range_q":{"0":28.7822418213},"step_max_q":{"0":[24.9271354675,25.4247913361,25.3049945831,25.3165683746,25.8997783661,27.4834060669,27.9944572449,27.5332565308,26.2872200012,25.272485733,26.0629138947,25.9643440247,25.4767456055,25.1375827789,24.9354820251,24.009475708,24.0589332581,22.1811733246,22.3565692902,22.6119155884,21.7850017548,21.7888679504,21.7228450775,22.6528739929,21.7568664551,21.2083683014,22.4247627258,20.5413131714,19.7530002594,18.3010063171,17.7550582886,16.9692707062,17.1733646393,17.4848136902,17.5367012024,18.9783878326,16.957408905,16.3236312866,16.8652915955,16.6091804504,15.9415550232,16.3064289093,15.2481136322,16.042766571,15.3170175552,12.0327606201,12.3263692856,11.7527370453,11.9004859924,10.7002649307,11.695690155,10.9040803909,10.1970062256,10.1137924194,10.0328159332,9.7693729401,10.0944232941,10.2673130035,9.6655788422,9.1761932373,9.6479530334,10.4601268768,9.6139936447,9.5461826324,10.0114269257,9.865023613,8.1600093842,9.8532543182,9.6261835098,8.4181432724,7.9596762657,7.7385716438,7.134054184,6.8608026505,6.5377764702,6.6572995186,6.7156171799,6.2984204292,6.4280867577,6.2301054001,5.8961539268,5.9708914757,5.8782839775,5.8029966354,5.7803726196,5.4802613258,5.3119497299,5.3564243317,5.3259930611,4.6683416367,4.7739534378,5.1489081383,5.0394153595,5.0338859558,5.1966562271,4.9925708771,5.0596570969,4.9279346466,4.9942979813,4.8843736649,4.8447351456,4.8364243507,4.6849069595,4.7387170792,4.2359104156,4.601749897,4.4650392532,4.8590707779,4.2065320015,4.1783227921,3.866519928,3.7831282616,3.6243376732,3.6289253235,3.5569834709,3.3546204567,3.3582332134,3.4622659683,3.3639540672,3.1106083393,3.264172554,3.3822274208,2.9807181358,2.6173677444,2.6708869934,3.0129094124,2.8803105354,2.2431511879,2.3762300014,2.5004825592,2.2320351601,2.2901978493,2.1733870506,0.7799158096,0.7830318809,0.7185294628,0.7573675513,0.7347924709,0.7564635277,0.7827501893,0.7604631782,0.4843928814,0.741399765,0.7596906424]},"step_min_q":{"0":[10.4809131622,10.3907794952,9.1625747681,9.1527576447,9.0306911469,8.9686317444,8.0821723938,7.8928570747,7.459359169,7.315931797,6.1699643135,6.2220606804,5.7187786102,5.4234337807,4.7975850105,4.7128171921,4.6278190613,3.839404583,3.6784601212,3.2289178371,2.76952672,2.5177459717,1.7156262398,1.1648267508,0.2526621819,0.0787197351,-0.290574193,-0.4693405628,-0.7030354738,0.0,0.0,0.0,-0.0807332993,0.0,-0.0429261923,0.0,-0.2044487,-0.2531229854,-0.2589040399,-0.1653128266,-0.1591706872,-0.225186944,-0.2317032814,-0.3593379855,-0.3431707621,-0.3787094355,-0.5368865728,-0.6131179333,-0.5647593737,-0.7877840996,-0.5954371691,-0.4995598197,-0.5270335078,-0.5906225443,-0.6916850805,-0.5245162845,-0.5539369583,-0.7366781831,-0.4541732073,-0.4520043135,-0.4961759448,-0.4451172948,-0.4736472368,-0.5141307712,-0.642477572,-0.5300444365,-0.5056504011,-0.381475687,-0.4745321274,-0.4718450308,-0.7121731043,-0.5877251029,-0.3366889954,-0.3419653177,-0.6451227069,-0.6524002552,-0.7424068451,-0.3232025802,-0.3109135032,-0.2877298594,-0.2780015469,-0.3540700078,-0.3005750179,-0.2922673225,-0.3664969802,-0.1400746405,-0.4639748931,-0.4585020542,-0.4359537363,-0.0631598234,0.0,-0.0240732431,0.0,-0.1298603117,-0.0181416869,0.0,0.0,-0.1122826338,-0.1007894278,0.0,0.0,0.0,-0.0189181566,0.0,-0.0379616022,0.0,0.0,0.0,-0.1373466849,-0.1375494003,-0.1371206641,0.0,0.0,-0.1638980508,-0.1243858039,-0.1484622657,0.0,0.0,0.0,0.0,0.0,0.0,0.0,0.0,0.0,0.0,0.0,0.0,0.0,0.0,0.0,0.0,0.0,0.0,0.0,0.0,0.0,0.0,0.0,0.0,0.0,0.0,0.0,0.0]},"step_mean_q":{"0":[13.6588878632,13.6735048294,13.5949983597,13.6639862061,13.7077035904,13.6418361664,13.5393838882,13.4826374054,13.3698749542,13.2125844955,13.0088615417,12.8162822723,12.6330299377,12.3963012695,12.1358394623,11.9037513733,11.6538791656,11.3371810913,11.0496101379,10.7767343521,10.4833469391,10.1552696228,9.8639297485,9.5783452988,9.2964553833,9.011548996,8.7425956726,8.4780063629,8.2292051315,7.9636049271,7.7292051315,7.5136160851,7.268819809,7.048810482,6.8386015892,6.626970768,6.4088654518,6.205034256,6.0207848549,5.8421969414,5.6465392113,5.4642758369,5.29631567,5.1269931793,4.9594478607,4.8227396011,4.6893219948,4.5386896133,4.4072041512,4.2975234985,4.1817202568,4.0630993843,3.9650976658,3.8690681458,3.7804124355,3.7187244892,3.6441395283,3.556163311,3.4829277992,3.4043548107,3.3483304977,3.2762989998,3.2086074352,3.1427125931,3.0805580616,2.9949162006,2.9222202301,2.8541977406,2.7869195938,2.7279982567,2.6897644997,2.6715960503,2.6313300133,2.5689816475,2.5100359917,2.4873168468,2.4296350479,2.405516386,2.3917372227,2.3440752029,2.2937037945,2.2117466927,2.1734671593,2.196614027,2.1427083015,2.1501896381,2.1417403221,2.104861021,2.0975842476,2.0375337601,2.1231179237,2.0823228359,2.0338671207,2.0192277431,1.9260669947,1.8851839304,1.9760372639,1.9798072577,1.865675211,1.8679682016,1.8534566164,1.9146710634,1.9741375446,2.0421619415,1.8107272387,1.6852402687,1.8128638268,1.7214667797,1.6967424154,1.6156690121,1.4812825918,1.5791560411,1.5559543371,1.6609293222,1.6032925844,1.6080851555,1.913282156,1.9518210888,2.066817522,1.9947482347,1.9322433472,1.8596737385,1.5652160645,1.4568420649,1.5091007948,1.4650497437,1.2925773859,1.0485539436,1.240649581,1.1030036211,1.0217430592,1.0242139101,0.9541159272,0.6215471625,0.6274625659,0.5598596334,0.5990051031,0.5484516025,0.5443922281,0.5686454773,0.5809093714,0.4843928814,0.741399765,0.7596906424]},"episodes_still_running":{"0":[4096.0,4096.0,4096.0,4096.0,4096.0,4096.0,4096.0,4096.0,4096.0,4096.0,4096.0,4096.0,4096.0,4096.0,4096.0,4096.0,4096.0,4096.0,4096.0,4096.0,4096.0,4096.0,4096.0,4096.0,4096.0,4096.0,4096.0,4096.0,4095.0,4093.0,4093.0,4093.0,4093.0,4091.0,4091.0,4089.0,4086.0,4082.0,4074.0,4065.0,4059.0,4046.0,4029.0,4015.0,3993.0,3955.0,3915.0,3873.0,3812.0,3747.0,3677.0,3582.0,3477.0,3378.0,3237.0,3076.0,2949.0,2790.0,2644.0,2499.0,2339.0,2177.0,2007.0,1846.0,1690.0,1567.0,1445.0,1312.0,1187.0,1074.0,982.0,882.0,806.0,736.0,671.0,616.0,545.0,487.0,428.0,391.0,341.0,307.0,277.0,242.0,219.0,197.0,181.0,170.0,146.0,130.0,116.0,103.0,95.0,86.0,83.0,75.0,66.0,63.0,55.0,51.0,46.0,39.0,32.0,30.0,28.0,25.0,22.0,20.0,19.0,18.0,18.0,15.0,15.0,12.0,12.0,11.0,9.0,8.0,8.0,7.0,7.0,7.0,6.0,5.0,5.0,4.0,4.0,4.0,4.0,4.0,4.0,4.0,4.0,3.0,3.0,2.0,2.0,2.0,2.0,2.0,2.0,1.0,1.0,1.0]},