{"max_q":{"0":24.527469635},"min_q":{"0":-1.3418704271},"mean_q":{"0":5.2729330063},"range_q":{"0":25.8693408966},"step_max_q":{"0":[19.0775794983,20.9713973999,20.6434803009,22.5999832153,24.527469635,20.9836215973,21.4410686493,20.3789310455,21.6607780457,21.1328392029,20.708360672,21.720249176,19.17760849,20.5531806946,20.3045864105,19.4611473083,20.2770042419,19.9440479279,18.887046814,19.8486614227,23.1529808044,18.6077880859,23.5822620392,19.8762874603,19.085559845,17.0242767334,18.0680980682,16.0097312927,17.280708313,17.435503006,16.3179626465,16.9613285065,16.9588394165,16.8090667725,16.8928966522,15.6760463715,15.9296712875,16.9710979462,11.0426578522,11.6099090576,10.4207038879,11.3393249512,9.9847221375,10.0362348557,10.9416570663,9.7289505005,9.4544239044,9.9712934494,9.3755350113,8.949848175,9.2914104462,8.7307682037,10.5621671677,8.0631952286,8.4350175858,9.0890579224,8.999206543,8.2423553467,8.6220426559,8.5141324997,6.8073139191,6.7924785614,7.0182232857,7.0748119354,6.6331796646,6.2899465561,6.3105769157,8.6111297607,7.1220655441,7.1408295631,7.7138271332,5.8774213791,6.6989746094,5.1379098892,5.1548047066,5.1737208366,5.1818170547,5.1891546249,5.1988930702,5.4010629654,4.2814064026,4.2567543983,4.2055921555,4.5080904961,6.151696682,6.1724443436,6.7033753395,6.786866188,7.1484899521,0.3551305532,0.4972427785,0.3438518047,0.4381864071,0.2488024235,0.3551510572,0.194757998,0.0,0.0]},"step_min_q":{"0":[1.3963193893,1.8417122364,0.0,-1.2581665516,0.0,-0.3513888121,-1.0364538431,-0.143009901,-0.2242625952,-0.3497297764,-0.2364176512,-0.1407049894,-0.3482487202,-0.2197985649,-0.5326779485,-0.8868613243,-0.911819458,-1.0006914139,-0.8620756269,-0.9904446602,-1.0423674583,-0.7835178375,-0.9392628074,-0.8462139368,-0.9959839582,-0.776639998,-0.7515257597,-0.7071512938,-0.6482414603,-0.9861164093,-0.6539921761,-0.7968251705,-0.6535577774,-1.0215005875,-0.7819931507,-0.7986626625,-0.7079307437,-0.8508226871,-0.7169778347,-0.9577128887,-1.083126545,-1.3418704271,-1.0919675827,-0.7715560198,-0.5088706017,-0.5371624231,-0.625754118,-0.6725825667,-0.6361359358,-0.6782624722,-0.8595510125,-0.7693123221,-0.8461065888,-0.5707746744,-0.5810528994,-0.7180145383,-0.960342586,-1.0049591064,-0.4479344487,-0.4573649168,-0.5846319199,-0.4037794471,-0.3653714657,-0.6485403776,-0.4509792328,-0.6917498708,-0.4823881388,-0.689570725,-0.5354078412,-0.8437407613,-0.5999326706,-0.7021038532,-0.2156336308,-0.2054300308,-0.2759144306,-0.9524450302,-0.4213559628,-0.6344780922,0.0,0.0,-0.0317310095,-0.2825675011,-0.121167779,-0.2105765343,-0.1994285583,-0.2537428141,-0.3200331926,-0.2290421724,-0.6107484102,-0.6600564718,-0.5574424267,-0.3232074976,-0.2886765003,0.0,0.0,0.0,-0.3780933619,-0.1001980305]},"step_mean_q":{"0":[9.1428966522,9.2846784592,9.2378416061,9.1656265259,9.0616588593,8.9183597565,8.7889451981,8.6202077866,8.4583644867,8.2286348343,7.9556531906,7.6831865311,7.347237587,6.9703507423,6.5891180038,6.1722340584,5.7624750137,5.352853775,4.9628491402,4.5561323166,4.165699482,3.7931330204,3.3942329884,3.0835952759,2.7667617798,2.4752216339,2.3084695339,2.1405234337,2.0031137466,1.8805674314,1.7787758112,1.7057077885,1.6313499212,1.5565135479,1.5001056194,1.4671801329,1.4335306883,1.3801015615,1.3375245333,1.298803091,1.2591139078,1.2668638229,1.2295225859,1.1849310398,1.1655548811,1.2055177689,1.1789647341,1.1132850647,1.1664274931,1.2192943096,1.2047888041,1.2288413048,1.236597538,1.1725920439,1.2111010551,1.1886277199,1.2280005217,1.1383302212,1.189019084,1.1869034767,1.1255148649,1.1935628653,1.0869630575,1.1149617434,1.1351947784,1.1295301914,1.1051633358,1.2355666161,1.2655191422,1.1748958826,1.1763243675,1.2725383043,1.4197266102,1.1999286413,1.2502305508,1.303834796,1.2647403479,1.3560817242,1.7472196817,1.7340863943,1.2674535513,1.3137843609,1.2998218536,1.2023971081,1.427436471,1.4520686865,1.3674020767,1.7486313581,1.6890019178,-0.135103628,-0.0300998241,0.0103221536,0.0747549534,0.2488024235,0.3551510572,0.194757998,-0.3780933619,-0.1001980305]},"episodes_still_running":{"0":[4096.0,4096.0,4093.0,4084.0,4080.0,4077.0,4068.0,4065.0,4062.0,4053.0,4042.0,4039.0,4027.0,4014.0,3989.0,3952.0,3903.0,3851.0,3805.0,3754.0,3678.0,3611.0,3533.0,3439.0,3318.0,3208.0,3080.0,2946.0,2784.0,2641.0,2484.0,2336.0,2183.0,2035.0,1890.0,1736.0,1604.0,1482.0,1360.0,1231.0,1123.0,1015.0,907.0,825.0,761.0,687.0,628.0,568.0,504.0,449.0,404.0,352.0,309.0,275.0,243.0,214.0,193.0,169.0,152.0,134.0,122.0,107.0,100.0,88.0,82.0,72.0,67.0,58.0,51.0,40.0,38.0,33.0,29.0,25.0,21.0,19.0,19.0,17.0,12.0,10.0,9.0,7.0,7.0,7.0,6.0,6.0,6.0,4.0,4.0,3.0,2.0,2.0,2.0,1.0,1.0,1.0,1.0,1.0]},"step_range_q":{"0":[17.6812591553,19.1296844482,20.6434803009,23.8581504822,24.527469635,21.3350105286,22.4775218964,20.5219402313,21.8850402832,21.4825687408,20.9447784424,21.8609542847,19.5258579254,20.7729797363,20.8372650146,20.3480091095,21.1888237,20.9447402954,19.7491226196,20.8391056061,24.1953487396,19.3913059235,24.5215244293,20.7225017548,20.0815429688,17.8009166718,18.8196239471,16.7168827057,17.9289493561,18.4216194153,16.9719543457,17.7581539154,17.6123962402,17.8305664062,17.6748905182,16.4747085571,16.6376018524,17.8219203949,11.7596359253,12.5676221848,11.5038299561,12.6811952591,11.0766897202,10.8077907562,11.4505271912,10.2661132812,10.0801782608,10.6438760757,10.0116710663,9.6281108856,10.1509618759,9.5000801086,11.4082736969,8.6339702606,9.0160703659,9.8070726395,9.9595489502,9.2473144531,9.0699768066,8.9714975357,7.3919458389,7.1962580681,7.3835945129,7.7233524323,7.0841588974,6.9816966057,6.7929649353,9.3007001877,7.6574735641,7.9845705032,8.3137598038,6.5795249939,6.9146080017,5.34333992,5.4307193756,6.1261658669,5.6031732559,5.8236327171,5.1988930702,5.4010629654,4.3131375313,4.5393218994,4.3267598152,4.7186670303,6.3511252403,6.4261870384,7.0234084129,7.0159082413,7.7592382431,1.0151870251,1.054685235,0.6670593023,0.7268629074,0.2488024235,0.3551510572,0.194757998,0.3780933619,0.1001980305]},"mean_loss:":{"0":0.8587588668},"rmse":{"0":0.9266924262},"step_rmse":{"0":[0.7328001261,0.7784336209,0.8006724119,0.8396458626,0.8832258582,0.9170076847,0.9403322935,0.9665279984,1.0191961527,1.0634815693,1.0581194162,1.0822502375,1.1000263691,1.0841602087,1.1348795891,1.1310425997,1.1248385906,1.095670104,1.0560115576,1.0431553125,1.0723956823,1.0384917259,1.0188542604,0.9502142668,0.9080816507,0.9084011912,0.9036368728,0.8335872293,0.8184546232,0.8247800469,0.7784938812,0.7419870496,0.7270214558,0.702925086,0.7109989524,0.7102175355,0.7106108069,0.6606311798,0.6752035618,0.6148681045,0.6196120977,0.5854828954,0.5793087482,0.5896433592,0.5968404412,0.6298894286,0.5723998547,0.5994364023,0.5772573352,0.6129919887,0.6259801984,0.6138283014,0.6158382297,0.5573552251,0.5365709066,0.5815288424,0.6208325028,0.6778518558,0.563364327,0.6163133979,0.5986744165,0.5648602843,0.5234571695,0.5357981324,0.59099406,0.5424282551,0.669515729,0.6633067131,0.6111733317,0.5980677605,0.4348912835,0.9252406955,0.7865317464,0.719589293,0.79639256,0.874956131,0.7714481354,0.7795586586,0.9245509505,0.4054320157,0.3063497543,0.4517220855,0.3500909209,0.2876561582,0.5221264958,0.278010577,0.4075289965,0.3898882568,0.2766658068,0.2753684223,0.1329909563,0.2242179066,0.077710785,0.2097711563,0.0868362188,0.0218438506,0.2354174852,0.1100924015]},"rmse_by_q":{"0":17.5745162964},