{"max_q":{"0":18.731967926},"min_q":{"0":-0.31884408},"mean_q":{"0":11.9901342392},"range_q":{"0":19.0508117676},"step_max_q":{"0":[16.5422821045,17.0567321777,17.3006134033,18.3142318726,18.731967926,18.274723053,17.8236999512,17.4434928894,16.9000034332,16.6044578552,15.838757515,15.9727592468,14.913318634,14.3948450089,13.5312452316,13.4982748032,12.5815429688,11.8369865417,11.1471223831,10.6608743668,9.9323177338,9.8301000595,9.2914915085,8.8207530975,8.307592392,8.315196991,7.8242835999,7.4945344925,7.1929960251,6.7024717331,6.6941680908,6.3165159225,6.0215806961,5.7015047073,5.3449707031,5.1519765854,5.181060791,5.0325193405,4.5429573059,3.6852157116,2.6759054661,3.5254359245,3.5573105812,4.105919838,4.3557710648,4.2087125778,3.9906363487,4.31062603,3.5692915916,3.8948810101,4.1050457954,4.2887949944,4.3133306503,4.3545188904,4.3198809624,4.3269672394,4.2917251587,4.2908949852,4.265212059,4.2602267265,4.2442584038,4.2351913452,4.227807045,4.2144351006,4.2146282196,4.196876049,4.2038755417,4.181810379,4.1950192451,4.1687870026,4.1877188683,4.1575040817,4.1817407608,4.1477408409,4.1769089699,4.1393184662,4.173078537,4.132089138,4.170124054,4.1259179115,4.1679391861,4.1206874847,4.1664228439,4.1162919998,4.1654901505,4.1126375198,4.1650624275,4.1096391678,4.1650729179,4.1072206497,4.1654605865,4.1053152084,4.1661710739,4.1038627625,4.1671581268,4.102809906,4.1683807373,4.1021084785,4.169801712,4.1017165184,4.1713891029,4.1015958786,4.1731147766,4.1017127037,4.1749544144,4.1020379066,4.1768856049,4.1025443077,4.1788902283,4.1032090187,4.1809520721,4.1040101051,4.1830573082,4.1049289703,4.1851921082,4.1059498787,4.1873474121,4.1070585251,4.1895136833,4.1082410812]},"step_min_q":{"0":[13.4052715302,12.9853115082,13.3720054626,13.4392089844,13.8794803619,11.8806152344,11.3620119095,8.3407316208,7.612862587,7.9757199287,5.5980463028,5.6593174934,4.1177148819,3.6235427856,3.308198452,2.1571686268,2.2097244263,1.6664390564,0.9788844585,0.141910553,0.4424953461,0.2126588821,0.1329858303,-0.0102798939,-0.3088402748,-0.3010237217,-0.2702682018,-0.3046257496,-0.31884408,-0.2954833508,-0.1095219851,-0.1686413288,-0.1060059071,0.0,0.0,0.0,0.0,0.0,0.0,0.0,0.0,0.0,0.0,0.0,0.0,0.0,0.0,0.0,0.0,0.0,0.0,0.0,0.0,0.0,0.0,0.0,0.0,0.0,0.0,0.0,0.0,0.0,0.0,0.0,0.0,0.0,0.0,0.0,0.0,0.0,0.0,0.0,0.0,0.0,0.0,0.0,0.0,0.0,0.0,0.0,0.0,0.0,0.0,0.0,0.0,0.0,0.0,0.0,0.0,0.0,0.0,0.0,0.0,0.0,0.0,0.0,0.0,0.0,0.0,0.0,0.0,0.0,0.0,0.0,0.0,0.0,0.0,0.0,0.0,0.0,0.0,0.0,0.0,0.0,0.0,0.0,0.0,0.0,0.0,0.0]},"step_mean_q":{"0":[16.0814685822,16.3256492615,16.7017555237,17.2635269165,17.652715683,17.1082687378,16.5823841095,15.9078102112,15.3850021362,14.9456520081,14.3317317963,13.7447834015,13.0137529373,12.4140987396,11.7994537354,11.2560710907,10.6329212189,10.020072937,9.4831027985,8.9657478333,8.4596920013,7.9712991714,7.5025634766,7.082423687,6.7162709236,6.434776783,6.1831421852,5.9899935722,5.6846385002,5.0063409805,3.6993429661,2.3691325188,2.1143114567,1.6783875227,2.6969196796,5.1519765854,5.181060791,5.0325193405,4.5429573059,3.6852157116,2.6759054661,3.5254359245,3.5573105812,4.105919838,4.3557710648,4.2087125778,3.9906363487,4.31062603,3.5692915916,3.8948810101,4.1050457954,4.2887949944,4.3133306503,4.3545188904,4.3198809624,4.3269672394,4.2917251587,4.2908949852,4.265212059,4.2602267265,4.2442584038,4.2351913452,4.227807045,4.2144351006,4.2146282196,4.196876049,4.2038755417,4.181810379,4.1950192451,4.1687870026,4.1877188683,4.1575040817,4.1817407608,4.1477408409,4.1769089699,4.1393184662,4.173078537,4.132089138,4.170124054,4.1259179115,4.1679391861,4.1206874847,4.1664228439,4.1162919998,4.1654901505,4.1126375198,4.1650624275,4.1096391678,4.1650729179,4.1072206497,4.1654605865,4.1053152084,4.1661710739,4.1038627625,4.1671581268,4.102809906,4.1683807373,4.1021084785,4.169801712,4.1017165184,4.1713891029,4.1015958786,4.1731147766,4.1017127037,4.1749544144,4.1020379066,4.1768856049,4.1025443077,4.1788902283,4.1032090187,4.1809520721,4.1040101051,4.1830573082,4.1049289703,4.1851921082,4.1059498787,4.1873474121,4.1070585251,4.1895136833,4.1082410812]},"episodes_still_running":{"0":[4096.0,4096.0,4096.0,4096.0,4096.0,4096.0,4096.0,4096.0,4096.0,4096.0,4096.0,4096.0,4096.0,4096.0,4096.0,4096.0,4096.0,4096.0,4096.0,4096.0,4096.0,4096.0,4096.0,4096.0,4084.0,3952.0,3424.0,2384.0,1164.0,428.0,164.0,84.0,60.0,16.0,8.0,4.0,4.0,4.0,4.0,4.0,4.0,4.0,4.0,4.0,4.0,4.0,4.0,4.0,4.0,4.0,4.0,4.0,4.0,4.0,4.0,4.0,4.0,4.0,4.0,4.0,4.0,4.0,4.0,4.0,4.0,4.0,4.0,4.0,4.0,4.0,4.0,4.0,4.0,4.0,4.0,4.0,4.0,4.0,4.0,4.0,4.0,4.0,4.0,4.0,4.0,4.0,4.0,4.0,4.0,4.0,4.0,4.0,4.0,4.0,4.0,4.0,4.0,4.0,4.0,4.0,4.0,4.0,4.0,4.0,4.0,4.0,4.0,4.0,4.0,4.0,4.0,4.0,4.0,4.0,4.0,4.0,4.0,4.0,4.0,4.0]},"step_range_q":{"0":[3.1370105743,4.0714206696,3.9286079407,4.8750228882,4.8524875641,6.3941078186,6.4616880417,9.1027612686,9.2871408463,8.6287384033,10.2407112122,10.3134422302,10.7956037521,10.7713022232,10.2230472565,11.3411064148,10.3718185425,10.1705474854,10.1682376862,10.5189638138,9.4898223877,9.6174411774,9.1585054398,8.831032753,8.6164321899,8.6162204742,8.0945520401,7.7991600037,7.5118398666,6.9979553223,6.8036899567,6.4851570129,6.1275863647,5.7015047073,5.3449707031,5.1519765854,5.181060791,5.0325193405,4.5429573059,3.6852157116,2.6759054661,3.5254359245,3.5573105812,4.105919838,4.3557710648,4.2087125778,3.9906363487,4.31062603,3.5692915916,3.8948810101,4.1050457954,4.2887949944,4.3133306503,4.3545188904,4.3198809624,4.3269672394,4.2917251587,4.2908949852,4.265212059,4.2602267265,4.2442584038,4.2351913452,4.227807045,4.2144351006,4.2146282196,4.196876049,4.2038755417,4.181810379,4.1950192451,4.1687870026,4.1877188683,4.1575040817,4.1817407608,4.1477408409,4.1769089699,4.1393184662,4.173078537,4.132089138,4.170124054,4.1259179115,4.1679391861,4.1206874847,4.1664228439,4.1162919998,4.1654901505,4.1126375198,4.1650624275,4.1096391678,4.1650729179,4.1072206497,4.1654605865,4.1053152084,4.1661710739,4.1038627625,4.1671581268,4.102809906,4.1683807373,4.1021084785,4.169801712,4.1017165184,4.1713891029,4.1015958786,4.1731147766,4.1017127037,4.1749544144,4.1020379066,4.1768856049,4.1025443077,4.1788902283,4.1032090187,4.1809520721,4.1040101051,4.1830573082,4.1049289703,4.1851921082,4.1059498787,4.1873474121,4.1070585251,4.1895136833,4.1082410812]},"mean_loss:":{"0":0.2346362472},"rmse":{"0":0.4843926728},"step_rmse":{"0":[0.1488004029,0.200506717,0.2273603082,0.2679204047,0.2868939042,0.4531129897,0.5317171216,0.6094978452,0.5867612362,0.616509974,0.6225771904,0.6127013564,0.6561582685,0.639646709,0.6246706843,0.5858436227,0.5436765552,0.4644528925,0.440418154,0.4739045501,0.4257320166,0.4152671695,0.3278249204,0.3093607724,0.3160982728,0.371390909,0.3470465541,0.3665261567,0.4512502849,0.5565932989,0.5859515071,0.9523639083,0.4653315544,0.5306090117,0.4170656204,0.7300534248,0.7813630104,0.7437748909,0.3262634277,0.5887162685,2.0294649601,0.452319622,0.0263843536,0.5368261337,1.0160479546,0.7007217407,0.7426054478,0.965845108,0.4092411995,0.5811831951,0.7796721458,0.9785223007,1.0967698097,1.2772350311,1.2283887863,1.2974905968,1.1976904869,1.2904043198,1.1926927567,1.2696390152,1.2064256668,1.350104332,1.3176248074,1.4513487816,1.350032568,1.4615659714,1.3780357838,1.5001235008,1.4238536358,1.5988748074,1.5636143684,1.7780413628,1.7030849457,1.8896245956,1.801677227,1.9981606007,1.9148521423,2.1414875984,2.0512208939,2.2720184326,2.1625015736,2.3571720123,2.1884291172,2.3742165565,2.202050209,2.3858418465,2.2363491058,2.4743790627,2.3651313782,2.5842652321,2.3928973675,2.5553417206,2.3742418289,2.5635755062,2.4000918865,2.6126635075,2.4792006016,2.7011227608,2.5389862061,2.7142698765,2.5359318256,2.7138528824,2.5410943031,2.7366857529,2.5937960148,2.8003809452,2.6505994797,2.8209195137,2.6379461288,2.8094477654,2.6365954876,2.8061571121,2.6542954445,2.8525424004,2.7155675888,2.8925852776,2.7146177292,2.8674073219,2.6934709549,2.851495266]},"rmse_by_q":{"0":4.0399270058},