{"max_q":{"0":23.808757782},"min_q":{"0":-0.7224012613},"mean_q":{"0":5.579164505},"range_q":{"0":24.5311584473},"step_max_q":{"0":[21.4612464905,21.6140613556,21.4039325714,22.5950527191,22.4877662659,21.9217853546,23.808757782,21.9630470276,22.1710186005,21.5610542297,21.8442878723,21.3547019958,20.6372394562,20.5476837158,20.1440944672,21.685962677,19.3897285461,19.4952125549,19.5726642609,18.5541706085,17.8998794556,18.2242088318,16.6353645325,16.4464015961,16.1897468567,15.5985441208,15.330201149,14.6891441345,14.55809021,14.425863266,14.5305128098,14.1213150024,13.0998497009,12.5959701538,11.9631958008,11.7010316849,11.2170915604,11.3676233292,10.6357336044,10.8377904892,10.6953382492,10.8934650421,11.2325305939,10.8126115799,11.3386821747,11.3815307617,11.1070861816,10.0126495361,10.8744087219,10.3835315704,10.2601394653,10.9005222321,9.8420562744,9.2626028061,8.294298172,7.9186439514,7.7094402313,7.7866888046,7.3070650101,8.0006246567,7.4961161613,7.5088949203,7.7314953804,7.3855676651,7.9470510483,7.6676673889,7.9527101517,7.502781868,8.1664962769,7.8011488914,7.667927742,6.8202075958,6.8587961197,7.3037891388,7.0672478676,7.2427978516,6.9594230652,7.1393909454,6.7546720505,7.0917196274,6.3434357643,6.3420863152,6.5672626495,6.1376237869,6.3977880478,6.2092790604,6.4737243652,6.219874382,6.1464400291,6.3125362396,6.2051362991,6.2115139961,6.0371422768,5.9571685791,6.0096278191,5.8220858574,5.8372979164,6.1335496902,6.5163683891,6.1247973442,6.323240757,6.1747694016,6.4103755951,6.5033521652,6.5114374161,4.2967538834,4.0598006248,4.2577633858,4.1208772659,3.8838846684,4.0096960068,3.8312292099,3.8742873669,3.9131164551,3.9496834278,3.8134713173,4.2973852158,3.5388836861,3.1398322582,2.6176378727,2.6022810936,2.3683950901,2.3365302086,2.3186113834,1.8969430923,1.6611790657,2.287801981,2.269446373,2.2818593979,1.9389076233,2.049851656,2.0445721149,1.6322431564,1.6136968136,1.7866337299,1.3269069195,1.2929965258,1.4545773268,1.0317518711,1.0042874813,0.9909980893,1.105047226]},"step_min_q":{"0":[6.9205121994,7.0013108253,6.7583808899,6.7974181175,6.9155330658,6.4603853226,5.9011464119,5.898727417,5.7226686478,5.5082607269,4.6856198311,4.7615375519,4.7251214981,4.2120461464,3.7882480621,3.6865296364,3.6121442318,2.8708820343,2.947250843,2.9958958626,2.6837234497,2.2604551315,1.8845512867,1.825707674,0.9999580383,0.6465321779,0.3712560236,0.4935948849,0.3746948242,-0.0392691195,-0.153642416,-0.1418573856,-0.364410013,-0.0066089928,-0.0512313247,-0.1119252443,-0.2845843732,-0.3575384617,-0.4897639155,-0.4799543619,-0.5348981619,-0.4372717142,-0.4460503161,-0.5361976624,-0.4625455141,-0.4195666909,-0.5439492464,-0.5475420952,-0.4455792308,-0.4496151507,-0.481459558,-0.4676174223,-0.5101561546,-0.4104050696,-0.4389609694,-0.393504858,-0.3708519638,-0.3478453457,-0.5128608942,-0.7224012613,-0.6385284066,-0.4975507557,-0.4394308031,-0.3209641278,-0.3000463247,-0.4202421904,-0.4587262273,-0.3100302219,-0.3539902568,-0.2078763247,-0.3703795075,-0.2599291801,-0.2377167344,-0.3213835955,-0.2190654874,-0.222010076,-0.2720257044,-0.2357433438,-0.2407835126,-0.3587999046,-0.2472631931,-0.1931656003,-0.1639825106,-0.2421462834,-0.152228415,-0.1401282549,-0.127715528,-0.2135438025,-0.1526274085,-0.3523423672,-0.3409328461,-0.2871605456,-0.2789252102,-0.3039832711,-0.3317905962,-0.3192613721,-0.3528600037,-0.1237336993,-0.0713181496,-0.121676147,-0.1075001955,0.0,0.0,-0.0615701079,0.0,-0.0954582691,0.0,0.0,-0.0185257792,0.0,0.0,0.0,0.0,0.0,0.0,-0.0854099989,-0.0783020258,-0.0073644519,0.0,0.0,0.0,0.0,0.0,0.0,-0.0430926085,-0.1422346234,-0.0404502153,-0.043056488,-0.0444952846,-0.045298934,0.0,0.0,0.0,0.0,0.0,0.0,0.0,0.0,0.0,0.0,0.0,0.0]},"step_mean_q":{"0":[10.3460741043,10.2520437241,10.3336906433,10.4119606018,10.4906110764,10.4412622452,10.4016695023,10.3917140961,10.3085393906,10.2106075287,10.0790319443,9.9220132828,9.7406768799,9.5382900238,9.3084545135,9.1071062088,8.8802814484,8.6279716492,8.3759775162,8.1120433807,7.8561897278,7.5642375946,7.2929325104,7.0273766518,6.7603874207,6.4878487587,6.2291212082,5.9783086777,5.7337384224,5.4835982323,5.2465968132,5.0204916,4.7871828079,4.5586290359,4.3457493782,4.1447200775,3.9323046207,3.7377436161,3.5460505486,3.3595211506,3.192987442,3.0288934708,2.8791520596,2.7337138653,2.609108448,2.4921343327,2.3789441586,2.2804811001,2.177877903,2.1033892632,2.0261712074,1.9741389751,1.8936581612,1.8615297079,1.8235290051,1.7791790962,1.7377585173,1.7112042904,1.6789672375,1.6645432711,1.6513562202,1.6233536005,1.5968307257,1.5693337917,1.5447309017,1.5174686909,1.4925956726,1.4961278439,1.4987220764,1.463788271,1.4545744658,1.4595685005,1.4433009624,1.4343227148,1.4392998219,1.4287450314,1.4044700861,1.3972604275,1.3527902365,1.3647545576,1.3589972258,1.3253206015,1.3113636971,1.3067208529,1.3040567636,1.3153326511,1.3327887058,1.3122872114,1.2967041731,1.2779252529,1.2624014616,1.2731497288,1.2697925568,1.2342150211,1.2457321882,1.2227731943,1.2361320257,1.2160148621,1.2083508968,1.1791893244,1.2167477608,1.1899570227,1.1020133495,1.1065759659,1.1194498539,1.0510752201,1.0517064333,1.0102916956,0.9766258001,0.9838584065,1.0034281015,1.0407940149,1.0141174793,1.0313508511,0.957608521,0.9104227424,0.9091643095,0.9119472504,0.8474935889,0.7564097047,0.7861402035,0.6629567146,0.6408171058,0.6316060424,0.5493321419,0.6278120875,0.6752631068,0.6808532476,0.6394865513,0.6616024375,0.7082404494,0.7136540413,0.6259972453,0.7472417951,0.7468887568,0.6211434007,0.6715358496,0.7532452941,0.538710475,1.0042874813,0.9909980893,1.105047226]},"episodes_still_running":{"0":[4096.0,4096.0,4096.0,4096.0,4096.0,4096.0,4096.0,4096.0,4096.0,4096.0,4096.0,4096.0,4096.0,4096.0,4096.0,4096.0,4096.0,4096.0,4096.0,4096.0,4096.0,4096.0,4096.0,4096.0,4096.0,4096.0,4096.0,4096.0,4096.0,4096.0,4096.0,4096.0,4096.0,4095.0,4095.0,4093.0,4092.0,4084.0,4079.0,4076.0,4062.0,4045.0,4023.0,3987.0,3930.0,3882.0,3827.0,3742.0,3658.0,3561.0,3444.0,3303.0,3162.0,3010.0,2860.0,2708.0,2550.0,2407.0,2278.0,2112.0,1976.0,1848.0,1746.0,1603.0,1484.0,1375.0,1264.0,1180.0,1085.0,990.0,918.0,846.0,774.0,718.0,669.0,616.0,577.0,526.0,501.0,463.0,431.0,403.0,379.0,343.0,318.0,296.0,276.0,252.0,238.0,222.0,210.0,195.0,188.0,178.0,170.0,159.0,150.0,142.0,130.0,121.0,110.0,100.0,90.0,85.0,76.0,69.0,66.0,61.0,57.0,53.0,50.0,47.0,46.0,44.0,43.0,43.0,41.0,38.0,36.0,31.0,29.0,29.0,28.0,27.0,23.0,19.0,17.0,13.0,13.0,12.0,9.0,8.0,7.0,4.0,4.0,3.0,2.0,2.0,2.0,1.0,1.0,1.0]},