{"max_q":{"0":18.5458812714},"min_q":{"0":-1.4058742523},"mean_q":{"0":9.001209259},"range_q":{"0":19.9517555237},"step_max_q":{"0":[13.1468839645,14.0962429047,14.0279932022,14.9377918243,14.924700737,15.1599531174,15.6793756485,15.7522344589,16.8688316345,16.376707077,16.3319797516,16.2877998352,16.095489502,18.5458812714,15.5043954849,15.0338201523,14.7493906021,14.3731870651,14.4520301819,14.5223197937,13.4365320206,13.0381975174,12.2335157394,14.8722791672,13.1325340271,14.7005710602,14.3224935532,12.8292608261,13.6529588699,11.9695262909,7.4625196457,6.6718587875,2.6575703621,0.0659363866,0.0,0.0,0.0]},"step_min_q":{"0":[6.926718235,7.5433340073,7.3534851074,7.1170716286,7.2952232361,6.815404892,7.2808046341,6.0399050713,5.4546952248,4.276884079,4.040271759,3.193862915,2.4812531471,2.2940387726,1.2554426193,1.0505635738,0.1725156903,-0.1228922606,-0.4322677553,-1.0843529701,-0.4295925498,-0.5209305286,-0.6840064526,-0.7284991741,-0.3639675379,-0.8070088625,-0.6636737585,-0.878729403,-0.6082376838,-0.5988835096,-0.8196668625,-0.9503343105,-0.7061501145,-1.2995274067,-1.0074330568,-1.4058742523,-1.1899315119]},"step_mean_q":{"0":[11.5679244995,12.0519962311,12.2101402283,12.75984478,12.6350545883,12.8366909027,13.2421703339,12.2647237778,11.9400157928,11.1881828308,10.7058105469,10.394651413,9.7007398605,9.4045448303,8.7331724167,8.5038204193,7.6972527504,7.373878479,6.6981067657,6.4039096832,5.9307899475,5.6256747246,5.4794068336,5.225358963,5.0887169838,4.9428215027,4.284535408,3.4086287022,2.5063934326,1.92245996,1.2887601852,1.2183321714,0.6962829232,-0.6167955399,-1.0074330568,-1.4058742523,-1.1899315119]},"episodes_still_running":{"0":[4096.0,4096.0,4096.0,4096.0,4096.0,4096.0,4096.0,4096.0,4096.0,4096.0,4096.0,4096.0,4096.0,4096.0,4096.0,4096.0,4096.0,4096.0,4096.0,4096.0,4068.0,4000.0,3896.0,3776.0,3636.0,3172.0,2404.0,1636.0,1064.0,600.0,260.0,92.0,28.0,8.0,4.0,4.0,4.0]},"step_range_q":{"0":[6.2201657295,6.5529088974,6.6745080948,7.8207201958,7.6294775009,8.3445482254,8.3985710144,9.7123298645,11.4141368866,12.099822998,12.2917079926,13.0939369202,13.6142368317,16.2518424988,14.2489528656,13.98325634,14.576874733,14.4960794449,14.8842983246,15.606672287,13.8661241531,13.5591278076,12.9175224304,15.6007785797,13.4965019226,15.5075798035,14.986166954,13.7079906464,14.2611961365,12.5684099197,8.2821865082,7.6221933365,3.363720417,1.3654637337,1.0074330568,1.4058742523,1.1899315119]},"mean_loss:":{"0":1.1946816444},"rmse":{"0":1.0930149555},"step_rmse":{"0":[0.2766778171,0.3298101425,0.2852968276,0.2213000059,0.1348218918,0.1870151609,0.3269329369,0.5316491723,0.6661021113,0.7708619237,0.9038760662,1.0307763815,1.1847869158,1.4269721508,1.5749182701,1.6200294495,1.5401228666,1.5168582201,1.4503883123,1.4573677778,1.3284628391,1.2634165287,1.2006669044,1.1341530085,1.1042952538,1.1569776535,1.342056036,1.4333497286,1.5446271896,1.7244426012,1.4195871353,1.2833848,2.2677509785,1.1108995676,1.5977656841,1.4548215866,1.3333476782]},"rmse_by_q":{"0":12.1429796219},"step_rmse_by_q":{"0":[2.391767025,2.7365603447,2.3365564346,1.734347105,1.0670464039,1.4568798542,2.4688773155,4.3347830772,5.5787372589,6.8899655342,8.4428548813,9.9164113998,12.2133665085,15.1732187271,18.0337467194,19.0506076813,20.0087337494,20.5706977844,21.6537055969,22.7574691772,22.3994255066,22.4580440521,21.9123516083,21.7047863007,21.7008571625,23.4072303772,31.3232574463,42.0506286621,61.6274833679,89.6997909546,110.1513824463,105.3394775391,325.6939086914,-180.1082305908,-158.5977020264,-103.481628418,-112.0524749756]},"mean_error":{"0":0.7015755177},"step_mean_error":{"0":[0.2275078148,0.2521215677,0.2323088348,0.1946354359,0.1024031639,0.1353152692,0.2449711263,0.3993674219,0.5105224848,0.6050295234,0.7010707259,0.8071668148,0.904638052,1.0892074108,1.2054022551,1.2207436562,1.1527762413,1.1100995541,1.0495669842,1.0244346857,0.914593339,0.8625875115,0.7980015874,0.7601801753,0.710729897,0.7328802347,0.8349458575,0.9347833991,0.9613281488,1.0762430429,0.8814205527,0.8712641597,1.2673947811,0.8066740036,1.5977656841,1.4548215866,1.3333476782]},"mean_q_deviation":{"0":68.3116073608},"step_mean_q_deviation":{"0":[2.0871818066,2.3685138226,2.0914885998,1.5799763203,0.7889950871,1.1092357635,1.921159029,3.4256808758,4.4873771667,5.657933712,6.9879455566,8.3684682846,10.2453994751,12.8866825104,15.3583679199,17.0213871002,17.8763771057,19.1635913849,21.0144691467,46.3663406372,81.0919723511,40.5560379028,50.227432251,173.7245483398,55.2136192322,762.8427124023,130.7649536133,252.3365936279,659.9096069336,518.5608520508,3723.0517578125,257.8984069824,522.9075927734,382.8367919922,270.6551513672,2972.2180175781,929.7052612305]},"mean_range_deviation":{"0":2.6605112553},"step_mean_range_deviation":{"0":[3.5740129948,3.6735639572,3.269213438,2.4952430725,1.3255691528,1.6737112999,2.9717650414,3.9908211231,4.1796684265,5.0884046555,5.1401233673,5.2908396721,7.0134510994,7.9714736938,8.5828037262,7.5491609573,8.2018499374,7.6155676842,7.9378681183,4.2307076454,7.7036113739,6.5558075905,6.3712573051,6.2974572182,4.9524183273,5.5995764732,5.5010533333,5.7756695747,6.8329930305,10.4806222916,7.7687187195,9.403506279,15.6034584045,297.7355957031,270.6551513672,2972.2180175781,929.7052612305]},"epoch":{"0":140},"mask_name":{"0":"ally_distance"},"map_name":{"0":"5m_vs_6m"}}