{"max_q":{"0":24.1318778992},"min_q":{"0":-1.1373345852},"mean_q":{"0":4.3572645187},"range_q":{"0":25.2692127228},"step_max_q":{"0":[16.4201545715,19.4637470245,18.9620895386,20.2477664948,19.8605518341,17.5758857727,24.1318778992,17.5086288452,19.0051212311,19.8681335449,19.0305862427,20.6239795685,19.8126487732,19.3988304138,19.9965877533,18.14087677,17.6511001587,18.2903747559,15.6666316986,17.4780044556,14.9137420654,15.2872629166,14.8794956207,15.1849470139,13.1312217712,15.2485122681,13.1559848785,12.9589576721,12.5083961487,14.4273548126,11.2468528748,12.5357952118,13.8752756119,11.5270595551,11.609960556,12.716258049,11.6716661453,11.1664733887,10.1245260239,9.7403717041,8.8442955017,7.9303588867,7.6562333107,7.6572093964,7.1692962646,8.0082969666,8.2979698181,7.8294258118,6.8664541245,8.2597894669,7.0547819138,7.183930397,7.49243927,7.6424512863,7.3617134094,7.1755371094,7.2452821732,7.2747907639,7.8782773018,8.1043491364,7.8382339478,8.0122022629,7.9792084694,7.1792159081,8.137887001,8.3688955307,7.773522377,7.7662792206,8.6462678909,5.1995754242,5.3792362213,5.7874855995,5.1383371353,5.2419061661,5.2656126022,4.9909701347,5.4462451935,5.0686383247,4.7250385284,4.7833395004,4.2362880707,4.174451828,4.2739396095,4.181210041,4.9708986282,4.493830204,4.3438858986,3.8443233967,4.4273548126,4.4701700211,4.5385274887,4.4879627228,4.3140182495,4.1314353943,4.3828926086,4.3251419067,4.1147422791,4.3707227707,5.4920711517,4.8555335999,4.6590242386,4.425265789,4.4726915359,5.3529162407,4.6757040024,4.4099264145,4.4681391716,4.4136533737,2.2125778198,2.4128975868,2.2228055,2.2032907009,2.4538280964,2.2224760056,2.2628426552,2.2932200432,2.4021751881,2.6335425377,2.4434633255,2.1450791359,2.4891562462,2.6702563763,3.0551664829,2.1500139236,2.0377566814,2.0375878811,1.9568531513,1.066552639]},"step_min_q":{"0":[1.776320219,0.0,-0.6440541744,-1.1373345852,-0.4106457233,-0.6135399342,-0.3869769573,-0.2274947166,-0.1654760838,-0.1237471104,-0.2041213512,-0.3596279621,-0.3773493767,-0.3041369915,-0.5421333313,-0.1324272156,-0.7925169468,-0.1707236767,-0.1380615234,-0.3580634594,-0.1427004337,-0.4082040787,-0.6309785843,-0.3203718662,-0.3245558739,-0.4993677139,-0.564895153,-0.6473813057,-0.5590584278,-0.9331636429,-0.473372221,-0.5835039616,-0.9343812466,-0.4362123013,-0.395614624,-0.3243670464,-0.8071534634,-0.4021708965,-0.3809781075,-0.3591039181,-0.6601839066,-0.534071207,-0.5078964233,-0.5345833302,-0.6701896191,-0.3295977116,-0.5236127377,-0.6108033657,-0.3579549789,-0.2370743752,-0.2709825039,-0.3837218285,-0.4776856899,-0.4575676918,-0.268736124,-0.3199596405,-0.3122880459,-0.302672863,-0.2757771015,-0.2440109253,-0.2303833961,-0.4267213345,-0.4191915989,-0.3807325363,-0.3136661053,-0.2359542847,-0.1903922558,-0.2475996017,-0.2200465202,-0.2535209656,-0.2040843964,-0.2254528999,-0.192615509,-0.2048134804,-0.1876428127,-0.2272205353,-0.195504427,-0.2755186558,-0.1901454926,-0.2514107227,-0.2121350765,-0.2271618843,-0.1907398701,-0.1470985413,-0.204190731,-0.128310442,-0.0069935322,-0.078745842,-0.2226873636,-0.0963771343,-0.2349431515,-0.1010279655,-0.1159114838,-0.0903019905,-0.1246231794,-0.2362723351,-0.0774365664,-0.0582194328,-0.2106947899,-0.1751796007,0.0,0.0,0.0,0.0,0.0,0.0,-0.0411353111,-0.0089116096,0.0,-0.0101881027,0.0,0.0,0.0,-0.0535356998,-0.0312814713,0.0,0.0,0.0,0.0,0.0,0.0,0.0,0.0,0.0,0.0,0.0,0.0,0.0]},"step_mean_q":{"0":[9.2739458084,9.4585962296,9.3008108139,9.186665535,9.0994653702,8.9616794586,8.8618154526,8.6848011017,8.499786377,8.2827415466,8.0261058807,7.7446870804,7.3678321838,6.9194040298,6.4260010719,5.9455151558,5.4838409424,5.043053627,4.6052246094,4.1755957603,3.7949001789,3.4487278461,3.1507658958,2.8947656155,2.6453437805,2.4455747604,2.2578098774,2.1042678356,1.9651966095,1.8268277645,1.7187037468,1.6139518023,1.5465854406,1.4669200182,1.4069387913,1.353399992,1.2901288271,1.233137846,1.1984732151,1.1579419374,1.1242254972,1.1002269983,1.0793867111,1.0502707958,1.0256967545,1.0048203468,0.9896012545,0.979788959,0.9569390416,0.9672650695,0.9730057716,0.952899456,0.9569498301,0.9490100741,0.9521647692,0.9369974136,0.9302837849,0.9340584874,0.9488788843,0.954158783,0.9318470359,0.9054188132,0.8893119693,0.9199760556,0.908456862,0.8728060126,0.8618779182,0.8497735262,0.8743437529,0.8583387136,0.8668208718,0.8748179078,0.85200876,0.8722491264,0.8813720942,0.9084628224,0.8750052452,0.874094367,0.868917346,0.8762632608,0.8299789429,0.8230469227,0.8229554892,0.8206261992,0.8418540955,0.9040608406,0.887167871,0.9036926627,0.9060990214,0.9298801422,1.0110843182,0.9866459966,1.0578458309,1.0402274132,1.0724859238,1.0078148842,0.9654605985,1.0502752066,1.0886828899,1.1833127737,1.2211992741,1.2630031109,1.2996060848,1.3091107607,1.2378025055,1.2051349878,1.3024973869,1.3652534485,1.0556781292,1.2758767605,1.2214055061,1.0426843166,1.0270460844,0.989215374,1.1152205467,1.203802824,1.362503171,1.9135818481,1.8634210825,1.6346138716,1.6605135202,1.8850768805,2.2538657188,1.7546935081,1.6827265024,1.6474127769,1.5778155327,1.066552639]},"episodes_still_running":{"0":[4096.0,4095.0,4095.0,4093.0,4090.0,4085.0,4081.0,4079.0,4077.0,4075.0,4074.0,4067.0,4056.0,4043.0,4034.0,4015.0,3995.0,3965.0,3935.0,3911.0,3874.0,3836.0,3793.0,3750.0,3704.0,3637.0,3569.0,3516.0,3447.0,3379.0,3311.0,3221.0,3133.0,3036.0,2927.0,2817.0,2705.0,2605.0,2469.0,2369.0,2245.0,2147.0,2044.0,1929.0,1819.0,1713.0,1589.0,1487.0,1393.0,1296.0,1201.0,1134.0,1055.0,982.0,911.0,844.0,786.0,728.0,679.0,639.0,592.0,553.0,514.0,478.0,449.0,401.0,373.0,351.0,332.0,302.0,283.0,265.0,241.0,224.0,211.0,194.0,178.0,168.0,152.0,139.0,130.0,122.0,112.0,97.0,92.0,81.0,75.0,72.0,69.0,60.0,54.0,49.0,43.0,36.0,34.0,31.0,30.0,27.0,26.0,22.0,20.0,19.0,17.0,17.0,16.0,14.0,12.0,12.0,10.0,8.0,8.0,6.0,6.0,6.0,5.0,5.0,4.0,3.0,3.0,3.0,3.0,3.0,2.0,2.0,2.0,2.0,2.0,1.0]},"step_range_q":{"0":[14.6438341141,19.4637470245,19.6061439514,21.3851013184,20.2711982727,18.1894264221,24.5188541412,17.7361240387,19.1705970764,19.9918804169,19.2347068787,20.9836082458,20.1899986267,19.7029666901,20.5387210846,18.2733039856,18.4436168671,18.4610977173,15.804693222,17.8360671997,15.0564422607,15.6954669952,15.510474205,15.5053186417,13.4557781219,15.747879982,13.7208805084,13.606338501,13.0674543381,15.3605184555,11.7202253342,13.1192989349,14.8096570969,11.9632720947,12.0055751801,13.0406246185,12.4788198471,11.5686445236,10.5055046082,10.0994758606,9.5044794083,8.4644298553,8.1641292572,8.1917924881,7.8394861221,8.3378944397,8.8215827942,8.4402294159,7.2244091034,8.4968643188,7.3257646561,7.5676522255,7.9701251984,8.100019455,7.630449295,7.4954967499,7.5575704575,7.5774636269,8.1540546417,8.3483600616,8.0686168671,8.4389238358,8.3984003067,7.5599484444,8.4515533447,8.6048498154,7.9639148712,8.0138788223,8.8663139343,5.4530963898,5.5833206177,6.0129384995,5.3309526443,5.4467196465,5.4532556534,5.21819067,5.641749382,5.3441572189,4.915184021,5.0347499847,4.4484233856,4.4016137123,4.464679718,4.3283085823,5.1750893593,4.6221408844,4.3508796692,3.9230692387,4.650042057,4.5665473938,4.7734708786,4.5889906883,4.4299297333,4.2217373848,4.5075159073,4.5614142418,4.1921787262,4.4289422035,5.7027659416,5.0307130814,4.6590242386,4.425265789,4.4726915359,5.3529162407,4.6757040024,4.4099264145,4.5092744827,4.4225649834,2.2125778198,2.4230856895,2.2228055,2.2032907009,2.4538280964,2.2760117054,2.2941241264,2.2932200432,2.4021751881,2.6335425377,2.4434633255,2.1450791359,2.4891562462,2.6702563763,3.0551664829,2.1500139236,2.0377566814,2.0375878811,1.9568531513,1.066552639]},"mean_loss:":{"0":0.4047403634},"rmse":{"0":0.6361920834},