{"max_q":{"0":16.7965049744},"min_q":{"0":-0.9175097942},"mean_q":{"0":3.7173559666},"range_q":{"0":17.7140140533},"step_max_q":{"0":[14.2805633545,15.0455932617,15.2994670868,15.7654933929,16.0385284424,15.7910385132,15.6000804901,15.407579422,15.7395706177,15.2217617035,16.7965049744,15.4328975677,16.1529903412,15.5706119537,14.5618839264,14.107629776,14.1108636856,13.9203681946,13.1428642273,13.6662464142,13.6500473022,12.8533096313,12.7402687073,12.359462738,12.4379081726,11.611240387,11.9920558929,11.4069404602,11.0325222015,12.1155166626,11.3211174011,11.4301452637,12.2422809601,11.6720066071,11.636138916,10.214548111,9.4163312912,10.5099859238,9.6873903275,9.1238803864,9.0376834869,8.5657043457,8.1267433167,8.7811603546,9.1715946198,8.5756254196,9.3519134521,8.8181781769,8.8085441589,8.6432237625,9.3778076172,8.2918844223,8.9521255493,8.6089401245,8.2696495056,8.1424417496,8.2367181778,7.8936471939,7.8329267502,8.0608844757,8.6268424988,8.2177066803,8.7060222626,8.5925226212,8.9429063797,8.8813114166,8.3184633255,8.1040458679,8.1102657318,7.4306383133,7.7480096817,7.3384103775,7.5231003761,7.5810928345,8.4445161819,7.3472776413,7.2123084068,7.8858880997,6.890499115,7.4178466797,7.3662962914,7.1089572906,6.9627761841,6.7146501541,7.8888559341,7.0881714821,7.3634185791,6.711622715,7.2948622704,7.1502628326,7.2549066544,7.1479787827,6.8699407578,7.3297247887,6.8636441231,6.7941737175,6.9895653725,6.4844169617,6.911295414,6.7237610817,6.2307472229,6.3334803581,6.1573328972,5.8414497375,5.5079836845,5.461124897,5.0685429573,5.9074888229,5.5525979996,5.6218166351,5.7673773766,5.3770847321,5.6675481796,5.4306631088,5.0824561119,5.5183005333,5.2192502022,5.0751318932,5.3754653931,5.0410413742,4.8209695816,5.2171616554,4.9622788429,4.8387951851,4.8790149689,5.2021718025,4.9212985039,5.1523952484,5.0772929192,4.8301949501,5.0472378731,4.9578142166,4.7224769592,4.8068804741,6.0862035751,5.4661598206,5.9968695641,6.490735054,5.1126813889,7.0723571777,5.5386886597,5.2424955368,5.4420309067,4.9911003113,5.3368930817,5.929473877,5.8275113106,5.1445465088,5.4048662186,5.3013191223,6.0807971954,5.801817894,5.5525827408,4.9472761154,5.1301364899,5.0039072037,4.7659778595,4.8783788681,4.8545541763,4.4229660034,4.9686784744,4.8306536674,3.9947872162,4.7030200958,4.6286392212,4.6502280235,4.5283398628,4.8093318939,3.1151764393,3.1207375526,3.06001091,2.7496008873,2.8065457344,2.9083333015,2.6021571159,2.6201181412,2.7187433243,2.520154953,2.595279932,2.6988732815,2.5059950352,2.5886516571,2.6838798523,2.4964466095,2.5857307911,2.674138546,2.4909129143,2.5856103897,2.6682310104,2.4874880314,2.5729134083,2.7799053192,2.772441864,2.4378988743,2.6697571278,2.7124781609,2.4139020443,2.4918622971,2.3332247734,2.3815641403]},"step_min_q":{"0":[2.4176020622,2.4707660675,2.2485404015,0.8889746666,0.773473978,0.9803884029,0.9994857311,0.7373239994,0.5210108757,0.4761376381,0.2653222084,0.2270538807,0.022967577,0.0235595703,-0.1174976826,0.0110490322,-0.0579099655,0.0070581436,-0.0846631527,-0.0638697147,-0.2219176292,-0.1598348618,-0.3642184734,-0.3820750713,-0.4678018093,-0.4072284698,-0.6252639294,-0.432946682,-0.3749935627,-0.4274513721,-0.3535802364,-0.3466835022,-0.4111025333,-0.6057901382,-0.4669911861,-0.4440062046,-0.6216845512,-0.6297063828,-0.6828711033,-0.557600975,-0.5263822079,-0.5699045658,-0.6041692495,-0.6148893833,-0.682587862,-0.4924809933,-0.567589283,-0.7701675892,-0.4181325436,-0.5453908443,-0.5016109943,-0.4266169071,-0.4677979946,-0.5851521492,-0.5510315895,-0.4521775246,-0.5641622543,-0.5813695192,-0.553030014,-0.5369306803,-0.3829016685,-0.4519228935,-0.6613278389,-0.4825615883,-0.4219677448,-0.5814712048,-0.6439373493,-0.4731810093,-0.4875054359,-0.4740202427,-0.5658426285,-0.5006303787,-0.4804029465,-0.4821782112,-0.9175097942,-0.5424735546,-0.6856660843,-0.6537702084,-0.3596725464,-0.3815832138,-0.4534196854,-0.42491889,-0.3358309269,-0.3495702744,-0.5472140312,-0.5458866358,-0.469004631,-0.4223165512,-0.3635072708,-0.4550681114,-0.5672318935,-0.6243419647,-0.5450429916,-0.4226254225,-0.6599476337,-0.3282843828,-0.5468690395,-0.5259618759,-0.5145084858,-0.2938365936,-0.5593214035,-0.4702093601,-0.3785265684,-0.6018791199,-0.7059061527,-0.7640379667,-0.7913827896,-0.2705554962,-0.2222468853,-0.2308497429,-0.1878631115,-0.1947597265,-0.1964805126,-0.189463377,-0.1907560825,-0.2024922371,-0.195215106,-0.1764794588,-0.23589921,-0.2425615788,-0.1584455967,-0.1842978001,-0.1795445681,-0.1894032955,-0.1983578205,-0.2061574459,-0.1954469681,-0.1701482534,-0.1175273657,-0.1183022261,-0.1462541819,-0.1522949934,-0.1622279882,-0.1728676558,-0.1834212542,-0.1756417751,-0.1640187502,-0.1113528013,-0.1122611761,-0.1401016712,-0.1458052397,-0.155168891,-0.1651281118,-0.1747791767,-0.1657720804,-0.1534720659,-0.0980504751,-0.1018821001,-0.128357172,-0.1338108778,-0.1430617571,-0.1529450417,-0.1625207663,-0.1525849104,-0.1401673555,-0.0824439526,-0.0893776417,-0.1143512726,-0.1195886135,-0.1288393736,-0.1388896704,-0.1487994194,-0.1385657787,-0.1266715527,-0.0681972504,-0.0789264441,-0.1036378145,-0.1097381115,-0.119848609,-0.130661726,-0.1412013769,-0.1309198141,-0.1200802326,-0.0602618456,-0.0733296871,-0.0969884396,-0.1028194427,-0.1126346588,-0.1231238842,-0.1333246231,-0.1221606731,-0.1362017393,-0.0846594572,-0.1021149158,-0.1066000462,-0.1148008108,-0.104434967,-0.1230825186,-0.0828421116,-0.0904384851,-0.0952115059,-0.1036182642,-0.112295866,-0.1011198759,-0.1131826639,-0.0907256603,-0.1359205246,-0.1412563324,-0.1196713448,-0.1181502342]},