{"max_q":{"0":18.6896896362},"min_q":{"0":-0.6146039963},"mean_q":{"0":11.9772491455},"range_q":{"0":19.3042945862},"step_max_q":{"0":[16.7995681763,17.1052742004,17.5219783783,18.2487564087,18.6896896362,18.2267894745,18.1203613281,17.276222229,16.8713150024,16.4094963074,15.9846973419,15.5085334778,14.5014162064,14.2449522018,13.6486492157,13.0416507721,12.438501358,12.0624990463,11.6472797394,10.551609993,10.3475379944,9.5482978821,9.236738205,8.8938751221,8.2526092529,8.2144432068,7.8059277534,7.3312249184,7.2075333595,6.7961578369,6.6277108192,6.3772697449,6.0645656586,5.7287216187,5.8987541199,5.878305912,5.6546068192,5.2921657562,4.84532547,3.9298839569,2.7508733273,4.6677241325,3.9434001446,4.0726232529,4.4789018631,4.2016935349,3.5699048042,4.5513219833,3.1867203712,4.2470397949,4.0749082565,4.3880405426,4.1255407333,4.420170784,4.1509714127,4.4371323586,4.1643276215,4.4463729858,4.1715240479,4.4513988495,4.1753587723,4.4540567398,4.1773328781,4.4553980827,4.1782946587,4.456029892,4.1787233353,4.4562911987,4.1788816452,4.4563698769,4.1789112091,4.4563641548,4.1788854599,4.456325531,4.1788396835,4.4562778473,4.1787929535,4.4562335014,4.1787500381,4.4561948776,4.1787147522,4.4561638832,4.1786880493,4.4561405182,4.1786670685,4.4561223984,4.1786513329,4.4561085701,4.1786398888,4.4560985565,4.1786317825,4.4560918808,4.1786260605,4.4560871124,4.178621769,4.4560832977,4.1786184311,4.4560809135,4.1786155701,4.4560785294,4.1786146164,4.4560775757,4.1786136627,4.456076622,4.178612709,4.4560756683,4.178612709,4.4560756683,4.1786117554,4.4560756683,4.1786117554,4.4560747147,4.1786117554,4.4560747147,4.1786117554,4.4560747147,4.1786117554,4.4560747147,4.1786117554,4.4560747147]},"step_min_q":{"0":[14.7083759308,14.645236969,14.8380689621,14.8444347382,13.7220640182,12.170042038,11.0763244629,9.2753448486,7.5977330208,6.9936952591,6.4222068787,5.376144886,4.3327684402,3.6018662453,3.1116819382,2.6024227142,1.5207297802,1.0727002621,0.3094706535,0.5581786633,0.3486369848,0.1643693447,0.0735524893,-0.2044781446,-0.2772123814,-0.4523940086,-0.6146039963,-0.555160284,-0.2638602257,-0.4519519806,-0.3029415607,-0.2903721333,-0.3330330849,0.0,0.0,0.0,0.0,0.0,0.0,0.0,0.0,0.0,0.0,0.0,0.0,0.0,0.0,0.0,0.0,0.0,0.0,0.0,0.0,0.0,0.0,0.0,0.0,0.0,0.0,0.0,0.0,0.0,0.0,0.0,0.0,0.0,0.0,0.0,0.0,0.0,0.0,0.0,0.0,0.0,0.0,0.0,0.0,0.0,0.0,0.0,0.0,0.0,0.0,0.0,0.0,0.0,0.0,0.0,0.0,0.0,0.0,0.0,0.0,0.0,0.0,0.0,0.0,0.0,0.0,0.0,0.0,0.0,0.0,0.0,0.0,0.0,0.0,0.0,0.0,0.0,0.0,0.0,0.0,0.0,0.0,0.0,0.0,0.0,0.0,0.0]},"step_mean_q":{"0":[16.0293197632,16.2705059052,16.6528892517,17.2320365906,17.6855545044,17.1411018372,16.6058883667,15.9294805527,15.3854417801,14.9120197296,14.2984399796,13.7397136688,12.988445282,12.4208717346,11.7943592072,11.2270832062,10.5939807892,9.9973936081,9.4736747742,8.9735631943,8.4809093475,7.9686703682,7.5017561913,7.0596876144,6.6831932068,6.3957242966,6.1649694443,5.9718942642,5.6669015884,4.9789538383,3.7031898499,2.2852931023,2.1684880257,1.8303043842,3.0712487698,5.878305912,5.6546068192,5.2921657562,4.84532547,3.9298839569,2.7508733273,4.6677241325,3.9434001446,4.0726232529,4.4789018631,4.2016935349,3.5699048042,4.5513219833,3.1867203712,4.2470397949,4.0749082565,4.3880405426,4.1255407333,4.420170784,4.1509714127,4.4371323586,4.1643276215,4.4463729858,4.1715240479,4.4513988495,4.1753587723,4.4540567398,4.1773328781,4.4553980827,4.1782946587,4.456029892,4.1787233353,4.4562911987,4.1788816452,4.4563698769,4.1789112091,4.4563641548,4.1788854599,4.456325531,4.1788396835,4.4562778473,4.1787929535,4.4562335014,4.1787500381,4.4561948776,4.1787147522,4.4561638832,4.1786880493,4.4561405182,4.1786670685,4.4561223984,4.1786513329,4.4561085701,4.1786398888,4.4560985565,4.1786317825,4.4560918808,4.1786260605,4.4560871124,4.178621769,4.4560832977,4.1786184311,4.4560809135,4.1786155701,4.4560785294,4.1786146164,4.4560775757,4.1786136627,4.456076622,4.178612709,4.4560756683,4.178612709,4.4560756683,4.1786117554,4.4560756683,4.1786117554,4.4560747147,4.1786117554,4.4560747147,4.1786117554,4.4560747147,4.1786117554,4.4560747147,4.1786117554,4.4560747147]},"episodes_still_running":{"0":[4096.0,4096.0,4096.0,4096.0,4096.0,4096.0,4096.0,4096.0,4096.0,4096.0,4096.0,4096.0,4096.0,4096.0,4096.0,4096.0,4096.0,4096.0,4096.0,4096.0,4096.0,4096.0,4096.0,4096.0,4084.0,3952.0,3424.0,2384.0,1164.0,428.0,164.0,84.0,60.0,16.0,8.0,4.0,4.0,4.0,4.0,4.0,4.0,4.0,4.0,4.0,4.0,4.0,4.0,4.0,4.0,4.0,4.0,4.0,4.0,4.0,4.0,4.0,4.0,4.0,4.0,4.0,4.0,4.0,4.0,4.0,4.0,4.0,4.0,4.0,4.0,4.0,4.0,4.0,4.0,4.0,4.0,4.0,4.0,4.0,4.0,4.0,4.0,4.0,4.0,4.0,4.0,4.0,4.0,4.0,4.0,4.0,4.0,4.0,4.0,4.0,4.0,4.0,4.0,4.0,4.0,4.0,4.0,4.0,4.0,4.0,4.0,4.0,4.0,4.0,4.0,4.0,4.0,4.0,4.0,4.0,4.0,4.0,4.0,4.0,4.0,4.0]},"step_range_q":{"0":[2.0911922455,2.4600372314,2.6839094162,3.4043216705,4.967625618,6.0567474365,7.0440368652,8.0008773804,9.2735824585,9.4158010483,9.5624904633,10.1323890686,10.1686477661,10.6430854797,10.5369672775,10.4392280579,10.9177713394,10.9897985458,11.337808609,9.9934310913,9.9989013672,9.383928299,9.1631860733,9.0983533859,8.5298213959,8.6668376923,8.4205322266,7.886384964,7.4713935852,7.2481098175,6.9306526184,6.6676416397,6.3975987434,5.7287216187,5.8987541199,5.878305912,5.6546068192,5.2921657562,4.84532547,3.9298839569,2.7508733273,4.6677241325,3.9434001446,4.0726232529,4.4789018631,4.2016935349,3.5699048042,4.5513219833,3.1867203712,4.2470397949,4.0749082565,4.3880405426,4.1255407333,4.420170784,4.1509714127,4.4371323586,4.1643276215,4.4463729858,4.1715240479,4.4513988495,4.1753587723,4.4540567398,4.1773328781,4.4553980827,4.1782946587,4.456029892,4.1787233353,4.4562911987,4.1788816452,4.4563698769,4.1789112091,4.4563641548,4.1788854599,4.456325531,4.1788396835,4.4562778473,4.1787929535,4.4562335014,4.1787500381,4.4561948776,4.1787147522,4.4561638832,4.1786880493,4.4561405182,4.1786670685,4.4561223984,4.1786513329,4.4561085701,4.1786398888,4.4560985565,4.1786317825,4.4560918808,4.1786260605,4.4560871124,4.178621769,4.4560832977,4.1786184311,4.4560809135,4.1786155701,4.4560785294,4.1786146164,4.4560775757,4.1786136627,4.456076622,4.178612709,4.4560756683,4.178612709,4.4560756683,4.1786117554,4.4560756683,4.1786117554,4.4560747147,4.1786117554,4.4560747147,4.1786117554,4.4560747147,4.1786117554,4.4560747147,4.1786117554,4.4560747147]},"mean_loss:":{"0":0.2323707342},"rmse":{"0":0.4820484817},"step_rmse":{"0":[0.3379867077,0.3717499077,0.3920592964,0.3848288655,0.3278556764,0.4539904892,0.5444752574,0.6214618683,0.5942160487,0.5529364347,0.6082487106,0.565302968,0.58687222,0.5951654315,0.5928757787,0.5573031306,0.5195400715,0.4445686638,0.4167809188,0.4543624818,0.4216730595,0.397741884,0.3395117223,0.3232083917,0.3086827099,0.3096569777,0.3214547932,0.315351516,0.3957712948,0.445908159,0.5712935328,0.9463837147,0.4159702659,0.5904126763,0.7576109767,1.4563827515,1.2549090385,1.0034213066,0.6286315918,0.3440480232,1.9544970989,0.689968586,0.412473917,0.5035295486,1.1391787529,0.6937026978,0.3218739033,1.2065410614,0.0266699791,0.93334198,0.7495346069,1.077767849,0.9089798927,1.3428869247,1.0594792366,1.4076557159,1.0702929497,1.4458823204,1.0990047455,1.4608111382,1.1375260353,1.5689697266,1.2671506405,1.6923117638,1.313699007,1.7207198143,1.3528835773,1.7746043205,1.4077160358,1.8864576817,1.5548067093,2.0769014359,1.7002296448,2.1982092857,1.8036079407,2.3151199818,1.9205665588,2.4656319618,2.0598468781,2.6022953987,2.1732771397,2.6926484108,2.2006943226,2.7140650749,2.2152271271,2.729326725,2.2499380112,2.820848465,2.378698349,2.9331431389,2.4060685635,2.9061183929,2.3866968155,2.9157998562,2.4115555286,2.9659368992,2.4894382954,3.0550951958,2.5478000641,3.0686318874,2.5431573391,3.0683345795,2.5465931892,3.0910496712,2.5974543095,3.1544187069,2.6523265839,3.1744508743,2.6376676559,3.162314415,2.6342551708,3.1582217216,2.6498498917,3.2036881447,2.708987236,3.2427101135,2.7058820724,3.2164235115,2.6825690269,3.1993288994]},"rmse_by_q":{"0":4.0247011185},