{"max_q":{"0":15.6523094177},"min_q":{"0":-0.6156184673},"mean_q":{"0":8.5796442032},"range_q":{"0":16.2679271698},"step_max_q":{"0":[15.3308868408,15.6523094177,15.4838829041,15.445775032,14.9974336624,15.1725482941,14.9545345306,15.0820770264,14.7014789581,14.2356185913,14.0442352295,13.6465559006,13.2307510376,13.3071470261,12.6034584045,12.3811674118,11.9516277313,11.7592639923,11.3992767334,11.0708446503,10.747549057,10.3528299332,10.3306713104,9.7014780045,9.2078123093,8.8936986923,8.3645954132,8.058429718,7.7449607849,7.314116478,6.9864053726,6.7674417496,6.372136116,6.2584753036,5.799902916,5.3992033005,5.3830652237,5.0971269608,4.9110250473,4.4136075974,4.3330278397,4.3102030754,4.0115885735,4.1500287056,3.9682500362,3.6227464676,3.515683651,3.4046959877,3.5576965809,3.4865612984,3.5975131989,3.508398056,3.6071591377,3.2004489899,3.2706785202,3.1791894436,3.6786384583,3.5781936646,2.7122473717,2.3355808258,2.6737880707,2.7140316963,2.5957865715,2.5871009827,2.487537384,2.1606001854,2.4657001495,1.7420442104,1.8853340149]},"step_min_q":{"0":[12.1250896454,10.8469657898,11.3414268494,11.8031663895,10.4106616974,9.6268348694,9.5068302155,8.3695659637,8.8303909302,7.9501366615,7.1208267212,5.4417867661,4.888543129,3.7507770061,3.0226771832,3.0877733231,2.1453619003,2.1507058144,0.8615579605,0.911262989,1.075828433,0.3989341259,0.424467802,0.0949939489,0.0,0.0,-0.0277407169,-0.4085593224,-0.2698172331,-0.0359219313,-0.3442989588,-0.2844163179,-0.2199416161,-0.1860655546,-0.3721649647,-0.20125103,-0.3729567528,-0.420752883,-0.101079464,-0.2283828259,-0.4637836218,-0.6156184673,-0.4315929413,-0.07269454,-0.3838695288,-0.1299741268,-0.0559976101,-0.2992634773,-0.1522883177,-0.2373188734,-0.1236832142,-0.201726079,-0.2251046896,-0.2207578421,0.0,0.0,0.0,0.0,0.0,0.0,0.0,0.0,0.0,0.0,0.0,0.0,0.0,0.0,0.0]},"step_mean_q":{"0":[14.6582260132,14.9467201233,14.7992963791,14.6295166016,14.2657051086,14.2847919464,14.0572767258,13.8566007614,13.3914108276,12.8944425583,12.5780534744,12.1102905273,11.8043251038,11.3848829269,11.041305542,10.702963829,10.2935228348,9.9498376846,9.5334272385,9.1885871887,8.7986688614,8.3972997665,8.0089492798,7.610871315,7.2457838058,6.866314888,6.4736690521,6.1104011536,5.7672643661,5.4211797714,5.0994334221,4.7928586006,4.4738473892,4.1985077858,3.914506197,3.6423079967,3.423803091,3.2264049053,3.0338025093,2.8582172394,2.7048370838,2.5694186687,2.4611473083,2.2578780651,2.0695793629,1.9851356745,1.8683915138,1.8268762827,1.7497116327,1.8233090639,1.8676894903,1.8437281847,1.771592617,2.0513162613,2.0197703838,2.0938022137,2.0836730003,1.7655296326,1.5516556501,1.9318115711,2.6737880707,2.7140316963,2.5957865715,2.5871009827,2.487537384,2.1606001854,2.4657001495,1.7420442104,1.8853340149]},"episodes_still_running":{"0":[4096.0,4096.0,4096.0,4096.0,4096.0,4096.0,4096.0,4096.0,4096.0,4096.0,4096.0,4096.0,4096.0,4096.0,4096.0,4096.0,4096.0,4096.0,4096.0,4096.0,4096.0,4096.0,4096.0,4096.0,4092.0,4092.0,4092.0,4092.0,4080.0,4076.0,4060.0,4044.0,4040.0,4000.0,3984.0,3968.0,3916.0,3860.0,3692.0,3392.0,2920.0,2444.0,1868.0,1400.0,1056.0,788.0,572.0,448.0,320.0,216.0,156.0,108.0,84.0,56.0,36.0,28.0,28.0,20.0,12.0,8.0,4.0,4.0,4.0,4.0,4.0,4.0,4.0,4.0,4.0]},"step_range_q":{"0":[3.2057971954,4.8053436279,4.1424560547,3.6426086426,4.586771965,5.5457134247,5.4477043152,6.7125110626,5.871088028,6.2854819298,6.9234085083,8.2047691345,8.3422079086,9.5563697815,9.580780983,9.2933940887,9.806265831,9.6085586548,10.5377187729,10.1595821381,9.6717205048,9.9538955688,9.90620327,9.6064844131,9.2078123093,8.8936986923,8.3923358917,8.4669895172,8.0147781372,7.3500385284,7.3307042122,7.0518579483,6.5920777321,6.4445409775,6.1720676422,5.6004543304,5.7560219765,5.5178799629,5.0121045113,4.6419906616,4.7968115807,4.9258213043,4.4431815147,4.2227230072,4.3521194458,3.7527205944,3.5716812611,3.703959465,3.7099847794,3.723880291,3.721196413,3.7101240158,3.8322639465,3.4212069511,3.2706785202,3.1791894436,3.6786384583,3.5781936646,2.7122473717,2.3355808258,2.6737880707,2.7140316963,2.5957865715,2.5871009827,2.487537384,2.1606001854,2.4657001495,1.7420442104,1.8853340149]},"mean_loss:":{"0":0.1391578317},"rmse":{"0":0.3730386496},"step_rmse":{"0":[0.2058334649,0.1649197638,0.1952632666,0.2057266682,0.2388050705,0.308861196,0.3261994123,0.4105304182,0.4692918062,0.4896124005,0.5432804227,0.5405601263,0.5807496905,0.5456900597,0.508069098,0.4988584816,0.4697710574,0.4740961492,0.4371251166,0.4315384626,0.3902257383,0.3918039799,0.3869952261,0.3718388081,0.3648448288,0.3577396572,0.3305615485,0.3391739428,0.3295518756,0.3082408011,0.2943167686,0.2810764909,0.2932576537,0.2821365297,0.2939171195,0.2721702158,0.2625837922,0.280741781,0.2709605694,0.2903114557,0.2581775486,0.2360105366,0.2751947641,0.262763828,0.2943111956,0.3421065807,0.3604322374,0.4422492385,0.4780062139,0.4314868152,0.4618069828,0.4816931188,0.5835440755,0.601739049,0.6746839285,0.7418055534,0.8206431866,0.6565715671,0.5402239561,0.663536787,0.3874373436,0.3516950607,0.285326004,0.2976360321,0.2691395283,0.5706152916,0.3011367321,0.8810050488,0.6091556549]},"rmse_by_q":{"0":4.3479499817},"step_rmse_by_q":{"0":[1.4042180777,1.1033843756,1.319409132,1.4062438011,1.6739799976,2.162168026,2.3205020428,2.9627065659,3.5044238567,3.7970807552,4.3192725182,4.463643074,4.9198040962,4.7931108475,4.6015310287,4.6609377861,4.5637540817,4.7648630142,4.5851836205,4.6964616776,4.4350543022,4.6658329964,4.8320350647,4.8856272697,5.0352706909,5.210067749,5.1062474251,5.550763607,5.7141804695,5.6858620644,5.7715582848,5.8644852638,6.5549321175,6.7199239731,7.5084080696,7.472465992,7.6693601608,8.7013807297,8.9313840866,10.157081604,9.5450315475,9.1853666306,11.1815643311,11.6376447678,14.2208213806,17.2334098816,19.2910442352,24.2079467773,27.3191413879,23.6650390625,24.7261104584,26.126039505,32.9389533997,29.3342895508,33.4039916992,35.4286346436,39.3844528198,37.1883621216,34.8159713745,34.3479042053,14.4902038574,12.958398819,10.9918899536,11.5046157837,10.8195171356,26.4100379944,12.2130308151,50.5730552673,32.3102226257]},"mean_error":{"0":0.2418852448},"step_mean_error":{"0":[0.1179451793,0.0889801309,0.1107871383,0.1207656637,0.161221385,0.1996759027,0.2273537219,0.2874291241,0.3290637136,0.3263225555,0.3517726064,0.3462171257,0.3642427921,0.3493518829,0.3313994408,0.331163168,0.3167661726,0.3192811012,0.3043313622,0.3031926751,0.2810964584,0.2790748477,0.278577894,0.260789156,0.2599063218,0.2507784665,0.2404641509,0.2416665703,0.2265791744,0.2167843878,0.2087884992,0.2029489577,0.200330615,0.1940419078,0.2005488276,0.1852396727,0.182529062,0.1913959384,0.1808824688,0.1873774678,0.1732183844,0.155271858,0.1827502102,0.1790362149,0.204437077,0.2500711381,0.2472466379,0.3053019941,0.3346844614,0.3312610686,0.3719034791,0.4106835127,0.4697499573,0.4514055252,0.4729712903,0.6315464377,0.7095819116,0.5670668483,0.4281175137,0.613373518,0.3874373436,0.3516950607,0.285326004,0.2976360321,0.2691395283,0.5706152916,0.3011367321,0.8810050488,0.6091556549]},"mean_q_deviation":{"0":8.332901001},