{"max_q":{"0":11.3317470551},"min_q":{"0":-0.3212724328},"mean_q":{"0":5.3567175865},"range_q":{"0":11.6530199051},"step_max_q":{"0":[10.3275308609,10.5702018738,10.7881069183,11.0547676086,11.3317470551,11.1946363449,10.5929203033,10.2763519287,10.031829834,9.854804039,9.6040391922,9.5604782104,9.4118824005,8.8157348633,8.5526638031,8.423169136,8.312002182,7.8352222443,7.7228627205,7.6074228287,7.6357755661,7.2631926537,6.9192800522,6.9388036728,6.1782598495,5.9485378265,5.4574761391,5.5393838882,5.3301153183,5.0565519333,4.567378521,4.4481091499,4.2079863548,3.7950904369,3.0332443714,2.9311568737,2.605594635,2.0765013695,2.3021321297,2.1229934692,1.8526132107,1.8196589947,1.5784056187,1.4109945297,1.2893781662,0.945977807,0.6270944476,0.5262737274,0.5341733098,0.6190199852,0.5429854989,0.4765768647,0.0787283778,0.2797068357,0.1024823114,0.0912071615,0.0281843096]},"step_min_q":{"0":[9.3198041916,9.366859436,9.328748703,9.4900188446,9.3142280579,9.0024986267,8.7204227448,8.4961624146,8.2285728455,7.491288662,7.0818519592,6.7412643433,6.2281169891,5.5654249191,4.8451662064,4.3449516296,3.9851486683,3.5608386993,3.4147758484,2.8851134777,2.3642396927,2.1247737408,1.8225719929,1.4887208939,1.3135664463,1.0632833242,0.7136885524,0.4266302586,0.288867712,0.0028979182,-0.0270808935,-0.1446438432,-0.1016661525,-0.1465495229,-0.0883283019,-0.1046051979,-0.1094082594,-0.1386727691,-0.1054025888,-0.1093514562,-0.1310639977,-0.1448901296,-0.1178595424,-0.0850241184,-0.1006540358,-0.2451206148,-0.3212724328,-0.0591347218,-0.1092155576,0.0,-0.0772800595,0.0,0.0,0.0,0.0,0.0,0.0]},"step_mean_q":{"0":[9.9656867981,10.1051483154,10.1879463196,10.3524885178,10.4517726898,10.25086689,9.7976808548,9.5231018066,9.222445488,8.9133281708,8.5527229309,8.1917686462,7.8795471191,7.501789093,7.159309864,6.7940068245,6.4179091454,6.0450472832,5.6459913254,5.2585916519,4.8681721687,4.4619574547,4.0603122711,3.6812257767,3.2967126369,2.9305505753,2.5756816864,2.2316279411,1.9195075035,1.6235969067,1.3563574553,1.1189906597,0.9229735732,0.7484280467,0.6086611152,0.5057276487,0.4260572791,0.3640545607,0.3324857652,0.3022297025,0.2542476356,0.2248219252,0.2102527171,0.2122646272,0.1893913448,0.1677231342,0.146008268,0.1520734727,0.1795710176,0.1750275791,0.1749989688,0.2718935907,0.0787283778,0.2797068357,0.1024823114,0.0912071615,0.0281843096]},"episodes_still_running":{"0":[4096.0,4096.0,4096.0,4096.0,4096.0,4096.0,4096.0,4096.0,4096.0,4096.0,4096.0,4096.0,4096.0,4096.0,4096.0,4096.0,4096.0,4096.0,4096.0,4096.0,4096.0,4096.0,4096.0,4096.0,4096.0,4096.0,4096.0,4096.0,4096.0,4096.0,4088.0,4052.0,3964.0,3844.0,3600.0,3272.0,2824.0,2376.0,1788.0,1344.0,1032.0,744.0,524.0,336.0,232.0,160.0,104.0,76.0,36.0,28.0,20.0,12.0,4.0,4.0,4.0,4.0,4.0]},"step_range_q":{"0":[1.0077266693,1.2033424377,1.4593582153,1.564748764,2.0175189972,2.1921377182,1.8724975586,1.7801895142,1.8032569885,2.363515377,2.522187233,2.8192138672,3.1837654114,3.2503099442,3.7074975967,4.0782175064,4.3268537521,4.2743835449,4.3080868721,4.7223091125,5.2715358734,5.1384191513,5.0967082977,5.4500827789,4.8646936417,4.8852543831,4.7437877655,5.1127538681,5.0412473679,5.0536541939,4.5944595337,4.5927529335,4.3096523285,3.9416399002,3.1215727329,3.0357620716,2.7150030136,2.2151741982,2.4075345993,2.2323448658,1.9836771488,1.9645490646,1.6962652206,1.4960186481,1.3900321722,1.1910984516,0.9483668804,0.5854084492,0.6433888674,0.6190199852,0.6202655435,0.4765768647,0.0787283778,0.2797068357,0.1024823114,0.0912071615,0.0281843096]},"mean_loss:":{"0":0.049635604},"rmse":{"0":0.2227904946},"step_rmse":{"0":[0.0839665681,0.085413225,0.0950927213,0.1261695623,0.2040685117,0.2444669306,0.2630664408,0.2631850541,0.2677431405,0.2728682458,0.2683786154,0.2688268125,0.2851368785,0.2723583579,0.2658673823,0.2820106149,0.2822636366,0.2820592523,0.2783647478,0.2844288945,0.2914518118,0.2735350132,0.2658511102,0.2588254809,0.2559122741,0.2487270385,0.2304937243,0.2203895599,0.1945549697,0.1783355772,0.1623106003,0.1409780979,0.134156689,0.1269282997,0.1152679995,0.091560483,0.0902198926,0.0896884874,0.0825187266,0.0763146207,0.0787404031,0.0768776983,0.0720581338,0.0733178556,0.0782868788,0.1183215454,0.128770873,0.0853130221,0.1163348109,0.0487239547,0.0652391315,0.101527527,0.3826716542,0.1925904751,0.2272102237,0.2862350941,0.2342409939]},"rmse_by_q":{"0":4.1590862274},"step_rmse_by_q":{"0":[0.842556715,0.8452446461,0.9333845973,1.2187365294,1.9524775743,2.3848414421,2.6849868298,2.76364851,2.9031686783,3.0613508224,3.1379320621,3.2816700935,3.6186962128,3.6305789948,3.7135894299,4.1508731842,4.3980622292,4.6659564972,4.9303078651,5.40884161,5.9868836403,6.1303811073,6.5475530624,7.0309596062,7.7626504898,8.4873828888,8.9488430023,9.8757305145,10.1356716156,10.9839811325,11.9666538239,12.5986843109,14.5352687836,16.959318161,18.937959671,18.1047019958,21.1755313873,24.6360015869,24.8187236786,25.250535965,30.9699649811,34.1949272156,34.272151947,34.5407791138,41.3360404968,70.545753479,88.1942367554,56.0998725891,64.7848510742,27.8378715515,37.2797203064,37.3409080505,486.0657348633,68.8544006348,221.7067718506,313.8296508789,831.1042480469]},"mean_error":{"0":0.1596830785},"step_mean_error":{"0":[0.0683631077,0.0664942935,0.0749076605,0.0989338532,0.159990266,0.1902621686,0.2008711547,0.2062256485,0.2088727057,0.2118147612,0.2092300653,0.2103443146,0.2227431685,0.2145213783,0.208224684,0.2215451002,0.225336805,0.222736299,0.2174184024,0.2206010222,0.2286581993,0.2099572122,0.206915915,0.200968653,0.1970322877,0.1905415356,0.1726446599,0.1620109677,0.1419817209,0.1322797239,0.1132671684,0.0995702893,0.0897538066,0.0784765333,0.071309343,0.0600256175,0.0553457551,0.0509914868,0.0518074147,0.0484993681,0.0513120294,0.0498179272,0.0495308749,0.0505380966,0.0521641448,0.0614587292,0.0651902854,0.050115712,0.085256733,0.0378776826,0.0453902557,0.084244214,0.3826716542,0.1925904751,0.2272102237,0.2862350941,0.2342409939]},"mean_q_deviation":{"0":10.0750331879},"step_mean_q_deviation":{"0":[0.6863706112,0.6636527181,0.7360785007,0.9607009888,1.5396413803,1.8696225882,2.0750062466,2.1869649887,2.2925448418,2.3975007534,2.4668905735,2.5767986774,2.8333406448,2.8666388988,2.9146366119,3.2673060894,3.5238564014,3.6910347939,3.8738117218,4.2253265381,4.7244343758,4.7500619888,5.1658520699,5.5730714798,6.0664558411,6.6101522446,6.9503159523,7.4716129303,7.8961806297,9.314078331,10.5129995346,14.0906839371,15.6638908386,20.6398162842,33.3201980591,28.7515583038,40.4193649292,52.0458679199,53.1382675171,60.7787361145,110.3565368652,66.1381149292,48.8457336426,64.0904922485,80.1686019897,61.7034263611,45.2747001648,38.1036186218,71.6483383179,161.4665679932,26.016658783,44.3457527161,82.9370651245,40.777381897,68.9157867432,75.8354644775,89.2600631714]},"mean_range_deviation":{"0":1.393173337},"step_mean_range_deviation":{"0":[5.4580717087,5.0029001236,4.8070082664,5.823340416,7.5310153961,9.1005373001,8.5255231857,8.1606369019,7.1679649353,7.0400104523,6.7494921684,6.3566713333,5.1725559235,6.0374064445,5.2310619354,4.9094729424,5.276679039,5.1203584671,4.9347658157,4.42309618,4.1722874641,3.6222808361,3.4836304188,3.2855300903,3.4353349209,3.553658247,3.0804390907,2.6548509598,2.4905166626,2.5121178627,2.4641125202,2.1451733112,2.0540986061,1.7137732506,1.973133564,1.8918844461,1.7972031832,1.579762578,1.8059128523,2.0433323383,2.3534758091,2.6123898029,2.7821111679,3.0757005215,3.9106926918,6.2468934059,7.5244188309,6.9728808403,11.8807029724,7.2331428528,9.7960929871,26.8551673889,82.9370651245,40.777381897,68.9157867432,75.8354415894,89.2600631714]},"epoch":{"0":195},"mask_name":{"0":"ally_shield"},"map_name":{"0":"corridor"}}