{"max_q":{"0":20.5019340515},"min_q":{"0":-0.6104470491},"mean_q":{"0":11.9845905304},"range_q":{"0":21.1123809814},"step_max_q":{"0":[16.0897693634,16.4754543304,17.1022167206,18.5971355438,18.6879062653,18.0814533234,17.8169212341,17.534576416,20.5019340515,16.7841720581,16.5283851624,16.0077705383,14.8031892776,15.8836517334,14.1786031723,14.439166069,12.6950922012,12.6151542664,11.4362258911,10.5881462097,9.9654254913,9.6845874786,9.3101835251,8.9344110489,8.1548156738,7.9227776527,7.9272508621,9.0866394043,7.0395684242,6.8105721474,6.5639004707,6.4046630859,6.2453832626,6.2343330383,6.0207147598,5.7832965851,5.7475686073,5.8036222458,5.938480854,4.9885735512,4.134967804,4.2150678635,4.2613306046,3.6736550331,3.6216135025,3.8112051487,3.4260659218,3.6885404587,3.7308568954,3.7714076042,3.6232252121,3.5338246822,3.510130167,3.4355995655,3.4384098053,3.3647127151,3.3839285374,3.3102757931,3.3419127464,3.2682039738,3.309333086,3.2354142666,3.2837202549,3.2094109058,3.2631378174,3.1883151531,3.2461674213,3.170787096,3.2318251133,3.1559045315,3.2194466591,3.1430354118,3.2085809708,3.1317503452,3.1989238262,3.1217439175,3.1902580261,3.1127963066,3.1824257374,3.1047387123,3.1753053665,3.097442627,3.1688008308,3.0908052921,3.162838459,3.084741354,3.1573548317,3.0791838169,3.1522986889,3.0740768909,3.1476273537,3.0693712234,3.143304348,3.0650279522,3.1392993927,3.0610136986,3.1355848312,3.0572991371,3.1321377754,3.0538578033,3.128937006,3.0506682396,3.1259655952,3.0477106571,3.1232047081,3.0449666977,3.1206400394,3.0424206257,3.118257761,3.0400583744,3.1160459518,3.0378665924,3.1139912605,3.0358316898,3.1120846272,3.0339450836,3.1103146076,3.0321953297,3.1086730957,3.0305726528]},"step_min_q":{"0":[15.873008728,15.2803382874,15.5958805084,14.1761837006,14.002243042,12.0722522736,10.7458381653,8.3074445724,8.3676023483,8.4128704071,6.8339939117,6.4547023773,3.9556660652,2.6954522133,2.8202104568,2.6420679092,1.9225991964,0.4799861312,0.3728791475,0.7795208693,0.5903565288,0.3849244118,-0.1157664061,-0.2341157198,-0.6104470491,-0.2634325325,-0.3086973429,-0.3227347732,-0.0151969381,-0.1371486485,-0.4205799699,-0.3408653438,-0.0778077096,0.0,0.0,0.0,0.0,0.0,0.0,0.0,0.0,0.0,0.0,0.0,0.0,0.0,0.0,0.0,0.0,0.0,0.0,0.0,0.0,0.0,0.0,0.0,0.0,0.0,0.0,0.0,0.0,0.0,0.0,0.0,0.0,0.0,0.0,0.0,0.0,0.0,0.0,0.0,0.0,0.0,0.0,0.0,0.0,0.0,0.0,0.0,0.0,0.0,0.0,0.0,0.0,0.0,0.0,0.0,0.0,0.0,0.0,0.0,0.0,0.0,0.0,0.0,0.0,0.0,0.0,0.0,0.0,0.0,0.0,0.0,0.0,0.0,0.0,0.0,0.0,0.0,0.0,0.0,0.0,0.0,0.0,0.0,0.0,0.0,0.0,0.0]},"step_mean_q":{"0":[16.0895576477,16.3575820923,16.7506637573,17.2893314362,17.6615180969,17.1026992798,16.5743865967,15.9117822647,15.3760757446,14.9179096222,14.2971572876,13.7273139954,13.0404052734,12.4655866623,11.859454155,11.2983570099,10.6593313217,10.0084705353,9.466424942,8.9553155899,8.459236145,7.9448084831,7.4469642639,7.0244989395,6.6574468613,6.3857440948,6.1453185081,5.9647912979,5.6668329239,4.994140625,3.798375845,2.5277278423,2.4448544979,1.9915883541,3.3971917629,5.7832965851,5.7475686073,5.8036222458,5.938480854,4.9885735512,4.134967804,4.2150678635,4.2613306046,3.6736550331,3.6216135025,3.8112051487,3.4260659218,3.6885404587,3.7308568954,3.7714076042,3.6232252121,3.5338246822,3.510130167,3.4355995655,3.4384098053,3.3647127151,3.3839285374,3.3102757931,3.3419127464,3.2682039738,3.309333086,3.2354142666,3.2837202549,3.2094109058,3.2631378174,3.1883151531,3.2461674213,3.170787096,3.2318251133,3.1559045315,3.2194466591,3.1430354118,3.2085809708,3.1317503452,3.1989238262,3.1217439175,3.1902580261,3.1127963066,3.1824257374,3.1047387123,3.1753053665,3.097442627,3.1688008308,3.0908052921,3.162838459,3.084741354,3.1573548317,3.0791838169,3.1522986889,3.0740768909,3.1476273537,3.0693712234,3.143304348,3.0650279522,3.1392993927,3.0610136986,3.1355848312,3.0572991371,3.1321377754,3.0538578033,3.128937006,3.0506682396,3.1259655952,3.0477106571,3.1232047081,3.0449666977,3.1206400394,3.0424206257,3.118257761,3.0400583744,3.1160459518,3.0378665924,3.1139912605,3.0358316898,3.1120846272,3.0339450836,3.1103146076,3.0321953297,3.1086730957,3.0305726528]},"episodes_still_running":{"0":[4096.0,4096.0,4096.0,4096.0,4096.0,4096.0,4096.0,4096.0,4096.0,4096.0,4096.0,4096.0,4096.0,4096.0,4096.0,4096.0,4096.0,4096.0,4096.0,4096.0,4096.0,4096.0,4096.0,4096.0,4084.0,3952.0,3424.0,2384.0,1164.0,428.0,164.0,84.0,60.0,16.0,8.0,4.0,4.0,4.0,4.0,4.0,4.0,4.0,4.0,4.0,4.0,4.0,4.0,4.0,4.0,4.0,4.0,4.0,4.0,4.0,4.0,4.0,4.0,4.0,4.0,4.0,4.0,4.0,4.0,4.0,4.0,4.0,4.0,4.0,4.0,4.0,4.0,4.0,4.0,4.0,4.0,4.0,4.0,4.0,4.0,4.0,4.0,4.0,4.0,4.0,4.0,4.0,4.0,4.0,4.0,4.0,4.0,4.0,4.0,4.0,4.0,4.0,4.0,4.0,4.0,4.0,4.0,4.0,4.0,4.0,4.0,4.0,4.0,4.0,4.0,4.0,4.0,4.0,4.0,4.0,4.0,4.0,4.0,4.0,4.0,4.0]},"step_range_q":{"0":[0.2167606354,1.1951160431,1.5063362122,4.4209518433,4.6856632233,6.0092010498,7.0710830688,9.2271318436,12.1343317032,8.371301651,9.6943912506,9.553068161,10.8475227356,13.1881999969,11.3583927155,11.7970981598,10.7724933624,12.1351680756,11.0633468628,9.8086252213,9.3750686646,9.2996635437,9.4259500504,9.1685266495,8.7652626038,8.1862106323,8.2359485626,9.4093742371,7.0547652245,6.9477210045,6.984480381,6.7455282211,6.3231911659,6.2343330383,6.0207147598,5.7832965851,5.7475686073,5.8036222458,5.938480854,4.9885735512,4.134967804,4.2150678635,4.2613306046,3.6736550331,3.6216135025,3.8112051487,3.4260659218,3.6885404587,3.7308568954,3.7714076042,3.6232252121,3.5338246822,3.510130167,3.4355995655,3.4384098053,3.3647127151,3.3839285374,3.3102757931,3.3419127464,3.2682039738,3.309333086,3.2354142666,3.2837202549,3.2094109058,3.2631378174,3.1883151531,3.2461674213,3.170787096,3.2318251133,3.1559045315,3.2194466591,3.1430354118,3.2085809708,3.1317503452,3.1989238262,3.1217439175,3.1902580261,3.1127963066,3.1824257374,3.1047387123,3.1753053665,3.097442627,3.1688008308,3.0908052921,3.162838459,3.084741354,3.1573548317,3.0791838169,3.1522986889,3.0740768909,3.1476273537,3.0693712234,3.143304348,3.0650279522,3.1392993927,3.0610136986,3.1355848312,3.0572991371,3.1321377754,3.0538578033,3.128937006,3.0506682396,3.1259655952,3.0477106571,3.1232047081,3.0449666977,3.1206400394,3.0424206257,3.118257761,3.0400583744,3.1160459518,3.0378665924,3.1139912605,3.0358316898,3.1120846272,3.0339450836,3.1103146076,3.0321953297,3.1086730957,3.0305726528]},"mean_loss:":{"0":0.2882804573},"rmse":{"0":0.5369175673},"step_rmse":{"0":[0.5794401765,0.6487053633,0.6469745636,0.3085438609,0.3063059151,0.4774594009,0.553583324,0.6152572632,0.6463240981,0.651416719,0.7242139578,0.6279439926,0.6242386103,0.6428132057,0.6581934094,0.6267816424,0.5657478571,0.5224536061,0.4868439734,0.4941966534,0.476742357,0.451823324,0.3703196347,0.3560337424,0.3160721362,0.3521486223,0.3647507429,0.327057004,0.3758991361,0.4509146512,0.6262925267,0.9850558043,0.6633791924,0.817809701,0.8951807618,1.3613734245,1.3478708267,1.5148777962,1.7217869759,0.714641571,0.5704026222,0.2373123169,0.730404377,0.1045613289,0.2818903923,0.3032143116,0.1780350208,0.3437595367,0.5708065033,0.4577097893,0.2978515625,0.2235519886,0.2935693264,0.3583157063,0.3469176292,0.3352360725,0.2898938656,0.3097851276,0.2693934441,0.2776162624,0.271500349,0.3503272533,0.3735380173,0.4463245869,0.3985421658,0.4530050755,0.4203276634,0.4891002178,0.4606595039,0.5859923363,0.5953421593,0.7635726929,0.7299251556,0.8736341,0.8236920834,0.9805860519,0.9320316315,1.122194767,1.0635225773,1.2508392334,1.169867754,1.3339271545,1.1908071041,1.3487297297,1.1993985176,1.3579456806,1.22864151,1.443923831,1.3523570299,1.5511213541,1.3750641346,1.5193976164,1.3513749838,1.524740696,1.3722331524,1.5708673,1.4464046955,1.6563134193,1.5013222694,1.6664111614,1.4934797287,1.6629252434,1.4939451218,1.6826838255,1.5420463085,1.7433097363,1.5943539143,1.7607958317,1.5773136616,1.7462972403,1.5716893673,1.7400135994,1.5852293968,1.7834450006,1.6424601078,1.8205803633,1.6375848055,1.7925440073,1.6126303673,1.7738269567]},"rmse_by_q":{"0":4.4800662994},