{"max_q":{"0":22.9644203186},"min_q":{"0":-1.1530034542},"mean_q":{"0":6.2348709106},"range_q":{"0":24.1174240112},"step_max_q":{"0":[22.2902469635,22.536605835,22.6900749207,22.0063934326,22.2617149353,22.3518333435,22.9470939636,22.8783798218,22.9644203186,22.4758300781,21.8082122803,21.5510406494,21.4853935242,21.1964302063,21.124420166,20.6360473633,20.1615886688,19.4656295776,19.668636322,18.7361679077,18.8625469208,18.8133201599,18.0215320587,17.3450813293,18.0092468262,18.1106529236,17.8953933716,17.858505249,18.2183570862,17.4837207794,17.0579814911,15.5895385742,16.0082073212,15.2696399689,14.6111450195,13.7874526978,13.5329208374,13.0177726746,12.82122612,12.7195148468,12.4113645554,11.9922065735,11.3119897842,11.289150238,11.0068092346,10.9757862091,10.3474235535,10.2097320557,10.2100515366,9.9479179382,9.8485488892,9.2465305328,9.0318622589,8.8179693222,8.768989563,8.3031387329,8.5808525085,8.4652996063,8.44348526,8.8556118011,8.7795619965,9.1231107712,8.3862991333,8.4102678299,7.9955320358,8.5824775696,8.1107063293,7.8114628792,7.7350106239,7.7230114937,7.9220671654,7.8153753281,7.9422655106,7.8616666794,8.2061309814,7.837428093,7.8380308151,7.9490332603,7.2691655159,7.4574046135,7.3971605301,6.5011672974,6.4826812744,6.1552848816,5.9590144157,6.0134773254,5.9721641541,5.798535347,5.8814249039,6.2354979515,5.9554066658,7.0920805931,6.7865958214,6.7430505753,6.5886974335,6.2333898544,6.473130703,6.2019748688,5.8788332939,6.5559401512,6.9823923111,6.3861570358,6.5002813339,6.6627035141,6.7607479095,6.8524580002,7.262804985,6.8927474022,6.6832017899,7.1796703339,6.4896321297,6.8405976295,7.0224304199,6.3664383888,6.0791749954,5.8797192574,5.9167642593,5.438811779,5.532658577,5.5091967583,4.8493952751,4.9078197479,5.1764793396,4.4573836327,4.3299942017,4.6005454063,4.5682201385,4.5468587875,3.2869250774,3.0211696625,2.852943182,2.9782366753,2.8033885956,2.4766170979,2.208293438,2.2903192043,2.172662735,2.1116931438,2.1732802391,2.200906992,2.1071650982,1.9707686901,2.0685098171,1.8397846222,1.7885426283,1.9263930321,1.4895086288,1.417797327,1.4634690285,0.8069388866,0.7483335733,0.8462029696,0.4546014071,0.3158432245,0.2433822155,0.2784503698,0.1511228085,0.0841383934,0.0966855288,0.0531375408,0.0,0.0,0.0,0.0755220652,0.0]},"step_min_q":{"0":[6.9869384766,7.0097956657,6.4808101654,6.3391513824,6.1768217087,6.1244940758,5.2553510666,4.9738082886,5.3559026718,4.9315257072,4.5418300629,4.1054592133,3.4361217022,3.8723611832,3.6868114471,2.7188124657,3.532292366,3.310642004,2.2091875076,2.2079021931,2.6064631939,2.4924755096,2.2724592686,2.1174225807,1.5883479118,1.2215321064,0.8064908981,1.0685865879,0.0,0.0,0.0,0.0,0.0,0.0,0.0,0.0,0.0,-0.3533124924,-0.2470703125,-0.2094826698,-0.2831850052,-0.5032658577,-0.3344445229,-0.3640818596,-0.4134354591,-0.2829368114,-0.293051362,-0.3767371178,-0.3441171646,-0.2465238571,-0.2581644058,-0.377661705,-1.1530034542,-0.4667477608,-0.5616428852,-0.3269245625,-0.3145151138,-0.5260310173,-0.3426151276,-0.4339570999,-0.3841586113,-0.6004419327,-0.5582771301,-1.0899653435,-0.5449109077,-0.4282979965,-0.5270594358,-0.4556622505,-0.2936266661,-0.3736184835,-0.3887434006,-0.3783202171,-0.5051554441,-0.3316414356,-0.3959805965,-0.4538710117,-0.3258299828,-0.4391726255,-0.4331855774,-0.3944772482,-0.4189640284,-0.2718167305,-0.2616121769,-0.4213820696,-0.3689568043,-0.390283227,-0.4883201122,-0.2573668957,-0.5112302303,-0.4518017769,-0.4452387094,-0.4750156403,-0.3590880632,-0.4334095716,-0.3268649578,-0.3204023838,-0.1581349373,-0.1906317472,-0.1643316746,-0.174400568,-0.1867858171,-0.3132753372,-0.3045089245,-0.1904302835,-0.1808414459,-0.2976031303,-0.3614434004,-0.4123734236,-0.3160492182,-0.3941360712,-0.3912258148,-0.486748457,-0.4069908857,-0.4879478216,-0.1749763489,-0.1886419058,-0.1677962542,-0.2744145393,-0.287117362,-0.2931511402,-0.3013921976,-0.3107523918,-0.3005679846,-0.2607246637,-0.289934516,-0.3022810221,-0.3918200731,-0.3871021271,-0.3329960108,-0.4797228575,-0.3230102062,-0.027818799,-0.0034646988,0.0,0.0,0.0,-0.0072354078,-0.0032113791,0.0,0.0,-0.1220847368,-0.0265475512,-0.049602747,-0.174159646,-0.1407299042,-0.2023322582,-0.058652401,-0.0571694374,-0.1678761244,0.0,0.0,0.0,0.0,0.0,0.0,0.0,0.0,0.0,0.0,0.0,-0.0928163528,-0.0444539785,-0.056581974,0.0,-0.0744428635]},"step_mean_q":{"0":[11.646396637,11.7559700012,11.6716947556,11.8119544983,11.8702945709,11.8955478668,11.8953924179,11.9041690826,11.8733434677,11.8009624481,11.6420755386,11.4734363556,11.3010845184,11.0890016556,10.8341836929,10.6027240753,10.3643493652,10.0969562531,9.817522049,9.5572547913,9.2656955719,8.960521698,8.6682891846,8.3685016632,8.0588436127,7.7495007515,7.4494533539,7.16979599,6.8790473938,6.5827598572,6.3144631386,6.0572557449,5.7863984108,5.5347528458,5.2980766296,5.0656547546,4.8319206238,4.6175436974,4.4090819359,4.2016015053,4.0063862801,3.827586174,3.6385147572,3.4680538177,3.3141841888,3.1714837551,3.0356442928,2.9076783657,2.7957136631,2.6965625286,2.5963668823,2.5059576035,2.4286565781,2.3595085144,2.3008773327,2.2529671192,2.2074363232,2.1751520634,2.1299564838,2.0987210274,2.0759134293,2.0440542698,2.0259728432,2.0106358528,1.9854794741,1.9816480875,1.966504097,1.9573448896,1.9430201054,1.9245252609,1.9117102623,1.8912512064,1.8649604321,1.8498007059,1.8457518816,1.8420319557,1.8252382278,1.8273023367,1.8530755043,1.8361996412,1.8275563717,1.8554924726,1.8679888248,1.8574750423,1.8684971333,1.8607958555,1.8269504309,1.7950179577,1.8432964087,1.8074156046,1.7631962299,1.7527307272,1.7041219473,1.690145731,1.694892168,1.69665277,1.6863999367,1.6129617691,1.5690644979,1.6425195932,1.6324682236,1.6730973721,1.6668409109,1.7167807817,1.6794402599,1.6647988558,1.7236942053,1.7535735369,1.7571771145,1.7778419256,1.6751723289,1.6003403664,1.606523633,1.5057640076,1.5187984705,1.4334135056,1.3370404243,1.3104436398,1.2841821909,1.1793965101,1.249576211,1.2278168201,1.2280974388,1.0463451147,1.0787484646,1.0605151653,1.094045043,1.0479123592,0.7987974882,0.8246871233,0.8921568394,0.864631474,0.8739027381,0.8787937164,0.8347652555,0.8514454365,0.8475189209,0.7535097599,0.7006924748,0.7690362334,0.739205718,0.7644107938,0.6920933127,0.6527824998,0.5304237604,0.5015687346,0.4673937857,0.3739457428,0.3963312507,0.7708221674,0.5837251544,0.6822510362,0.4546014071,0.3158432245,0.2433822155,0.2784503698,0.1511228085,0.0841383934,0.0966855288,0.0531375408,-0.0928163528,-0.0444539785,-0.056581974,0.0755220652,-0.0744428635]},"episodes_still_running":{"0":[4096.0,4096.0,4096.0,4096.0,4096.0,4096.0,4096.0,4096.0,4096.0,4096.0,4096.0,4096.0,4096.0,4096.0,4096.0,4096.0,4096.0,4096.0,4096.0,4096.0,4096.0,4096.0,4096.0,4096.0,4096.0,4096.0,4096.0,4096.0,4095.0,4095.0,4095.0,4095.0,4094.0,4094.0,4093.0,4093.0,4093.0,4090.0,4090.0,4088.0,4086.0,4075.0,4067.0,4057.0,4037.0,4014.0,3985.0,3946.0,3893.0,3840.0,3786.0,3712.0,3628.0,3534.0,3422.0,3291.0,3158.0,3023.0,2900.0,2772.0,2641.0,2511.0,2405.0,2265.0,2123.0,2006.0,1891.0,1771.0,1664.0,1570.0,1468.0,1366.0,1277.0,1194.0,1111.0,1037.0,978.0,917.0,857.0,812.0,763.0,721.0,666.0,625.0,585.0,539.0,513.0,491.0,456.0,430.0,405.0,384.0,360.0,342.0,320.0,290.0,270.0,257.0,241.0,219.0,211.0,196.0,186.0,173.0,158.0,149.0,135.0,125.0,118.0,108.0,103.0,98.0,91.0,84.0,76.0,69.0,65.0,63.0,61.0,58.0,53.0,46.0,42.0,38.0,36.0,35.0,34.0,34.0,27.0,26.0,22.0,20.0,17.0,13.0,12.0,11.0,10.0,9.0,9.0,8.0,7.0,6.0,6.0,6.0,6.0,6.0,5.0,5.0,5.0,2.0,2.0,2.0,1.0,1.0,1.0,1.0,1.0,1.0,1.0,1.0,1.0,1.0,1.0,1.0,1.0]},