{"max_q":{"0":18.0787391663},"min_q":{"0":-1.2220572233},"mean_q":{"0":12.3706550598},"range_q":{"0":19.3007965088},"step_max_q":{"0":[16.3557434082,16.5981426239,16.9364929199,17.4816741943,17.5499095917,18.0787391663,17.0057582855,16.7388858795,16.2048454285,15.7005262375,15.0739603043,14.4217576981,13.9336557388,13.3913068771,12.831246376,12.2740039825,11.7803754807,11.2428789139,10.6710605621,10.1656608582,10.0043430328,9.1941633224,9.098985672,8.5856246948,8.3608980179,8.3718004227,7.8797659874,7.9953970909,7.2179632187,7.3028998375,6.788918972,5.2903728485,5.0935192108,4.8705215454,3.0771863461,0.8129290342,0.6880528927,0.0,0.0,0.0,0.0,0.0,0.0,0.0,0.0,0.0,0.0,0.0,0.0,0.0,0.0,0.0,0.0,0.0,0.0,0.0,0.0,0.0,0.0,0.0,0.0,0.0,0.0,0.0,0.0,0.0,0.0,0.0,0.0,0.0,0.0,0.0,0.0,0.0,0.0,0.0,0.0,0.0,0.0,0.0,0.0,0.0,0.0,0.0,0.0,0.0,0.0,0.0,0.0,0.0,0.0,0.0,0.0,0.0,0.0,0.0,0.0,0.0,0.0,0.0,0.0,0.0,0.0,0.0,0.0,0.0,0.0,0.0,0.0,0.0,0.0,0.0,0.0,0.0,0.0,0.0,0.0,0.0,0.0,0.0]},"step_min_q":{"0":[15.9511098862,16.1381340027,16.4609241486,16.6401576996,16.2908840179,15.5967350006,15.1366491318,14.5881032944,13.6289539337,12.7443552017,12.5354347229,11.5819549561,10.7599086761,10.2307567596,9.2422227859,7.6994400024,7.2070937157,6.1469802856,5.3662447929,4.4447078705,3.3761873245,3.44434762,0.0,0.0,-0.1203639209,-0.3919757307,0.0,0.0,0.0,0.0,0.0,0.0,0.0,0.0,-0.090457201,-0.2611408532,-0.3717412651,-0.4720821679,-0.5710691214,-0.6341328621,-0.731415391,-0.756128788,-0.8110522032,-0.8274583817,-0.8744493723,-0.8810073137,-0.9268039465,-0.9246721268,-0.9702743292,-0.9603875875,-1.0059742928,-0.9890209436,-1.0347105265,-1.011308074,-1.057295084,-1.0280812979,-1.0746545792,-1.0402969122,-1.0878010988,-1.0489499569,-1.0977171659,-1.0444996357,-1.1833716631,-1.0625958443,-1.1846160889,-1.0716452599,-1.1870205402,-1.0793853998,-1.1914752722,-1.0853466988,-1.1962604523,-1.0897358656,-1.2006430626,-1.0927958488,-1.2043889761,-1.0947750807,-1.2074816227,-1.0959093571,-1.2099907398,-1.096404314,-1.2120102644,-1.0964273214,-1.2136341333,-1.0961127281,-1.2149451971,-1.0955607891,-1.2160122395,-1.0948470831,-1.2168896198,-1.0940256119,-1.2176203728,-1.0931370258,-1.2182370424,-1.092207551,-1.2187649012,-1.0912579298,-1.2192230225,-1.0903009176,-1.219625473,-1.0893456936,-1.2199833393,-1.0883984566,-1.2203041315,-1.0874626637,-1.2205940485,-1.0865415335,-1.2208582163,-1.0856361389,-1.2211005688,-1.0847473145,-1.2213232517,-1.0838760138,-1.2215285301,-1.0830222368,-1.2217184305,-1.0821849108,-1.221894145,-1.0813655853,-1.2220572233,-1.0805619955]},"step_mean_q":{"0":[16.355348587,16.597694397,16.9360275269,17.3340930939,17.4216556549,17.7743110657,16.6096477509,16.2202682495,15.5328979492,14.963716507,14.3649234772,13.734828949,13.153181076,12.5099849701,11.8851337433,11.2564868927,10.6342563629,9.9838256836,9.424328804,8.8937683105,8.3318481445,7.8026247025,7.3203029633,6.8980140686,6.6103138924,6.3208627701,6.011059761,5.5924429893,5.0868844986,4.520468235,3.8529262543,3.0832505226,2.4741299152,2.1565313339,1.5606478453,0.2758941054,0.1581558138,-0.4720821679,-0.5710691214,-0.6341328621,-0.731415391,-0.756128788,-0.8110522032,-0.8274583817,-0.8744493723,-0.8810073137,-0.9268039465,-0.9246721268,-0.9702743292,-0.9603875875,-1.0059742928,-0.9890209436,-1.0347105265,-1.011308074,-1.057295084,-1.0280812979,-1.0746545792,-1.0402969122,-1.0878010988,-1.0489499569,-1.0977171659,-1.0444996357,-1.1833716631,-1.0625958443,-1.1846160889,-1.0716452599,-1.1870205402,-1.0793853998,-1.1914752722,-1.0853466988,-1.1962604523,-1.0897358656,-1.2006430626,-1.0927958488,-1.2043889761,-1.0947750807,-1.2074816227,-1.0959093571,-1.2099907398,-1.096404314,-1.2120102644,-1.0964273214,-1.2136341333,-1.0961127281,-1.2149451971,-1.0955607891,-1.2160122395,-1.0948470831,-1.2168896198,-1.0940256119,-1.2176203728,-1.0931370258,-1.2182370424,-1.092207551,-1.2187649012,-1.0912579298,-1.2192230225,-1.0903009176,-1.219625473,-1.0893456936,-1.2199833393,-1.0883984566,-1.2203041315,-1.0874626637,-1.2205940485,-1.0865415335,-1.2208582163,-1.0856361389,-1.2211005688,-1.0847473145,-1.2213232517,-1.0838760138,-1.2215285301,-1.0830222368,-1.2217184305,-1.0821849108,-1.221894145,-1.0813655853,-1.2220572233,-1.0805619955]},"episodes_still_running":{"0":[4096.0,4096.0,4096.0,4096.0,4096.0,4096.0,4096.0,4096.0,4096.0,4096.0,4096.0,4096.0,4096.0,4096.0,4096.0,4096.0,4096.0,4096.0,4096.0,4096.0,4096.0,4096.0,4092.0,3948.0,3280.0,2432.0,1432.0,848.0,488.0,288.0,168.0,88.0,56.0,44.0,24.0,8.0,8.0,4.0,4.0,4.0,4.0,4.0,4.0,4.0,4.0,4.0,4.0,4.0,4.0,4.0,4.0,4.0,4.0,4.0,4.0,4.0,4.0,4.0,4.0,4.0,4.0,4.0,4.0,4.0,4.0,4.0,4.0,4.0,4.0,4.0,4.0,4.0,4.0,4.0,4.0,4.0,4.0,4.0,4.0,4.0,4.0,4.0,4.0,4.0,4.0,4.0,4.0,4.0,4.0,4.0,4.0,4.0,4.0,4.0,4.0,4.0,4.0,4.0,4.0,4.0,4.0,4.0,4.0,4.0,4.0,4.0,4.0,4.0,4.0,4.0,4.0,4.0,4.0,4.0,4.0,4.0,4.0,4.0,4.0,4.0]},"step_range_q":{"0":[0.404633522,0.4600086212,0.4755687714,0.8415164948,1.2590255737,2.4820041656,1.8691091537,2.1507825851,2.5758914948,2.9561710358,2.5385255814,2.839802742,3.1737470627,3.1605501175,3.5890235901,4.5745639801,4.573281765,5.0958986282,5.3048157692,5.7209529877,6.6281557083,5.7498159409,9.098985672,8.5856246948,8.481262207,8.7637758255,7.8797659874,7.9953970909,7.2179632187,7.3028998375,6.788918972,5.2903728485,5.0935192108,4.8705215454,3.1676435471,1.0740698576,1.0597941875,0.4720821679,0.5710691214,0.6341328621,0.731415391,0.756128788,0.8110522032,0.8274583817,0.8744493723,0.8810073137,0.9268039465,0.9246721268,0.9702743292,0.9603875875,1.0059742928,0.9890209436,1.0347105265,1.011308074,1.057295084,1.0280812979,1.0746545792,1.0402969122,1.0878010988,1.0489499569,1.0977171659,1.0444996357,1.1833716631,1.0625958443,1.1846160889,1.0716452599,1.1870205402,1.0793853998,1.1914752722,1.0853466988,1.1962604523,1.0897358656,1.2006430626,1.0927958488,1.2043889761,1.0947750807,1.2074816227,1.0959093571,1.2099907398,1.096404314,1.2120102644,1.0964273214,1.2136341333,1.0961127281,1.2149451971,1.0955607891,1.2160122395,1.0948470831,1.2168896198,1.0940256119,1.2176203728,1.0931370258,1.2182370424,1.092207551,1.2187649012,1.0912579298,1.2192230225,1.0903009176,1.219625473,1.0893456936,1.2199833393,1.0883984566,1.2203041315,1.0874626637,1.2205940485,1.0865415335,1.2208582163,1.0856361389,1.2211005688,1.0847473145,1.2213232517,1.0838760138,1.2215285301,1.0830222368,1.2217184305,1.0821849108,1.221894145,1.0813655853,1.2220572233,1.0805619955]},"mean_loss:":{"0":0.449501276},"rmse":{"0":0.6704485416},