{"max_q":{"0":16.7517147064},"min_q":{"0":-0.2800089121},"mean_q":{"0":7.8116750717},"range_q":{"0":17.0317230225},"step_max_q":{"0":[16.7517147064,15.9494476318,15.8155412674,16.056219101,16.0482902527,15.5071640015,15.7464828491,15.4880304337,14.1827707291,14.2448720932,14.2582015991,13.7220573425,13.8386535645,13.8764743805,13.5478858948,13.7304420471,13.4497690201,12.6202850342,12.579410553,12.6796207428,12.3379564285,12.4144830704,12.1976490021,10.7811079025,10.7811470032,10.8244199753,10.0986480713,9.6030130386,9.6357088089,9.1002492905,8.9578275681,8.8740005493,8.3112163544,7.6239671707,7.5274438858,7.3881578445,6.7995347977,6.1865153313,5.7481102943,5.4483804703,5.0748720169,4.9623885155,4.6713666916,4.3362665176,4.0477962494,3.7300648689,3.4366521835,3.6173593998,2.9866552353,3.017786026,2.7291548252,2.840461731,2.8104848862,2.7927985191,2.2944898605,2.2780473232,2.2156963348,2.0112934113,2.1978027821,1.9556375742,1.8277504444,1.78292346,1.7956188917,1.7566616535,1.7695771456,1.7353608608,1.7476189137,1.716725111,1.7285766602,1.6461658478,1.7343765497,1.3145507574,1.1317805052,1.191831708]},"step_min_q":{"0":[16.2708740234,15.1778249741,14.1870937347,14.2773962021,13.1240129471,12.1757955551,12.3941850662,11.6064682007,10.8782634735,10.8907794952,10.3056182861,9.5644922256,9.6177568436,9.7630786896,8.5510139465,8.9470043182,8.8954162598,8.1926355362,8.3113708496,8.3175983429,7.0868692398,7.0727233887,7.2669086456,5.5281982422,5.6395187378,5.6275830269,4.2956390381,4.2417840958,4.2650308609,2.9270403385,2.9616420269,2.7714867592,2.1075561047,1.9242997169,1.9133646488,1.6398928165,1.6461238861,1.416069746,0.0,0.0,0.0,0.0,0.0,0.0,0.0,0.0,-0.1282191873,-0.0547475368,-0.0953931808,-0.2782511711,0.0,0.0,0.0,-0.2800089121,0.0,-0.1676787734,0.0,0.0,-0.0023919791,0.0,0.0,0.0,0.0,0.0,0.0,0.0,0.0,0.0,0.0,0.0,0.0,0.0,0.0,0.0]},"step_mean_q":{"0":[16.5842533112,15.4948654175,14.8134307861,14.9877357483,14.6072349548,13.4214439392,13.570432663,13.3847780228,12.3211097717,12.441327095,12.3677558899,11.4459981918,11.5261945724,11.5019397736,10.6665267944,10.739156723,10.737953186,9.9680738449,10.0260009766,10.0379962921,9.2893209457,9.3272819519,9.3218994141,8.226348877,8.219584465,8.1472930908,6.9643845558,6.9291067123,6.8386278152,5.7834215164,5.7196817398,5.6262998581,4.7425317764,4.6393451691,4.5530414581,3.8330657482,3.6901917458,3.6002314091,3.0638022423,2.9088177681,2.8107011318,2.4325935841,2.3107407093,2.2314879894,2.0161049366,1.9284119606,1.8704820871,1.7425144911,1.6918929815,1.6590337753,1.5859034061,1.5590559244,1.5320395231,1.4991886616,1.4851365089,1.4539167881,1.4542440176,1.411811471,1.4311218262,1.4424728155,1.3980555534,1.3569463491,1.3796421289,1.3097602129,1.3314341307,1.3269091845,1.3753122091,1.3955221176,1.5024471283,1.4453203678,1.5640590191,1.3145507574,1.1317805052,1.191831708]},"episodes_still_running":{"0":[4096.0,4096.0,4096.0,4096.0,4096.0,4096.0,4096.0,4096.0,4096.0,4096.0,4096.0,4096.0,4096.0,4096.0,4096.0,4096.0,4096.0,4096.0,4096.0,4096.0,4096.0,4096.0,4096.0,4096.0,4096.0,4096.0,4096.0,4096.0,4096.0,4096.0,4096.0,4096.0,4096.0,4096.0,4096.0,4096.0,4096.0,4096.0,4092.0,4088.0,4080.0,4056.0,4032.0,4000.0,3736.0,3580.0,3444.0,2940.0,2516.0,2252.0,1728.0,1328.0,1164.0,820.0,636.0,516.0,356.0,228.0,188.0,136.0,96.0,68.0,56.0,44.0,36.0,24.0,20.0,16.0,8.0,8.0,8.0,4.0,4.0,4.0]},"step_range_q":{"0":[0.480840683,0.7716226578,1.6284475327,1.7788228989,2.9242773056,3.3313684464,3.3522977829,3.881562233,3.3045072556,3.354092598,3.952583313,4.1575651169,4.2208967209,4.1133956909,4.9968719482,4.7834377289,4.5543527603,4.427649498,4.2680397034,4.3620223999,5.2510871887,5.3417596817,4.9307403564,5.2529096603,5.1416282654,5.1968369484,5.8030090332,5.3612289429,5.370677948,6.1732091904,5.9961853027,6.1025137901,6.2036600113,5.6996674538,5.6140794754,5.7482652664,5.1534109116,4.7704458237,5.7481102943,5.4483804703,5.0748720169,4.9623885155,4.6713666916,4.3362665176,4.0477962494,3.7300648689,3.5648713112,3.6721069813,3.0820484161,3.2960371971,2.7291548252,2.840461731,2.8104848862,3.072807312,2.2944898605,2.4457261562,2.2156963348,2.0112934113,2.2001948357,1.9556375742,1.8277504444,1.78292346,1.7956188917,1.7566616535,1.7695771456,1.7353608608,1.7476189137,1.716725111,1.7285766602,1.6461658478,1.7343765497,1.3145507574,1.1317805052,1.191831708]},"mean_loss:":{"0":0.034039218},"rmse":{"0":0.1844972074},"step_rmse":{"0":[0.0535179339,0.0697990656,0.0730302259,0.0841704383,0.0919623077,0.0808304846,0.0826531351,0.0981837511,0.1020338535,0.1128593907,0.1247866452,0.1324471086,0.1448401064,0.1477104574,0.1590900123,0.1432908326,0.1407239735,0.1336824,0.1476067156,0.1353922933,0.1664190143,0.1733587086,0.1785280555,0.1851438582,0.1944786906,0.1996796131,0.20008865,0.2005889416,0.2075395435,0.1982097924,0.2188425064,0.2140098363,0.2346581221,0.2398274392,0.2469233721,0.2638699114,0.2359964699,0.2292567939,0.2086258978,0.2086705714,0.1831164211,0.1681515872,0.1741948575,0.1954568177,0.1947263479,0.2093173116,0.2132179737,0.2276369929,0.2279966325,0.2308765799,0.2441213429,0.3025276363,0.3010175526,0.3621015847,0.4030047953,0.4504538178,0.4298806787,0.3580490649,0.3954567909,0.4947540462,0.3767982721,0.2352096736,0.1882600188,0.1683758497,0.3145073354,0.2256833762,0.1824285984,0.1942243129,0.1354201287,0.2435372323,0.1491600275,0.0471123457,0.224017024,0.1753820181]},"rmse_by_q":{"0":2.3618135452},"step_rmse_by_q":{"0":[0.3227033317,0.4504657686,0.4930000901,0.5615954399,0.6295668483,0.6022487879,0.6090677977,0.7335478663,0.8281222582,0.9071330428,1.008967638,1.1571477652,1.2566168308,1.284222126,1.4914884567,1.3342838287,1.3105287552,1.3411055803,1.4722392559,1.3487980366,1.791508913,1.8586198092,1.9151468277,2.2506198883,2.3660404682,2.4508705139,2.8730268478,2.8948745728,3.0348126888,3.4272062778,3.826130867,3.8037405014,4.9479503632,5.1694245338,5.4232621193,6.8840436935,6.3952355385,6.367834568,6.809378624,7.1737246513,6.5149731636,6.9124407768,7.538485527,8.7590351105,9.6585426331,10.854388237,11.3990917206,13.0637083054,13.4758310318,13.9163284302,15.3932037354,19.4045410156,19.6481590271,24.153169632,27.1358757019,30.9820919037,29.5604228973,25.3609695435,27.6326446533,34.2990188599,26.9515953064,17.3337497711,13.6455688477,12.855471611,23.6216964722,17.0081996918,13.2645215988,13.9176797867,9.0133037567,16.8500518799,9.5367259979,3.5839121342,19.7933273315,14.7153348923]},"mean_error":{"0":0.0863145292},"step_mean_error":{"0":[0.0440748483,0.0551020801,0.0562670343,0.0654165894,0.0700292587,0.0625017434,0.0619604588,0.0705838352,0.0731993914,0.0745774508,0.0776361376,0.0822828636,0.0879375935,0.0799231529,0.0779453963,0.076276198,0.0728525445,0.0734550506,0.0787867159,0.0784014091,0.079327479,0.0852968693,0.0858565271,0.0873567164,0.0917417556,0.1018983275,0.0903461352,0.1004567444,0.1065365076,0.0965745673,0.1060468107,0.1129318476,0.1019528806,0.106255196,0.1122234464,0.1022955477,0.1004828364,0.0968683809,0.0799094886,0.0850880221,0.0827515721,0.0752643347,0.0746616051,0.0800307915,0.0779734552,0.0825399384,0.0826850832,0.0901477188,0.0913394764,0.0997596979,0.1087442487,0.1383735538,0.1366247535,0.165689379,0.1966885626,0.2478475571,0.2313027829,0.1966568977,0.253005892,0.2809895873,0.25639081,0.1782039702,0.147559613,0.1473423392,0.2129735798,0.1655250192,0.1559643,0.1582238376,0.1351318359,0.24041152,0.1307650208,0.0471123457,0.224017024,0.1753820181]},"mean_q_deviation":{"0":2.7663238049},