{"max_q":{"0":18.5875682831},"min_q":{"0":-2.011991024},"mean_q":{"0":12.5270137787},"range_q":{"0":20.5995597839},"step_max_q":{"0":[16.6712169647,16.6284427643,16.7884559631,17.0998840332,17.5317306519,17.9194049835,18.5875682831,17.8228569031,17.520236969,16.5730457306,16.0816631317,15.8229122162,15.2528524399,14.5548038483,14.061917305,13.7239151001,13.6541900635,12.6030349731,12.8604230881,11.2400474548,10.7711906433,10.1377325058,9.8864269257,9.4993457794,8.5981521606,8.3608217239,7.7094416618,7.6183238029,8.3561601639,7.5554938316,7.4346923828,7.5432472229,6.9325695038,6.5233035088,5.6911454201,2.791809082,1.7374304533,1.4891736507,1.8096944094]},"step_min_q":{"0":[13.6800231934,14.6397790909,15.4683237076,14.8483695984,15.3742990494,14.8956193924,14.448387146,12.992647171,11.9652805328,12.1516056061,11.5453853607,10.3797950745,5.9236741066,5.5749921799,3.7162363529,3.9961071014,4.3655838966,3.9640159607,2.4968898296,0.7256939411,0.4384453297,-0.0939719677,-0.3529574871,-0.3015449047,-0.1198382378,-0.8699742556,-1.6816055775,-0.6764114499,-1.8550007343,-2.011991024,-1.676882267,-0.8905484676,-0.3280650675,0.0,0.0,0.0,0.0,0.0,0.0]},"step_mean_q":{"0":[16.2807312012,16.3229045868,16.5169525146,16.8202476501,17.0171966553,17.3294677734,17.7407016754,16.512430191,16.2742767334,15.4163017273,14.7882823944,14.4351577759,13.7893590927,13.2707481384,12.6074428558,12.0089225769,11.3318214417,10.7319850922,10.0657501221,9.4387378693,8.8375835419,8.2262210846,7.6856660843,7.1785330772,6.7602615356,6.4266681671,6.0999059677,5.6608071327,5.1800684929,4.3508453369,3.7709779739,3.2190654278,2.4822201729,2.4248628616,2.149002552,1.4539979696,1.7108714581,1.4891736507,1.8096944094]},"episodes_still_running":{"0":[4096.0,4096.0,4096.0,4096.0,4096.0,4096.0,4096.0,4096.0,4096.0,4096.0,4096.0,4096.0,4096.0,4096.0,4096.0,4096.0,4096.0,4096.0,4096.0,4096.0,4096.0,4096.0,4096.0,4084.0,3864.0,3188.0,2148.0,1328.0,828.0,456.0,304.0,196.0,132.0,72.0,48.0,20.0,8.0,4.0,4.0]},"step_range_q":{"0":[2.9911937714,1.9886636734,1.3201322556,2.2515144348,2.1574316025,3.0237855911,4.1391811371,4.8302097321,5.5549564362,4.4214401245,4.536277771,5.4431171417,9.3291778564,8.9798116684,10.3456811905,9.7278079987,9.2886066437,8.6390190125,10.36353302,10.5143537521,10.3327455521,10.2317047119,10.2393846512,9.8008909225,8.7179908752,9.2307958603,9.3910474777,8.2947349548,10.2111606598,9.5674848557,9.111574173,8.433795929,7.2606344223,6.5233035088,5.6911454201,2.791809082,1.7374304533,1.4891736507,1.8096944094]},"mean_loss:":{"0":0.3072983325},"rmse":{"0":0.5543449521},"step_rmse":{"0":[0.0826672614,0.1305439323,0.0919019431,0.1349445581,0.125079602,0.1627318859,0.1705227196,0.2389319092,0.3765600622,0.449798882,0.5581927896,0.5506387353,0.5880994201,0.5618165731,0.6615816355,0.6884915829,0.6888844967,0.6839115024,0.6922982931,0.7131044865,0.6935663223,0.66942662,0.6267524362,0.5791960359,0.5277938843,0.553927958,0.6254754663,0.7958687544,1.1506177187,1.4351153374,1.5405733585,1.5684634447,2.0554845333,2.3057355881,2.2357430458,2.0119745731,1.8086682558,1.0978097916,1.9299806356]},"rmse_by_q":{"0":4.4251961708},"step_rmse_by_q":{"0":[0.5077613592,0.7997592092,0.5564098358,0.8022745252,0.7350188494,0.9390472174,0.9611949325,1.4469821453,2.3138358593,2.9176836014,3.7745614052,3.8145668507,4.264878273,4.2334957123,5.2475481033,5.7331671715,6.0792036057,6.3726468086,6.877761364,7.5550832748,7.8479180336,8.137717247,8.1548233032,8.0684452057,7.807299614,8.6192083359,10.2538537979,14.0592794418,22.2124042511,32.9847488403,40.8534164429,48.7241859436,82.8083114624,95.0872573853,104.036315918,138.3753356934,105.7161941528,73.7193908691,106.6467666626]},"mean_error":{"0":0.2661348879},"step_mean_error":{"0":[0.055182755,0.0870390534,0.0650426671,0.0827336088,0.0764668807,0.090385057,0.0933493152,0.1642532051,0.247701928,0.2605110407,0.3049544692,0.3304199576,0.3370407224,0.3454852104,0.3806234002,0.3841473758,0.3726990223,0.3661713004,0.3584533036,0.3546470404,0.3511853814,0.3285741806,0.2908954918,0.2620854974,0.2357433587,0.2592070401,0.3233077526,0.4114940464,0.6341822743,0.920037508,1.1101337671,1.1971406937,1.6394385099,1.7995910645,1.6854017973,1.5943580866,1.7888667583,1.0978097916,1.9299806356]},"mean_q_deviation":{"0":10.25669384},"step_mean_q_deviation":{"0":[0.3430545926,0.5381239653,0.395739913,0.497838676,0.4548289776,0.5351447463,0.5358461142,1.0037958622,1.5448436737,1.7504543066,2.1920487881,2.4430918694,2.7012205124,2.7848422527,3.3674678802,3.6027078629,3.6854009628,3.8995056152,4.3286333084,4.8448243141,5.2122955322,5.7895302773,5.6937241554,6.0630822182,5.8549394608,8.2699584961,20.0024738312,42.4143600464,148.809463501,423.3354492188,182.0627288818,724.5682983398,1053.5043945312,658.0573730469,279.8649597168,417.2720031738,495.8347167969,42.4359016418,51.6082458496]},"mean_range_deviation":{"0":1.164306283},"step_mean_range_deviation":{"0":[2.1901967525,5.2115797997,3.8793115616,2.935382843,2.8826880455,1.8168337345,1.5739771128,2.6660273075,3.1999104023,2.5263614655,2.0333590508,3.6020505428,3.1495344639,4.1159706116,4.1108913422,4.3998627663,4.2009682655,3.8500409126,3.6716811657,3.9708559513,3.8355927467,3.552369833,3.2986860275,2.9015510082,2.6984550953,3.0791909695,4.0255050659,5.564186573,8.6517696381,12.2599449158,15.2602300644,17.1401195526,23.8236942291,27.5116825104,26.0791397095,39.268032074,47.1598434448,42.4359016418,51.6082458496]},"epoch":{"0":240},"mask_name":{"0":"ally_health_and_shield"},"map_name":{"0":"8m_vs_9m"}}