{"max_q":{"0":23.9649772644},"min_q":{"0":-1.066221714},"mean_q":{"0":4.3424339294},"range_q":{"0":25.0311985016},"step_max_q":{"0":[16.6078071594,18.4296207428,19.2886619568,18.113702774,17.7729644775,18.3165550232,17.6309833527,19.5163135529,18.5741920471,20.7657146454,19.0546875,20.146030426,18.8283748627,23.9649772644,22.081489563,19.5223121643,18.7370929718,16.5430603027,16.2500686646,17.649061203,16.4250621796,17.5009040833,14.8775091171,16.4889450073,15.2462768555,14.7732028961,13.6909608841,12.2475967407,12.6525974274,10.919128418,11.0147476196,10.9228210449,10.7575426102,10.3171901703,11.0600070953,10.6864376068,10.4167346954,9.0724725723,9.2031230927,9.5397577286,8.886423111,8.7663011551,7.7410888672,7.4735884666,7.5444097519,8.2049846649,8.5116138458,8.5662355423,7.3668737411,7.373087883,7.4555726051,7.4834756851,8.0734910965,8.0541791916,7.8137311935,7.469792366,7.756708622,7.6529297829,7.9407014847,7.9372615814,8.0877447128,8.4278659821,8.7067127228,7.8319034576,8.3610429764,8.2804384232,7.7532858849,8.3498592377,8.6159858704,4.8765697479,5.0092697144,5.4911499023,5.4848566055,4.8303604126,4.8049559593,4.8140001297,5.4143357277,5.8598875999,5.6935148239,6.0221815109,4.5660238266,4.3075208664,4.0369849205,4.623462677,4.4175691605,4.178855896,4.0642290115,4.6369810104,4.7750697136,4.2571187019,4.0831604004,4.4104628563,4.4021306038,4.22514534,4.0561351776,4.5603022575,4.7855505943,4.9384756088,5.1466636658,4.785551548,4.6665077209,4.3911123276,4.4684019089,5.1512446404,4.3546390533,5.00431633,3.7663099766,4.2727565765,2.0458505154,1.9178199768,2.1428031921,2.4628915787,2.1746068001,2.6117839813,2.1723940372,2.5680418015,2.2657215595,2.6356577873,2.3412241936,2.6915798187,2.380859375,2.5430777073,2.4817218781,2.1893544197,2.0200428963,2.1775224209,2.2375719547,0.7575383186]},"step_min_q":{"0":[2.098344326,0.0,-0.9251475334,-0.1782275438,-0.6428740025,-1.066221714,-0.487501502,-0.3803920746,-0.328127861,-0.3162563443,-0.3175205588,-0.1833641529,-0.6671213508,-0.5689734817,-0.6841179132,-0.3655014038,-0.4580004215,-0.2122678757,-0.3984131813,-0.2469647527,-0.4901943207,-0.3904459476,-0.3545017242,-0.423517406,-0.3125071526,-0.6745438576,-0.6688437462,-0.5555107594,-0.4201983213,-0.4263758659,-0.3621685505,-0.5484378338,-0.4178084135,-0.4070638418,-0.4518733025,-0.4883708954,-0.6748268604,-0.4134633541,-0.3689031601,-0.4796767235,-0.3874505758,-0.8148901463,-0.5240876675,-0.3848170042,-0.4057897329,-0.3245102167,-0.5605347157,-0.436943531,-0.3109412193,-0.3490350246,-0.2986140847,-0.428720355,-0.3073703051,-0.3446906805,-0.4435133934,-0.4379093647,-0.3691251278,-0.3767721653,-0.4174140692,-0.2952102423,-0.2955620885,-0.345790267,-0.4951431751,-0.3601188064,-0.3860740066,-0.3445568085,-0.2849406004,-0.2277547717,-0.221940577,-0.3305496573,-0.3381041288,-0.2277314067,-0.1878798604,-0.1856299639,-0.1704168916,-0.1726542711,-0.1774411201,-0.2360958457,-0.2497038245,-0.2265402079,-0.1859056354,-0.3055231571,-0.2739999294,-0.1065401435,-0.0762962103,-0.0640153289,-0.0597812533,-0.0632181168,-0.1525404453,-0.1282721758,-0.5828653574,-0.3695046902,0.0,0.0,0.0,-0.0299550295,-0.1415348649,-0.0400500298,-0.2669339776,-0.2159912586,0.0,0.0,0.0,0.0,-0.0666522384,-0.1115449071,-0.0035897493,0.0,-0.0171042681,-0.0665569305,-0.0793627501,0.0,0.0,0.0,0.0,0.0,0.0,0.0,0.0,0.0,0.0,0.0,0.0,0.0,0.0,0.0,0.0,0.0]},"step_mean_q":{"0":[9.1834039688,9.3385801315,9.172750473,9.0780544281,9.0136947632,8.8974685669,8.8073425293,8.644859314,8.4726428986,8.2871465683,8.0165081024,7.7331476212,7.3597784042,6.923304081,6.4542551041,5.9576020241,5.4876852036,5.0464968681,4.6161708832,4.1877398491,3.8084549904,3.4674806595,3.1620872021,2.9108426571,2.6587369442,2.460047245,2.2665367126,2.1010496616,1.9666104317,1.8293083906,1.7176759243,1.6151567698,1.5465686321,1.4632344246,1.4063022137,1.3520212173,1.2884542942,1.2286167145,1.1954032183,1.1522753239,1.1241141558,1.1032595634,1.0807123184,1.0535746813,1.024253726,0.9947900772,0.979159534,0.9817546606,0.9546843171,0.9572578669,0.9658846259,0.9440242052,0.9434320331,0.9349731803,0.9361254573,0.929285109,0.9185119867,0.9181163907,0.9243873358,0.9362865686,0.9080670476,0.8946608305,0.9087308049,0.9126681685,0.9027412534,0.850305438,0.8537147045,0.839766264,0.8546468616,0.8186023831,0.8502031565,0.8490952849,0.8280787468,0.8531171679,0.8598998785,0.8804615736,0.8527415991,0.855928719,0.8701483011,0.8767399788,0.818723917,0.8160549402,0.8103324771,0.8181245327,0.8262185454,0.8909772635,0.8829265237,0.9289305806,0.947599113,0.9534098506,1.0180399418,0.9754027724,1.0834299326,1.0279806852,1.0502873659,1.0282994509,1.0181765556,1.1143181324,1.0913131237,1.1442189217,1.2210227251,1.1977310181,1.233959198,1.2195879221,1.1359605789,1.2000538111,1.2050048113,1.2751492262,1.0228065252,1.1431670189,1.2083647251,1.1549993753,1.0823611021,1.1345127821,1.1865957975,1.3127520084,1.5027045012,1.9712244272,1.9453364611,1.9359873533,1.8152033091,1.940820694,1.7179988623,1.5812578201,1.4690988064,1.5305345058,1.5570480824,0.7575383186]},"episodes_still_running":{"0":[4096.0,4095.0,4095.0,4093.0,4090.0,4085.0,4081.0,4079.0,4077.0,4075.0,4074.0,4067.0,4056.0,4043.0,4034.0,4015.0,3995.0,3965.0,3935.0,3911.0,3874.0,3836.0,3793.0,3750.0,3704.0,3637.0,3569.0,3516.0,3447.0,3379.0,3311.0,3221.0,3133.0,3036.0,2927.0,2817.0,2705.0,2605.0,2469.0,2369.0,2245.0,2147.0,2044.0,1929.0,1819.0,1713.0,1589.0,1487.0,1393.0,1296.0,1201.0,1134.0,1055.0,982.0,911.0,844.0,786.0,728.0,679.0,639.0,592.0,553.0,514.0,478.0,449.0,401.0,373.0,351.0,332.0,302.0,283.0,265.0,241.0,224.0,211.0,194.0,178.0,168.0,152.0,139.0,130.0,122.0,112.0,97.0,92.0,81.0,75.0,72.0,69.0,60.0,54.0,49.0,43.0,36.0,34.0,31.0,30.0,27.0,26.0,22.0,20.0,19.0,17.0,17.0,16.0,14.0,12.0,12.0,10.0,8.0,8.0,6.0,6.0,6.0,5.0,5.0,4.0,3.0,3.0,3.0,3.0,3.0,2.0,2.0,2.0,2.0,2.0,1.0]},"step_range_q":{"0":[14.5094623566,18.4296207428,20.213809967,18.2919311523,18.4158382416,19.3827762604,18.1184844971,19.8967056274,18.9023208618,21.0819702148,19.3722076416,20.3293952942,19.4954967499,24.5339508057,22.7656078339,19.8878135681,19.1950931549,16.7553291321,16.648481369,17.8960266113,16.9152565002,17.8913497925,15.2320108414,16.9124622345,15.5587844849,15.4477462769,14.3598041534,12.8031072617,13.0727958679,11.3455047607,11.3769159317,11.4712591171,11.1753511429,10.7242536545,11.5118808746,11.1748085022,11.0915613174,9.4859361649,9.5720262527,10.0194339752,9.2738733292,9.5811910629,8.2651767731,7.8584055901,7.950199604,8.5294952393,9.0721483231,9.0031795502,7.6778149605,7.7221231461,7.7541866302,7.9121961594,8.3808612823,8.3988695145,8.2572441101,7.9077014923,8.1258335114,8.0297021866,8.3581151962,8.2324714661,8.3833065033,8.7736558914,9.2018556595,8.1920223236,8.7471170425,8.6249952316,8.0382261276,8.5776138306,8.8379268646,5.2071194649,5.3473739624,5.7188811302,5.6727366447,5.0159902573,4.9753727913,4.9866542816,5.5917768478,6.0959835052,5.943218708,6.2487215996,4.7519292831,4.6130437851,4.3109846115,4.7300028801,4.49386549,4.2428712845,4.1240100861,4.7001991272,4.9276103973,4.3853907585,4.6660256386,4.779967308,4.4021306038,4.22514534,4.0561351776,4.5902571678,4.9270853996,4.9785256386,5.4135975838,5.001543045,4.6665077209,4.3911123276,4.4684019089,5.1512446404,4.4212913513,5.1158614159,3.7698998451,4.2727565765,2.0629549026,1.9843769073,2.2221660614,2.4628915787,2.1746068001,2.6117839813,2.1723940372,2.5680418015,2.2657215595,2.6356577873,2.3412241936,2.6915798187,2.380859375,2.5430777073,2.4817218781,2.1893544197,2.0200428963,2.1775224209,2.2375719547,0.7575383186]},"mean_loss:":{"0":0.413778007},"rmse":{"0":0.6432557702},