{"max_q":{"0":27.0278892517},"min_q":{"0":-2.4017322063},"mean_q":{"0":8.4858503342},"range_q":{"0":29.4296207428},"step_max_q":{"0":[25.1649856567,25.8972816467,25.7264785767,25.5543556213,25.9599704742,26.7672119141,27.0278892517,26.5357913971,26.4832668304,25.7032833099,26.7340908051,25.2647171021,25.2083492279,23.8598022461,25.198846817,22.8160743713,23.6675720215,23.2531394958,22.7979793549,22.6072120667,21.5236339569,20.7392425537,20.8888683319,19.3756828308,19.388671875,20.3487167358,19.1634082794,18.0988998413,19.0844421387,16.8643245697,16.0743541718,15.9787998199,15.0399894714,14.4689950943,14.4364528656,13.3415565491,13.2677278519,12.9947938919,12.6977090836,12.0735664368,11.9496526718,11.6990013123,11.3739624023,11.0709476471,10.9501609802,11.6149749756,11.2866334915,10.6222991943,10.1361646652,9.6348609924,9.3789415359,9.7341432571,9.3152160645,9.3393964767,9.7459449768,8.7441234589,9.6190166473,9.7440013885,9.5360517502,9.7465209961,9.1711273193,9.2451000214,9.4559116364,9.0227661133,9.1737222672,9.0367307663,8.7320613861,8.8259925842,8.3356847763,8.1920156479,8.2438097,7.7446136475,7.6239690781,7.4866876602,7.4569787979,7.2924227715,7.3325514793,7.4435424805,7.4767775536,8.0280694962,7.370865345,6.4822750092,7.0561237335,6.5570077896,6.4409775734,6.3182153702,6.5542721748,5.9681067467,6.1627292633,6.0663709641,5.2653121948,5.6937813759,6.4877386093,6.236992836,5.9721813202,5.808880806,6.248588562,6.7802343369,7.0559678078,5.7571210861,5.7266077995,5.5532951355,5.2329444885,5.1769003868,5.2556095123,5.4398193359,5.5782103539,5.6012454033,5.7565755844,4.4307317734,4.8771209717,4.9718618393,4.6663570404,4.7163834572,4.6145858765,4.6212768555,4.6804943085,4.7510104179,4.3870768547,4.1000695229,4.2915592194,4.7051305771,2.327517271,2.6980407238,2.7020716667,2.5509428978,2.5010828972,2.6661932468,2.783844471,1.9088010788,2.1645276546,2.3528740406,2.4411554337,2.0386042595,1.6812282801,2.3098659515,1.7392231226,1.707526803,1.7252126932,1.7341979742,1.3481912613,1.3745087385,1.3914836645,1.4058605433,1.0946462154,1.0915657282,1.1339508295,1.1117258072]},"step_min_q":{"0":[11.3186883926,11.2141284943,10.7255115509,10.5686445236,10.756155014,10.1161231995,8.3542137146,8.5783510208,8.7049894333,8.1492700577,7.3727340698,7.0105905533,5.7171497345,5.2670860291,5.6752076149,5.1132612228,4.9710688591,3.9690861702,3.8648543358,3.4948439598,2.7043213844,1.297712326,1.0562883615,1.4891272783,0.7844926715,0.4398384392,0.2315754592,0.0604798496,0.1699652076,0.0395472646,-0.6989210844,-1.0427569151,-0.8811571002,-0.9857049584,-1.292896986,-1.3038717508,-1.8467271328,-1.6028256416,-1.3827855587,-1.8053534031,-1.2566125393,-1.6839143038,-2.4017322063,-1.2851830721,-1.5528159142,-1.8286219835,-1.7364486456,-1.3643504381,-1.2426564693,-1.1139684916,-1.2773293257,-1.6250345707,-1.1950179338,-1.4204699993,-1.4182960987,-1.3329544067,-1.3190048933,-1.2749317884,-1.2288581133,-1.0789825916,-0.9876183867,-0.9388635159,-1.1463866234,-0.8860558867,-1.1340186596,-1.2960708141,-1.2536007166,-0.928166151,-1.0780607462,-1.0030485392,-0.4674807489,-0.5154083967,-0.4410170913,-0.355207324,-0.4376384318,-0.392365396,-0.3215735555,-0.3599942327,-0.3805794716,-0.5083064437,-0.4109742045,-0.2787024975,-0.4145250618,-0.3121078908,-0.2702226639,-0.3653207421,-0.2731708884,-0.1484668106,-0.0969637483,-0.1170488074,-0.1379789114,0.0,0.0,0.0,-0.2870399356,-0.1214231774,-0.0978899747,-0.1054313928,-0.2163425535,-0.3475528061,-0.2325453609,-0.4828795493,-0.7874881625,-0.6788638234,-0.6753528118,0.0,0.0,0.0,0.0,-0.098989889,-0.0558202378,-0.0427592061,-0.0068458281,0.0,-0.3289306164,-0.3962581754,-0.375469923,-0.6087956429,-0.5844528079,-0.5600589514,0.0,0.0,-0.2186931968,-0.0721340701,-0.1332289577,0.0,0.0,0.0,0.0,0.0,0.0,0.0,0.0,-0.2600853741,-0.2548941672,-0.2611320317,0.0,0.0,0.0,0.0,0.0,0.0,0.0,0.0,0.0,0.0,0.0,0.0]},"step_mean_q":{"0":[14.5139055252,14.7256355286,14.5952777863,14.6495943069,14.6941127777,14.6161384583,14.4862804413,14.4031333923,14.2491493225,14.0621967316,13.8230838776,13.6129674911,13.4179506302,13.1425065994,12.8502550125,12.6211605072,12.3680610657,12.037856102,11.7475357056,11.4704418182,11.164888382,10.8335514069,10.5301084518,10.2388057709,9.9423151016,9.6231079102,9.3478155136,9.085650444,8.8097982407,8.5252275467,8.2873754501,8.0477666855,7.7990083694,7.5318722725,7.3108692169,7.0942363739,6.8577156067,6.6418743134,6.4342303276,6.2333292961,6.0255608559,5.8356957436,5.6596660614,5.4916033745,5.3254480362,5.175101757,5.037402153,4.9074363708,4.7626991272,4.6285881996,4.4960827827,4.3694915771,4.2585124969,4.1403579712,4.0538268089,3.9587991238,3.8500852585,3.7577078342,3.6611554623,3.5637125969,3.4917883873,3.4166874886,3.3320059776,3.2624077797,3.1754348278,3.105745554,3.0571575165,2.9900996685,2.9261939526,2.8702230453,2.7754230499,2.7412033081,2.6679544449,2.6367647648,2.57376647,2.567232132,2.4979307652,2.4612290859,2.4225828648,2.3814721107,2.3334245682,2.2967636585,2.259749651,2.2156002522,2.2131686211,2.1689238548,2.2327394485,2.2561776638,2.2030353546,2.195306778,2.0878136158,2.0772502422,2.0999314785,1.9723912477,2.0055541992,1.9813748598,1.9250189066,1.9223695993,1.8844480515,1.7326672077,1.8409702778,1.8714431524,1.8286676407,1.8364958763,1.7412798405,1.7763040066,1.7007249594,1.6666872501,1.5877633095,1.4899908304,1.4191070795,1.3712202311,1.4071749449,1.3747438192,1.3799234629,1.4190125465,1.4057182074,1.4113138914,1.5487318039,1.4915070534,1.691862464,1.7760710716,1.2278314829,1.3932293653,1.3532072306,1.6278978586,1.4893351793,1.5038394928,1.4294337034,1.1420724392,1.025621891,1.0113698244,1.1473693848,0.8605005145,0.5405778289,0.7963609695,1.7392231226,1.707526803,1.7252126932,1.7341979742,1.3481912613,1.3745087385,1.3914836645,1.4058605433,1.0946462154,1.0915657282,1.1339508295,1.1117258072]},"episodes_still_running":{"0":[4096.0,4096.0,4096.0,4096.0,4096.0,4096.0,4096.0,4096.0,4096.0,4096.0,4096.0,4096.0,4096.0,4096.0,4096.0,4096.0,4096.0,4096.0,4096.0,4096.0,4096.0,4096.0,4096.0,4096.0,4096.0,4096.0,4096.0,4096.0,4096.0,4096.0,4095.0,4094.0,4093.0,4092.0,4091.0,4089.0,4084.0,4084.0,4079.0,4076.0,4070.0,4057.0,4047.0,4030.0,4004.0,3979.0,3936.0,3898.0,3841.0,3782.0,3715.0,3617.0,3522.0,3421.0,3318.0,3196.0,3057.0,2886.0,2718.0,2565.0,2405.0,2255.0,2076.0,1921.0,1762.0,1619.0,1482.0,1331.0,1212.0,1100.0,997.0,895.0,820.0,723.0,657.0,577.0,529.0,478.0,419.0,374.0,332.0,295.0,268.0,251.0,224.0,203.0,177.0,163.0,147.0,138.0,124.0,111.0,106.0,98.0,89.0,84.0,76.0,72.0,68.0,63.0,57.0,51.0,47.0,44.0,41.0,40.0,37.0,35.0,34.0,33.0,29.0,28.0,25.0,25.0,23.0,22.0,20.0,19.0,17.0,15.0,12.0,11.0,10.0,10.0,10.0,6.0,6.0,6.0,6.0,6.0,6.0,6.0,5.0,5.0,3.0,3.0,1.0,1.0,1.0,1.0,1.0,1.0,1.0,1.0,1.0,1.0,1.0,1.0]},