{"max_q":{"0":19.8385353088},"min_q":{"0":-0.9179906845},"mean_q":{"0":6.6820306778},"range_q":{"0":20.756526947},"step_max_q":{"0":[10.3599386215,10.7122478485,10.7456579208,11.1962242126,11.207072258,11.7360429764,12.0256357193,11.9649076462,14.0432090759,15.8734388351,16.419418335,16.7580299377,16.5017433167,15.7999753952,16.426404953,19.8385353088,14.5084629059,18.4993839264,14.9703102112,15.765958786,13.5958404541,13.3912668228,13.5872097015,17.0168075562,12.2647361755,13.8531913757,14.247467041,13.7912397385,11.4672546387,12.6070384979,7.8746113777,4.1803846359,2.3824942112,2.92933321]},"step_min_q":{"0":[7.4565854073,7.8583936691,7.9367904663,8.0849647522,7.0865488052,6.6679081917,7.3027172089,6.2755160332,5.3816719055,5.1209321022,3.7159602642,2.820278883,3.0451290607,2.5834677219,1.5989034176,0.7634189129,0.2720451057,0.4015241861,0.0543138087,-0.2493313551,-0.3179843426,-0.2553238273,-0.4129863381,-0.6037852764,-0.3005163074,-0.8091934919,-0.6223292351,-0.9179906845,-0.7059733272,-0.6898038983,-0.4925326407,-0.8019354939,0.0,0.0]},"step_mean_q":{"0":[9.0680179596,9.3603572845,9.4720726013,9.7602519989,9.8683872223,10.1847238541,10.3468914032,9.4225263596,9.2047243118,8.6496715546,8.0613365173,7.8457531929,7.2631664276,7.0222024918,6.3199567795,6.0631480217,5.2475910187,4.8702878952,4.2334260941,3.8054769039,3.5449385643,3.2468895912,3.1366751194,2.927113533,3.0314650536,3.3427255154,3.6300981045,3.6236777306,2.7748253345,2.3806767464,1.8930530548,1.4193793535,1.625336051,1.74152565]},"episodes_still_running":{"0":[4096.0,4096.0,4096.0,4096.0,4096.0,4096.0,4096.0,4096.0,4096.0,4096.0,4096.0,4096.0,4096.0,4096.0,4096.0,4096.0,4096.0,4096.0,4096.0,4092.0,4048.0,3944.0,3804.0,3524.0,3236.0,2604.0,2100.0,1544.0,956.0,500.0,208.0,52.0,16.0,8.0]},"step_range_q":{"0":[2.9033532143,2.8538541794,2.8088674545,3.1112594604,4.1205234528,5.0681347847,4.7229185104,5.689391613,8.6615371704,10.7525062561,12.7034578323,13.9377508163,13.4566144943,13.2165079117,14.827501297,19.0751171112,14.2364177704,18.0978603363,14.9159965515,16.0152893066,13.9138250351,13.6465902328,14.0001964569,17.6205921173,12.5652523041,14.6623849869,14.8697967529,14.709230423,12.1732282639,13.2968425751,8.367143631,4.9823203087,2.3824942112,2.92933321]},"mean_loss:":{"0":1.3444852829},"rmse":{"0":1.159519434},"step_rmse":{"0":[0.3177708089,0.3634667099,0.3547317386,0.3966423571,0.1677917242,0.1451895535,0.1424848884,0.4940496087,0.6785785556,0.7839432359,1.0968545675,1.3087700605,1.6969569921,1.813524127,1.7511403561,1.757525444,1.672539115,1.5265213251,1.4072877169,1.3484669924,1.2106245756,1.2381219864,1.1266099215,1.1823660135,1.0760240555,1.1726242304,1.2629001141,1.3500523567,1.3819658756,1.5404378176,1.7493914366,1.7219241858,0.8654732108,0.6038365364]},"rmse_by_q":{"0":17.3528003693},"step_rmse_by_q":{"0":[3.5043027401,3.8830432892,3.7450275421,4.0638537407,1.7002953291,1.4255619049,1.3770791292,5.2432818413,7.3720679283,9.0632715225,13.6063604355,16.6812534332,23.3638725281,25.8255748749,27.7081069946,28.9870109558,31.8725147247,31.3435554504,33.2422866821,35.4349021912,34.1507911682,38.1325569153,35.9173278809,40.3935813904,35.4951820374,35.0798835754,34.7896957397,37.2564125061,49.8037071228,64.7058792114,92.4111099243,121.3152923584,53.2488746643,34.6728477478]},"mean_error":{"0":0.6933669448},"step_mean_error":{"0":[0.2178643048,0.2381198853,0.2632308602,0.2653957009,0.1296505928,0.1083227992,0.1170012802,0.3777519166,0.5022220612,0.5802539587,0.7980790138,0.9386907816,1.1768772602,1.2435935736,1.2332178354,1.2392194271,1.1510721445,1.0604634285,0.9348541498,0.8712710142,0.771246314,0.7683312297,0.6934595108,0.6877799034,0.6430431604,0.7363451719,0.8403327465,0.9253346324,0.9025867581,1.0431888103,1.2136873007,1.3153024912,0.6695174575,0.5999988317]},"mean_q_deviation":{"0":39.0202789307},"step_mean_q_deviation":{"0":[2.5739717484,2.8007068634,3.0058503151,3.010027647,1.3676470518,1.1058062315,1.1676096916,3.8274872303,5.2333621979,6.446062088,9.2389755249,11.1799497604,14.6685237885,16.1811618805,18.5230350494,19.8586654663,20.7218704224,22.3929576874,28.1139221191,42.7005004883,34.6744880676,97.2516098022,63.8523750305,100.3816604614,78.1307525635,153.9360046387,134.5497894287,225.6155700684,422.1095581055,625.7955322266,573.2348022461,544.0790405273,114.2508392334,303.421875]},"mean_range_deviation":{"0":3.3048284054},"step_mean_range_deviation":{"0":[7.0337853432,7.3086843491,8.1098060608,6.9212594032,3.354749918,2.488587141,2.39336133,5.745223999,5.5786752701,4.1231927872,6.3538722992,6.6817736626,6.8605275154,7.6263427734,7.5453081131,7.9949641228,7.6204032898,7.6322755814,6.7644963264,6.4616193771,5.9362659454,5.8573389053,4.9746780396,3.4444141388,5.0715999603,6.1367430687,6.5178542137,7.4007091522,8.0540676117,10.9787750244,12.1217679977,15.075381279,17.2471218109,23.8895320892]},"epoch":{"0":75},"mask_name":{"0":"ally_shield"},"map_name":{"0":"5m_vs_6m"}}