{"max_q":{"0":17.8273124695},"min_q":{"0":-0.4002845287},"mean_q":{"0":9.0445251465},"range_q":{"0":18.227596283},"step_max_q":{"0":[16.1202411652,16.5132293701,17.022026062,17.2618141174,17.2777423859,17.8273124695,17.4801330566,17.3151454926,16.7712936401,16.2003612518,15.4952878952,15.307425499,14.1036319733,13.61028862,12.6341133118,12.0086746216,11.1005058289,10.4146261215,9.8105983734,9.1743144989,8.383020401,8.0698719025,7.2381887436,6.9726891518,6.7295541763,6.7035779953,6.2919635773,6.2656879425,6.0366606712,5.3928728104,5.2777628899,4.8453431129,4.4104604721,4.3475313187,3.752240181,3.5195055008,3.4470968246,3.340562582,3.1929576397,2.9438405037,2.9132630825,2.8245584965,2.2975625992,2.444434166,2.5205259323,2.3276772499,1.5454105139,1.54694736,0.7964386344,0.4130547345,0.3622094393,0.2740864158,0.5128153563,0.4089697897,0.3632965684,0.2726569176,0.5134957433,0.4084147513,0.3633033037,0.2723980546,0.5135570168,0.4083514512,0.3632729053,0.2723526955,0.5135623813,0.4407797158,0.5179895759,0.4359411299,0.5237680674,0.4327575266,0.5257825851,0.4313023984,0.5263756514,0.430675596,0.5265483856,0.4304101765,0.5265990496,0.430298537,0.5266136527,0.4302530587,0.5266170502,0.4302348793,0.5266175866,0.4302274287,0.5266175866,0.4302252233,0.5266174078,0.4302243888,0.5266174078,0.4302239716,0.5266173482,0.4302239716,0.526617229,0.4302239716,0.526617229,0.4302238524,0.526617229,0.4302238524,0.526617229,0.4302238524,0.526617229,0.4302238524,0.526617229,0.4302238524,0.526617229,0.4302238524,0.526617229,0.4302238524,0.526617229,0.4302238524,0.526617229,0.4302238524,0.526617229,0.4302238524,0.526617229,0.4302238524,0.526617229,0.4302238524,0.526617229,0.4302238524,0.526617229,0.4302238524,0.526617229,0.4302238524,0.526617229,0.4302238524,0.526617229,0.4302238524,0.526617229,0.4302238524,0.526617229,0.4302238524,0.526617229,0.4302238524,0.526617229,0.4302238524,0.526617229,0.4302238524,0.526617229,0.4302238524,0.526617229,0.4302238524,0.526617229,0.4302238524,0.526617229,0.4302238524,0.526617229,0.4302238524,0.526617229,0.4302238524,0.526617229,0.4302238524,0.526617229,0.4302238524,0.526617229,0.4302238524,0.526617229,0.4302238524,0.526617229,0.4302238524,0.526617229,0.4302238524,0.526617229,0.4302238524,0.526617229,0.4302238524,0.526617229,0.4302238524,0.526617229,0.4302238524,0.526617229,0.4302238524,0.526617229,0.4302238524,0.526617229,0.4302238524,0.526617229,0.4302238524,0.526617229,0.4302238524]},"step_min_q":{"0":[15.6692562103,13.9384593964,14.1727981567,14.0836553574,13.7158374786,15.0971794128,14.282459259,14.0396623611,13.4610614777,12.1781616211,11.8459186554,10.5257873535,9.5998783112,9.1269283295,8.4464225769,7.6747980118,6.9445972443,6.0631194115,4.8290023804,4.2302594185,3.6543190479,3.3479738235,2.1272735596,1.9643512964,1.359244585,0.9687441587,0.409950316,0.0,0.0,0.0,0.0,-0.0648407936,-0.1610139608,-0.1411553621,-0.1932293475,-0.1672433019,-0.2459741831,-0.3131543696,-0.1664769948,-0.2962264419,-0.2130091339,-0.3782567382,-0.1989681721,-0.174126789,-0.186536178,-0.177951321,-0.1378764659,-0.1784802824,-0.1431792229,-0.1545335203,-0.1412030607,-0.139026925,-0.1368154734,-0.1346336752,-0.1304370612,-0.0816056728,-0.1208752245,-0.0768419877,-0.1424249113,-0.0752595067,-0.1352623999,-0.0889518335,-0.1544319391,-0.0752536654,-0.1496613324,-0.1010803804,-0.1664633155,-0.0752532184,-0.164028123,-0.1132318601,-0.1785158813,-0.075253278,-0.1784166545,-0.125403285,-0.1905905306,-0.075253278,-0.1908003688,-0.1375939548,-0.2026852965,-0.075253278,-0.2028437257,-0.1498045921,-0.214800477,-0.075253278,-0.2149079442,-0.1622500718,-0.2269351482,-0.075253278,-0.2275322527,-0.1751719117,-0.2390943319,-0.075253278,-0.2403251976,-0.1881128252,-0.2512864172,-0.075253278,-0.4002845287,-0.2088469267,-0.3867911696,-0.2450404167,-0.184512347,-0.2508341968,-0.0890768096,-0.3995813131,-0.2095148265,-0.3694054484,-0.3820459843,-0.213966608,-0.2468673885,-0.1835205555,-0.2506829798,-0.1019120812,-0.3994064331,-0.2097511292,-0.3695469499,-0.3820199966,-0.2139844596,-0.2468817234,-0.1835160255,-0.2506779432,-0.0834408849,-0.3994058967,-0.2097550035,-0.3695492744,-0.3820199966,-0.2139851153,-0.2468816936,-0.1835160255,-0.250677824,-0.075253278,-0.3994058967,-0.2097550035,-0.3695492744,-0.3820199966,-0.2139852345,-0.2468816936,-0.1835160255,-0.250677824,-0.0834408849,-0.3994058967,-0.2097550035,-0.3695492744,-0.3820199966,-0.2139852345,-0.2468816936,-0.1835160255,-0.250677824,-0.075253278,-0.3994058967,-0.2097550035,-0.3695492744,-0.3820199966,-0.2139852345,-0.2468816936,-0.1835160255,-0.250677824,-0.0834408849,-0.3994058967,-0.2097550035,-0.3695492744,-0.3820199966,-0.2139852345,-0.2468816936,-0.1835160255,-0.250677824,-0.075253278,-0.3994058967,-0.2097550035,-0.3695492744,-0.3820199966,-0.2139852345,-0.2468816936,-0.1835160255,-0.250677824,-0.0834408849,-0.3994058967,-0.2097550035,-0.3695492744,-0.3820199966,-0.2139852345]},"step_mean_q":{"0":[16.1007347107,16.4286346436,16.650384903,16.8777809143,17.0364074707,17.2203998566,16.754737854,16.3308677673,15.6604757309,14.9148159027,14.2300186157,13.5000553131,12.8357744217,12.0519351959,11.3473567963,10.6073799133,9.913105011,9.1858634949,8.4556531906,7.7512712479,7.0560545921,6.442440033,5.8514738083,5.2823729515,4.7828183174,4.3251190186,3.9228236675,3.6096222401,3.3173511028,3.1096305847,2.9536559582,2.8074483871,2.6896388531,2.5237877369,2.3884944916,2.2527832985,2.083584547,1.8590294123,1.6301269531,1.4394506216,1.093167901,0.7144906521,0.5147869587,0.4051867127,0.3074066937,0.2759724259,0.149283126,0.1402281821,0.1038770676,0.0655884594,0.0213081352,0.0608895458,0.0237601269,0.0499521457,0.0303917732,0.0689356402,0.0365485549,0.0626208037,0.0287577994,0.0705932155,0.0381662212,0.0627218112,0.0291088242,0.0717690736,0.0380433835,0.0661053509,0.0399926901,0.0811923668,0.0371306427,0.0664116517,0.0402828231,0.0811676234,0.0384060964,0.0649166629,0.0398901813,0.0837773308,0.0377388857,0.0643408224,0.0390944481,0.0800271183,0.036688678,0.0643526837,0.0371530652,0.0828159973,0.0393116623,0.0660811737,0.0391542539,0.0816232339,0.0387868769,0.0651255175,0.0384713896,0.0807119086,0.0379810818,0.064258121,0.0360321254,0.0647203401,0.0282900333,0.0469637066,0.0466903485,0.0484139211,0.0428261347,0.0414936617,0.053562507,0.0328790843,0.0359881073,0.032925345,0.0284326393,0.0443275049,0.0345534608,0.0470001847,0.0329835489,0.0611335188,0.0262212157,0.0408634655,0.0257929768,0.0354643054,0.0360067934,0.0413326845,0.0407900698,0.0414414629,0.0559961237,0.0339712612,0.0417218953,0.039926298,0.0308839995,0.0486751944,0.0414929725,0.0547942966,0.0407226831,0.0656039268,0.032058049,0.0525158718,0.0348091312,0.0406607427,0.0448615626,0.0500603952,0.045498725,0.04713111,0.0604985394,0.040232379,0.0435820855,0.0392763987,0.0331835411,0.0526421592,0.0410667583,0.0516801067,0.0419263653,0.0682139248,0.0328280292,0.0521498695,0.0344816186,0.0410452113,0.0434681587,0.0473845266,0.04651637,0.0501465462,0.059311945,0.0372859724,0.0446676053,0.0422710665,0.0320575386,0.0496488176,0.0421793945,0.0542333461,0.0427432321,0.0678796917,0.0324911699,0.0525295399,0.0330972187,0.0383753069,0.0444850922,0.0503996201,0.0453313813,0.0472011752,0.060397435,0.0402806215,0.043541871,0.0392778777,0.0331701748,0.0522020645]},