{"max_q":{"0":19.9438552856},"min_q":{"0":-1.5973654985},"mean_q":{"0":4.9910335541},"range_q":{"0":21.5412216187},"step_max_q":{"0":[16.6520309448,17.3518066406,17.669380188,17.6126232147,17.5664024353,18.5618190765,18.8711223602,18.3348083496,18.8265075684,18.6460514069,18.4788036346,19.7124099731,17.8731746674,19.9438552856,18.7024650574,18.4840869904,17.8308696747,17.469045639,17.7089099884,17.6993713379,18.3056640625,17.7591266632,18.2406539917,18.1650810242,17.6930503845,17.6377429962,17.8915843964,18.1357498169,17.5662841797,15.5035495758,14.8880624771,16.3729896545,14.3319730759,12.6739416122,14.0442037582,12.9148111343,13.3994235992,12.8282203674,13.2416772842,12.3851966858,12.5814914703,12.6748867035,12.5573978424,12.6894512177,12.5785884857,15.0402240753,11.3186912537,11.7225885391,13.6263074875,11.8725605011,10.7154226303,11.1344356537,11.0185098648,10.5362997055,11.0555200577,10.5379705429,11.593255043,10.6527299881,10.7514190674,10.5697917938,10.5771503448,10.5980195999,10.8406305313,10.3835515976,10.382267952,7.855931282,7.8843617439,6.2957639694,6.8804469109,6.6018972397,7.082962513,5.965420723,6.0313110352,5.4074354172,5.3843307495,4.7679080963,4.6362352371,3.7486150265,3.5500445366,3.4112613201,2.6530468464,2.481441021,2.2647516727,0.3169226348,0.3882192671,0.1176254079,0.0,0.0,0.126236558,1.2505922318,0.0004076287,0.0336891115,0.0,0.1642745137]},"step_min_q":{"0":[1.796615839,2.1038174629,0.0,0.0,0.0,0.0,-0.1269968152,-0.3683120012,-0.2815412581,0.0,-0.063762337,-0.3361898959,-0.2727571726,-0.4373805523,-0.3793093562,-0.5648528337,-0.3826310635,-0.4778790772,-0.2917200625,-0.5073984265,-0.5142527819,-0.3210499883,-1.0278923512,-0.4628706574,-1.1739087105,-0.6078492403,-1.1134651899,-1.4818065166,-1.5973654985,-0.8328754902,-0.6948481798,-0.6240324974,-0.719486475,-0.63086164,-0.6908807755,-0.624391675,-0.8088330626,-0.8720679283,-0.932087183,-1.1501220465,-0.688482523,-0.66893363,-0.5714060664,-0.5299543142,-1.1364877224,-0.8774672747,-0.9461165071,-0.9407896996,-0.4888022542,-0.6384117007,-0.8233926296,-0.5735262632,-0.6822323203,-0.6844103336,-0.697345078,-1.2195402384,-0.4733085036,-0.4739887118,-0.7184195518,-0.9159880877,-0.8464357257,-0.5683797598,-0.3215913773,-0.8476957083,-0.5183140635,-0.5253283978,-0.5868930221,-0.474565953,-0.4583988786,-0.3153834939,-0.44286412,-0.2335106134,-0.2839336991,-0.2901692986,-0.2251539975,-0.1098665223,-0.0912424326,-0.0848887488,-0.192340225,-0.0536431223,-0.3925617337,0.0,-0.030731529,-0.293022126,-0.4546300769,0.0,-0.030949086,-0.491068542,0.0,0.0,0.0,0.0,-0.0818507895,0.0]},"step_mean_q":{"0":[9.159532547,9.2265405655,9.2180900574,9.1127386093,8.9579305649,8.7805747986,8.5563373566,8.2954425812,8.0797166824,7.7542471886,7.3775801659,7.0032596588,6.5332522392,6.1213364601,5.6914591789,5.2275958061,4.8286533356,4.4967226982,4.1449775696,3.8358104229,3.528131485,3.2475333214,2.9883482456,2.6999714375,2.4737308025,2.2609813213,2.1025822163,1.9532057047,1.8281240463,1.7009212971,1.6062151194,1.4904087782,1.4078218937,1.3563024998,1.3386044502,1.2964755297,1.2687590122,1.2055487633,1.2089108229,1.1616588831,1.174118638,1.1578063965,1.126609087,1.0838861465,1.0409420729,1.0088994503,1.0222381353,1.0004729033,1.0091735125,0.9741230011,1.0527406931,1.0025089979,1.034439683,1.1057183743,1.1979119778,1.1902096272,1.2365740538,1.2121521235,1.1503401995,1.1918673515,1.3152652979,1.4733550549,1.568838954,1.3553493023,1.4782505035,1.3648340702,1.3430666924,1.4290372133,1.2597733736,1.4522941113,1.161970973,1.110024929,1.0802197456,1.1947989464,0.9751167297,1.1656389236,1.0778900385,1.1095288992,1.0493345261,1.0179543495,0.650857389,0.9376875162,0.9294857979,0.0119502544,-0.0332054049,0.1176254079,-0.030949086,-0.491068542,0.126236558,1.2505922318,0.0004076287,0.0336891115,-0.0818507895,0.1642745137]},"episodes_still_running":{"0":[4096.0,4096.0,4087.0,4083.0,4079.0,4072.0,4062.0,4058.0,4049.0,4039.0,4027.0,4007.0,3974.0,3938.0,3875.0,3800.0,3729.0,3653.0,3570.0,3487.0,3389.0,3294.0,3212.0,3119.0,3010.0,2904.0,2813.0,2686.0,2571.0,2459.0,2337.0,2202.0,2070.0,1930.0,1795.0,1655.0,1547.0,1429.0,1314.0,1216.0,1111.0,1011.0,913.0,823.0,730.0,639.0,576.0,508.0,456.0,411.0,351.0,308.0,268.0,237.0,208.0,187.0,158.0,137.0,121.0,99.0,84.0,62.0,58.0,52.0,48.0,38.0,34.0,26.0,22.0,20.0,18.0,16.0,16.0,16.0,14.0,12.0,10.0,9.0,7.0,6.0,5.0,4.0,3.0,2.0,2.0,1.0,1.0,1.0,1.0,1.0,1.0,1.0,1.0,1.0]},"step_range_q":{"0":[14.8554153442,15.2479896545,17.669380188,17.6126232147,17.5664024353,18.5618190765,18.9981193542,18.7031211853,19.1080493927,18.6460514069,18.5425662994,20.0485992432,18.1459312439,20.3812351227,19.0817737579,19.0489406586,18.2135009766,17.9469242096,18.000629425,18.2067699432,18.8199176788,18.0801773071,19.2685470581,18.6279525757,18.8669586182,18.2455921173,19.0050487518,19.6175556183,19.1636505127,16.3364257812,15.5829105377,16.9970226288,15.0514593124,13.3048028946,14.7350845337,13.5392026901,14.2082567215,13.7002887726,14.1737642288,13.5353183746,13.2699737549,13.3438205719,13.1288042068,13.2194051743,13.7150764465,15.9176912308,12.2648077011,12.6633777618,14.1151094437,12.510972023,11.5388154984,11.7079620361,11.7007417679,11.2207098007,11.7528648376,11.7575111389,12.0665636063,11.1267185211,11.4698390961,11.4857797623,11.4235858917,11.1663990021,11.1622219086,11.2312469482,10.9005823135,8.3812599182,8.4712543488,6.7703299522,7.3388457298,6.917280674,7.5258264542,6.1989312172,6.3152446747,5.6976046562,5.6094846725,4.8777747154,4.7274775505,3.8335037231,3.7423846722,3.4649045467,3.0456085205,2.481441021,2.2954831123,0.6099447608,0.8428493738,0.1176254079,0.030949086,0.491068542,0.126236558,1.2505922318,0.0004076287,0.0336891115,0.0818507895,0.1642745137]},"mean_loss:":{"0":0.7311835885},"rmse":{"0":0.8550927639},"step_rmse":{"0":[0.5510033369,0.6341419816,0.7378976345,0.7526075244,0.7828858495,0.8318487406,0.8671208024,0.9115679264,0.927531302,0.9736067057,0.9857087731,1.0288823843,1.0243231058,1.0281244516,1.0191938877,1.0001541376,0.9862579703,1.0058181286,0.9577137232,0.9297764301,0.9012327194,0.9091196656,0.9099878669,0.861366868,0.8756421208,0.8498565555,0.8284413815,0.8029487729,0.7698060274,0.7465062737,0.7793986797,0.7068917751,0.68029356,0.6646507382,0.6831867695,0.6868027449,0.7037848234,0.658438623,0.6757224202,0.6625507474,0.7146241665,0.6558892131,0.7167608738,0.6614531875,0.6870377064,0.6510517001,0.6594184041,0.6013982892,0.718544662,0.6775838137,0.7372339964,0.7488646507,0.6449007988,0.7617556453,0.7628622055,0.7960145473,0.7247278094,0.708743155,0.6613278389,0.8018733263,0.9397163391,0.8225907683,0.8214257956,0.709821701,0.7782636285,0.7212513089,0.5391531587,0.800662756,0.8159986734,0.8616594672,0.6230841875,0.9416055083,0.688572228,0.756875515,0.8934310675,1.008762002,1.0050288439,1.1755076647,1.0048370361,1.5408142805,1.3197575808,1.2760485411,1.7151623964,0.1361393034,0.2879683375,0.2047193646,0.5548062325,0.6802927852,0.4728530645,0.08679533,0.6363001466,0.5868252516,0.5587265491,0.171944797]},"mean_error":{"0":0.5300546288},