{"max_q":{"0":14.7965373993},"min_q":{"0":-0.0841765404},"mean_q":{"0":4.3487715721},"range_q":{"0":14.8807144165},"step_max_q":{"0":[10.4477872849,11.8937368393,13.6577339172,13.8768758774,13.6890077591,14.3316516876,14.7965373993,14.5727977753,14.7401533127,14.6234388351,14.3214454651,13.9888858795,14.0163784027,13.8881168365,13.9954881668,13.9993782043,13.8900814056,14.0085773468,12.3111085892,12.3977890015,12.3583507538,12.3857755661,12.3592042923,12.5472240448,12.8172998428,12.4794511795,12.2841444016,10.4199838638,9.6371889114,9.201499939,9.8310422897,9.3556203842,9.9884500504,9.3212032318,9.05443573,8.8403072357,9.3818798065,8.1980142593,8.4115715027,8.6812553406,8.1309633255,7.9882917404,7.3913297653,7.8195486069,7.4564561844,7.0877332687,7.614033699,7.8585348129,7.8766431808,7.0589952469,7.0319662094,7.1298961639,7.1565675735,6.9654493332,5.567489624,5.3601608276,5.3374218941,5.3026008606,5.437789917,5.7601428032,5.6163458824,5.3444375992,6.0706996918,5.9793176651,6.3960266113,4.9219589233,4.8364868164,4.9152436256,5.8878927231,3.8581838608,3.8943841457,3.9063580036,4.072309494,4.050796032,4.0409936905,4.1301269531,3.9790146351,3.9212017059,4.013835907,3.5403022766,3.5663688183,3.0195744038,2.8663079739,2.74822855,3.6694922447,3.4308786392,2.9042799473,3.1073522568,2.5531406403,2.7109706402,2.5797309875,2.9192483425,2.7007579803,2.7883906364,2.4386980534,2.5279016495,2.5520474911,2.4996945858,3.2288305759,2.9183483124,2.5823090076,2.5348775387,2.3371434212,3.1782751083,2.724203825,3.0166008472,2.2423534393,2.7432584763,2.0257940292,2.2866442204,2.1813852787,2.2728717327,2.1582758427,2.260456562,2.1454856396,2.2464487553,2.1326198578,2.2198548317,2.1100542545,2.198741436,2.0910685062,2.1804790497,1.7668685913,1.6713582277,1.6319333315,1.612401247,1.5988855362,1.1894128323]},"step_min_q":{"0":[6.3559217453,0.0,0.0,0.0,0.0,0.0,0.0,0.0,0.0,0.0,0.0,0.0,0.0,0.0,-0.0539188385,-0.0361573696,-0.082536459,-0.0792918205,-0.0748279095,-0.0585446358,-0.0558772087,-0.0529749393,-0.0532877445,-0.0502903461,-0.0484631062,-0.046631813,-0.0446550846,-0.0528411865,-0.0506048203,-0.0485389233,-0.0841765404,-0.0801694393,-0.0826227665,-0.0831108093,-0.0799670219,-0.0810763836,-0.0755608082,-0.065508604,-0.0690157413,-0.0544965267,-0.0591049194,-0.0656023026,-0.0590891838,-0.0645294189,-0.0697154999,-0.063816309,-0.0670714378,-0.0655887127,-0.0672137737,-0.0672826767,-0.0668935776,-0.0771980286,-0.0762565136,-0.014326334,-0.0212142467,0.0,0.0,0.0,0.0,0.0,0.0,0.0,0.0,0.0,0.0,0.0,0.0,0.0,0.0,0.0,0.0,0.0,0.0,0.0,0.0,0.0,0.0,0.0,0.0,0.0,0.0,0.0,0.0,0.0,0.0,0.0,0.0,0.0,0.0,0.0,0.0,0.0,0.0,0.0,0.0,0.0,0.0,0.0,0.0,0.0,0.0,0.0,0.0,0.0,0.0,0.0,0.0,0.0,0.0,0.0,0.0,0.0,0.0,0.0,0.0,0.0,0.0,0.0,0.0,0.0,0.0,0.0,0.0,0.0,0.0,0.0,0.0,0.0]},"step_mean_q":{"0":[9.1471328735,9.2802352905,9.132973671,9.0040645599,8.9328289032,8.8439102173,8.7762136459,8.6383485794,8.4823598862,8.2891693115,8.027507782,7.7433128357,7.3811650276,6.9613776207,6.4868636131,6.0144057274,5.5338454247,5.0789103508,4.6442184448,4.1824851036,3.8004477024,3.4442794323,3.1314203739,2.8701763153,2.6298918724,2.4315738678,2.2518689632,2.0805618763,1.9458767176,1.8128829002,1.7153520584,1.6202191114,1.5480498075,1.4663978815,1.4149669409,1.3703570366,1.3143010139,1.2716792822,1.2450581789,1.2050244808,1.1846551895,1.1534682512,1.143422246,1.1123749018,1.0961121321,1.0703033209,1.0598427057,1.0441101789,1.0283718109,1.022036314,1.0273507833,1.0144804716,1.005338192,1.0047314167,0.9857810736,0.9904317856,0.9754128456,0.9727647305,0.9829453826,0.9874492288,0.9826074839,0.9556827545,0.9488584399,0.9589474201,0.9494844079,0.9180511236,0.8968129754,0.8996993899,0.909701407,0.8843377829,0.8848007917,0.9019496441,0.8903174996,0.89441365,0.8656138182,0.8575642109,0.82922858,0.816200912,0.8306387663,0.8464759588,0.8139702678,0.8265266418,0.7874966264,0.7934776545,0.8041209579,0.8422040343,0.8369769454,0.8632573485,0.8677752018,0.9072672725,0.9252707958,0.9497296214,0.9796048403,0.9516553879,0.985275507,0.9737092257,0.9212985635,0.9648778439,0.9670638442,1.0130558014,1.0146291256,1.0374151468,1.0428555012,1.0790681839,1.0573710203,1.1169424057,1.07228899,1.1285887957,1.0108304024,1.1483407021,1.1200538874,1.257006526,1.233522892,1.2477567196,1.2982480526,1.3242565393,1.5439428091,1.7392650843,1.7130571604,1.6813691854,1.6408487558,1.7678828239,1.5576548576,1.489282608,1.4545607567,1.4323774576,1.4151400328,1.1894128323]},"episodes_still_running":{"0":[4096.0,4095.0,4095.0,4093.0,4090.0,4085.0,4081.0,4079.0,4077.0,4075.0,4074.0,4067.0,4056.0,4043.0,4034.0,4015.0,3995.0,3965.0,3935.0,3911.0,3874.0,3836.0,3793.0,3750.0,3704.0,3637.0,3569.0,3516.0,3447.0,3379.0,3311.0,3221.0,3133.0,3036.0,2927.0,2817.0,2705.0,2605.0,2469.0,2369.0,2245.0,2147.0,2044.0,1929.0,1819.0,1713.0,1589.0,1487.0,1393.0,1296.0,1201.0,1134.0,1055.0,982.0,911.0,844.0,786.0,728.0,679.0,639.0,592.0,553.0,514.0,478.0,449.0,401.0,373.0,351.0,332.0,302.0,283.0,265.0,241.0,224.0,211.0,194.0,178.0,168.0,152.0,139.0,130.0,122.0,112.0,97.0,92.0,81.0,75.0,72.0,69.0,60.0,54.0,49.0,43.0,36.0,34.0,31.0,30.0,27.0,26.0,22.0,20.0,19.0,17.0,17.0,16.0,14.0,12.0,12.0,10.0,8.0,8.0,6.0,6.0,6.0,5.0,5.0,4.0,3.0,3.0,3.0,3.0,3.0,2.0,2.0,2.0,2.0,2.0,1.0]},"step_range_q":{"0":[4.0918655396,11.8937368393,13.6577339172,13.8768758774,13.6890077591,14.3316516876,14.7965373993,14.5727977753,14.7401533127,14.6234388351,14.3214454651,13.9888858795,14.0163784027,13.8881168365,14.0494070053,14.0355358124,13.972618103,14.0878696442,12.3859367371,12.4563331604,12.4142284393,12.438750267,12.4124917984,12.5975141525,12.8657627106,12.5260829926,12.3287992477,10.4728250504,9.6877937317,9.2500391006,9.9152183533,9.435790062,10.0710725784,9.4043140411,9.1344032288,8.9213838577,9.4574403763,8.2635231018,8.4805870056,8.7357521057,8.1900682449,8.053894043,7.4504189491,7.8840780258,7.5261716843,7.1515493393,7.6811051369,7.924123764,7.943857193,7.1262779236,7.098859787,7.2070941925,7.2328243256,6.9797754288,5.5887041092,5.3601608276,5.3374218941,5.3026008606,5.437789917,5.7601428032,5.6163458824,5.3444375992,6.0706996918,5.9793176651,6.3960266113,4.9219589233,4.8364868164,4.9152436256,5.8878927231,3.8581838608,3.8943841457,3.9063580036,4.072309494,4.050796032,4.0409936905,4.1301269531,3.9790146351,3.9212017059,4.013835907,3.5403022766,3.5663688183,3.0195744038,2.8663079739,2.74822855,3.6694922447,3.4308786392,2.9042799473,3.1073522568,2.5531406403,2.7109706402,2.5797309875,2.9192483425,2.7007579803,2.7883906364,2.4386980534,2.5279016495,2.5520474911,2.4996945858,3.2288305759,2.9183483124,2.5823090076,2.5348775387,2.3371434212,3.1782751083,2.724203825,3.0166008472,2.2423534393,2.7432584763,2.0257940292,2.2866442204,2.1813852787,2.2728717327,2.1582758427,2.260456562,2.1454856396,2.2464487553,2.1326198578,2.2198548317,2.1100542545,2.198741436,2.0910685062,2.1804790497,1.7668685913,1.6713582277,1.6319333315,1.612401247,1.5988855362,1.1894128323]},"mean_loss:":{"0":1.4912114143},"rmse":{"0":1.2211517096},