{"max_q":{"0":18.1739940643},"min_q":{"0":-1.7734173536},"mean_q":{"0":12.0283660889},"range_q":{"0":19.9474105835},"step_max_q":{"0":[16.1074924469,16.3737220764,17.0569572449,17.3509140015,18.1739940643,17.8539905548,17.5156173706,16.9510536194,16.4240131378,16.0584201813,15.7207260132,15.0208711624,14.3805294037,13.8623371124,13.3587465286,12.7843341827,12.3526954651,11.8656358719,11.4360275269,11.1993665695,10.4532566071,9.9761571884,9.9265556335,9.1489076614,8.7984571457,8.3203477859,8.2788257599,8.200044632,8.0375814438,7.3521327972,7.7009577751,6.249352932,6.0118355751,5.9861106873,5.5875692368,5.6908307076,5.4431495667,5.6078567505,5.4524335861,5.5827441216,5.4883441925,5.5528831482,5.6919531822,5.7560954094]},"step_min_q":{"0":[16.1074924469,16.3737220764,16.7198390961,16.3055515289,13.5601882935,13.438454628,13.4862928391,12.8274993896,11.7870817184,11.1983938217,10.2879629135,9.625957489,9.1066112518,7.056374073,6.0154385567,5.5143537521,3.8825011253,1.7359200716,1.3377506733,1.4061359167,1.0970352888,-0.5924575925,-1.1546033621,-0.9541242719,-1.1030373573,-0.9708482623,-1.7734173536,-1.201607585,-0.985851109,-0.2461333126,-0.300026834,0.0,0.0,0.0,0.0,0.0,0.0,0.0,0.0,0.0,0.0,0.0,0.0,0.0]},"step_mean_q":{"0":[16.1074924469,16.3737220764,16.7348957062,17.2799530029,17.6793937683,17.1886997223,16.6049804688,15.9322710037,15.4398136139,14.958738327,14.3396272659,13.7221851349,13.0695304871,12.4932889938,11.8302307129,11.2610683441,10.648897171,10.0623989105,9.5257434845,9.0546665192,8.5578794479,8.0781745911,7.6161260605,7.23589468,6.89057827,6.5375051498,6.291926384,6.0480914116,5.7689042091,5.3435845375,4.709127903,4.0348296165,3.3118209839,4.8354725838,5.5875692368,5.6908307076,5.4431495667,5.6078567505,5.4524335861,5.5827441216,5.4883441925,5.5528831482,5.6919531822,5.7560954094]},"episodes_still_running":{"0":[4096.0,4096.0,4096.0,4096.0,4096.0,4096.0,4096.0,4096.0,4096.0,4096.0,4096.0,4096.0,4096.0,4096.0,4096.0,4096.0,4096.0,4096.0,4096.0,4096.0,4096.0,4096.0,4096.0,4084.0,4076.0,3992.0,3560.0,2600.0,1320.0,572.0,256.0,124.0,60.0,24.0,4.0,4.0,4.0,4.0,4.0,4.0,4.0,4.0,4.0,4.0]},"step_range_q":{"0":[0.0,0.0,0.3371181488,1.0453624725,4.6138057709,4.4155359268,4.0293245316,4.1235542297,4.6369314194,4.8600263596,5.4327630997,5.3949136734,5.2739181519,6.8059630394,7.343307972,7.2699804306,8.4701938629,10.1297159195,10.098277092,9.7932310104,9.356221199,10.5686149597,11.081158638,10.1030321121,9.9014949799,9.2911958694,10.0522432327,9.4016523361,9.0234327316,7.5982661247,8.0009841919,6.249352932,6.0118355751,5.9861106873,5.5875692368,5.6908307076,5.4431495667,5.6078567505,5.4524335861,5.5827441216,5.4883441925,5.5528831482,5.6919531822,5.7560954094]},"mean_loss:":{"0":0.7036668062},"rmse":{"0":0.8388484716},"step_rmse":{"0":[0.5310918093,0.6216927171,0.6434634328,0.691873312,0.4768887758,0.5726137757,0.7025640607,0.7645146251,0.8151262999,0.8370476365,0.889757812,0.9006351829,0.9040879011,0.865942359,0.9413687587,0.9665512443,0.9794234633,0.9581606388,0.9320895672,0.92275244,0.9222173691,0.8921900392,0.9187916517,0.8937493563,0.8534783125,0.7931649685,0.7797014713,0.861543119,1.0322645903,1.3031412363,1.6422771215,1.9833487272,1.7293725014,1.3296254873,1.0307497978,1.6166667938,1.3410129547,1.5623784065,1.8610546589,2.6081986427,2.3331456184,2.2644591331,3.6765582561,2.4220790863]},"mean_error":{"0":0.529973805},"step_mean_error":{"0":[0.3182952106,0.4059751034,0.428591311,0.486287415,0.3610588014,0.4201395512,0.4963138998,0.5029380322,0.5230366588,0.5274805427,0.5402097702,0.5382658243,0.5642986298,0.5392382145,0.5844985247,0.5986080766,0.6289067864,0.6101337075,0.5923953056,0.5846803784,0.5849765539,0.5523543358,0.5714913011,0.5585291982,0.5492982268,0.5268340707,0.5137500763,0.5442250371,0.665784359,0.8569250703,1.2145950794,1.4960426092,1.2796987295,0.8948903084,1.0307497978,1.6166667938,1.3410129547,1.5623784065,1.8610546589,2.6081986427,2.3331456184,2.2644591331,3.6765582561,2.4220790863]},"mean_deviation":{"0":2.7753360271},"step_mean_deviation":{"0":[7.8692116737,8.3826313019,8.86759758,9.1418046951,6.310189724,6.1906576157,5.250919342,4.4972581863,4.8186211586,4.946085453,4.6988325119,4.5612053871,4.2223849297,5.1511898041,5.3286738396,5.7944440842,5.7456307411,5.9286832809,5.5506920815,5.9029836655,6.132314682,5.7311444283,6.1373186111,6.3252739906,6.3812656403,6.5714435577,6.6313266754,6.6519193649,9.1322345734,12.5516281128,16.082277298,23.2897148132,17.6022911072,15.2848825455,22.6199378967,39.6809463501,32.6905975342,38.6203613281,51.8200569153,87.6839370728,73.9460754395,68.8615341187,182.4237060547,72.6474914551]},"epoch":{"0":80},"mask_name":{"0":"everything"},"map_name":{"0":"8m_vs_9m"}}