{"max_q":{"0":17.7583522797},"min_q":{"0":-0.7252435684},"mean_q":{"0":9.0261392593},"range_q":{"0":18.4835968018},"step_max_q":{"0":[16.2924976349,16.6100196838,16.8606185913,17.0931949615,17.3580379486,17.7583522797,17.6039962769,17.2979679108,16.7286205292,15.9521656036,15.5026397705,14.5784397125,13.9107456207,13.3210496902,12.5363082886,11.6493120193,11.1089963913,10.2661800385,9.5799770355,9.0068254471,8.2375946045,7.7260293961,7.450843811,7.0585565567,6.436029911,6.4891328812,6.0192956924,5.7757792473,5.7273216248,5.3423347473,5.0042996407,4.6098642349,4.1326422691,4.4360380173,3.9385797977,3.9156899452,3.8237514496,4.164750576,3.6127932072,4.3989882469,4.7728691101,4.8232674599,4.749048233,4.7745361328,2.6136608124,2.4800577164,1.7893650532,1.8309060335,1.7318947315,1.9230413437,1.9233703613,1.917673111,1.774990201,1.927687645,1.9260008335,1.9189758301,1.7760525942,1.9285457134,1.9264364243,1.919164896,1.7762280703,1.928706646,1.9264981747,1.9191782475,1.7762457132,1.9287292957,1.9264962673,1.9191675186,1.7762383223,1.9287261963,1.926486969,1.9191579819,1.7762309313,1.9287199974,1.9264802933,1.919151783,1.7762254477,1.9287161827,1.9264762402,1.9191477299,1.7762225866,1.9287133217,1.9264736176,1.9191455841,1.7762204409,1.9287121296,1.9264724255,1.9191448689,1.7762194872,1.9287109375,1.9264717102,1.9191439152,1.7762190104,1.9287104607,1.9264712334,1.9191434383,1.7762190104,1.9287104607,1.9264707565,1.9191431999,1.7762185335,1.9287102222,1.9264707565,1.9191431999,1.7762185335,1.9287102222,1.9264707565,1.9191431999,1.7762185335,1.9287102222,1.9264707565,1.9191431999,1.7762185335,1.9287102222,1.9264707565,1.93313694,1.9318225384,1.9360105991,1.9337236881,1.9243130684,1.7802072763,1.9317450523,1.9280230999,1.9202115536,1.7773622274,1.9298348427,1.9269256592,1.9194078445,1.7765320539,1.9290628433,1.9265992641,1.9333369732,1.9318990707,1.9361259937,1.9337668419,1.9243378639,1.7802346945,1.9317829609,1.9280350208,1.9202196598,1.7773700953,1.9298467636,1.926928997,1.9194107056,1.7765341997,1.9290661812,1.9266006947,1.933339119,1.9318995476,1.9361269474,1.9337673187,1.9243378639,1.7802349329,1.9317834377,1.9280350208,1.9202196598,1.7773703337,1.9298467636,1.926928997,1.9194107056,1.7765341997,1.9290661812,1.9266006947,1.933339119,1.9318995476,1.9361271858,1.9337673187,1.9243378639,1.7802349329,1.9317834377,1.9280350208,1.9202196598,1.7773703337,1.9298467636,1.926928997,1.9194107056,1.7765341997,1.9290661812,1.9266006947,1.933339119]},"step_min_q":{"0":[14.7209377289,14.4216451645,14.0321130753,14.5585861206,14.944647789,15.0200719833,13.7415523529,13.3660297394,12.8122138977,11.8360652924,11.2075004578,10.4426183701,9.8740205765,8.4338283539,7.6463193893,6.1129932404,5.3355798721,5.0966873169,4.2598013878,3.6161417961,3.3005800247,2.5080678463,2.279415369,2.0431370735,1.3128603697,0.7934719324,0.5349555016,0.0,0.0,-0.0892109871,-0.2169638872,-0.2919080257,-0.3200891018,-0.3900257349,-0.3951923847,-0.5461937189,-0.7147895098,-0.7252435684,-0.6929662228,-0.5883493423,-0.5774092674,-0.5640956163,-0.5462062359,-0.5548037291,-0.5497761965,-0.5797371864,-0.55943501,-0.5459223986,-0.575725317,-0.5551418066,-0.5410279036,-0.5658375025,-0.5498890877,-0.5353813171,-0.554033041,-0.544085145,-0.5279958248,-0.5418255329,-0.5366541147,-0.5154042244,-0.5293507576,-0.5489295721,-0.5685319901,-0.5768102407,-0.5685790777,-0.5503518581,-0.5785306692,-0.5657920837,-0.5641024113,-0.5919469595,-0.5752846003,-0.5869847536,-0.6027032137,-0.6014610529,-0.5842175484,-0.6123114824,-0.5944905281,-0.5965934992,-0.6240098476,-0.6353594065,-0.6467992067,-0.6581535339,-0.6709616184,-0.6399787664,-0.665063858,-0.6359801292,-0.6634122133,-0.6345647573,-0.662783742,-0.6337716579,-0.6624516249,-0.6332640648,-0.6622567177,-0.6329327822,-0.6621389389,-0.6327159405,-0.6620665789,-0.6325737238,-0.6620221138,-0.6324796677,-0.6619938612,-0.6324179173,-0.661976099,-0.6323771477,-0.6619646549,-0.6323503256,-0.6619571447,-0.6323325634,-0.6619524956,-0.6323210001,-0.6619493961,-0.6323133707,-0.6619474888,-0.6323081255,-0.6619461775,-0.6323049068,-0.6619451046,-0.6323026419,-0.6619445086,-0.6323013306,-0.6619439125,-0.6323003769,-0.6619437933,-0.6322996616,-0.6619436741,-0.632299304,-0.6619436741,-0.6322988272,-0.6619435549,-0.632298708,-0.6619434357,-0.6322985888,-0.6619434357,-0.6322984695,-0.6619434357,-0.6322984695,-0.6619434357,-0.6322984695,-0.6619434357,-0.6322984695,-0.6619434357,-0.6322984695,-0.6619434357,-0.6322984695,-0.6619434357,-0.6322984695,-0.6619434357,-0.6322984695,-0.6619434357,-0.6322984695,-0.6619434357,-0.6322984695,-0.6619434357,-0.6322984695,-0.6619434357,-0.6322984695,-0.6619434357,-0.6322984695,-0.6619434357,-0.6322984695,-0.6619434357,-0.6322984695,-0.6619434357,-0.6322984695,-0.6619434357,-0.6322984695,-0.6619434357,-0.6322984695,-0.6619434357,-0.6322984695,-0.6619434357,-0.6322984695,-0.6619434357,-0.6322984695,-0.6619434357,-0.6322984695,-0.6619434357,-0.6322984695,-0.6619434357,-0.6322984695]},"step_mean_q":{"0":[16.0862846375,16.3763980865,16.5990066528,16.821100235,16.9967803955,17.1925449371,16.8045139313,16.3506412506,15.6649284363,14.9102725983,14.2242021561,13.4602146149,12.787402153,12.0344648361,11.3354005814,10.5794410706,9.8514041901,9.1103172302,8.4011850357,7.6992545128,7.0361623764,6.3957066536,5.7858228683,5.2314682007,4.7304883003,4.2907547951,3.8910770416,3.5792298317,3.3218250275,3.1032400131,2.9392976761,2.7966248989,2.6583127975,2.5014305115,2.3836283684,2.2462210655,2.0849602222,1.9216833115,1.698974967,1.5176721811,1.3186643124,1.0240055323,0.9293919802,0.7981715202,0.610489428,0.5110967755,0.31438151,0.307951808,0.2859207094,0.1951799989,0.1842267066,0.195181638,0.1661038399,0.1857137382,0.1437751949,0.1311797798,0.1271325499,0.131348297,0.1316047758,0.1221747249,0.1162047833,0.1228200868,0.1246274635,0.1190664396,0.1150681153,0.1161659509,0.122766383,0.1168642417,0.1152935699,0.1171081141,0.1311443299,0.1219564006,0.122245416,0.1241065338,0.1389927268,0.1247204244,0.1272399873,0.1293777078,0.1418118328,0.1289288253,0.1251032054,0.1265729517,0.1400147974,0.1299500018,0.1252504438,0.1293268651,0.1419446319,0.1317581683,0.126833424,0.1308871657,0.1434703469,0.1333381385,0.1283362061,0.1324099153,0.1452340186,0.129880935,0.1287869364,0.1296024472,0.1435389817,0.131013006,0.1288398057,0.1302620471,0.1423390657,0.1264992654,0.12411616,0.1223226041,0.137093842,0.1249062344,0.1198711172,0.1247295812,0.137230739,0.1214187965,0.1211320013,0.1214646176,0.1307678372,0.1202487871,0.1274553984,0.1155764163,0.1324301064,0.1174960434,0.1176571846,0.1203599423,0.1368374079,0.1248777732,0.1252104789,0.1311282367,0.1466417313,0.1374189556,0.1412553191,0.139153704,0.1473901719,0.1391912848,0.1497783959,0.1370132864,0.1478085965,0.136865288,0.1403595656,0.139294222,0.1485611796,0.1375662684,0.1410076469,0.1373906732,0.1458991021,0.1374169886,0.1392018497,0.1380351484,0.1484500915,0.1394744515,0.1505313367,0.1393453181,0.1471536011,0.1362852007,0.1403244436,0.1373057216,0.1474680305,0.1385833919,0.1412622929,0.1381484121,0.1482337266,0.1367551982,0.1386173666,0.1380004883,0.1464618295,0.1383803189,0.1515478045,0.1396000385,0.1479114145,0.1386196613,0.1396625489,0.1367212832,0.1474333555,0.1365951002,0.1401681453,0.1391648948,0.148488462,0.1375129819,0.1409518421,0.1373385936,0.1458773762,0.1383456439]},