{"max_q":{"0":15.6113605499},"min_q":{"0":-0.5322227478},"mean_q":{"0":8.5501146317},"range_q":{"0":16.1435832977},"step_max_q":{"0":[15.3475532532,15.6113605499,15.4400062561,15.4798336029,15.0685901642,15.1879653931,14.9363107681,15.0235404968,15.3108224869,14.1832351685,13.9393463135,13.8074760437,13.3473472595,13.251502037,13.2619190216,12.5554561615,12.0440635681,12.2486467361,11.7176561356,11.252866745,10.7923965454,10.5243358612,10.1640148163,9.8046741486,9.4650058746,8.6655893326,8.6011190414,8.2470989227,7.8129515648,7.4151678085,6.9236168861,6.6531906128,6.515581131,6.1356534958,5.967423439,5.5750350952,5.2224559784,5.1686372757,4.7462825775,4.619310379,4.3750038147,4.3567390442,3.951675415,3.9908413887,4.0436182022,3.997355938,4.492480278,3.7688689232,3.4623491764,3.3856065273,3.509086132,3.4903113842,3.4716718197,3.8616759777,3.8451156616,3.3367636204,3.0946326256,3.0719902515,3.0944862366,2.9012842178,3.0357198715,3.0956466198,2.8062138557,2.8370494843,2.7636632919,2.7594671249,2.7623734474,2.6542022228,2.7433168888]},"step_min_q":{"0":[12.4894561768,11.9706840515,12.0576763153,12.0143966675,10.8022212982,10.2578487396,10.5201625824,9.3097238541,9.2935333252,7.810336113,5.9611186981,6.1169519424,4.8040466309,3.7351002693,3.6203017235,2.9130320549,1.7756738663,1.612662673,1.2160284519,0.7581115961,0.7890262008,0.335930109,0.3386552334,-0.109724164,0.0,0.0,0.0,-0.0328508615,-0.1116975546,-0.141803503,-0.0867038965,-0.1641248465,-0.207719326,-0.5208501816,-0.259580493,-0.5322227478,-0.2257689238,-0.1165754795,-0.2782057524,-0.1310201883,-0.4964311123,-0.1513140202,-0.2168511152,-0.1710643768,-0.2444154024,-0.211088419,-0.2926887274,-0.3978260756,-0.3009655476,-0.0671190023,-0.1371041536,-0.1382442713,-0.2023736238,0.0,0.0,0.0,0.0,0.0,0.0,0.0,0.0,0.0,0.0,0.0,0.0,0.0,0.0,0.0,0.0]},"step_mean_q":{"0":[14.6411209106,14.9352455139,14.8143177032,14.6591262817,14.2712802887,14.2197980881,14.0166187286,13.7820205688,13.3440284729,12.8448057175,12.5418758392,12.063999176,11.7759208679,11.3679523468,11.0339708328,10.6836891174,10.2671012878,9.9152107239,9.5205726624,9.162232399,8.7429189682,8.3672685623,7.9659218788,7.574795723,7.198975563,6.817741394,6.4438471794,6.0921807289,5.7375793457,5.3939766884,5.0791611671,4.766392231,4.4582929611,4.1663770676,3.8927929401,3.6343502998,3.4074862003,3.2086880207,3.0112538338,2.8553595543,2.6762299538,2.5385079384,2.3999788761,2.1877055168,2.002199173,1.8882913589,1.7286331654,1.6575100422,1.5374238491,1.5856444836,1.6694803238,1.6594145298,1.6880353689,2.0233492851,2.0783133507,1.8700885773,1.7407940626,1.8260310888,1.9137057066,2.4326410294,3.0357198715,3.0956466198,2.8062138557,2.8370494843,2.7636632919,2.7594671249,2.7623734474,2.6542022228,2.7433168888]},"episodes_still_running":{"0":[4096.0,4096.0,4096.0,4096.0,4096.0,4096.0,4096.0,4096.0,4096.0,4096.0,4096.0,4096.0,4096.0,4096.0,4096.0,4096.0,4096.0,4096.0,4096.0,4096.0,4096.0,4096.0,4096.0,4096.0,4092.0,4092.0,4092.0,4092.0,4080.0,4076.0,4060.0,4044.0,4040.0,4000.0,3984.0,3968.0,3916.0,3860.0,3692.0,3392.0,2920.0,2444.0,1868.0,1400.0,1056.0,788.0,572.0,448.0,320.0,216.0,156.0,108.0,84.0,56.0,36.0,28.0,28.0,20.0,12.0,8.0,4.0,4.0,4.0,4.0,4.0,4.0,4.0,4.0,4.0]},"step_range_q":{"0":[2.8580970764,3.6406764984,3.3823299408,3.4654369354,4.266368866,4.9301166534,4.4161481857,5.7138166428,6.0172891617,6.3728990555,7.9782276154,7.6905241013,8.5433006287,9.5164012909,9.6416168213,9.6424236298,10.2683897018,10.6359844208,10.5016279221,10.4947547913,10.003370285,10.1884059906,9.8253593445,9.9143981934,9.4650058746,8.6655893326,8.6011190414,8.2799501419,7.9246492386,7.55697155,7.0103206635,6.8173155785,6.723300457,6.6565036774,6.2270040512,6.107257843,5.4482250214,5.2852125168,5.0244884491,4.7503304482,4.8714351654,4.5080528259,4.1685266495,4.1619057655,4.2880334854,4.2084445953,4.7851691246,4.166695118,3.763314724,3.4527254105,3.6461901665,3.6285557747,3.6740455627,3.8616759777,3.8451156616,3.3367636204,3.0946326256,3.0719902515,3.0944862366,2.9012842178,3.0357198715,3.0956466198,2.8062138557,2.8370494843,2.7636632919,2.7594671249,2.7623734474,2.6542022228,2.7433168888]},"mean_loss:":{"0":0.1754650772},"rmse":{"0":0.418885529},"step_rmse":{"0":[0.1994684339,0.1625021398,0.1780827045,0.2270530015,0.2438321412,0.3085969388,0.3307842016,0.407120198,0.4732253253,0.4909439683,0.5206458569,0.5112056136,0.5714769363,0.543471694,0.5508476496,0.5147254467,0.4968948662,0.4886307716,0.4503197074,0.4496450722,0.4442749321,0.4286865592,0.42012918,0.4033172727,0.4332339466,0.4142291844,0.3993477523,0.4104696512,0.4143085778,0.4066989422,0.4121246934,0.3948838115,0.3762035072,0.3781288564,0.3970285654,0.3794839382,0.3706016839,0.3661974072,0.3641174734,0.3601430357,0.3557588458,0.3813267946,0.4068764746,0.4330785573,0.4714470804,0.5329478979,0.6234447956,0.6682690382,0.7127050161,0.8017814755,0.816588521,0.9037010074,0.9022749662,0.7813583016,0.7393393517,0.6616609693,0.6273131967,0.5697824955,0.6698044538,0.6018528938,0.0255055428,0.0299198627,0.0748987198,0.0476875305,0.0069863796,0.0282516479,0.0044634342,0.0311529636,0.248827219]},"rmse_by_q":{"0":4.8991804123},"step_rmse_by_q":{"0":[1.3623849154,1.0880446434,1.202098608,1.5488849878,1.7085512877,2.1701920033,2.3599429131,2.9539949894,3.5463452339,3.8221206665,4.1512598991,4.2374472618,4.8529276848,4.7807350159,4.9922885895,4.8178625107,4.8396801949,4.9280924797,4.7299647331,4.9075932503,5.0815401077,5.123374939,5.2740812302,5.3244638443,6.0179944038,6.0757541656,6.1973495483,6.7376470566,7.2209649086,7.5398721695,8.114030838,8.2847528458,8.4382858276,9.0757236481,10.1990671158,10.4415893555,10.8761024475,11.4126834869,12.0918893814,12.6128787994,13.2932844162,15.0216903687,16.9533348083,19.7960166931,23.5464630127,28.223815918,36.0657653809,40.3176460266,46.357093811,50.5650215149,48.9127349854,54.4590301514,53.4511871338,38.6170730591,35.574005127,35.3812637329,36.0360374451,31.2033290863,35.0003890991,24.7407188416,0.8401809931,0.9665141702,2.6690309048,1.6808847189,0.2527941763,1.0238081217,0.1615796834,1.1737222672,9.0703058243]},"mean_error":{"0":0.286804229},"step_mean_error":{"0":[0.1143696234,0.0915100873,0.0978785008,0.1206538826,0.1564357579,0.2001806945,0.2351164967,0.2911750674,0.3281779289,0.3277755678,0.3475830257,0.3343046904,0.3715630472,0.357686013,0.365316689,0.359198153,0.3549634218,0.3540849388,0.3281942606,0.3302944303,0.3308180273,0.3186671734,0.3114141226,0.3028406203,0.3198128343,0.3056341708,0.2988027632,0.3055809438,0.3048099279,0.2989778817,0.3038808703,0.2915144861,0.2781766057,0.2794038653,0.2927566469,0.2823092639,0.2728792131,0.2637897134,0.2604009211,0.2571043372,0.2514398396,0.2639834285,0.2750072181,0.2984144688,0.3274595141,0.383354038,0.465244472,0.4952794909,0.5249611735,0.5961088538,0.6366360784,0.7199477553,0.7017791271,0.6586907506,0.6349532604,0.5637639761,0.5406144261,0.4891838133,0.5223667622,0.5484994054,0.0255055428,0.0299198627,0.0748987198,0.0476875305,0.0069863796,0.0282516479,0.0044634342,0.0311529636,0.248827219]},"mean_q_deviation":{"0":11.8482160568},