{"max_q":{"0":23.6252574921},"min_q":{"0":-0.7299766541},"mean_q":{"0":3.8826212883},"range_q":{"0":24.3552341461},"step_max_q":{"0":[16.4755802155,17.0187454224,18.0972194672,18.5406074524,18.1755313873,19.9492588043,23.6252574921,19.9537734985,21.6220607758,20.4649066925,21.3908996582,22.3092098236,21.6622428894,19.9653739929,19.4245967865,17.9958209991,17.1799087524,18.1875686646,16.715927124,15.9867286682,16.4471492767,16.4165973663,15.5149440765,16.2603149414,15.6367378235,14.8300533295,14.0131521225,13.040687561,13.6077842712,13.2830104828,12.7543029785,13.0374927521,12.7146978378,12.3348884583,12.1321706772,12.5478391647,12.1131858826,11.7036352158,11.3222093582,11.0444955826,12.5087242126,10.9501838684,10.743888855,10.4201126099,11.0101089478,9.5694770813,9.9999647141,9.4426679611,9.6621103287,9.2036485672,9.7443943024,8.8246650696,9.8516149521,9.019197464,8.4264440536,8.2005414963,8.6987161636,8.2310647964,8.4474210739,8.244966507,9.9391937256,8.5051469803,8.5158872604,8.5811471939,8.8786907196,8.1615819931,9.8939819336,9.5081291199,8.7764644623,8.0419788361,7.5063462257,8.4045066833,7.0720405579,7.1669950485,7.014652729,6.9276456833,6.6473932266,6.1896185875,6.6029014587,6.6848368645,6.3701601028,6.7582678795,6.7114706039,6.7097802162,6.7838191986,7.1304755211,6.7493505478,6.7585644722,7.0914039612,6.9006109238,7.5475082397,7.6856966019,7.7063322067,7.5673847198,8.0112533569,8.797785759,7.6050510406,5.7992401123,6.0472106934,6.2992868423,5.613714695,6.3431215286,6.1050863266,5.6549015045,5.4093027115,5.2964324951,5.6999769211,6.3348326683,6.1497612,6.3999581337,5.9447870255,6.1902551651,5.6786050797,4.9338092804,5.0123095512,4.7236161232,4.7894277573,4.839717865,5.176337719,4.5787672997,5.4213638306,4.7831850052,4.5656871796,3.6129221916,3.350538969,4.1347594261,4.2254619598,4.0670232773,4.6646947861,4.1701455116,3.9445896149,4.4182915688,4.1069831848,4.3232221603,4.5947480202,4.8777551651,5.5748968124,4.9521989822,4.0919208527,4.2305369377,4.1057939529,3.9142394066,4.6928277016,4.8309783936,4.9917683601,4.7255263329,5.0106649399,4.1930522919,5.3731489182,5.0407152176,5.4553413391,4.4201316833,4.4615650177,4.5500192642,4.818051815,4.2013936043,4.5675573349,3.8172383308,5.048099041,4.4590511322,5.5353164673,5.380616188,5.2088451385,4.7256150246,5.0270752907,4.260617733,4.4513401985,5.4388055801,3.9162604809,3.4127964973,4.2832565308,4.3826828003,3.7342157364,4.7448167801,3.9058084488,3.8490943909,4.2739415169,3.8449795246,3.4186582565,3.4677944183,3.3300178051,4.1110677719,4.3362874985,4.4336643219,3.0438883305,3.398203373,3.0006990433,2.1707820892,3.0284123421,3.0180878639,2.8445854187,3.026799202,2.7636070251,3.0400087833,2.6547992229,2.9957637787,2.6025276184,2.8812069893,2.5102460384,2.841953516]},"step_min_q":{"0":[1.7650284767,1.5472413301,2.0466394424,1.532613039,1.347792387,1.3622043133,1.0440461636,0.9949873686,1.0225778818,0.828173697,0.6455497742,0.3674693108,0.3605235815,0.171746254,0.058037281,-0.270164609,-0.2729263306,-0.2159186006,-0.4247377515,-0.4778978825,-0.3623463511,-0.4107955694,-0.3191802502,-0.3734651208,-0.3695783615,-0.4091249704,-0.5837401152,-0.4037044048,-0.3640749454,-0.3710560799,-0.3845353127,-0.5718150139,-0.3244546056,-0.3594719172,-0.3945385814,-0.3820871711,-0.4652596712,-0.347851038,-0.5788844824,-0.6368546486,-0.5889140368,-0.5247343779,-0.5962162018,-0.5124187469,-0.5462107062,-0.6005505323,-0.4739115238,-0.4255275726,-0.3940844536,-0.5016317368,-0.4659407139,-0.3663771152,-0.5677671432,-0.4000411034,-0.6772787571,-0.409313798,-0.7299766541,-0.3923084736,-0.5286753178,-0.2890564203,-0.3669410944,-0.3476965427,-0.6091772318,-0.3083097935,-0.2681546211,-0.3429191709,-0.28901577,-0.4437131286,-0.3618775606,-0.3473377228,-0.3216953278,-0.3322094679,-0.2744578123,-0.2627494335,-0.2038315535,-0.3183059096,-0.3798800111,-0.2379555702,-0.2063573599,-0.4252393246,-0.3429270983,-0.2587594986,-0.2943034172,-0.3137284517,-0.2083849907,-0.1878135204,-0.2787559032,-0.2677001357,-0.3431825638,-0.3164092302,-0.2277302742,-0.3051290512,-0.2758036852,-0.2746922374,-0.2665082216,-0.3654536009,-0.2916542292,-0.2777848244,-0.2748721838,-0.2898355126,-0.274284482,-0.2453390956,-0.261826396,-0.1878138781,-0.3238532543,-0.3724743128,-0.2463338971,-0.3580254018,-0.4313666523,-0.4438310564,-0.4391257465,-0.4373498559,-0.439817518,-0.3651510179,-0.1878125966,-0.1612148881,-0.2057247758,-0.2546130419,-0.3079272509,-0.3863329887,-0.1917300224,-0.202663064,-0.291693598,-0.3085079193,-0.2612056732,-0.2470170856,-0.1446031332,-0.3716676235,-0.3303043246,-0.2013316751,-0.2578701973,-0.5040441751,-0.3708128035,-0.1931859255,-0.2042922378,-0.1948004961,-0.1988841891,-0.2026177645,-0.198477149,-0.3540335894,-0.1809515953,-0.2682709694,-0.2870454192,-0.0567972064,0.0,0.0,-0.0367898941,-0.1905657053,-0.2882019281,-0.1329138279,0.0,0.0,0.0,0.0,0.0,0.0,-0.0546436906,0.0,0.0,0.0,0.0,0.0,-0.0568150282,0.0,0.0,0.0,0.0,0.0,-0.058616221,0.0,0.0,0.0,0.0,0.0,-0.0605322123,0.0,0.0,0.0,0.0,0.0,-0.0624383688,0.0,0.0,0.0,0.0,0.0,-0.0642727613,0.0,0.0,0.0,0.0,0.0,-0.0660178661,0.0,0.0,0.0,0.0,0.0,-0.0676641464,0.0]},"step_mean_q":{"0":[7.3964958191,7.3938808441,7.4238538742,7.3968272209,7.3599023819,7.2727451324,7.1674456596,7.0337915421,6.8398365974,6.6246576309,6.3578734398,6.0471720695,5.7130684853,5.4042129517,5.0795922279,4.7509036064,4.4574203491,4.1780028343,3.8829717636,3.626434803,3.3699653149,3.1403737068,2.9281339645,2.7293815613,2.5632824898,2.4064517021,2.3007612228,2.2017374039,2.1259088516,2.0552310944,2.0023701191,1.9701797962,1.9230303764,1.9008022547,1.8540593386,1.8069181442,1.7733178139,1.7346075773,1.7033871412,1.6849148273,1.6361811161,1.5878087282,1.5766140223,1.5498766899,1.5045112371,1.5241271257,1.506246686,1.4723675251,1.4484606981,1.4235025644,1.4016064405,1.4180239439,1.3789100647,1.3585005999,1.3361189365,1.3278254271,1.3236728907,1.289922595,1.3110575676,1.2719657421,1.2198427916,1.2410241365,1.1946754456,1.1614857912,1.1627651453,1.1509407759,1.1447399855,1.1560204029,1.1679708958,1.0820236206,1.0439091921,1.006456852,1.0029565096,1.0105614662,0.9694231749,0.9843370914,0.9490436912,0.9215827584,1.0122570992,1.0159144402,0.9990175962,0.9979475737,1.0230512619,1.028234005,1.0671054125,1.0899704695,1.1016887426,1.1173619032,1.0695124865,1.0539153814,1.065761447,1.068428278,1.0927941799,1.0446497202,1.1076247692,1.1647350788,1.2236616611,1.0758082867,1.0731406212,1.0692174435,1.0313779116,1.0717147589,1.0482162237,1.060367465,1.0656479597,1.0277458429,0.9819853306,0.9734686017,0.9658986926,0.9865697622,1.0107765198,1.0025793314,0.9766468406,0.8899120688,0.9375215173,0.9583600163,0.9309048057,0.9383741021,0.9215897918,0.8954589963,0.9767548442,0.9302475452,0.9146027565,0.8628224134,0.855481565,0.8283230066,0.8049104214,0.794449985,0.8160943985,0.7426800728,0.7781872749,0.7784036398,0.7715306878,0.7583071589,0.7736645937,0.7559577823,0.8070724607,0.7819526196,0.7692801356,0.7721963525,0.7834393382,0.7306061983,0.8086565137,0.8272095919,0.8548318148,0.8933215737,0.8910161257,0.8378742933,0.9021322131,0.8969524503,0.939042747,0.933182478,0.9325487614,0.8843523264,0.8893383741,0.8897023797,0.8741342425,0.849378109,0.9129776359,0.8965629339,0.9248212576,0.9167987108,0.9637178183,0.8934185505,0.9146502018,0.8721885681,0.8429527879,0.8896098733,0.8484653831,0.9194259644,0.9139983058,0.8954188228,0.8996587396,0.9032831192,0.9081473947,0.89700526,0.9257059693,0.8811845779,0.8541134596,0.8529284596,0.8425975442,0.8726399541,0.8922620416,0.8475514054,0.8077412248,0.8245297074,0.8084625006,0.7766510248,0.8109151125,0.7783307433,0.8031329513,0.798350215,0.7692424655,0.8067778349,0.7996237278,0.7690135837,0.7725358009,0.7713742852,0.7774876356,0.7797050476]},