{"move_action_north":{"0":0.0636485294},"move_action_south":{"0":0.0430802256},"move_action_east":{"0":0.0517711081},"move_action_west":{"0":0.0458518229},"enemy_shootable_0":{"0":0.2132972926},"enemy_distance_0":{"0":0.1606981754},"enemy_relative_x_0":{"0":0.1507340819},"enemy_relative_y_0":{"0":0.1134770438},"enemy_health_0":{"0":0.1222758517},"enemy_shield_0":{"0":0.1120695993},"enemy_shootable_1":{"0":0.2581109703},"enemy_distance_1":{"0":0.0801047161},"enemy_relative_x_1":{"0":0.1083998308},"enemy_relative_y_1":{"0":0.0831551403},"enemy_health_1":{"0":0.2425347418},"enemy_shield_1":{"0":0.1869971752},"enemy_shootable_2":{"0":0.212206617},"enemy_distance_2":{"0":0.0954746008},"enemy_relative_x_2":{"0":0.1111510843},"enemy_relative_y_2":{"0":0.0808548778},"enemy_health_2":{"0":0.2639011443},"enemy_shield_2":{"0":0.3116750121},"enemy_shootable_3":{"0":0.2232235819},"enemy_distance_3":{"0":0.0720123872},"enemy_relative_x_3":{"0":0.1259916276},"enemy_relative_y_3":{"0":0.0846920237},"enemy_health_3":{"0":0.2539686561},"enemy_shield_3":{"0":0.1962221563},"enemy_shootable_4":{"0":0.1629592031},"enemy_distance_4":{"0":0.1137353033},"enemy_relative_x_4":{"0":0.1165045425},"enemy_relative_y_4":{"0":0.0960460678},"enemy_health_4":{"0":0.2782689035},"enemy_shield_4":{"0":0.1009523347},"ally_visible_1":{"0":0.1048683003},"ally_distance_1":{"0":0.1410437077},"ally_relative_x_1":{"0":0.0853456482},"ally_relative_y_1":{"0":0.0662896335},"ally_health_1":{"0":0.0504057333},"ally_shield_bits_1":{"0":0.0520810336},"ally_visible_2":{"0":0.1464391798},"ally_distance_2":{"0":0.0806176737},"ally_relative_x_2":{"0":0.0714940056},"ally_relative_y_2":{"0":0.0689263791},"ally_health_2":{"0":0.0768787488},"ally_shield_bits_2":{"0":0.0522064678},"own_health":{"0":0.2377910465},"own_shield":{"0":0.2439255863}}