{"max_q":{"0":14.7658653259},"min_q":{"0":-1.1750533581},"mean_q":{"0":6.9277124405},"range_q":{"0":15.9409189224},"step_max_q":{"0":[13.8699703217,14.0369644165,14.241268158,14.5519733429,14.7658653259,14.6356315613,14.5685768127,14.440320015,14.1746292114,14.1063966751,13.9358787537,13.6858186722,13.504234314,13.4255905151,12.9824419022,13.0154190063,12.5651798248,12.3160362244,12.1849508286,11.9406547546,11.6291942596,11.3108692169,11.4858961105,11.0719242096,10.9157819748,10.9064121246,10.6246604919,10.1985492706,10.3008050919,10.0105028152,9.7600059509,9.5711393356,9.4399938583,9.3215236664,9.152132988,8.7445116043,8.8535642624,8.3084306717,8.4224872589,7.9764194489,7.8592014313,7.7810387611,7.4839320183,7.4796495438,7.0368890762,6.8725919724,7.0422925949,6.9192857742,6.8534312248,7.0083389282,7.0109624863,7.1685523987,7.0908350945,7.3195724487,7.1503982544,7.1860771179,7.2448220253,7.3372964859,7.4159145355,7.3494672775,7.4087920189,7.2783880234,7.1353721619,7.2054862976,7.1940350533,7.2634782791,7.2906837463,7.3965244293,7.5882368088,7.4264655113,7.5550785065,7.4740104675,7.5790147781,7.6172194481,7.6264448166,7.5763845444,7.683257103,7.7154898643,7.6193594933,7.7142715454,7.6326160431,7.774353981,7.8254537582,7.7747597694,7.5766878128,7.6373462677,7.5360817909,7.5423021317,7.4684772491,7.5556502342,7.5856075287,7.5617675781,7.4315447807,7.6362328529,7.3529138565,7.3067293167,7.6051630974,7.5530843735,7.5936770439,7.4745845795,7.1468048096,7.1992878914,7.1646347046,7.2770719528,7.3574800491,7.3933968544,7.1922626495,7.044678688,6.7555761337,6.7597384453,6.794781208,6.512822628,6.6187124252,6.3886713982,6.3766589165,6.2846593857,6.2352828979,6.2685165405,6.3069820404,6.429444313,6.2107400894,5.9473361969,5.9339408875,5.8383946419,5.693582058,5.9054250717,6.1643977165,6.3112754822,5.9363436699,5.9224405289,5.878844738,5.6482853889,5.5907635689,5.3932051659,5.3205618858,5.2110133171,5.1968841553,5.4204077721,5.3324489594,5.2713279724,5.1359167099,5.2040963173,4.9654393196,4.9831256866,4.8526353836,4.6954541206,4.8978075981,4.843413353,4.7383308411,4.686961174,4.6056342125,4.5365877151,4.3754668236,4.2611255646,4.2011470795,4.2086138725,4.1404185295,3.8600804806,3.7693223953,3.7733955383,3.839884758,3.7581615448,3.9407970905,4.0672774315,4.1219220161,4.1470351219,3.9852731228,4.5408935547,4.3916897774,4.2783927917]},"step_min_q":{"0":[11.975607872,12.5379571915,12.6169605255,12.3858413696,12.2938899994,11.411901474,11.0255203247,10.3614768982,10.1551952362,9.5625476837,9.499912262,9.2048902512,8.044216156,7.5269384384,6.6743936539,5.7408409119,5.7007913589,4.6551609039,5.2959976196,5.0533561707,4.1700029373,4.2654109001,3.7164599895,2.8981485367,2.1290049553,0.9327652454,0.9041814208,1.1208844185,0.8611489534,0.5711636543,0.1411957741,0.5902212858,0.1671557426,0.3310191631,-0.9635732174,-0.3220981956,0.1142918468,-0.5827133656,-1.1750533581,-1.0094983578,-0.8527392745,-0.3782002926,-0.8630979061,-0.6471012831,-0.9189696312,-0.7000291944,-0.3195327222,0.0,0.0,0.0,0.0,0.0,0.0,0.0,0.0,0.0,-0.1133235395,-0.0848839283,-0.1942528486,-0.1910898387,-0.1865127683,-0.178866446,-0.044396162,-0.0259631276,-0.2918881476,-0.0733944178,-0.1990697384,0.0,0.0,0.0,0.0,0.0,0.0,0.0,0.0,0.0,0.0,0.0,0.0,0.0,0.0,0.0,0.0,0.0,0.0,0.0,0.0,0.0,0.0,0.0,0.0,0.0,0.0,0.0,0.0,0.0,0.0,0.0,0.0,0.0,0.0,0.0,0.0,0.0,0.0,0.0,0.0,0.0,-0.1938611865,0.0,0.0,-0.0796766281,0.0,0.0,0.0,-0.0179158449,-0.1178004742,-0.2807323039,-0.1785055697,-0.094956398,-0.0763633251,-0.2331721783,-0.1249780059,-0.0144565105,0.0,0.0,-0.0402143598,-0.3135832548,-0.1950005293,0.0,0.0,0.0,-0.0829669833,-0.153255403,-0.2311627865,-0.2424948812,-0.2895003557,-0.3326546252,-0.3732091486,-0.4088674188,-0.4407135248,-0.4694254994,-0.4319757223,-0.1068431139,-0.1130269766,-0.2029548287,-0.5489270687,-0.2274347842,-0.137034595,-0.0120085478,-0.0372713804,-0.1151514649,-0.130792439,-0.1396817267,-0.1778267175,-0.1076996922,-0.2609946132,-0.2083147764,-0.1502817273,-0.0517855883,0.0,-0.0334751606,-0.1065275073,-0.1021684408,-0.0401943326,-0.0008280575,0.0,-0.2497004271,0.0,-0.0429691672]},"step_mean_q":{"0":[13.5473403931,13.787902832,13.9459590912,14.1212472916,14.069644928,13.9344215393,13.9562587738,13.757727623,13.4057149887,13.1806259155,13.0187187195,12.7791700363,12.3746137619,12.1339426041,11.9325199127,11.6478996277,11.3186321259,11.0703363419,10.888753891,10.5642337799,10.2784547806,10.0729589462,9.9056034088,9.6412134171,9.4588279724,9.3342647552,9.1513347626,8.8945083618,8.6795635223,8.5481462479,8.3242816925,8.0663738251,7.8446831703,7.6820731163,7.429066658,7.1984291077,7.0212740898,6.8506011963,6.6243839264,6.420478344,6.2547750473,6.1135401726,5.9482960701,5.826836586,5.7435851097,5.680106163,5.6359353065,5.6433782578,5.6342711449,5.6262717247,5.6227445602,5.6447134018,5.6605033875,5.670343399,5.7008538246,5.708255291,5.7366065979,5.7687392235,5.7759785652,5.7891225815,5.8143868446,5.8350110054,5.8557386398,5.8786549568,5.8924689293,5.9247441292,5.9422039986,5.9537134171,5.975048542,5.9960017204,6.0123739243,6.0313420296,6.0399880409,6.048869133,6.0577664375,6.0658078194,6.0647277832,6.069106102,6.0723252296,6.0657138824,6.0561265945,6.0454173088,6.0301408768,6.0212831497,5.9959282875,5.9731321335,5.9486737251,5.9103631973,5.8651909828,5.8275499344,5.7638583183,5.7203803062,5.6716341972,5.595949173,5.5428805351,5.4680938721,5.3958091736,5.3142561913,5.2261018753,5.138856411,5.0522370338,4.9693589211,4.8783488274,4.7906141281,4.6987953186,4.6053824425,4.508471489,4.4061737061,4.3396058083,4.2483754158,4.1539254189,4.0794677734,3.9853980541,3.9043457508,3.8277065754,3.7616171837,3.6925406456,3.6220934391,3.5447616577,3.4706568718,3.4064033031,3.3523797989,3.291223526,3.2324204445,3.1805903912,3.0885028839,3.0366072655,2.9951021671,2.9396169186,2.8830850124,2.8600585461,2.8239440918,2.741761446,2.704269886,2.6298811436,2.5786905289,2.5032272339,2.4382851124,2.3892261982,2.3752789497,2.3475346565,2.3671321869,2.3179779053,2.2930617332,2.302413702,2.268228054,2.2200648785,2.1976087093,2.2118861675,2.2473430634,2.2051866055,2.1445362568,2.1091191769,2.063924551,2.0635852814,2.0345108509,1.9596679211,1.9151712656,1.9188779593,1.9122960567,1.9510772228,1.8483462334,1.7885962725,1.7440196276,1.7085702419,1.6857652664,1.6525839567,1.7112550735,1.6955528259,1.6011892557]},"episodes_still_running":{"0":[4096.0,4096.0,4096.0,4096.0,4096.0,4096.0,4096.0,4096.0,4096.0,4096.0,4096.0,4096.0,4096.0,4096.0,4096.0,4096.0,4096.0,4096.0,4096.0,4096.0,4096.0,4096.0,4096.0,4096.0,4096.0,4096.0,4096.0,4096.0,4096.0,4096.0,4096.0,4096.0,4096.0,4096.0,4096.0,4096.0,4096.0,4096.0,4096.0,4096.0,4096.0,4096.0,4096.0,4084.0,4084.0,4084.0,4068.0,4028.0,4024.0,4020.0,4016.0,4004.0,3996.0,3996.0,3980.0,3980.0,3972.0,3960.0,3960.0,3960.0,3952.0,3948.0,3940.0,3936.0,3936.0,3924.0,3924.0,3924.0,3920.0,3912.0,3912.0,3908.0,3908.0,3908.0,3908.0,3904.0,3904.0,3904.0,3904.0,3904.0,3904.0,3904.0,3900.0,3900.0,3900.0,3900.0,3900.0,3900.0,3900.0,3900.0,3896.0,3896.0,3892.0,3888.0,3888.0,3880.0,3876.0,3872.0,3868.0,3856.0,3856.0,3828.0,3816.0,3796.0,3772.0,3740.0,3700.0,3668.0,3600.0,3532.0,3468.0,3376.0,3292.0,3180.0,3100.0,2988.0,2848.0,2732.0,2644.0,2540.0,2404.0,2276.0,2132.0,1980.0,1840.0,1732.0,1624.0,1492.0,1408.0,1340.0,1268.0,1184.0,1104.0,1024.0,972.0,928.0,868.0,824.0,796.0,736.0,672.0,608.0,572.0,552.0,520.0,500.0,464.0,436.0,420.0,404.0,380.0,372.0,348.0,328.0,308.0,288.0,272.0,260.0,236.0,212.0,200.0,184.0,180.0,180.0,180.0,160.0,148.0,128.0,124.0,108.0]},