{"max_q":{"0":17.7366695404},"min_q":{"0":-0.7621998787},"mean_q":{"0":9.0341873169},"range_q":{"0":18.4988689423},"step_max_q":{"0":[16.3969135284,16.6068668365,17.0501213074,17.197681427,17.3687286377,17.7366695404,17.4526252747,17.3970375061,16.8177909851,16.1602935791,15.3660306931,14.9511613846,14.026515007,13.6507568359,12.9208812714,12.5333042145,11.5370769501,10.5821113586,10.0299043655,9.2627725601,8.4692306519,7.7231535912,7.6671180725,6.8348369598,6.4918560982,6.4507231712,5.965157032,5.5449447632,5.6734075546,5.3641958237,4.7724208832,4.8783392906,4.5044398308,4.2427148819,4.0164780617,3.6765813828,3.5532429218,3.5192909241,3.4503536224,3.0070199966,2.8386173248,2.6791710854,2.4053461552,2.15508008,2.396333456,1.9883993864,1.5957996845,1.6742780209,0.6468805075,0.810854435,0.5327602625,0.8502877951,0.5243507624,0.9700306654,0.5185244083,0.965744853,0.514426589,0.9628126621,0.511556983,0.9608328342,0.5095707178,0.9595310688,0.5082278252,0.9587182999,0.5073570013,0.958261013,0.5068360567,0.9580652714,0.5065757036,0.9580621719,0.5065110922,0.9582024813,0.5065931082,0.9584487677,0.5067850351,0.958773613,0.5070599318,0.959155798,0.5073963404,0.959580183,0.5077784061,0.960033536,0.5081934929,0.9605072737,0.5086314678,0.9609942436,0.5090850592,0.9614877701,0.5095483065,0.9619845152,0.5100170374,0.9624798298,0.5104864836,0.9629721642,0.5031768084,0.3785061836,0.1009652615,0.7235274315,0.8298207521,0.3628091812,0.3978019953,0.7227094173,0.4556914568,0.3620693684,0.0993936062,0.7220289707,0.4550483227,0.3614501953,0.0987946987,0.7214580774,0.4545074701,0.3609275818,0.0982875824,0.7209749222,0.4540480375,0.3776185513,0.4605610371,0.3767520189,0.4629095793,0.3597749472,0.1450991631,0.7193640471,0.4544403553,0.3596457243,0.0972392559,0.719686985,0.4532577991,0.359431982,0.0968465805,0.7195683718,0.4528291225,0.3763257265,0.4594106674,0.3755609989,0.4618289471,0.3586872816,0.0977292061,0.7183485031,0.4534847736,0.3587015867,0.0963039398,0.7188065052,0.4524188042,0.3586063385,0.0960321426,0.7188000679,0.4520921707,0.3755991459,0.4587192535,0.374879241,0.4611798525,0.3580486774,0.097099781,0.7177546024,0.4529132843,0.3581376076,0.14057827,0.7182825804,0.4519133568,0.3581074476,0.0955405235,0.7183371782,0.4516451359,0.3751561642,0.458298564,0.3744626045,0.4607838392,0.3576569557,0.0967125893,0.717392683,0.4525626898,0.3577901125,0.0954048634,0.7179621458,0.4516035318,0.35779953,0.0952355862,0.718053937,0.4513710737,0.3748832941]},"step_min_q":{"0":[15.6610393524,14.2527017593,14.1432905197,14.6172599792,14.0561161041,14.913028717,14.0142297745,13.8024311066,12.8056125641,10.1745157242,9.7175226212,9.9922990799,9.1481332779,8.6404514313,8.5095014572,7.5064797401,6.8903121948,5.3475046158,4.5604200363,4.5437049866,3.5889313221,2.1262290478,1.9885697365,1.660949707,0.7533042431,0.2328207493,-0.288279295,-0.5383660793,-0.6525554657,-0.4691255093,-0.4934523106,-0.2593426704,-0.6968197823,-0.7621998787,-0.4008126259,-0.3232522011,-0.3114898205,-0.3750858307,-0.4136893749,-0.3316762447,-0.3927357197,-0.3964967728,-0.3836448193,-0.3699045181,-0.3472685814,-0.3172121048,-0.4229619503,-0.2867014408,-0.3872404099,-0.2991905212,-0.2919473648,-0.2908568382,-0.3731751442,-0.2805235386,-0.2879786491,-0.3666608334,-0.3626611233,-0.2786645889,-0.2992126942,-0.2992038727,-0.3544018269,-0.3014364243,-0.3026685715,-0.3038511276,-0.3476691246,-0.3060998917,-0.3987388611,-0.3125104904,-0.3399031162,-0.4000017643,-0.3370060921,-0.381875515,-0.3344810009,-0.2770476341,-0.3321974277,-0.400560379,-0.330092907,-0.2782297134,-0.328132391,-0.2839298248,-0.3262937069,-0.283810854,-0.3725199699,-0.2872796059,-0.3702247143,-0.2857677937,-0.3585102558,-0.2871341705,-0.3530352116,-0.2880091667,-0.3502514362,-0.2885055542,-0.3487944603,-0.2888331413,-0.3480527401,-0.2890861034,-0.347710371,-0.2893042564,-0.3475916386,-0.2895035744,-0.3475973606,-0.2896904945,-0.347671032,-0.2898693085,-0.3477799892,-0.2900409698,-0.3479065895,-0.2902064323,-0.3480401039,-0.2903649807,-0.3481750488,-0.2905173302,-0.348307848,-0.2906634808,-0.3484375477,-0.290803194,-0.3485620022,-0.29093647,-0.3486816883,-0.2910635471,-0.3487958908,-0.2911844254,-0.3489048481,-0.2913000584,-0.3490085602,-0.2914092541,-0.3491072655,-0.2915139198,-0.349200964,-0.2916128635,-0.3492898941,-0.2917068005,-0.3493745327,-0.291795969,-0.3494544029,-0.2918803692,-0.3495306969,-0.2919602394,-0.3496024609,-0.2920365334,-0.3496701717,-0.2921075821,-0.3497343063,-0.2921760082,-0.3497958183,-0.2922401428,-0.3498532772,-0.2923007011,-0.3499076366,-0.29235816,-0.3499586582,-0.292412281,-0.3500068188,-0.2924633026,-0.3500525951,-0.2925112247,-0.3500957489,-0.2925565243,-0.3501358032,-0.2925989628,-0.3501737118,-0.2926390171,-0.3502094746,-0.292675972,-0.3502430916,-0.2927110195,-0.350274086,-0.2927434444,-0.3503026962,-0.2927746773,-0.3503298759,-0.2928030491,-0.3503556252,-0.292829752,-0.3503792286,-0.2928540707,-0.3504009247,-0.2928769588,-0.3504209518,-0.2928979397]},"step_mean_q":{"0":[16.1023445129,16.3879470825,16.590965271,16.8261528015,17.0087623596,17.2103748322,16.7976932526,16.381187439,15.7296209335,14.9754419327,14.2999649048,13.5370235443,12.8409118652,12.0636253357,11.3569011688,10.6268777847,9.9115867615,9.1887226105,8.4583625793,7.7573466301,7.056060791,6.4069747925,5.8058366776,5.2583522797,4.7494974136,4.2863998413,3.8764731884,3.5446000099,3.2802400589,3.0814869404,2.9248576164,2.7923543453,2.6666464806,2.5311820507,2.398337841,2.2569704056,2.081184864,1.8602713346,1.5958706141,1.4763139486,1.2199543715,0.8232494593,0.6476625204,0.4496054947,0.3987376988,0.2427844256,0.0834454596,0.0993838087,0.0130668823,-0.0059437333,-0.0252527483,0.0023255069,-0.041548539,0.0188295078,-0.0253602024,0.0028145949,-0.0518348292,0.0087373415,-0.0211062822,0.0016047159,-0.063286677,0.0142652746,-0.0268079601,-0.0043447493,-0.0548658594,0.0039394777,-0.050427556,-0.0065126261,-0.0602839217,-0.0070776544,-0.0447558165,-0.0164183304,-0.0632387102,0.0019336779,-0.0381623842,-0.0168260261,-0.0645285398,0.0016280174,-0.0398077257,-0.0034195422,-0.0629257858,0.0004883846,-0.0442243889,-0.0042699496,-0.0693697631,-0.0001985629,-0.0438336842,-0.0048518418,-0.068748273,-0.0008340041,-0.0437418856,-0.005482777,-0.0689148381,-0.0013232549,-0.0441492237,-0.0475007705,-0.105656065,-0.0468026176,-0.0224033836,-0.0742031857,-0.0805132911,-0.0406144522,-0.0493744835,-0.0739099979,-0.1057045907,-0.0725737289,-0.0760786384,-0.0844676048,-0.1062915772,-0.0637745336,-0.0811140612,-0.0765729249,-0.1072054878,-0.0702491924,-0.0846009031,-0.0812653825,-0.0856605843,-0.0881069899,-0.0755425245,-0.0876219645,-0.0963814929,-0.065575622,-0.0763730705,-0.0836811811,-0.1053382382,-0.0610741451,-0.0687267482,-0.078506425,-0.1031594574,-0.0505310632,-0.0742909089,-0.078935042,-0.0819080696,-0.0845771804,-0.0713200718,-0.0743304342,-0.1026490554,-0.0616297089,-0.0631210953,-0.0804149061,-0.1040324345,-0.0642035678,-0.0740873963,-0.0778366253,-0.0981298462,-0.0607422516,-0.0739585683,-0.0678808987,-0.0799943283,-0.0849325135,-0.0759444311,-0.0799273178,-0.101507172,-0.05614613,-0.0730298012,-0.0797614083,-0.0927723721,-0.0621489286,-0.0743599236,-0.0823513716,-0.1036655083,-0.0595464483,-0.0684532151,-0.0777445138,-0.0793222338,-0.073643446,-0.0738829225,-0.0801721439,-0.1060184315,-0.0616601929,-0.071833238,-0.0742377043,-0.1026360989,-0.0614599325,-0.0630704314,-0.0802727863,-0.1039106697,-0.0640430823,-0.0739675462,-0.0765332654]},