{"max_q":{"0":15.0407009125},"min_q":{"0":-0.6555519104},"mean_q":{"0":6.9791731834},"range_q":{"0":15.6962528229},"step_max_q":{"0":[14.1618423462,14.3686294556,14.5765895844,14.8068113327,15.0407009125,14.6695690155,14.8189182281,14.6499767303,14.3237895966,13.9960412979,13.959312439,13.7441577911,13.2839012146,13.2502803802,13.3000259399,12.9975337982,12.7378349304,12.5767307281,12.5045785904,12.0983924866,11.9731025696,11.5368938446,11.3489742279,11.2104721069,11.1228103638,10.770608902,10.6010417938,10.634765625,10.2470359802,10.1780261993,9.7628993988,9.5058116913,9.4232254028,9.2428836823,9.0898780823,9.0197238922,8.7251319885,8.5694885254,8.3009119034,8.2519454956,7.9809293747,7.8729515076,7.6747846603,7.3830862045,7.3416666985,7.3055858612,7.1172084808,7.1130256653,7.0106201172,6.9615588188,6.9812688828,6.9530858994,7.0087680817,7.0119533539,7.075293541,7.0957312584,7.1490054131,7.1595048904,7.2277698517,7.2467079163,7.1192350388,7.2019753456,7.1883678436,7.2535161972,7.2671995163,7.3134660721,7.4501438141,7.4115839005,7.4675416946,7.4917106628,7.4966306686,7.5364890099,7.5958251953,7.6713294983,7.6977939606,7.6812415123,7.7852640152,7.7185678482,7.875772953,7.8645401001,7.7861623764,7.7238383293,7.6187796593,7.6359119415,7.6509647369,7.6667003632,7.6839084625,7.7199745178,7.5706987381,7.5613002777,7.6778945923,7.7053861618,7.5367894173,7.5324268341,7.6626448631,7.6798849106,7.6987257004,7.6584773064,7.6983036995,7.5521173477,7.4165706635,7.5911779404,7.2839360237,7.4182605743,7.52302742,7.5097360611,7.2681527138,7.228782177,7.1049332619,6.9781675339,6.9061183929,6.7828292847,6.8610901833,6.4528346062,6.4164733887,6.4149656296,6.5408449173,6.4705123901,6.6474971771,6.8076448441,6.2073440552,6.043712616,6.1002969742,5.9125103951,5.8769826889,5.8976793289,5.8945736885,5.8863658905,5.7604970932,5.7749757767,5.8166694641,5.611623764,5.6260304451,5.4694299698,5.6055984497,5.6701908112,5.5260424614,5.5087513924,5.4584121704,5.4859595299,5.5884122849,5.6589174271,5.4994931221,5.4759702682,5.2512712479,5.1556463242,5.0134572983,4.7796711922,4.7130980492,4.8998222351,4.8876276016,4.9025492668,4.8273487091,4.7229266167,4.4794883728,4.4996032715,4.2585487366,4.1720232964,3.9826424122,4.0089297295,3.9437687397,3.9876499176,4.3477091789,4.5064730644,4.498855114,4.4642062187,4.3074717522,4.284635067,4.3286466599,4.1210250854]},"step_min_q":{"0":[11.3754920959,11.5401153564,11.9070491791,11.7408027649,11.6160202026,11.0499210358,10.8571634293,10.5513019562,9.8695640564,9.5012397766,8.8420181274,8.1752719879,8.0532512665,7.2002754211,6.3662791252,6.4250335693,5.5146398544,5.7761201859,5.1980524063,3.6789302826,3.2765855789,3.2007145882,2.9299063683,2.603957653,1.6449314356,2.2527575493,1.8681846857,1.3906587362,1.0331134796,1.3535442352,0.8175071478,0.6597083807,0.0243003368,0.4574884176,0.4402348399,0.5292746425,0.3883500099,0.134210825,-0.4287635088,-0.3823053837,-0.5432628393,-0.2615071535,-0.2516932487,-0.3926264048,-0.6555519104,-0.4691284299,-0.5263649225,-0.3594671488,-0.2591653168,-0.2375453115,-0.2519636452,-0.3333453238,-0.3543802798,-0.5140613317,-0.5089423656,-0.5383619666,-0.6064051986,-0.4448273778,-0.4829133749,-0.3660117388,-0.2864570916,0.0,0.0,0.0,0.0,-0.0056543648,0.0,0.0,0.0,0.0,0.0,0.0,0.0,0.0,0.0,0.0,0.0,0.0,0.0,0.0,0.0,0.0,0.0,0.0,0.0,0.0,0.0,0.0,0.0,0.0,0.0,0.0,0.0,0.0,0.0,0.0,0.0,0.0,0.0,0.0,0.0,0.0,0.0,0.0,0.0,0.0,0.0,0.0,0.0,0.0,0.0,0.0,-0.1536743641,-0.2258352041,-0.0785754323,-0.1280332506,-0.0052308366,-0.0722093284,-0.033256501,-0.0391993225,-0.1044029668,-0.1330596507,-0.1417707503,-0.1762757599,-0.3536174893,-0.1766678542,-0.392998606,-0.3888866901,-0.3635600209,-0.231867522,-0.1629238427,-0.1784223318,-0.0933506191,0.0,-0.2122009099,-0.1551176608,-0.3602676392,-0.1063421369,-0.1515572667,-0.2160001993,-0.4278438091,-0.3355924487,-0.1542166173,-0.1174690723,-0.3515423834,-0.0796305388,-0.1075536236,0.0,0.0,0.0,-0.1150969937,-0.1542905271,-0.1944940984,-0.241638124,-0.2926307321,-0.1585017145,-0.2158572227,-0.2212466598,0.0,-0.0699777603,-0.0404139757,0.0,-0.0737524033,-0.2870105207,-0.1039772555,-0.006368883,-0.1444030404,-0.0555830486,-0.2062441111,0.0]},"step_mean_q":{"0":[13.5603103638,13.7541828156,13.9349384308,14.0991516113,14.0579204559,13.9468851089,13.9920520782,13.7905273438,13.4411249161,13.2201108932,13.0741729736,12.8263530731,12.4255695343,12.1999378204,12.0104637146,11.7467479706,11.3814182281,11.1326751709,10.9446058273,10.6377296448,10.3317584991,10.1388139725,9.9640665054,9.7082767487,9.5020675659,9.3600578308,9.19165802,8.9612588882,8.7666501999,8.6165122986,8.3956375122,8.1579408646,7.938598156,7.7440896034,7.4922266006,7.2433977127,7.0344619751,6.8334956169,6.600982666,6.4075565338,6.2433185577,6.1029353142,5.9489207268,5.8321247101,5.7522096634,5.6906309128,5.6563653946,5.6721100807,5.6663184166,5.6686210632,5.6717467308,5.6986589432,5.7211017609,5.7322053909,5.7622308731,5.7762155533,5.8068132401,5.8371891975,5.8487057686,5.8648743629,5.8877954483,5.9072847366,5.9313373566,5.9505119324,5.9664530754,5.9966034889,6.0116934776,6.0239462852,6.0466547012,6.0688304901,6.0824131966,6.0989375114,6.110440731,6.1147389412,6.1240448952,6.1299152374,6.1303372383,6.1326084137,6.1334218979,6.1254239082,6.1187558174,6.1084842682,6.0954184532,6.07995224,6.054356575,6.0322599411,6.0038943291,5.9663491249,5.9233465195,5.8816628456,5.8306245804,5.7854733467,5.7361536026,5.6689362526,5.6143059731,5.5400600433,5.4663414955,5.3876504898,5.3001389503,5.2211122513,5.1301255226,5.0423197746,4.9383983612,4.8524737358,4.7542386055,4.6542100906,4.5581588745,4.4575743675,4.3789234161,4.2949972153,4.2072110176,4.1229128838,4.0337004662,3.9490375519,3.8645627499,3.781576395,3.7193713188,3.6460568905,3.5533907413,3.4949855804,3.416977644,3.3578782082,3.3021755219,3.2633647919,3.2252950668,3.1549584866,3.1205217838,3.0773115158,3.0237107277,2.9521689415,2.9548928738,2.9095509052,2.8258769512,2.7648413181,2.7025971413,2.6376891136,2.5857541561,2.5443849564,2.4873011112,2.4597270489,2.4899134636,2.4846074581,2.4497447014,2.3849747181,2.4129168987,2.3876473904,2.3754720688,2.3305461407,2.3263142109,2.2776350975,2.2473013401,2.177200079,2.1725234985,2.0900325775,2.0809922218,2.0306901932,1.9938573837,1.9402571917,1.986918807,1.9445482492,1.9706271887,1.8745020628,1.8109235764,1.7507839203,1.7301700115,1.7618949413,1.6982227564,1.8283891678,1.7327079773,1.7085645199]},"episodes_still_running":{"0":[4096.0,4096.0,4096.0,4096.0,4096.0,4096.0,4096.0,4096.0,4096.0,4096.0,4096.0,4096.0,4096.0,4096.0,4096.0,4096.0,4096.0,4096.0,4096.0,4096.0,4096.0,4096.0,4096.0,4096.0,4096.0,4096.0,4096.0,4096.0,4096.0,4096.0,4096.0,4096.0,4096.0,4096.0,4096.0,4096.0,4096.0,4096.0,4096.0,4096.0,4096.0,4096.0,4096.0,4084.0,4084.0,4084.0,4068.0,4028.0,4024.0,4020.0,4016.0,4004.0,3996.0,3996.0,3980.0,3980.0,3972.0,3960.0,3960.0,3960.0,3952.0,3948.0,3940.0,3936.0,3936.0,3924.0,3924.0,3924.0,3920.0,3912.0,3912.0,3908.0,3908.0,3908.0,3908.0,3904.0,3904.0,3904.0,3904.0,3904.0,3904.0,3904.0,3900.0,3900.0,3900.0,3900.0,3900.0,3900.0,3900.0,3900.0,3896.0,3896.0,3892.0,3888.0,3888.0,3880.0,3876.0,3872.0,3868.0,3856.0,3856.0,3828.0,3816.0,3796.0,3772.0,3740.0,3700.0,3668.0,3600.0,3532.0,3468.0,3376.0,3292.0,3180.0,3100.0,2988.0,2848.0,2732.0,2644.0,2540.0,2404.0,2276.0,2132.0,1980.0,1840.0,1732.0,1624.0,1492.0,1408.0,1340.0,1268.0,1184.0,1104.0,1024.0,972.0,928.0,868.0,824.0,796.0,736.0,672.0,608.0,572.0,552.0,520.0,500.0,464.0,436.0,420.0,404.0,380.0,372.0,348.0,328.0,308.0,288.0,272.0,260.0,236.0,212.0,200.0,184.0,180.0,180.0,180.0,160.0,148.0,128.0,124.0,108.0]},