{"max_q":{"0":16.3320903778},"min_q":{"0":-1.031547308},"mean_q":{"0":8.5758390427},"range_q":{"0":17.3636379242},"step_max_q":{"0":[15.4979715347,15.7104701996,15.5127592087,15.5142383575,15.0039157867,15.7451705933,14.9866943359,16.3320903778,14.6169166565,14.4348917007,14.001411438,13.6036777496,13.2860279083,13.2256221771,12.9604434967,12.2791976929,11.8913898468,11.8273143768,11.3193225861,11.0604133606,10.6030330658,10.4994468689,9.8875551224,9.9235630035,9.2690887451,8.7745485306,8.3460502625,8.1469039917,7.6861896515,7.265818119,7.2266550064,6.3940382004,6.5223646164,6.2062778473,6.26612854,5.3559384346,5.2067337036,4.8854379654,4.6487689018,4.4466428757,4.4694905281,4.2085900307,4.2073712349,3.9749338627,3.799349308,3.5237669945,3.7914485931,3.3553214073,3.6399698257,3.2568864822,3.2825376987,3.1931807995,3.5109090805,3.1656506062,3.08304739,2.9333341122,3.1912515163,3.2830052376,2.8628942966,2.5793824196,2.706351757,2.6728262901,2.3676962852,2.3619582653,2.1924002171,2.5908517838,2.2180719376,2.1004071236,2.1569190025]},"step_min_q":{"0":[12.0298900604,11.249162674,11.7703495026,11.1088609695,10.9232139587,10.4834270477,9.5277061462,9.7562637329,9.2981386185,6.5446543694,6.0783853531,5.6488742828,3.661662817,3.8491375446,3.2222144604,2.8553247452,1.9854067564,1.8964602947,1.3887634277,-0.1406004429,0.5989630222,0.1342124939,0.1757786274,-0.0413548946,0.0,0.0,0.0,-1.031547308,-0.2149004936,-0.0315241814,-0.1539721489,-0.2190580368,-0.2795701027,-0.101057291,-0.2289686203,-0.1907639503,-0.1873474121,-0.2573907375,-0.4082343578,-0.2884721756,-0.7422275543,-0.2647619247,-0.6152732372,-0.6053347588,-0.4330039024,-0.2766599655,-0.1542854309,-0.1459813118,-0.162071228,-0.128537178,-0.1947879791,-0.0283398628,-0.2232499123,-0.0667362213,0.0,0.0,0.0,0.0,0.0,0.0,0.0,0.0,0.0,0.0,0.0,0.0,0.0,0.0,0.0]},"step_mean_q":{"0":[14.7367477417,14.9923496246,14.7944936752,14.6560611725,14.2608680725,14.2571802139,14.0163021088,13.8127212524,13.3527364731,12.8669376373,12.5724935532,12.1013345718,11.8097724915,11.3920669556,11.0438690186,10.6955814362,10.3043994904,9.9461097717,9.5356302261,9.1827144623,8.7886333466,8.4165086746,8.0112113953,7.6169033051,7.250079155,6.8513221741,6.4588031769,6.0998420715,5.7599110603,5.4139528275,5.1024580002,4.7783331871,4.4614596367,4.1842713356,3.9156210423,3.6393208504,3.417016983,3.2133557796,3.0168011189,2.8723533154,2.7042276859,2.5729625225,2.4416940212,2.224162817,2.032989502,1.9519380331,1.8716114759,1.8464224339,1.8020114899,1.8228896856,1.9088323116,1.8827830553,1.8366823196,2.115036726,1.8929579258,1.9456094503,1.9138529301,1.7479476929,1.5224704742,1.9999152422,2.706351757,2.6728262901,2.3676962852,2.3619582653,2.1924002171,2.5908517838,2.2180719376,2.1004071236,2.1569190025]},"episodes_still_running":{"0":[4096.0,4096.0,4096.0,4096.0,4096.0,4096.0,4096.0,4096.0,4096.0,4096.0,4096.0,4096.0,4096.0,4096.0,4096.0,4096.0,4096.0,4096.0,4096.0,4096.0,4096.0,4096.0,4096.0,4096.0,4092.0,4092.0,4092.0,4092.0,4080.0,4076.0,4060.0,4044.0,4040.0,4000.0,3984.0,3968.0,3916.0,3860.0,3692.0,3392.0,2920.0,2444.0,1868.0,1400.0,1056.0,788.0,572.0,448.0,320.0,216.0,156.0,108.0,84.0,56.0,36.0,28.0,28.0,20.0,12.0,8.0,4.0,4.0,4.0,4.0,4.0,4.0,4.0,4.0,4.0]},"step_range_q":{"0":[3.4680814743,4.4613075256,3.7424097061,4.405377388,4.080701828,5.2617435455,5.4589881897,6.5758266449,5.318778038,7.8902373314,7.9230260849,7.9548034668,9.6243648529,9.3764848709,9.7382287979,9.4238729477,9.9059829712,9.9308538437,9.9305591583,11.2010135651,10.004070282,10.365234375,9.7117767334,9.9649181366,9.2690887451,8.7745485306,8.3460502625,9.1784515381,7.9010901451,7.2973423004,7.3806271553,6.6130962372,6.8019347191,6.3073348999,6.4950971603,5.5467023849,5.3940811157,5.1428289413,5.0570030212,4.7351150513,5.2117180824,4.4733519554,4.8226442337,4.5802688599,4.2323532104,3.80042696,3.945734024,3.5013027191,3.8020410538,3.3854236603,3.4773256779,3.2215206623,3.7341589928,3.2323868275,3.08304739,2.9333341122,3.1912515163,3.2830052376,2.8628942966,2.5793824196,2.706351757,2.6728262901,2.3676962852,2.3619582653,2.1924002171,2.5908517838,2.2180719376,2.1004071236,2.1569190025]},"mean_loss:":{"0":0.1181081086},"rmse":{"0":0.3436686099},"step_rmse":{"0":[0.1756943017,0.1659925133,0.1822059602,0.2078478932,0.237015456,0.3452762067,0.3088873923,0.3961801529,0.4213684499,0.449411869,0.5054020286,0.5013090372,0.517904222,0.4908666313,0.4976564944,0.4350670278,0.4140844345,0.4216136038,0.3953981698,0.3919449747,0.3494357169,0.339171201,0.3346580565,0.3075389266,0.3340784907,0.3232719004,0.3107277751,0.304931432,0.2911750078,0.2796464264,0.2738760114,0.2692816257,0.2791710794,0.2594753206,0.2720037997,0.2603328824,0.2500706315,0.2633602321,0.269685328,0.2457360476,0.2535366118,0.2369572967,0.2616754472,0.2601675689,0.3569101989,0.328992337,0.389012754,0.4265635014,0.469586879,0.4733017981,0.4528725445,0.4921084642,0.5510804653,0.5435419679,0.642375052,0.6627554297,0.7232608795,0.5721557736,0.2907369435,0.4751625657,0.3548736572,0.3929004669,0.5134162903,0.5227787495,0.5642766953,0.1403636932,0.5487649441,0.5226421356,0.3375706673]},"rmse_by_q":{"0":4.0074052811},"step_rmse_by_q":{"0":[1.1922190189,1.1071814299,1.2315795422,1.4181702137,1.6619987488,2.4217705727,2.2037723064,2.8682267666,3.1556711197,3.4927647114,4.019903183,4.142592907,4.3853869438,4.3088459969,4.5061788559,4.0677266121,4.0185208321,4.2389798164,4.1465339661,4.2682909966,3.9759960175,4.0298323631,4.1773715019,4.0375847816,4.6079287529,4.7183871269,4.810918808,4.9990053177,5.0551996231,5.1652913094,5.3675308228,5.6354718208,6.2573933601,6.2012066841,6.9466323853,7.153336525,7.3183903694,8.1958007812,8.9394464493,8.5552167892,9.3755645752,9.2095117569,10.7169628143,11.6973257065,17.555929184,16.8546504974,20.784910202,23.1021614075,26.0590400696,25.9643669128,23.7251091003,26.1372890472,30.0041255951,25.6989383698,33.9349899292,34.0641555786,37.7908287048,32.733001709,19.0963916779,23.7591362,13.1126213074,14.6998138428,21.6842136383,22.1332759857,25.7378520966,5.4176659584,24.7406291962,24.8828964233,15.650595665]},"mean_error":{"0":0.2206043452},"step_mean_error":{"0":[0.0974129364,0.0868713558,0.1072073132,0.1129480973,0.1496578306,0.1887498498,0.207591787,0.2555498481,0.2910339236,0.2972982824,0.3323534727,0.3200610876,0.3315646648,0.315048486,0.3088921905,0.2981222868,0.2873161137,0.2980364263,0.2716502547,0.2709709406,0.2487365007,0.2406459153,0.2397218645,0.2213368118,0.2387344241,0.2297450155,0.2217609733,0.2197019607,0.2034500092,0.1958443522,0.190744549,0.186808452,0.1842520386,0.1773680151,0.1832851171,0.1790979803,0.1681862324,0.1674088538,0.169139117,0.1617965698,0.1630540341,0.155714646,0.1756433994,0.1822650731,0.2204650044,0.2355221659,0.2673252225,0.2890859246,0.3247580826,0.3526929617,0.3395558298,0.3624815047,0.3908033371,0.3622824848,0.4549086988,0.5257466435,0.6280328631,0.4894928932,0.2237999439,0.4376755357,0.3548736572,0.3929004669,0.5134162903,0.5227787495,0.5642766953,0.1403636932,0.5487649441,0.5226421356,0.3375706673]},"mean_q_deviation":{"0":8.3286514282},