{"max_q":{"0":18.7211265564},"min_q":{"0":-1.0586056709},"mean_q":{"0":11.9427661896},"range_q":{"0":19.7797317505},"step_max_q":{"0":[16.6039619446,17.1650695801,17.5520038605,18.1866321564,18.7211265564,18.277721405,17.9920978546,17.3300762177,16.7860183716,16.35521698,15.7790145874,15.200340271,14.4020471573,14.0048913956,12.9475564957,12.930311203,12.4183444977,11.7206897736,11.2535190582,10.6377773285,10.5903196335,11.4554519653,9.7118091583,8.8853769302,8.9629278183,9.0839538574,8.3689479828,7.7139730453,7.4314470291,6.8210449219,6.945786953,6.2072887421,6.0219068527,5.8174438477,5.4916357994,5.4536509514,5.4214916229,5.4335436821,5.2803106308,5.3480329514,4.0308842659,4.1895284653,4.2383232117,4.3284544945,3.8936347961,3.9280138016,3.6203024387,4.090113163,3.665831089,2.751298666,3.7560284138,3.5365591049,3.6858224869,3.4436502457,3.6055328846,3.3564026356,3.5349705219,3.2793648243,3.4729158878,3.2100157738,3.416618824,3.1445147991,3.362621069,3.0786249638,3.3084306717,3.0116634369,3.2556185722,2.9486284256,3.2084536552,2.8947737217,3.1691820621,2.8512585163,3.1373405457,2.8167648315,3.1114888191,2.7893297672,3.0899682045,2.7668528557,3.0711863041,2.7474503517,3.0538733006,2.7296962738,3.0371637344,2.7126431465,3.0205316544,2.6957142353,3.0036885738,2.6785972118,2.9865064621,2.6611568928,2.9689621925,2.6433758736,2.951102972,2.6253023148,2.9330041409,2.6070213318,2.9147536755,2.5886306763,2.8964412212,2.5702261925,2.8781504631,2.5518960953,2.8599562645,2.5337181091,2.8419232368,2.5157575607,2.8241069317,2.4980690479,2.8065536022,2.4806962013,2.7893004417,2.4636745453,2.772380352,2.4470307827,2.7558176517,2.4307870865,2.7396335602,2.4149599075,2.7238433361,2.3995606899]},"step_min_q":{"0":[14.264415741,14.0832223892,13.9565944672,13.8402118683,13.554145813,11.083483696,9.9441556931,6.7957730293,6.342236042,6.0884137154,6.0693216324,5.8511252403,5.4128060341,4.7007460594,2.7691206932,3.2195663452,1.9494228363,0.4283013344,0.7410345078,0.3955192566,-0.4956624508,-0.0473647118,-0.1961641312,-0.154968977,-0.4777035713,-0.8162624836,-0.497522831,-0.6481542587,-1.0586056709,-0.5557730198,-0.686930418,-0.6018681526,-0.4384827614,0.0,0.0,0.0,0.0,0.0,0.0,0.0,0.0,0.0,0.0,0.0,0.0,0.0,0.0,0.0,0.0,0.0,0.0,0.0,0.0,0.0,0.0,0.0,0.0,0.0,0.0,0.0,0.0,0.0,0.0,0.0,0.0,0.0,0.0,0.0,0.0,0.0,0.0,0.0,0.0,0.0,0.0,0.0,0.0,0.0,0.0,0.0,0.0,0.0,0.0,0.0,0.0,0.0,0.0,0.0,0.0,0.0,0.0,0.0,0.0,0.0,0.0,0.0,0.0,0.0,0.0,0.0,0.0,0.0,0.0,0.0,0.0,0.0,0.0,0.0,0.0,0.0,0.0,0.0,0.0,0.0,0.0,0.0,0.0,0.0,0.0,0.0]},"step_mean_q":{"0":[16.0252342224,16.2116031647,16.578125,17.1718177795,17.6586151123,17.0738754272,16.5257663727,15.8590393066,15.339507103,14.8597393036,14.2626686096,13.6855354309,12.9557189941,12.3686618805,11.7631473541,11.2046089172,10.5858373642,9.9785089493,9.4211864471,8.9356546402,8.4357089996,7.9514627457,7.4920239449,7.0747928619,6.6869277954,6.4100036621,6.177046299,5.9901909828,5.6946558952,5.0575900078,3.994563818,2.5442814827,2.4781138897,1.6948473454,2.8575329781,5.4536509514,5.4214916229,5.4335436821,5.2803106308,5.3480329514,4.0308842659,4.1895284653,4.2383232117,4.3284544945,3.8936347961,3.9280138016,3.6203024387,4.090113163,3.665831089,2.751298666,3.7560284138,3.5365591049,3.6858224869,3.4436502457,3.6055328846,3.3564026356,3.5349705219,3.2793648243,3.4729158878,3.2100157738,3.416618824,3.1445147991,3.362621069,3.0786249638,3.3084306717,3.0116634369,3.2556185722,2.9486284256,3.2084536552,2.8947737217,3.1691820621,2.8512585163,3.1373405457,2.8167648315,3.1114888191,2.7893297672,3.0899682045,2.7668528557,3.0711863041,2.7474503517,3.0538733006,2.7296962738,3.0371637344,2.7126431465,3.0205316544,2.6957142353,3.0036885738,2.6785972118,2.9865064621,2.6611568928,2.9689621925,2.6433758736,2.951102972,2.6253023148,2.9330041409,2.6070213318,2.9147536755,2.5886306763,2.8964412212,2.5702261925,2.8781504631,2.5518960953,2.8599562645,2.5337181091,2.8419232368,2.5157575607,2.8241069317,2.4980690479,2.8065536022,2.4806962013,2.7893004417,2.4636745453,2.772380352,2.4470307827,2.7558176517,2.4307870865,2.7396335602,2.4149599075,2.7238433361,2.3995606899]},"episodes_still_running":{"0":[4096.0,4096.0,4096.0,4096.0,4096.0,4096.0,4096.0,4096.0,4096.0,4096.0,4096.0,4096.0,4096.0,4096.0,4096.0,4096.0,4096.0,4096.0,4096.0,4096.0,4096.0,4096.0,4096.0,4096.0,4084.0,3952.0,3424.0,2384.0,1164.0,428.0,164.0,84.0,60.0,16.0,8.0,4.0,4.0,4.0,4.0,4.0,4.0,4.0,4.0,4.0,4.0,4.0,4.0,4.0,4.0,4.0,4.0,4.0,4.0,4.0,4.0,4.0,4.0,4.0,4.0,4.0,4.0,4.0,4.0,4.0,4.0,4.0,4.0,4.0,4.0,4.0,4.0,4.0,4.0,4.0,4.0,4.0,4.0,4.0,4.0,4.0,4.0,4.0,4.0,4.0,4.0,4.0,4.0,4.0,4.0,4.0,4.0,4.0,4.0,4.0,4.0,4.0,4.0,4.0,4.0,4.0,4.0,4.0,4.0,4.0,4.0,4.0,4.0,4.0,4.0,4.0,4.0,4.0,4.0,4.0,4.0,4.0,4.0,4.0,4.0,4.0]},"step_range_q":{"0":[2.3395462036,3.0818471909,3.5954093933,4.3464202881,5.1669807434,7.194237709,8.0479421616,10.5343036652,10.4437828064,10.2668037415,9.709692955,9.3492145538,8.9892406464,9.304145813,10.1784362793,9.7107448578,10.4689216614,11.292388916,10.5124845505,10.2422580719,11.0859823227,11.5028171539,9.9079732895,9.0403461456,9.4406318665,9.9002161026,8.8664703369,8.3621273041,8.4900531769,7.3768177032,7.6327171326,6.8091568947,6.4603896141,5.8174438477,5.4916357994,5.4536509514,5.4214916229,5.4335436821,5.2803106308,5.3480329514,4.0308842659,4.1895284653,4.2383232117,4.3284544945,3.8936347961,3.9280138016,3.6203024387,4.090113163,3.665831089,2.751298666,3.7560284138,3.5365591049,3.6858224869,3.4436502457,3.6055328846,3.3564026356,3.5349705219,3.2793648243,3.4729158878,3.2100157738,3.416618824,3.1445147991,3.362621069,3.0786249638,3.3084306717,3.0116634369,3.2556185722,2.9486284256,3.2084536552,2.8947737217,3.1691820621,2.8512585163,3.1373405457,2.8167648315,3.1114888191,2.7893297672,3.0899682045,2.7668528557,3.0711863041,2.7474503517,3.0538733006,2.7296962738,3.0371637344,2.7126431465,3.0205316544,2.6957142353,3.0036885738,2.6785972118,2.9865064621,2.6611568928,2.9689621925,2.6433758736,2.951102972,2.6253023148,2.9330041409,2.6070213318,2.9147536755,2.5886306763,2.8964412212,2.5702261925,2.8781504631,2.5518960953,2.8599562645,2.5337181091,2.8419232368,2.5157575607,2.8241069317,2.4980690479,2.8065536022,2.4806962013,2.7893004417,2.4636745453,2.772380352,2.4470307827,2.7558176517,2.4307870865,2.7396335602,2.4149599075,2.7238433361,2.3995606899]},"mean_loss:":{"0":0.2860001922},"rmse":{"0":0.5347898602},"step_rmse":{"0":[0.2766881585,0.331956774,0.3635890186,0.2794057131,0.2607417703,0.4017588794,0.5019855499,0.566655755,0.5809687972,0.6054700613,0.6463976502,0.6403664351,0.6740182042,0.6622491479,0.7192583084,0.6904202104,0.6319283843,0.5856697559,0.5568576455,0.5662593246,0.551412642,0.5596048832,0.4932795167,0.4473222792,0.4074625075,0.4409914017,0.4394675195,0.4429450035,0.527215898,0.7243160009,1.1109336615,1.4026302099,0.9242733717,0.5786979795,0.4738513231,1.0317277908,1.0217938423,1.1447992325,1.0636167526,1.0741009712,0.6744861603,0.2117729187,0.7073969841,0.7593607903,0.5539116859,0.4200229645,0.3722715378,0.7453322411,0.5057806969,0.5623991489,0.4306547642,0.2262864113,0.4692616463,0.3663663864,0.5140407085,0.326925993,0.4409358501,0.2788741589,0.4003965855,0.2194280624,0.378786087,0.2594277859,0.4524388313,0.3155386448,0.4438350201,0.2763533592,0.4297788143,0.2669415474,0.4372880459,0.3248615265,0.5450775623,0.4717957973,0.6586847305,0.5586485863,0.7362570763,0.6481719017,0.8317418098,0.7762513161,0.952283144,0.8935508728,1.048435688,0.9661808014,1.0591700077,0.970567584,1.057091713,0.9689185619,1.0749752522,1.0433372259,1.1865648031,1.1382013559,1.1963989735,1.0934022665,1.1591736078,1.0850150585,1.1659379005,1.1168749332,1.2255735397,1.1876449585,1.2656257153,1.1827795506,1.2426931858,1.1641530991,1.227935791,1.1686912775,1.2607648373,1.2141005993,1.2978208065,1.2164442539,1.2656095028,1.1869350672,1.2449438572,1.1658215523,1.2436184883,1.1946440935,1.2861931324,1.2174223661,1.266903758,1.1753085852,1.2278006077,1.1428149939]},"rmse_by_q":{"0":4.4779396057},