{"max_q":{"0":16.8209915161},"min_q":{"0":-1.5659456253},"mean_q":{"0":9.691037178},"range_q":{"0":18.3869361877},"step_max_q":{"0":[15.2682962418,15.5503034592,15.7342643738,16.0782833099,16.3930358887,16.8209915161,16.4384174347,16.0697593689,16.0247402191,15.7391719818,15.8788166046,15.9381465912,14.7779426575,15.0703125,14.0749206543,13.468708992,13.5238208771,12.8517389297,12.4598007202,12.0284881592,11.5673847198,11.2168130875,10.845035553,10.626824379,10.4201593399,10.2405052185,10.1672267914,9.9438304901,9.7933588028,9.595541954,9.4955883026,9.0167722702,8.8870983124,8.7611732483,8.6677474976,8.2558307648,7.9470171928,7.8038482666,7.7758340836,7.5990047455,7.6979560852,7.4928274155,7.5948648453,7.4591202736,7.6361956596,7.1081380844,7.0249080658,6.9432115555,6.8226861954,6.3946223259,6.354165554,6.0278997421,6.1454458237,5.5484571457,5.679312706,5.381155014,5.4343867302,5.2834401131,5.2384767532,5.2491550446,4.924507618,4.7859172821,4.7210960388,4.7011890411,4.6726350784,4.5245752335,4.4589776993,4.3603510857,4.1421179771,3.9193091393,3.8524491787,3.8068900108,3.6867880821,3.7513477802,3.4714455605,3.4191057682,3.1663353443,3.5826401711,3.2008271217,3.1645388603,2.8068406582,1.9381039143,1.9582561255,1.9963518381,2.0226264,1.8998231888,1.9448888302,1.9670764208,1.4146618843,1.4539607763,1.2359191179,1.3488156796,1.1857001781]},"step_min_q":{"0":[6.6420373917,6.9448080063,7.3358411789,7.3958368301,6.9885921478,7.2608060837,7.3613443375,7.7012586594,7.5897417068,7.2685284615,6.9926333427,6.6962060928,6.7363367081,6.4706292152,5.974509716,5.4538621902,4.7306632996,3.7058987617,3.2709798813,2.9016270638,2.4427099228,2.0407447815,1.8030745983,3.97291255,2.0521059036,2.0142009258,1.6738049984,1.6703369617,1.0519709587,0.3165253401,-0.8221614361,-1.5659456253,-0.8863829374,-0.8976678848,-0.2271026373,0.0,0.0,0.0,-0.2316490412,-0.3648512363,-0.4085738659,-0.6371403337,-0.6617936492,-0.1460519135,0.0,0.0,0.0,0.0,0.0,0.0,0.0,0.0,0.0,0.0,0.0,0.0,0.0,0.0,0.0,0.0,0.0,0.0,0.0,0.0,0.0,0.0,0.0,0.0,0.0,0.0,0.0,0.0,0.0,0.0,0.0,0.0,0.0,0.0,0.0,0.0,0.0,0.0,0.0,0.0,0.0,0.0,0.0,0.0,0.0,0.0,0.0,0.0,0.0]},"step_mean_q":{"0":[14.8006868362,15.0911340714,15.3078556061,15.5424823761,15.7472476959,15.8056640625,15.5489330292,15.1935501099,14.8643712997,14.5281791687,14.1536827087,13.7792682648,13.5070066452,13.0814228058,12.7311916351,12.3825683594,11.9927282333,11.5977039337,11.2494745255,10.890996933,10.4919376373,10.1530132294,9.8298740387,9.4943943024,9.1923961639,8.9321393967,8.6342563629,8.383515358,8.1398534775,7.8681240082,7.6150813103,7.360077858,7.1046924591,6.8479442596,6.5981369019,6.3649291992,6.1038742065,5.8604440689,5.6318235397,5.4059548378,5.1979956627,5.0180530548,4.8625597954,4.7628316879,4.6590900421,4.5979552269,4.542886734,4.4987354279,4.4561672211,4.4001493454,4.342798233,4.3029937744,4.2330946922,4.1816358566,4.1167192459,4.0935688019,3.9928839207,3.9220604897,3.8857450485,3.8173902035,3.7136523724,3.6292674541,3.5812692642,3.4816863537,3.4317176342,3.3221869469,3.2460460663,3.0510838032,3.0131800175,2.784787178,2.6965618134,2.7803726196,2.7776319981,2.7039003372,2.4340929985,2.3426671028,2.1304876804,2.2165074348,1.8929395676,1.9389169216,1.8811193705,1.5839930773,1.6672993898,1.544549346,1.4723529816,1.4461988211,1.6759381294,1.681535244,1.4146618843,1.4539607763,1.2359191179,1.3488156796,1.1857001781]},"episodes_still_running":{"0":[4096.0,4096.0,4096.0,4096.0,4096.0,4096.0,4096.0,4096.0,4096.0,4096.0,4096.0,4096.0,4096.0,4096.0,4096.0,4096.0,4096.0,4096.0,4096.0,4096.0,4096.0,4096.0,4096.0,4096.0,4096.0,4096.0,4096.0,4096.0,4096.0,4096.0,4096.0,4096.0,4096.0,4096.0,4096.0,4088.0,4084.0,4072.0,4048.0,4012.0,3940.0,3820.0,3608.0,3276.0,2948.0,2556.0,2244.0,1920.0,1672.0,1452.0,1252.0,1080.0,944.0,820.0,724.0,612.0,544.0,484.0,412.0,352.0,332.0,292.0,244.0,204.0,168.0,148.0,132.0,112.0,88.0,72.0,64.0,52.0,52.0,48.0,36.0,32.0,28.0,24.0,20.0,20.0,20.0,16.0,16.0,12.0,12.0,12.0,8.0,8.0,4.0,4.0,4.0,4.0,4.0]},"step_range_q":{"0":[8.6262588501,8.6054954529,8.3984231949,8.6824464798,9.4044437408,9.5601854324,9.0770730972,8.3685007095,8.4349985123,8.4706439972,8.886182785,9.2419404984,8.0416059494,8.5996837616,8.1004104614,8.0148468018,8.7931575775,9.1458396912,9.1888208389,9.1268615723,9.1246747971,9.176068306,9.0419607162,6.6539115906,8.3680534363,8.2263040543,8.4934215546,8.2734937668,8.7413883209,9.2790164948,10.3177499771,10.5827178955,9.773481369,9.6588411331,8.8948497772,8.2558307648,7.9470171928,7.8038482666,8.0074834824,7.9638557434,8.1065301895,8.1299676895,8.2566585541,7.6051721573,7.6361956596,7.1081380844,7.0249080658,6.9432115555,6.8226861954,6.3946223259,6.354165554,6.0278997421,6.1454458237,5.5484571457,5.679312706,5.381155014,5.4343867302,5.2834401131,5.2384767532,5.2491550446,4.924507618,4.7859172821,4.7210960388,4.7011890411,4.6726350784,4.5245752335,4.4589776993,4.3603510857,4.1421179771,3.9193091393,3.8524491787,3.8068900108,3.6867880821,3.7513477802,3.4714455605,3.4191057682,3.1663353443,3.5826401711,3.2008271217,3.1645388603,2.8068406582,1.9381039143,1.9582561255,1.9963518381,2.0226264,1.8998231888,1.9448888302,1.9670764208,1.4146618843,1.4539607763,1.2359191179,1.3488156796,1.1857001781]},"mean_loss:":{"0":0.0642664731},"rmse":{"0":0.2535083294},"step_rmse":{"0":[0.1358832866,0.0807305723,0.0902971849,0.1253234446,0.1878307164,0.1996966004,0.2057633847,0.2294054627,0.2481768876,0.2434222698,0.2570928633,0.2605465353,0.2660859823,0.2956822515,0.3112615943,0.3118881285,0.2828257084,0.2841629982,0.295427978,0.2915706933,0.2951336503,0.3194354475,0.3234578073,0.3099397421,0.3145259917,0.3138313293,0.2777291834,0.2678024471,0.2526416779,0.2325882018,0.2419945151,0.237228781,0.225788027,0.2047832161,0.1965420693,0.2035657763,0.2061633617,0.2027123123,0.1982916892,0.2117046267,0.2304842323,0.2227780372,0.2208015025,0.2360891551,0.225727722,0.2464123517,0.2434743047,0.2309489995,0.244260475,0.2543913126,0.2712766528,0.2717728019,0.2906636298,0.2841464877,0.3126266599,0.3220217824,0.3194906116,0.3409709334,0.3898514807,0.410500288,0.397095263,0.4547025561,0.5045306683,0.5583984852,0.4798908532,0.4946376681,0.5275655985,0.5274894834,0.4511201978,0.4169108868,0.4283225238,0.4559691846,0.5812500119,0.5607922673,0.6068224907,0.6116526723,0.60968256,0.5748466849,0.6503590941,0.5640096068,0.6895549297,0.7605521679,0.8948382139,0.874864459,0.6769276261,0.8893685937,1.1176017523,1.0349750519,0.5210399628,0.5338488817,0.8555983305,0.6450991631,1.0011613369]},"mean_error":{"0":0.134621501},"step_mean_error":{"0":[0.096284844,0.0451611951,0.0533771329,0.0844124258,0.1007171199,0.13046363,0.1430179924,0.1469516158,0.1609315276,0.1593187451,0.1514345706,0.161912486,0.163760379,0.1691903174,0.1773231179,0.1800444722,0.1659898758,0.1667159498,0.1725678146,0.1611396819,0.1595042348,0.1525149941,0.15287292,0.149096787,0.1519775242,0.1455942094,0.1349204183,0.1383845806,0.1278190315,0.1237155125,0.1258413196,0.1226707399,0.1188043058,0.1122014299,0.109046787,0.1095313132,0.1114112139,0.1107226834,0.105773665,0.1105730906,0.1099347025,0.1078390628,0.1097445041,0.1168988198,0.110469304,0.1131377146,0.1180883646,0.1168972999,0.1231490299,0.1298371702,0.1415438056,0.1490681618,0.1527702957,0.1471754313,0.1682998687,0.1720558107,0.1734043062,0.1789942086,0.2044320107,0.2145002037,0.2263337821,0.2481818199,0.2617940307,0.3238403201,0.3100005984,0.3241021633,0.3487119973,0.3847590089,0.3554609418,0.3128178418,0.3250075877,0.3169388771,0.3995768428,0.3454136848,0.4830780029,0.4376522005,0.5151512027,0.481708169,0.5535436869,0.4465276599,0.5354903936,0.6601976752,0.8054072261,0.8164607882,0.6127248406,0.7729430795,1.0280470848,0.942229569,0.5210399628,0.5338488817,0.8555983305,0.6450991631,1.0011613369]},"mean_deviation":{"0":0.7699146271},