{"max_q":{"0":10.9032058716},"min_q":{"0":-0.1731257141},"mean_q":{"0":5.3409690857},"range_q":{"0":11.0763311386},"step_max_q":{"0":[10.2027187347,10.2061185837,10.2904005051,10.7007112503,10.9032058716,10.6104516983,10.3173675537,10.0346393585,9.6659536362,9.4086265564,9.1656265259,8.8197593689,8.5629167557,8.251496315,8.1653881073,7.8050107956,7.650428772,7.2669820786,6.8976216316,6.5993900299,6.6153497696,6.4038310051,5.9314489365,6.1092252731,5.384329319,5.1321001053,4.8993487358,4.5883383751,4.544878006,4.387430191,3.8946022987,3.229183197,2.9752244949,2.812769413,2.6613357067,2.6426110268,1.8942935467,1.9226956367,1.5752221346,1.3101799488,1.2439386845,1.4165432453,1.40979743,1.3857380152,0.9350216389,0.7446024418,0.8069778085,0.7759225368,0.7412391901,0.4948706627,0.3391524553,0.1973619461,0.3091166914,0.0,0.0,0.0,0.0]},"step_min_q":{"0":[9.9571247101,9.6569929123,9.8107280731,9.7096261978,9.6685180664,9.4222803116,8.9666404724,8.6765537262,8.2039070129,7.8904466629,7.600130558,7.3076725006,6.8123598099,6.3782496452,6.0965557098,5.4141540527,5.0692796707,4.4937887192,3.7638742924,3.4330778122,2.9792881012,2.599085331,1.9161776304,1.6774833202,1.4560960531,1.1219148636,0.9065279365,0.3303131759,0.226438731,0.1509753764,0.0,-0.0598931313,0.0,-0.0329196155,-0.1062174737,-0.0769790709,-0.1166432798,-0.0884179771,-0.0553838015,-0.0799380243,-0.1168155968,-0.0875861943,-0.0716328323,-0.0900132954,-0.0888702571,-0.0985542238,0.0,0.0,-0.1731257141,0.0,0.0,0.0,0.0,-0.0109128058,-0.0391772091,-0.0484414399,-0.0543231666]},"step_mean_q":{"0":[9.9576034546,10.0679721832,10.1391925812,10.2955150604,10.4018726349,10.1629962921,9.8026828766,9.4544687271,9.1420288086,8.8421497345,8.4955883026,8.1542854309,7.8441915512,7.4876589775,7.1490149498,6.7944402695,6.4103889465,6.0309209824,5.6331253052,5.2392711639,4.8415417671,4.4483084679,4.0696172714,3.6878724098,3.3150177002,2.9551844597,2.6021485329,2.2586402893,1.9368089437,1.6402722597,1.3550024033,1.1141057014,0.9177786708,0.7467024326,0.6068458557,0.503847301,0.4214325845,0.3635531664,0.331846416,0.3083109558,0.2690990269,0.2434867173,0.2331044525,0.2593854368,0.2216753811,0.1945324838,0.2119018883,0.170163691,0.196827814,0.2292438,0.1593900919,0.1235083565,0.3091166914,-0.0109128058,-0.0391772091,-0.0484414399,-0.0543231666]},"episodes_still_running":{"0":[4096.0,4096.0,4096.0,4096.0,4096.0,4096.0,4096.0,4096.0,4096.0,4096.0,4096.0,4096.0,4096.0,4096.0,4096.0,4096.0,4096.0,4096.0,4096.0,4096.0,4096.0,4096.0,4096.0,4096.0,4096.0,4096.0,4096.0,4096.0,4096.0,4096.0,4088.0,4052.0,3964.0,3844.0,3600.0,3272.0,2824.0,2376.0,1788.0,1344.0,1032.0,744.0,524.0,336.0,232.0,160.0,104.0,76.0,36.0,28.0,20.0,12.0,4.0,4.0,4.0,4.0,4.0]},"step_range_q":{"0":[0.2455940247,0.5491256714,0.4796724319,0.9910850525,1.2346878052,1.1881713867,1.3507270813,1.3580856323,1.4620466232,1.5181798935,1.5654959679,1.5120868683,1.7505569458,1.8732466698,2.0688323975,2.3908567429,2.5811491013,2.7731933594,3.1337473392,3.1663122177,3.6360616684,3.8047456741,4.0152711868,4.4317417145,3.9282331467,4.0101852417,3.9928207397,4.2580251694,4.3184394836,4.2364549637,3.8946022987,3.2890763283,2.9752244949,2.8456890583,2.767553091,2.7195901871,2.0109367371,2.0111136436,1.6306059361,1.3901180029,1.3607542515,1.5041294098,1.4814302921,1.4757512808,1.0238919258,0.8431566954,0.8069778085,0.7759225368,0.914364934,0.4948706627,0.3391524553,0.1973619461,0.3091166914,0.0109128058,0.0391772091,0.0484414399,0.0543231666]},"mean_loss:":{"0":0.1897158176},"rmse":{"0":0.4355638027},"step_rmse":{"0":[0.2262248993,0.2404633611,0.246688664,0.254653573,0.2766348124,0.3016557992,0.2880812585,0.3332016468,0.3386170566,0.3660853505,0.4124179482,0.4296681583,0.4724765122,0.4809772074,0.5014768839,0.5416376591,0.5551441312,0.5792834163,0.5803009868,0.5926358104,0.6028419137,0.6006486416,0.5845916867,0.5821027756,0.5739825964,0.5504490733,0.5255218744,0.50297153,0.4763784707,0.4412352741,0.4007812738,0.3712445498,0.3379023373,0.3223683238,0.285589397,0.2668598592,0.240791142,0.2312643081,0.2238039374,0.2092115581,0.198036924,0.1925684065,0.1757835597,0.1797948629,0.1855497509,0.1928101033,0.1528399587,0.1430923343,0.237830922,0.1651004553,0.0688528866,0.1703591645,0.1522350609,0.483073622,0.3687821925,0.4258418977,0.3167877495]},"rmse_by_q":{"0":8.1551456451},"step_rmse_by_q":{"0":[2.2718808651,2.3883991241,2.4330208302,2.4734418392,2.6594712734,2.9681777954,2.9388000965,3.5242767334,3.7039597034,4.1402301788,4.8544955254,5.2692313194,6.0232658386,6.4235992432,7.014629364,7.971777916,8.6600694656,9.605222702,10.3015813828,11.311416626,12.4514455795,13.5028553009,14.364783287,15.7842445374,17.3146152496,18.6265563965,20.1956920624,22.2687759399,24.5960483551,26.9001235962,29.5779018402,33.3222045898,36.8174095154,43.1722602844,47.0612754822,52.9644317627,57.1363372803,63.6122398376,67.442024231,67.8573226929,73.5925827026,79.0878448486,75.4097824097,69.3157119751,83.7033615112,99.1146011353,72.1277008057,84.0909881592,120.8319702148,72.0195922852,43.197719574,137.9333190918,49.2484130859,-4426.6674804688,-941.3182373047,-879.0859375,-583.1540527344]},"mean_error":{"0":0.3240383267},"step_mean_error":{"0":[0.183322072,0.1967951953,0.1993685812,0.2029782087,0.2226392925,0.2444217056,0.2265914977,0.2662627697,0.2702751756,0.2905294001,0.3337558806,0.3433243632,0.3688032627,0.3816065788,0.3923121691,0.4243143499,0.4380868077,0.457098484,0.4605723917,0.4662231803,0.4747917652,0.4742038846,0.4634760022,0.4619818628,0.4501939714,0.4306566715,0.4061944187,0.3885518909,0.3657771647,0.3440786898,0.3070788682,0.2751951218,0.2491800338,0.2322407514,0.2102984339,0.1893081218,0.1731912792,0.1607059538,0.1605772525,0.1521712095,0.1448571682,0.1424588859,0.1296363473,0.1321722716,0.1387211382,0.1356953382,0.1210391894,0.0968582183,0.1991924644,0.1301903427,0.0608086772,0.1314375997,0.1522350609,0.483073622,0.3687821925,0.4258418977,0.3167877495]},"mean_q_deviation":{"0":67.2546844482},"step_mean_q_deviation":{"0":[1.8392804861,1.9523243904,1.9501225948,1.959220171,2.1298837662,2.3804774284,2.3394021988,2.8014783859,2.9429097176,3.2662425041,3.9122872353,4.2116088867,4.7037763596,5.1477828026,5.5577731133,6.33629179,6.9376749992,7.716946125,8.3569478989,9.1620082855,10.0720405579,11.0497694016,11.9638605118,13.3736400604,14.7004499435,15.8931045532,17.8688526154,19.6875953674,22.6290607452,35.9208297729,35.5740966797,43.9919700623,57.491153717,78.3880615234,1656.7824707031,108.4564361572,161.4044799805,273.0902404785,179.4966278076,150.9743804932,274.3081665039,209.5119781494,140.6037750244,257.0473022461,206.5125274658,157.1675109863,125.6783752441,127.7043304443,187.9762115479,601.3637084961,57.0744171143,67.960357666,32.9976119995,102.3112564087,111.8861083984,112.8355484009,120.6973342896]},"mean_range_deviation":{"0":2.8270554543},"step_mean_range_deviation":{"0":[14.645072937,14.8124036789,12.7982873917,11.9446601868,10.4759397507,11.6997823715,9.6177530289,10.5383749008,9.2775058746,9.6546468735,10.7644014359,10.3731441498,8.5650930405,10.740571022,9.8558588028,9.4035739899,10.2600431442,10.5075750351,10.4551868439,9.3492794037,8.6640920639,8.1812810898,7.8027458191,7.5528717041,7.849919796,8.0327386856,7.2483277321,6.367544651,6.4168343544,6.5350933075,6.6795773506,5.9280571938,5.7019071579,5.0718684196,5.8188595772,5.966612339,5.6242170334,4.9794530869,5.5979542732,6.4108686447,6.6438307762,7.4700155258,7.2819461823,8.0441951752,10.4001264572,13.7928142548,13.972120285,13.4755973816,27.7590904236,24.8622817993,13.124127388,41.9012451172,32.9962921143,102.2927017212,111.8577728271,112.8280029297,120.6964263916]},"epoch":{"0":95},"mask_name":{"0":"everything"},"map_name":{"0":"corridor"}}