{"max_q":{"0":15.0114383698},"min_q":{"0":-0.2429535389},"mean_q":{"0":7.0428557396},"range_q":{"0":15.2543916702},"step_max_q":{"0":[14.6817436218,15.0114383698,14.9961862564,14.6768474579,14.7032794952,14.6750049591,14.3995876312,14.2551488876,14.3569374084,13.773065567,13.4207658768,13.2678880692,12.9686965942,12.7987766266,12.714384079,12.3966960907,12.2805900574,11.8098812103,11.767701149,11.3944015503,11.1588096619,11.1809196472,11.042140007,9.9333715439,9.1889190674,9.1540412903,8.887919426,8.5656032562,8.0958747864,7.7847862244,7.2057785988,7.045463562,6.9250078201,6.6607990265,6.0136919022,5.8419408798,5.4756026268,5.626458168,5.0555648804,4.8996572495,4.7096233368,4.6940951347,4.4365224838,4.5634279251,4.4053497314,4.922999382,4.3579616547,4.2101559639,3.9124584198,3.8670125008,3.3250596523,3.4195313454,3.4321725368,3.9410457611,3.1720252037,3.2229146957,3.0864815712,2.8517892361,2.717962265]},"step_min_q":{"0":[10.6683931351,10.8121900558,9.5113210678,9.1904354095,8.2679805756,7.0899572372,6.0682272911,5.0072178841,5.0318069458,4.2680025101,4.71864748,3.4456048012,3.0693247318,2.7753961086,2.116789341,2.6340098381,2.2861008644,2.2834403515,1.8190542459,1.3510553837,1.1039444208,0.9710615873,0.6073150635,0.5151760578,0.353966713,0.2116012573,0.0,0.0,0.0,0.0,0.0,-0.2429535389,-0.1161091328,-0.0182507038,-0.135838747,-0.1037929058,-0.1550841331,-0.2041742802,-0.2181155682,-0.1865792274,-0.1459522247,-0.1454262733,-0.0745152235,-0.1982592344,-0.1941355467,-0.109079957,-0.0575637817,-0.0728708506,-0.1084499359,-0.2048624754,-0.0173717737,-0.0424220562,0.0,0.0,0.0,0.0,0.0,0.0,0.0]},"step_mean_q":{"0":[13.221159935,13.410905838,13.3648910522,13.1463661194,13.0773239136,12.6988372803,12.5463199615,12.0886793137,11.6718788147,11.4230899811,10.9808235168,10.7304153442,10.2553424835,9.9223661423,9.4403896332,9.031791687,8.628156662,8.201253891,7.819732666,7.3750829697,6.9573788643,6.5402488708,6.1245212555,5.7248983383,5.3313207626,4.9866957664,4.6560945511,4.3334140778,4.0485162735,3.7781617641,3.5627300739,3.3325283527,3.1386055946,2.9742686749,2.8405015469,2.6984052658,2.573322773,2.5079343319,2.418047905,2.3754839897,2.3315246105,2.3003942966,2.3357293606,2.3242940903,2.3595032692,2.3233749866,2.3298954964,2.2907011509,2.177929163,2.1003284454,2.0842409134,2.1116309166,1.9591419697,2.0824000835,1.6617925167,1.6543922424,1.3472156525,1.7653963566,1.7495192289]},"episodes_still_running":{"0":[4096.0,4096.0,4096.0,4096.0,4096.0,4096.0,4096.0,4096.0,4096.0,4096.0,4096.0,4096.0,4096.0,4096.0,4096.0,4096.0,4096.0,4096.0,4096.0,4096.0,4096.0,4096.0,4096.0,4096.0,4096.0,4096.0,4092.0,4092.0,4080.0,4060.0,4024.0,3992.0,3944.0,3880.0,3800.0,3712.0,3604.0,3476.0,3392.0,3244.0,3104.0,2908.0,2648.0,2352.0,2032.0,1668.0,1312.0,1036.0,740.0,524.0,372.0,248.0,172.0,108.0,72.0,48.0,28.0,20.0,8.0]},"step_range_q":{"0":[4.0133504868,4.1992483139,5.4848651886,5.4864120483,6.4352989197,7.5850477219,8.3313598633,9.2479305267,9.3251304626,9.5050630569,8.7021179199,9.8222827911,9.8993721008,10.0233802795,10.5975952148,9.7626857758,9.9944896698,9.5264406204,9.9486465454,10.043346405,10.0548648834,10.2098579407,10.4348249435,9.4181957245,8.8349523544,8.942440033,8.887919426,8.5656032562,8.0958747864,7.7847862244,7.2057785988,7.2884168625,7.0411167145,6.6790494919,6.1495304108,5.945734024,5.6306867599,5.8306322098,5.273680687,5.0862364769,4.8555755615,4.8395214081,4.5110378265,4.7616872787,4.5994853973,5.0320792198,4.4155254364,4.2830266953,4.0209083557,4.0718750954,3.3424315453,3.4619534016,3.4321725368,3.9410457611,3.1720252037,3.2229146957,3.0864815712,2.8517892361,2.717962265]},"mean_loss:":{"0":0.1801710129},"rmse":{"0":0.4244655669},"step_rmse":{"0":[0.1965082586,0.2333075851,0.2511853576,0.2878201306,0.3375831842,0.3933091462,0.43413499,0.4967223108,0.5440560579,0.621424973,0.5989543796,0.6031005979,0.5707862377,0.5648581386,0.539413929,0.5133131146,0.4938805103,0.4727590084,0.4631162584,0.4757639468,0.4575203359,0.4609036744,0.4669612944,0.437512666,0.4401318431,0.4296777844,0.4283779562,0.42635867,0.4267684221,0.4109078348,0.3888636827,0.3825487792,0.3847130537,0.3586554229,0.379163295,0.3381598294,0.3192452192,0.3019568324,0.3096392453,0.287568748,0.293450892,0.2688488364,0.2728744447,0.2825741172,0.2959286273,0.2910258174,0.3002148867,0.3028178513,0.3217851818,0.3306232393,0.2849066257,0.3073556721,0.3710798025,0.3821258247,0.4494110942,0.4836182296,0.2024790645,0.407187283,0.2919050753]},"mean_error":{"0":0.3027839661},"step_mean_error":{"0":[0.1203749627,0.1432690173,0.167425096,0.1858420074,0.2262729704,0.2770159841,0.3210339546,0.3729687929,0.4047547281,0.4682449102,0.4473766088,0.4557625353,0.4453904629,0.4346253276,0.4115422368,0.3869166374,0.3797463179,0.3651548922,0.354416877,0.3665679693,0.3471201062,0.3512072861,0.354493022,0.3336134255,0.3382313251,0.3208158314,0.3142037392,0.3127318025,0.3135717809,0.3042217791,0.2835466564,0.2798861563,0.2765958905,0.2619327605,0.2608461082,0.2349232733,0.2250326276,0.2158030868,0.2195583582,0.2037342787,0.2029062212,0.1924892664,0.1893533021,0.2017687261,0.212152496,0.215950802,0.2187726796,0.2286566496,0.2326413542,0.242006287,0.2158263028,0.2230827063,0.2709323466,0.3033191562,0.3066535592,0.3374582231,0.135212034,0.3769504428,0.2644819617]},"mean_deviation":{"0":1.9644024372},"step_mean_deviation":{"0":[2.8350889683,2.8408224583,2.9891421795,3.1413464546,3.4413197041,3.6739873886,3.9919347763,4.6679749489,4.4155492783,5.1335859299,4.5854482651,4.0102863312,4.0976719856,4.0636591911,4.1372947693,3.9939906597,3.6316008568,3.6247463226,3.6882340908,3.7774338722,3.5550143719,3.6514117718,3.7353932858,3.6313467026,3.7793588638,3.7799723148,3.7707521915,3.7455637455,3.8811430931,3.8203139305,3.8836643696,4.1417980194,3.971521616,4.1639623642,4.1749606133,4.0388302803,4.0362267494,4.0246868134,4.1567778587,3.9660024643,4.0163507462,4.2619047165,4.1811413765,4.5351958275,4.7590503693,5.1579833031,5.5827488899,5.8616833687,6.0581073761,6.1766514778,5.3630037308,5.5721378326,7.0393533707,8.2586231232,7.7826681137,9.3671960831,4.4941420555,12.3495044708,10.2631607056]},"epoch":{"0":210},"mask_name":{"0":"ally_health_and_shield"},"map_name":{"0":"6h_vs_8z"}}