{"max_q":{"0":14.7663497925},"min_q":{"0":-0.5004975796},"mean_q":{"0":6.9469971657},"range_q":{"0":15.2668476105},"step_max_q":{"0":[14.0736455917,14.3006954193,14.700088501,14.7663497925,14.7181072235,14.5966415405,14.6655349731,14.5246515274,14.3042469025,13.9418907166,13.8452396393,13.6380519867,13.2438201904,13.1526594162,12.9527187347,12.7181892395,12.4693050385,12.6540546417,12.6251144409,12.0892868042,11.6546649933,12.0176296234,12.1465129852,11.9121742249,11.0588207245,11.2355947495,10.9520702362,10.4336080551,10.1766052246,10.1512069702,9.7875556946,9.6071166992,9.4401750565,9.3321352005,9.0270347595,8.9492397308,8.4970140457,8.5237255096,8.2209014893,8.1763477325,7.9075374603,7.8050365448,7.6590819359,7.3561468124,7.3335638046,7.3287258148,7.2036156654,7.171754837,7.0445222855,6.9243879318,6.9604883194,6.9601993561,6.9852528572,7.0125875473,7.0263285637,7.0796327591,7.1477718353,7.1199917793,7.205083847,7.2364854813,7.2014579773,7.1815195084,7.1880207062,7.2275834084,7.2587108612,7.2804393768,7.302649498,7.4086589813,7.4010801315,7.500521183,7.5064353943,7.5739407539,7.636089325,7.6510477066,7.6585617065,7.7288198471,7.7506170273,7.7649002075,7.8591737747,7.7845516205,7.6608190536,7.6014251709,7.6309890747,7.6542520523,7.6879839897,7.7037992477,7.661901474,7.6535272598,7.5540308952,7.5156564713,7.5617918968,7.6253976822,7.4782676697,7.6145505905,7.58735466,7.6718330383,7.9294509888,7.8381824493,7.8535490036,7.6665000916,7.5467939377,7.6315402985,7.4949674606,7.5735521317,7.4021253586,7.2757987976,7.0737352371,6.8827857971,6.8056378365,6.8868122101,6.8853578568,6.716342926,6.8527059555,6.6138944626,6.4425287247,6.4676132202,6.2881083488,6.2830820084,6.1219887733,6.2465515137,6.1014676094,6.0198068619,6.1478176117,5.8450422287,5.843952179,5.8500518799,5.8460288048,5.8862714767,5.892036438,5.8769598007,5.8257198334,5.6294546127,5.544503212,5.3282728195,5.2242336273,5.2450528145,5.5330224037,5.2676553726,5.2876825333,5.3926081657,5.2621541023,5.4585161209,5.3905968666,5.3496222496,5.1905236244,4.9304065704,4.9127984047,4.6603932381,4.6099762917,4.4993848801,4.5980625153,4.9016346931,4.7715444565,4.7099251747,4.5267133713,4.4162988663,4.189915657,4.1859130859,4.1928329468,4.0241231918,4.1270828247,4.2637143135,4.213871479,4.4188089371,4.483025074,4.515733242,4.4147181511,4.4251661301,4.5660610199,4.3805065155]},"step_min_q":{"0":[11.6779680252,11.5984096527,11.9203357697,12.1577110291,11.6319952011,10.9371528625,10.1572933197,9.2014551163,8.7668943405,8.5578594208,8.0790109634,7.7962465286,7.0739269257,6.8737840652,7.0525903702,6.0469083786,5.6867947578,5.7618861198,5.2899327278,4.5662360191,4.0775957108,3.7280960083,3.603219986,3.0778021812,2.8593065739,2.4980416298,2.7604598999,1.50347054,1.6005425453,1.4262831211,0.7799364328,0.7170909643,0.8095324039,0.6364836693,0.3834862411,0.3956178725,0.2783223093,-0.1549543142,0.2538509071,0.0341971815,-0.0535651445,-0.4625141621,-0.2452757359,-0.1236921549,-0.1420073509,-0.5004975796,-0.3045790195,-0.3606735468,-0.3084654212,-0.2571515441,-0.053296268,-0.1023283601,0.0,-0.082392633,-0.0710774064,-0.1379350424,-0.2413155437,-0.2961931229,-0.3745767474,-0.2701447606,-0.2498551011,-0.2265809774,0.0,-0.2565914989,-0.2911630273,0.0,0.0,0.0,0.0,0.0,0.0,0.0,0.0,0.0,0.0,0.0,0.0,0.0,0.0,0.0,0.0,0.0,0.0,0.0,0.0,0.0,0.0,0.0,0.0,0.0,0.0,0.0,0.0,0.0,0.0,0.0,0.0,0.0,0.0,0.0,0.0,0.0,0.0,0.0,0.0,0.0,0.0,0.0,0.0,0.0,0.0,0.0,0.0,0.0,-0.0771334767,-0.0346041918,0.0,-0.3056402802,-0.0816153884,-0.0634613633,-0.2685307264,-0.1262429357,-0.1172651649,-0.3607287407,-0.3509514332,-0.474121511,-0.135543108,-0.0642741919,-0.1660074592,-0.3530989885,-0.395608604,0.0,0.0,-0.1008350253,0.0,-0.0932790637,-0.1547436118,-0.1829752326,-0.1826693416,-0.1127845049,-0.1617847085,-0.0668355227,-0.0773685575,-0.1601675153,-0.1124985218,-0.2768670917,-0.2296520472,-0.1109625697,-0.0662459433,-0.0928911567,-0.066019237,-0.1181093454,-0.1972869039,-0.0585227013,-0.060364604,-0.1673743725,-0.1310081482,-0.0872887373,-0.0461667776,-0.085971415,-0.0287048221,0.0,-0.0329297185,-0.1088431478,-0.2034807354,-0.3979545534,-0.4058517814,-0.1629614234,-0.1347544193,-0.0233517885]},"step_mean_q":{"0":[13.5391931534,13.7375812531,13.919506073,14.1097173691,14.0376710892,13.9403915405,13.9553852081,13.7538890839,13.4027690887,13.1721324921,13.0348987579,12.7897090912,12.3665122986,12.1483564377,11.9571237564,11.6812763214,11.325220108,11.0843601227,10.8959636688,10.5767965317,10.2758274078,10.0819625854,9.9132728577,9.6602239609,9.4620189667,9.3172302246,9.1513175964,8.9203586578,8.7316493988,8.5729894638,8.3455114365,8.111322403,7.8947229385,7.6996955872,7.4519147873,7.2127218246,6.9986505508,6.7891359329,6.569231987,6.3682408333,6.1964626312,6.0539035797,5.9026904106,5.8015589714,5.7197637558,5.6602687836,5.6261482239,5.6506276131,5.6465992928,5.6478600502,5.6525936127,5.6751823425,5.6990447044,5.7099108696,5.7401380539,5.7524995804,5.7793273926,5.8105340004,5.8199157715,5.8329753876,5.8579959869,5.8749485016,5.8995399475,5.9182362556,5.9313716888,5.9639687538,5.9784069061,5.9910311699,6.0138969421,6.0355157852,6.0486884117,6.0661482811,6.0734071732,6.0813689232,6.0913710594,6.1006908417,6.1005110741,6.1015453339,6.0986909866,6.0903329849,6.0878376961,6.0766773224,6.0683989525,6.0515241623,6.024960041,6.0034203529,5.9727425575,5.9364333153,5.8931326866,5.8540096283,5.7970275879,5.750207901,5.7016978264,5.6372251511,5.5797190666,5.5060706139,5.4314894676,5.3585386276,5.2700734138,5.1847224236,5.0936274529,5.0091381073,4.9110641479,4.8236384392,4.7338571548,4.6335434914,4.5425434113,4.4428720474,4.3586335182,4.2789573669,4.1886906624,4.1079010963,4.0190620422,3.9429149628,3.8507559299,3.771068573,3.705940485,3.6342551708,3.5434696674,3.4872024059,3.411968708,3.35039711,3.2872197628,3.2471539974,3.2105994225,3.141007185,3.088234663,3.0493099689,3.0001997948,2.9354331493,2.9066307545,2.8691570759,2.7880876064,2.7274827957,2.6737596989,2.6163783073,2.5587220192,2.5016036034,2.4628195763,2.4136006832,2.4414317608,2.4536085129,2.4093654156,2.3600208759,2.3768053055,2.3194313049,2.3093397617,2.2721977234,2.2479140759,2.2265040874,2.2001314163,2.1613376141,2.101839304,2.0450897217,2.0402708054,2.016471386,1.9780876637,1.9285155535,1.9820400476,1.9016107321,1.9202597141,1.8128314018,1.7397556305,1.712952733,1.6672785282,1.673699975,1.6277492046,1.7785766125,1.6953513622,1.6341260672]},"episodes_still_running":{"0":[4096.0,4096.0,4096.0,4096.0,4096.0,4096.0,4096.0,4096.0,4096.0,4096.0,4096.0,4096.0,4096.0,4096.0,4096.0,4096.0,4096.0,4096.0,4096.0,4096.0,4096.0,4096.0,4096.0,4096.0,4096.0,4096.0,4096.0,4096.0,4096.0,4096.0,4096.0,4096.0,4096.0,4096.0,4096.0,4096.0,4096.0,4096.0,4096.0,4096.0,4096.0,4096.0,4096.0,4084.0,4084.0,4084.0,4068.0,4028.0,4024.0,4020.0,4016.0,4004.0,3996.0,3996.0,3980.0,3980.0,3972.0,3960.0,3960.0,3960.0,3952.0,3948.0,3940.0,3936.0,3936.0,3924.0,3924.0,3924.0,3920.0,3912.0,3912.0,3908.0,3908.0,3908.0,3908.0,3904.0,3904.0,3904.0,3904.0,3904.0,3904.0,3904.0,3900.0,3900.0,3900.0,3900.0,3900.0,3900.0,3900.0,3900.0,3896.0,3896.0,3892.0,3888.0,3888.0,3880.0,3876.0,3872.0,3868.0,3856.0,3856.0,3828.0,3816.0,3796.0,3772.0,3740.0,3700.0,3668.0,3600.0,3532.0,3468.0,3376.0,3292.0,3180.0,3100.0,2988.0,2848.0,2732.0,2644.0,2540.0,2404.0,2276.0,2132.0,1980.0,1840.0,1732.0,1624.0,1492.0,1408.0,1340.0,1268.0,1184.0,1104.0,1024.0,972.0,928.0,868.0,824.0,796.0,736.0,672.0,608.0,572.0,552.0,520.0,500.0,464.0,436.0,420.0,404.0,380.0,372.0,348.0,328.0,308.0,288.0,272.0,260.0,236.0,212.0,200.0,184.0,180.0,180.0,180.0,160.0,148.0,128.0,124.0,108.0]},