{"max_q":{"0":27.3149280548},"min_q":{"0":-1.3492648602},"mean_q":{"0":7.9825668335},"range_q":{"0":28.6641921997},"step_max_q":{"0":[24.475894928,25.1016540527,25.5758895874,25.996515274,26.3172798157,27.3149280548,25.8805503845,25.2829704285,25.456495285,26.7712860107,25.1533184052,23.8219070435,23.6533946991,23.1672954559,22.3894557953,22.9955368042,23.2762966156,21.5666122437,20.7836837769,20.7564926147,19.9924163818,20.4936981201,21.3256225586,20.0530281067,19.0605545044,19.0303268433,19.5943946838,18.5585575104,18.7778835297,18.7493400574,18.2247829437,18.5788269043,19.3784141541,18.7250366211,17.4798755646,17.5043354034,16.5706481934,16.4255313873,16.7337932587,17.0056705475,15.2389469147,15.9966936111,14.8512487411,15.5182104111,13.918879509,13.0308504105,13.1835670471,12.7974376678,12.9164218903,12.358253479,12.123052597,12.1768798828,11.9632110596,10.9715747833,10.8091468811,10.8822107315,11.5996809006,11.4620780945,11.3178653717,10.9687318802,11.2694883347,10.7023239136,10.8981513977,9.2467136383,10.3218097687,10.4871616364,9.1826181412,9.4496631622,9.518116951,8.3315896988,7.6890029907,7.853225708,7.7838573456,7.3294758797,7.3242311478,7.3430109024,7.0375461578,6.5804953575,6.8699259758,6.4256477356,6.0816836357,6.2118167877,5.843319416,5.8862600327,5.7220258713,5.4344005585,5.269733429,5.3682355881,5.3411483765,5.2510962486,5.0662989616,5.137693882,5.1671500206,5.3682131767,5.3640766144,5.4099884033,5.5626525879,5.1194763184,5.268995285,4.9064984322,4.8286323547,4.6063365936,4.6622200012,4.65670681,4.642021656,4.6545796394,4.6378412247,4.6412420273,4.6148614883,4.5778465271,4.5789585114,3.5968289375,3.5215308666,3.4637858868,3.4108638763,3.2878065109,3.2229533195,3.6869659424,4.3659772873,4.5574717522,4.6583275795,4.6854343414,3.4421777725,3.4740059376,3.3601989746,2.3787336349,2.0896160603,2.0218863487,1.9028739929,1.7937685251,1.8223891258,1.7589412928,1.5771487951,1.6322076321,1.6624233723,1.697945118,1.7547802925,1.4199895859,1.379483223,1.08639431,0.8857164979,0.6163055897,1.0430090427,1.3185638189]},"step_min_q":{"0":[10.1852769852,10.3198270798,9.0006084442,9.236161232,9.4401597977,9.0785160065,8.1623744965,7.5634226799,7.1486635208,6.725810051,5.7776660919,6.0043048859,5.7895698547,5.0002055168,4.4574556351,4.150701046,3.8736147881,3.4595506191,3.1319098473,2.6819493771,2.4293851852,1.9365170002,1.5702898502,1.3065001965,0.4225623608,0.0685138702,-0.0286531448,-0.6066150665,-0.6056988239,0.0,-0.0859649181,-0.3248987198,-0.3807265759,-0.1224532127,-0.2548239231,-0.2614929676,-0.4198606014,-0.39179492,-0.4320719242,-0.493011713,-0.2406415939,-0.2236198187,-0.3767032623,-0.2674608231,-0.4035763741,-0.3819155693,-0.3296749592,-0.3508989811,-0.4633764029,-0.6664450169,-0.512748003,-0.5217516422,-0.8030278683,-0.9418983459,-0.7740273476,-0.4455703497,-0.5377149582,-0.5980010033,-1.0558650494,-1.1619057655,-1.309071064,-1.2782809734,-1.3492648602,-0.5746479034,-0.5290468931,-0.6542913914,-0.7094002962,-0.7614881992,-0.4226216078,-0.4519639015,-0.5073401928,-0.6736152172,-0.4913523197,-0.5813012123,-0.4252182245,-0.4877533913,-0.4467873573,-0.5638772249,-0.4524874687,-0.6057589054,-0.5207489729,-0.3846766949,-0.4162352085,-0.318661809,-0.4434473515,-0.230907917,-0.4160881042,-0.4629924297,-0.2084165812,-0.2864193916,-0.2586863041,-0.1223282814,-0.1591281891,-0.1768431664,-0.0956096649,-0.1499824524,-0.0899492502,-0.0827327967,0.0,-0.0504558086,-0.054975152,-0.0592496395,0.0,0.0,-0.0739855766,-0.0641094446,0.0,-0.180404067,-0.0191961527,-0.1567677259,-0.2862228155,-0.368842721,-0.3638060093,-0.5036554337,-0.6231901646,-0.6621857882,-0.1590522528,-0.1419941187,-0.1157902479,0.0,0.0,0.0,0.0,0.0,0.0,0.0,0.0,0.0,0.0,0.0,0.0,0.0,0.0,0.0,0.0,0.0,0.0,0.0,0.0,0.0,0.0,0.0,0.0,0.0]},"step_mean_q":{"0":[13.7240028381,13.6942405701,13.6296443939,13.6841096878,13.7432556152,13.6845302582,13.5838670731,13.517988205,13.4001617432,13.2372550964,13.0426139832,12.8519802094,12.6534662247,12.418923378,12.1494054794,11.9015340805,11.6444263458,11.3266487122,11.0307683945,10.7547798157,10.4601669312,10.1295051575,9.8439102173,9.5489683151,9.2703971863,8.9845333099,8.7181787491,8.469291687,8.2190389633,7.9632234573,7.7238740921,7.5144777298,7.2747354507,7.0476288795,6.8303427696,6.6198863983,6.4014210701,6.2062511444,6.0134339333,5.8363251686,5.6422491074,5.4620981216,5.2867817879,5.1195030212,4.9412565231,4.8045186996,4.6671967506,4.519718647,4.387295723,4.2790565491,4.1627192497,4.0465230942,3.9470999241,3.8426656723,3.7532374859,3.6966784,3.6175243855,3.5359218121,3.4627459049,3.3887617588,3.3199291229,3.251295805,3.1822524071,3.107057333,3.0462658405,2.9602949619,2.8926560879,2.829110384,2.7539434433,2.6950130463,2.6553919315,2.635778904,2.5946416855,2.5375740528,2.4897379875,2.4525024891,2.378225565,2.3456819057,2.3086566925,2.2657330036,2.1951785088,2.1195473671,2.0743021965,2.0872218609,2.0259113312,2.0487930775,2.0220360756,2.0160329342,2.0034945011,1.9669691324,2.0636017323,2.0338156223,2.008654356,2.0545754433,1.9598535299,1.9570471048,2.0805914402,2.0284047127,2.0036096573,1.9412238598,1.8957256079,1.8503695726,1.9612593651,1.9661253691,1.8192918301,1.767557621,1.9318947792,1.8740593195,1.8230530024,1.7119574547,1.5749615431,1.5396386385,1.436606288,1.5598845482,1.6094032526,1.6681526899,2.0698225498,2.2391619682,2.2234470844,2.4770908356,2.3561694622,2.3753182888,1.8773716688,2.1243195534,2.0515854359,1.555259347,1.6299159527,1.7174700499,1.5700104237,1.5253969431,1.448441267,1.4171504974,1.4201798439,1.4223232269,1.425792098,1.6906073093,1.5848066807,0.9938969016,1.0880812407,0.9762853384,0.7283705473,0.6163055897,1.0430090427,1.3185638189]},"episodes_still_running":{"0":[4096.0,4096.0,4096.0,4096.0,4096.0,4096.0,4096.0,4096.0,4096.0,4096.0,4096.0,4096.0,4096.0,4096.0,4096.0,4096.0,4096.0,4096.0,4096.0,4096.0,4096.0,4096.0,4096.0,4096.0,4096.0,4096.0,4096.0,4096.0,4095.0,4093.0,4093.0,4093.0,4093.0,4091.0,4091.0,4089.0,4086.0,4082.0,4074.0,4065.0,4059.0,4046.0,4029.0,4015.0,3993.0,3955.0,3915.0,3873.0,3812.0,3747.0,3677.0,3582.0,3477.0,3378.0,3237.0,3076.0,2949.0,2790.0,2644.0,2499.0,2339.0,2177.0,2007.0,1846.0,1690.0,1567.0,1445.0,1312.0,1187.0,1074.0,982.0,882.0,806.0,736.0,671.0,616.0,545.0,487.0,428.0,391.0,341.0,307.0,277.0,242.0,219.0,197.0,181.0,170.0,146.0,130.0,116.0,103.0,95.0,86.0,83.0,75.0,66.0,63.0,55.0,51.0,46.0,39.0,32.0,30.0,28.0,25.0,22.0,20.0,19.0,18.0,18.0,15.0,15.0,12.0,12.0,11.0,9.0,8.0,8.0,7.0,7.0,7.0,6.0,5.0,5.0,4.0,4.0,4.0,4.0,4.0,4.0,4.0,4.0,3.0,3.0,2.0,2.0,2.0,2.0,2.0,2.0,1.0,1.0,1.0]},