{"max_q":{"0":22.8713531494},"min_q":{"0":-1.7035366297},"mean_q":{"0":5.228366375},"range_q":{"0":24.5748901367},"step_max_q":{"0":[19.3472728729,20.8990745544,19.7598419189,19.9822883606,20.7089424133,19.5969352722,21.335735321,20.1789302826,21.0957527161,20.7591133118,21.1041965485,21.3742637634,19.7050018311,19.1361446381,19.7511749268,20.7252464294,22.8713531494,20.9144229889,20.4887390137,18.5734539032,22.0482997894,17.9660739899,18.5229759216,19.7142829895,19.5536556244,17.3350467682,18.1443538666,17.5683403015,15.5784883499,16.6753959656,18.1142444611,16.0278701782,15.8803882599,14.8614730835,17.3041992188,14.4439201355,14.6155385971,15.7500047684,14.1182203293,13.7770299911,11.2516241074,11.5278911591,11.2771043777,9.7478485107,10.3514633179,9.4922780991,9.931060791,10.463101387,8.631439209,8.4271202087,7.8149094582,7.5762472153,9.0685939789,7.9259467125,7.5483293533,8.653377533,7.2287364006,9.3575372696,9.3068780899,9.5940237045,7.4502177238,7.1724739075,6.9168682098,7.0790557861,6.3222565651,5.9269227982,6.8910689354,6.7725090981,6.0076627731,5.3453474045,6.0592827797,5.2325277328,5.8923802376,4.5291204453,4.0590634346,4.1042470932,4.1456785202,4.1740422249,4.2033920288,3.9377355576,3.7088117599,3.5744714737,3.4935460091,4.1627688408,5.4129972458,5.3862247467,5.2422351837,4.7702584267,5.0833530426,0.0662710667,0.2168487906,0.0,0.0789377093,0.0,0.0,0.0,0.0,0.0]},"step_min_q":{"0":[1.8890762329,1.8739501238,0.0,-1.4208908081,-0.4329842329,-0.2820765376,-0.226549983,-0.367148757,-0.4155677557,-0.6630246639,-0.6077982187,-0.5146711469,-0.3395393491,-0.9218742847,-0.6518362761,-0.6919606328,-0.7662305832,-0.856552422,-0.8145115376,-1.0099713802,-0.86417979,-0.8843631744,-0.7465676069,-1.2082262039,-0.8704912663,-0.7440854311,-0.9066050053,-0.6431412697,-0.6180579066,-1.1414903402,-0.8138602376,-0.7146612406,-0.7580616474,-1.0933432579,-1.7035366297,-1.3490213156,-0.9168810248,-0.8718323112,-0.8034219146,-1.0671547651,-0.9263871908,-1.0051227808,-1.0563423634,-0.5800955296,-0.6705303192,-0.7386869192,-0.6816672683,-0.743729949,-0.7235571146,-0.8026202917,-0.6456785798,-0.661508441,-0.690500319,-0.9640177488,-1.0395139456,-0.5708137751,-0.7429700494,-0.7840556502,-0.4988520145,-0.5280150771,-0.3333144784,-0.4047033787,-0.3197672665,-0.7306396961,-0.5674709678,-0.7419660091,-0.6398656368,-0.7004058361,-0.6411496997,-0.5732551813,-0.3390295506,-0.0427030623,-0.3425080776,-0.150595665,-0.1821272224,-1.1353999376,-0.7799696922,-1.1751224995,-0.1797944903,-0.0998897552,-0.1432726979,-0.1131907701,-0.2872723937,-0.1863254309,-0.1863771081,-0.1665272117,-0.3141074777,-0.3386691213,-0.4659152031,-0.5284443498,-0.5407348871,-0.5214847326,-0.3417702913,-0.1822659969,-0.1015210748,-0.3152397275,-0.2399941683,-0.2357916832]},"step_mean_q":{"0":[9.0348243713,9.2031383514,9.1513957977,9.0819301605,8.9900884628,8.8374891281,8.7195682526,8.5652580261,8.4124603271,8.1735200882,7.8967781067,7.6111078262,7.2676744461,6.8998804092,6.5371465683,6.1177668571,5.7230577469,5.3159313202,4.9212303162,4.519276619,4.1370849609,3.7665431499,3.3686790466,3.0432271957,2.7312209606,2.4596936703,2.2768373489,2.1161186695,1.9952116013,1.8688204288,1.7750377655,1.7018792629,1.6340391636,1.5681138039,1.5153796673,1.4571100473,1.4151446819,1.3898471594,1.3302903175,1.3091518879,1.2663217783,1.2461279631,1.2246221304,1.1682357788,1.1369277239,1.1804250479,1.1323670149,1.0547600985,1.1061815023,1.1511852741,1.1283787489,1.1460189819,1.1538316011,1.1275459528,1.1446421146,1.1539239883,1.1598618031,1.1515479088,1.1380125284,1.1926602125,1.1155480146,1.2131432295,1.1260874271,1.1195976734,1.1493742466,1.1304802895,1.1746126413,1.1949135065,1.222874403,1.2038106918,1.1532570124,1.2814629078,1.4348651171,1.3084772825,1.2424049377,1.2493873835,1.1958489418,1.2101125717,1.6457279921,1.4724500179,1.0682873726,1.1304901838,0.9346340299,0.9008036852,1.3369878531,1.3922921419,1.2141401768,1.144477725,1.1304625273,-0.2297642827,-0.1619430482,-0.2919338346,-0.131416291,-0.1822659969,-0.1015210748,-0.3152397275,-0.2399941683,-0.2357916832]},"episodes_still_running":{"0":[4096.0,4096.0,4093.0,4084.0,4080.0,4077.0,4068.0,4065.0,4062.0,4053.0,4042.0,4039.0,4027.0,4014.0,3989.0,3952.0,3903.0,3851.0,3805.0,3754.0,3678.0,3611.0,3533.0,3439.0,3318.0,3208.0,3080.0,2946.0,2784.0,2641.0,2484.0,2336.0,2183.0,2035.0,1890.0,1736.0,1604.0,1482.0,1360.0,1231.0,1123.0,1015.0,907.0,825.0,761.0,687.0,628.0,568.0,504.0,449.0,404.0,352.0,309.0,275.0,243.0,214.0,193.0,169.0,152.0,134.0,122.0,107.0,100.0,88.0,82.0,72.0,67.0,58.0,51.0,40.0,38.0,33.0,29.0,25.0,21.0,19.0,19.0,17.0,12.0,10.0,9.0,7.0,7.0,7.0,6.0,6.0,6.0,4.0,4.0,3.0,2.0,2.0,2.0,1.0,1.0,1.0,1.0,1.0]},"step_range_q":{"0":[17.45819664,19.0251235962,19.7598419189,21.4031791687,21.1419258118,19.8790111542,21.5622844696,20.5460796356,21.5113201141,21.4221382141,21.7119941711,21.8889350891,20.0445404053,20.0580196381,20.403011322,21.4172077179,23.6375846863,21.7709751129,21.3032512665,19.5834255219,22.9124794006,18.8504371643,19.2695426941,20.9225082397,20.4241466522,18.0791320801,19.0509586334,18.2114810944,16.1965465546,17.8168869019,18.9281044006,16.7425308228,16.6384506226,15.9548168182,19.0077362061,15.7929410934,15.5324192047,16.621837616,14.9216423035,14.8441848755,12.1780109406,12.5330142975,12.3334465027,10.3279438019,11.0219936371,10.2309646606,10.6127281189,11.2068309784,9.3549966812,9.2297401428,8.4605884552,8.2377557755,9.7590942383,8.8899641037,8.5878429413,9.2241916656,7.9717063904,10.1415929794,9.805729866,10.1220388412,7.7835321426,7.5771770477,7.236635685,7.8096952438,6.8897275925,6.6688890457,7.5309343338,7.4729146957,6.648812294,5.9186024666,6.3983125687,5.2752308846,6.2348880768,4.6797161102,4.2411904335,5.2396469116,4.9256482124,5.3491649628,4.3831863403,4.0376253128,3.8520843983,3.6876621246,3.7808184624,4.3490943909,5.5993742943,5.552752018,5.5563426018,5.1089277267,5.5492682457,0.5947154164,0.7575836778,0.5214847326,0.4207080007,0.1822659969,0.1015210748,0.3152397275,0.2399941683,0.2357916832]},"mean_loss:":{"0":0.8681346178},"rmse":{"0":0.9317374229},"step_rmse":{"0":[0.7395198941,0.7780636549,0.8126940727,0.8660891652,0.9028400183,0.9344889522,0.9494566917,0.9975103736,1.0337555408,1.064974308,1.1046713591,1.1020087004,1.1201411486,1.1082564592,1.1429228783,1.103279233,1.0935237408,1.1028434038,1.04705441,1.0442857742,1.0669237375,1.0191795826,0.9842953086,0.9083577394,0.8769104481,0.8698278666,0.8781598806,0.8490874767,0.8515354395,0.8158845305,0.8127875924,0.7495955825,0.7612722516,0.7468775511,0.7555395365,0.7312061191,0.720233202,0.6534692049,0.6408002377,0.6456793547,0.6630108953,0.6053161025,0.6009423733,0.5773136616,0.5848442316,0.6152410507,0.6145609617,0.5787812471,0.6220328212,0.6032000184,0.6135373116,0.6281687617,0.6401688457,0.6178362966,0.6582627296,0.6296551824,0.6918900013,0.6277794242,0.5469905734,0.5949059725,0.5565705299,0.6036162972,0.6051495671,0.5645264387,0.567640245,0.5853021741,0.6450853944,0.6872782111,0.6995030642,0.6480883956,0.6583333611,1.0830279589,0.8771492839,0.7444491982,0.7471261024,0.8369162083,0.7079639435,0.6876544952,0.7670010924,0.7956326604,0.4669756293,0.5944445729,0.7417848706,0.5597543716,0.3734697402,0.4912796021,0.5668893456,1.2260187864,1.0119208097,0.4170608521,0.2945899367,0.5014253259,0.2969420254,0.6408395767,0.3698359132,0.5318415761,0.0973182917,0.2456860542]},"rmse_by_q":{"0":17.8208141327},