{"max_q":{"0":16.780166626},"min_q":{"0":-0.6686472893},"mean_q":{"0":7.8108611107},"range_q":{"0":17.4488143921},"step_max_q":{"0":[16.780166626,15.9698066711,15.8626689911,16.1238174438,16.1905345917,15.3916473389,15.584148407,15.4768238068,14.2529830933,14.4307861328,14.2957487106,13.6353130341,13.6712722778,13.7451572418,13.6114425659,13.7345809937,13.3524494171,12.5198688507,12.6654949188,12.7154941559,12.281876564,12.5193386078,12.352273941,10.9130563736,10.8632621765,10.9091339111,10.3275718689,9.572221756,9.6341686249,9.0249099731,8.9936275482,8.909910202,8.3770990372,7.7178535461,7.6143193245,7.5144748688,6.4348125458,5.9799251556,5.7200069427,5.6020727158,5.1368122101,5.1525297165,4.6527814865,4.4970440865,4.0275211334,3.9394974709,3.4508972168,3.3065776825,3.0345013142,3.0746841431,2.6818637848,2.7150402069,2.8743686676,2.7216567993,2.2675640583,2.2490952015,2.1664047241,2.1841254234,2.0236098766,2.1979382038,2.1129441261,1.8425791264,1.8012979031,1.8232815266,1.7768285275,1.8044316769,1.749350071,1.7858140469,1.7215399742,1.7889816761,1.6978609562,1.3498923779,1.2758517265,1.265139699]},"step_min_q":{"0":[16.4193153381,15.1956348419,14.2106866837,14.3502483368,13.1186313629,12.152179718,12.3908843994,11.6527681351,10.7755832672,10.8480587006,10.4146842957,9.4872093201,9.6137943268,9.7540140152,8.8216972351,8.9782867432,9.0648202896,8.1652374268,8.2650928497,8.2393426895,7.0309658051,7.0474205017,7.2480220795,5.4888486862,5.6317510605,5.5358848572,4.2862300873,4.2702560425,4.3019971848,2.9233093262,2.9667634964,2.9142007828,2.1338748932,1.8864386082,1.9080251455,1.6182866096,1.6175012589,1.3076527119,0.0,0.0,0.0,0.0,0.0,-0.1991075873,-0.0827540755,-0.2067845464,-0.3896170557,0.0,0.0,-0.0206238329,0.0,0.0,-0.065944612,-0.0320495665,0.0,0.0,0.0,0.0,0.0,0.0,0.0,0.0,0.0,0.0,-0.6686472893,0.0,0.0,0.0,0.0,0.0,0.0,0.0,0.0,0.0]},"step_mean_q":{"0":[16.6103858948,15.50598526,14.8259000778,15.0001564026,14.6244840622,13.4262619019,13.5735416412,13.3955907822,12.3311328888,12.4460191727,12.3800868988,11.4466724396,11.5282211304,11.5012636185,10.6690998077,10.7412624359,10.7401571274,9.9579706192,10.025592804,10.0325946808,9.2842216492,9.3266487122,9.3086719513,8.2080221176,8.2054014206,8.1335201263,6.9475488663,6.9151296616,6.8254404068,5.7724285126,5.7124423981,5.617808342,4.7299852371,4.6307787895,4.5398731232,3.8292012215,3.6842856407,3.5999298096,3.0596568584,2.9052062035,2.8128848076,2.434176445,2.3084373474,2.2363364697,2.0163528919,1.9251811504,1.8740441799,1.7530552149,1.6965397596,1.6649851799,1.5846848488,1.5614410639,1.5377616882,1.5147309303,1.4923540354,1.4788392782,1.4331095219,1.444794178,1.4001976252,1.4515638351,1.477696538,1.2510023117,1.3935192823,1.3844214678,1.1382241249,1.3405174017,1.4331142902,1.5079740286,1.474285841,1.5471246243,1.5352716446,1.3498923779,1.2758517265,1.265139699]},"episodes_still_running":{"0":[4096.0,4096.0,4096.0,4096.0,4096.0,4096.0,4096.0,4096.0,4096.0,4096.0,4096.0,4096.0,4096.0,4096.0,4096.0,4096.0,4096.0,4096.0,4096.0,4096.0,4096.0,4096.0,4096.0,4096.0,4096.0,4096.0,4096.0,4096.0,4096.0,4096.0,4096.0,4096.0,4096.0,4096.0,4096.0,4096.0,4096.0,4096.0,4092.0,4088.0,4080.0,4056.0,4032.0,4000.0,3736.0,3580.0,3444.0,2940.0,2516.0,2252.0,1728.0,1328.0,1164.0,820.0,636.0,516.0,356.0,228.0,188.0,136.0,96.0,68.0,56.0,44.0,36.0,24.0,20.0,16.0,8.0,8.0,8.0,4.0,4.0,4.0]},"step_range_q":{"0":[0.3608512878,0.7741718292,1.6519823074,1.7735691071,3.0719032288,3.2394676208,3.1932640076,3.8240556717,3.477399826,3.5827274323,3.881064415,4.148103714,4.057477951,3.9911432266,4.7897453308,4.7562942505,4.2876291275,4.354631424,4.4004020691,4.4761514664,5.250910759,5.4719181061,5.1042518616,5.4242076874,5.231511116,5.373249054,6.0413417816,5.3019657135,5.3321714401,6.101600647,6.0268640518,5.9957094193,6.243224144,5.8314151764,5.7062940598,5.8961882591,4.8173112869,4.6722726822,5.7200069427,5.6020727158,5.1368122101,5.1525297165,4.6527814865,4.6961517334,4.1102752686,4.146282196,3.840514183,3.3065776825,3.0345013142,3.0953080654,2.6818637848,2.7150402069,2.9403133392,2.7537064552,2.2675640583,2.2490952015,2.1664047241,2.1841254234,2.0236098766,2.1979382038,2.1129441261,1.8425791264,1.8012979031,1.8232815266,2.4454758167,1.8044316769,1.749350071,1.7858140469,1.7215399742,1.7889816761,1.6978609562,1.3498923779,1.2758517265,1.265139699]},"mean_loss:":{"0":0.0295481365},"rmse":{"0":0.1718957126},"step_rmse":{"0":[0.0448989123,0.0663150996,0.0701551065,0.0824232772,0.0894273371,0.0844296962,0.0874225125,0.0986780971,0.1006470397,0.1074859574,0.1187844872,0.1311870217,0.1358931363,0.1435161531,0.1484190524,0.1363971829,0.1259037852,0.1168735474,0.129258126,0.1152507737,0.1360951215,0.1524010152,0.1710104495,0.1644148827,0.1789503992,0.1907731444,0.1890539676,0.1953385472,0.1967307925,0.1873431057,0.1982331276,0.2075030357,0.2234416008,0.215560168,0.2161990553,0.2153855711,0.1945510954,0.1861540824,0.173071757,0.1722917557,0.167617321,0.1555572599,0.1642662436,0.2016686648,0.1894435436,0.1964417994,0.206079945,0.2109187245,0.212808162,0.2335843146,0.2529150248,0.3016872108,0.2989981472,0.3667478263,0.4168589413,0.4497433007,0.3614881933,0.388866812,0.4747475982,0.5124047399,0.4526759982,0.3947300613,0.2758476436,0.2652148306,0.6626372337,0.3399534822,0.2680209875,0.2989096344,0.1660181135,0.1386233866,0.1782554984,0.0117707253,0.0799458027,0.1020740271]},"rmse_by_q":{"0":2.2007267475},"step_rmse_by_q":{"0":[0.2703062594,0.4276742339,0.4731929004,0.5494827628,0.6114905477,0.6288399696,0.6440655589,0.7366461158,0.8162027001,0.8636171818,0.9594802856,1.1460711956,1.1787867546,1.2478294373,1.3911113739,1.2698431015,1.1722713709,1.1736683846,1.2892816067,1.1487634182,1.4658753872,1.6340384483,1.8371090889,2.0030999184,2.1808853149,2.3455176353,2.7211606503,2.8247995377,2.8823165894,3.2454814911,3.4701991081,3.693665266,4.7239384651,4.6549444199,4.7622265816,5.6248173714,5.2805652618,5.1710476875,5.6565737724,5.9304485321,5.9589118958,6.3905501366,7.1159067154,9.0178136826,9.3953561783,10.2038087845,10.9965362549,12.031493187,12.5436592102,14.029211998,15.9599571228,19.3210754395,19.4437255859,24.2120780945,27.9329776764,30.4119110107,25.2240447998,26.9150314331,33.9057579041,35.3001861572,30.6338939667,31.5531044006,19.7950363159,19.157087326,58.2167625427,25.359872818,18.701997757,19.8219356537,11.2609176636,8.9600658417,11.6106815338,0.8719750643,6.2660732269,8.0682020187]},"mean_error":{"0":0.0845987052},"step_mean_error":{"0":[0.0345305912,0.0517498218,0.0538677946,0.0639576018,0.0688883662,0.0658875406,0.068070963,0.0752538443,0.0783178359,0.0786466748,0.0837103426,0.0868491977,0.0892328173,0.0855735168,0.0802597851,0.0781813115,0.0740074068,0.072594583,0.0764794946,0.0726236999,0.0772206113,0.0820371062,0.0901498422,0.084310472,0.0918872058,0.105058521,0.0924580693,0.0974292755,0.1064623371,0.0902503729,0.0947439224,0.1088800281,0.09505371,0.0978523344,0.1039955541,0.0903377235,0.0909938589,0.0922966003,0.0796273872,0.0801654235,0.0776991025,0.0703023449,0.0685825646,0.0801000744,0.0754546598,0.0751248822,0.0763860494,0.0795048997,0.0867939666,0.1050485447,0.1146896705,0.1345954388,0.1401629597,0.1792657971,0.2137010247,0.2218253464,0.2005470842,0.2115835696,0.2833214998,0.3081705868,0.2782362401,0.2454980165,0.2316968739,0.20655936,0.3342650831,0.2229874879,0.2153802812,0.2454531789,0.1632931232,0.138607204,0.1595522761,0.0117707253,0.0799458027,0.1020740271]},"mean_q_deviation":{"0":2.6616072655},