{"max_q":{"0":22.8436412811},"min_q":{"0":-1.0134315491},"mean_q":{"0":6.7303104401},"range_q":{"0":23.8570728302},"step_max_q":{"0":[18.087272644,20.6603889465,20.6851673126,20.0784187317,20.6621055603,20.9459476471,21.6584396362,20.9009170532,20.8623542786,20.5923252106,22.48645401,22.8436412811,21.5052871704,21.0549926758,20.120174408,20.2230300903,19.702501297,18.1315517426,18.7132873535,17.8821315765,17.1432971954,16.7643699646,15.7756233215,14.2962303162,14.8526382446,13.4789590836,13.7106552124,14.4473056793,12.6970319748,12.9580316544,14.7117805481,11.9521245956,11.7340135574,12.0696115494,12.5460586548,11.4800186157,11.4099588394,10.8705673218,10.1270084381,10.2126760483,9.5439872742,9.1190271378,9.3203554153,8.4294424057,8.6142425537,9.0611190796,9.0435628891,9.1327199936,9.1047172546,8.6603851318,8.7729969025,7.8684644699,7.8453369141,7.9406723976,8.4289178848,7.9871263504,8.150686264,8.3057231903,8.2730770111,8.0906925201,8.8227539062,9.2532758713,6.9270739555,7.2424163818,7.2605962753,7.0536804199,7.1641044617,7.1876254082,6.9225006104,6.6378188133,6.7866301537,6.9133358002,7.0251665115,6.783952713,6.7735848427,6.7797088623,6.7426042557,6.6706104279,7.0418539047,6.9271483421,6.6183629036,6.5836162567,7.0667600632,7.1629590988,7.1418828964,7.0927290916,7.2181429863,7.139570713,7.1379566193,6.8840770721,7.0592517853,7.0083446503,6.9616127014,6.9069099426,6.8500204086,6.483953476,6.6064457893,6.3716878891,6.1888971329,6.3233575821,6.3714308739,6.4083175659]},"step_min_q":{"0":[3.1949338913,3.7713553905,-0.1629443169,-0.4044185877,0.0,-0.1556464434,-0.1141494513,-0.2336992025,-0.5808122158,-0.4681506157,-0.3713433743,-0.2492382526,-0.3479115963,-0.6936115026,-0.7595968246,-0.5700107813,-0.486805439,-0.7394965887,-0.8895133734,-0.7876763344,-0.7961522341,-0.8005393744,-0.8025738001,-0.8048609495,-0.808588028,-0.8073730469,-0.7376101017,-1.0134315491,-0.6765464544,-0.7517058849,-0.7998994589,-0.793587923,-0.7388979197,-0.6508311033,-0.5548305511,-0.5227197409,-0.5260068178,-0.4093170166,-0.4257919788,-0.5249026418,-0.6062746048,-0.6384152174,-0.5991533995,-0.4417674541,-0.4963881969,-0.3942074776,-0.538023591,-0.5389549732,-0.4214712381,-0.3802524805,-0.4977421761,-0.4126729965,-0.5672286153,-0.5038706064,-0.348423481,-0.2379060984,-0.2819930315,-0.3841463327,-0.2760893106,-0.1826603413,-0.2218085527,-0.2087365389,-0.1255832911,-0.1930725574,-0.2095891237,-0.1002477407,0.0,0.0,0.0,0.0,0.0,0.0,0.0,0.0,0.0,0.0,0.0,0.0,0.0,0.0,0.0,0.0,0.0,0.0,0.0,0.0,0.0,0.0,0.0,0.0,0.0,0.0,0.0,0.0,0.0,0.0,0.0,0.0,0.0,0.0,0.0,0.0]},"step_mean_q":{"0":[10.03469944,10.1091241837,9.9610862732,9.8576383591,9.7470664978,9.6435575485,9.5336046219,9.3381681442,9.0938034058,8.8274240494,8.5240621567,8.2064943314,7.8331441879,7.4635257721,7.0917534828,6.7237849236,6.3618702888,6.0428528786,5.7482223511,5.4627842903,5.2005987167,4.9605970383,4.7381458282,4.5413866043,4.3433499336,4.1976437569,4.0391321182,3.8898792267,3.7958014011,3.6368772984,3.5322611332,3.4195780754,3.3325150013,3.2210850716,3.0401165485,2.9941661358,2.8458120823,2.6816396713,2.5420429707,2.4592638016,2.4226024151,2.3412368298,2.2868013382,2.2622585297,2.2980337143,2.3176193237,2.399220705,2.4395229816,2.324174881,2.4448218346,2.341933012,2.3028094769,2.4849159718,2.2969818115,2.5141632557,2.8233218193,2.9855482578,2.9873430729,2.6783680916,2.7108547688,2.6771054268,2.6892888546,2.3098800182,2.567637682,2.4217810631,2.7380080223,3.4059138298,2.9614918232,3.107997179,2.8509988785,2.6125969887,3.589006424,3.5693924427,3.4040191174,3.3786327839,3.5391142368,3.4890539646,6.6706104279,7.0418539047,6.9271483421,6.6183629036,6.5836162567,7.0667600632,7.1629590988,7.1418828964,7.0927290916,7.2181429863,7.139570713,7.1379566193,6.8840770721,7.0592517853,7.0083446503,6.9616127014,6.9069099426,6.8500204086,6.483953476,6.6064457893,6.3716878891,6.1888971329,6.3233575821,6.3714308739,6.4083175659]},"episodes_still_running":{"0":[4096.0,4096.0,4096.0,4093.0,4091.0,4089.0,4087.0,4080.0,4071.0,4059.0,4051.0,4030.0,4008.0,3989.0,3966.0,3935.0,3901.0,3850.0,3791.0,3702.0,3627.0,3530.0,3424.0,3297.0,3168.0,3008.0,2815.0,2611.0,2347.0,2137.0,1947.0,1718.0,1527.0,1351.0,1178.0,1030.0,896.0,797.0,671.0,573.0,501.0,434.0,380.0,331.0,277.0,237.0,199.0,178.0,159.0,135.0,119.0,102.0,87.0,76.0,64.0,54.0,49.0,44.0,34.0,32.0,30.0,25.0,20.0,17.0,16.0,11.0,9.0,8.0,7.0,6.0,4.0,3.0,3.0,3.0,3.0,2.0,2.0,1.0,1.0,1.0,1.0,1.0,1.0,1.0,1.0,1.0,1.0,1.0,1.0,1.0,1.0,1.0,1.0,1.0,1.0,1.0,1.0,1.0,1.0,1.0,1.0,1.0]},"step_range_q":{"0":[14.8923387527,16.8890342712,20.8481121063,20.482837677,20.6621055603,21.1015949249,21.7725887299,21.1346168518,21.4431667328,21.0604763031,22.8577976227,23.092880249,21.8531990051,21.7486038208,20.8797721863,20.7930412292,20.1893062592,18.8710479736,19.6028003693,18.6698074341,17.9394493103,17.5649089813,16.5781974792,15.1010913849,15.6612262726,14.2863321304,14.4482650757,15.4607372284,13.3735780716,13.7097377777,15.5116796494,12.7457122803,12.4729118347,12.7204427719,13.1008892059,12.002737999,11.935965538,11.2798843384,10.5528001785,10.737578392,10.150261879,9.7574424744,9.919508934,8.8712100983,9.1106309891,9.4553260803,9.5815868378,9.6716747284,9.5261888504,9.04063797,9.2707386017,8.2811374664,8.4125652313,8.4445428848,8.7773418427,8.2250328064,8.4326791763,8.6898698807,8.5491666794,8.273352623,9.0445623398,9.462012291,7.0526571274,7.4354887009,7.4701852798,7.1539282799,7.1641044617,7.1876254082,6.9225006104,6.6378188133,6.7866301537,6.9133358002,7.0251665115,6.783952713,6.7735848427,6.7797088623,6.7426042557,6.6706104279,7.0418539047,6.9271483421,6.6183629036,6.5836162567,7.0667600632,7.1629590988,7.1418828964,7.0927290916,7.2181429863,7.139570713,7.1379566193,6.8840770721,7.0592517853,7.0083446503,6.9616127014,6.9069099426,6.8500204086,6.483953476,6.6064457893,6.3716878891,6.1888971329,6.3233575821,6.3714308739,6.4083175659]},"mean_loss:":{"0":1.3294110298},"rmse":{"0":1.1530008316},"step_rmse":{"0":[1.2224966288,1.2693448067,1.271735549,1.238057971,1.2947205305,1.3280507326,1.357540369,1.3560343981,1.3440401554,1.346350193,1.3347563744,1.2967982292,1.2573041916,1.2540104389,1.2379980087,1.1930751801,1.1675345898,1.1258881092,1.1214363575,1.0930767059,1.0750573874,1.0497795343,1.0105657578,0.9869554639,0.9746204615,0.9509658813,0.9341029525,0.9140890837,0.8939248919,0.8880969882,0.8860895634,0.863499701,0.8727619648,0.8569524288,0.8522696495,0.8294586539,0.8322094083,0.7825279236,0.7701869607,0.7785453796,0.814329505,0.8056117296,0.7620248199,0.7701876163,0.7930743694,0.8008695245,0.753498137,0.8857343197,0.7242834568,0.856692791,0.8209443688,0.8454560637,0.808513701,0.910456419,0.9401277304,0.911111176,0.9540860653,1.0470371246,1.2652467489,0.9904719591,1.0336881876,0.8510453701,0.9009137154,0.9062734842,0.9061234593,1.0345516205,1.2947980165,1.3588591814,1.3053437471,0.7140923142,0.7440052629,1.5798192024,1.8774588108,1.14189291,1.0376431942,0.2337341756,0.3729999363,0.4222993851,0.134390831,0.0552887917,0.4943480492,0.4698104858,0.0994229317,0.2188258171,0.0821361542,0.0112404823,0.321521759,0.3121724129,0.4033684731,0.0473155975,0.0038833618,0.1200194359,0.0828289986,0.0268940926,0.188519001,0.3126792908,0.0209121704,0.5405755043,0.2401361465,0.0738554001,0.2094635963,0.4190740585]},"rmse_by_q":{"0":17.1314659119},