{"max_q":{"0":27.4921512604},"min_q":{"0":-2.1835818291},"mean_q":{"0":4.1370325089},"range_q":{"0":29.6757335663},"step_max_q":{"0":[23.9249458313,27.4921512604,22.3393783569,26.1331958771,21.4935131073,20.9720554352,22.1588783264,21.6387863159,21.9402561188,22.5695304871,21.1987133026,20.3447875977,20.3710861206,19.0851631165,19.3676757812,18.7223434448,17.9472961426,17.5132656097,17.5318584442,17.9929447174,17.1550807953,15.9257955551,16.1100463867,17.0253868103,21.1917667389,22.6221790314,15.264046669,14.6019220352,13.1148271561,13.2982501984,13.2418727875,15.8185005188,14.6124258041,19.6896190643,18.1994400024,16.8602466583,17.1751041412,11.3633460999,11.5902023315,11.8982105255,10.5581655502,10.4422807693,10.6490249634,11.1691608429,10.2929115295,10.5903205872,10.6048431396,9.429110527,9.7671871185,9.269739151,9.4380054474,9.2498931885,9.3937454224,8.4256534576,8.595708847,8.2051649094,8.4815654755,8.4118461609,8.668712616,8.5284166336,8.3440732956,8.0328798294,7.6621751785,7.6686835289,7.054227829,7.2979106903,7.642598629,7.0249738693,6.7325186729,6.9509086609,6.922896862,7.2715773582,7.1947731972,7.4744334221,7.1356830597,6.8758234978,6.497595787,6.4035630226,6.2964539528,6.1882953644,6.0820446014,5.976729393,5.8743810654,5.4603238106,5.4054765701,5.0033555031,4.5508980751,4.6365756989,4.4110174179,4.0592889786,3.7299377918,3.7870266438,3.5766789913,3.5883433819,3.5598330498,3.5285491943,3.5070614815,3.9614973068,3.9313745499,3.3847155571,3.3555998802,4.4486160278]},"step_min_q":{"0":[2.1673214436,0.0,0.0,-0.0135778189,-0.3046037555,-0.272667408,-0.1696429849,-0.2352516651,-0.2779992819,-0.3720089197,-0.3293988705,-0.4954435229,-0.5005776882,-0.5104011893,-0.556532979,-0.5772429109,-0.6995854378,-0.7112385035,-0.8736096621,-1.6730210781,-1.0560178757,-0.6187052727,-0.6621656418,-0.6910479069,-0.5932183266,-0.5757557154,-0.5753619671,-2.1835818291,-1.8216693401,-0.9867941141,-1.1517319679,-1.0896788836,-1.0366419554,-1.0347619057,-1.1315772533,-0.8759497404,-0.9333257675,-0.9661928415,-1.054353714,-1.2002134323,-1.3615787029,-1.260216713,-1.2990083694,-0.942305088,-1.1236288548,-0.8694708347,-1.0294764042,-0.8565089703,-0.8265752792,-0.8164196014,-0.8231627941,-0.8580567837,-0.8876795769,-0.8768715858,-0.9038105011,-0.9395611286,-0.969581604,-1.225530386,-1.1594028473,-1.1916968822,-0.7957992554,-0.8881180286,-0.6324458122,-0.8911890984,-0.4194302559,-0.5319030285,-0.5548601151,-0.4614002109,-0.4450790286,-0.529049933,-0.3716189861,-0.3392602801,-0.3328230977,-0.3309832215,-0.3772583008,-0.3435342312,-0.4072117805,-0.4977788925,-0.4848890305,-0.3298398256,-0.3219509125,-0.1564861536,-0.1573314667,-0.1541105509,-0.1430234313,-0.0816398859,-0.0741053224,-0.1255286336,-0.0671403408,-0.0300580263,-0.2414987683,0.0,0.0,0.0,-0.0268023014,-0.0949852467,0.0,0.0,0.0,0.0,0.0,0.0]},"step_mean_q":{"0":[8.1660642624,8.4115447998,8.1231460571,7.9539613724,7.6811375618,7.4251651764,7.1404457092,6.8332862854,6.5483298302,6.2751302719,5.9443807602,5.583158493,5.2105441093,4.8175401688,4.46291399,4.1068921089,3.7771060467,3.4649713039,3.1690711975,2.8841824532,2.6643230915,2.4334418774,2.2566802502,2.0578041077,1.8667587042,1.7095832825,1.5532163382,1.4312371016,1.3116868734,1.2327200174,1.1715484858,1.1165201664,1.0932106972,1.0631592274,1.03586936,1.0332965851,1.0193339586,0.9671990871,0.9354456663,0.9241728187,0.9058833122,0.9020328522,0.8934736252,0.902184844,0.886836946,0.9043470025,0.9191573262,0.8818281293,0.9241475463,0.9447940588,0.9594029784,0.9734322429,0.9589315653,0.98050946,1.0266777277,1.0590515137,1.0822985172,1.0736371279,1.1668480635,1.1285641193,1.2286949158,1.2959952354,1.3089163303,1.3329389095,1.4350986481,1.5208560228,1.6152902842,1.7965611219,1.7795906067,1.7590258121,1.6274430752,1.6875572205,1.787186861,1.8420388699,1.8515901566,1.8596811295,1.3983641863,1.4337421656,1.4939700365,1.7742275,1.7544629574,2.0606675148,2.0579690933,1.9467786551,1.9775440693,1.9456106424,1.9052803516,1.8168144226,1.5430041552,1.4416377544,1.3455826044,2.0980744362,2.021007061,1.9409122467,1.83264184,2.1540331841,3.423306942,3.7169585228,3.6808962822,3.3847155571,3.3555998802,4.4486160278]},"episodes_still_running":{"0":[4096.0,4095.0,4092.0,4083.0,4070.0,4059.0,4044.0,4029.0,4020.0,4008.0,3987.0,3961.0,3934.0,3901.0,3863.0,3815.0,3760.0,3677.0,3585.0,3502.0,3432.0,3330.0,3235.0,3117.0,2990.0,2846.0,2711.0,2580.0,2445.0,2322.0,2184.0,2052.0,1892.0,1769.0,1633.0,1490.0,1383.0,1265.0,1154.0,1059.0,952.0,860.0,781.0,704.0,645.0,589.0,539.0,493.0,443.0,395.0,361.0,318.0,289.0,264.0,233.0,208.0,181.0,158.0,140.0,125.0,109.0,100.0,95.0,81.0,72.0,64.0,55.0,49.0,44.0,39.0,36.0,35.0,31.0,28.0,25.0,24.0,20.0,19.0,17.0,14.0,14.0,10.0,10.0,10.0,10.0,10.0,10.0,10.0,8.0,8.0,8.0,5.0,5.0,5.0,5.0,4.0,2.0,2.0,2.0,1.0,1.0,1.0]},"step_range_q":{"0":[21.7576236725,27.4921512604,22.3393783569,26.146774292,21.798116684,21.2447223663,22.3285217285,21.8740386963,22.2182559967,22.9415397644,21.5281124115,20.8402309418,20.8716640472,19.5955638885,19.9242095947,19.2995872498,18.6468811035,18.2245044708,18.4054679871,19.6659660339,18.2110977173,16.544500351,16.7722129822,17.7164344788,21.7849845886,23.1979351044,15.8394088745,16.7855033875,14.9364967346,14.2850446701,14.3936042786,16.9081802368,15.6490678787,20.7243804932,19.3310165405,17.7361965179,18.1084289551,12.329539299,12.6445560455,13.0984239578,11.9197444916,11.7024974823,11.9480333328,12.1114654541,11.4165401459,11.4597911835,11.6343193054,10.2856197357,10.5937623978,10.0861587524,10.2611684799,10.1079502106,10.2814254761,9.3025245667,9.4995193481,9.1447257996,9.4511470795,9.6373767853,9.8281154633,9.7201137543,9.139872551,8.9209976196,8.2946205139,8.5598726273,7.4736580849,7.8298139572,8.1974582672,7.4863739014,7.1775975227,7.4799585342,7.2945156097,7.6108374596,7.5275964737,7.805416584,7.5129413605,7.2193574905,6.9048075676,6.9013419151,6.7813429832,6.5181350708,6.4039955139,6.1332154274,6.031712532,5.6144342422,5.548500061,5.0849952698,4.6250033379,4.7621045113,4.4781579971,4.0893468857,3.9714365005,3.7870266438,3.5766789913,3.5883433819,3.5866353512,3.623534441,3.5070614815,3.9614973068,3.9313745499,3.3847155571,3.3555998802,4.4486160278]},"mean_loss:":{"0":0.8795323372},"rmse":{"0":0.9378338456},"step_rmse":{"0":[0.7497893572,0.7806507945,0.8167324662,0.866766274,0.8949062824,0.934076488,0.9549322128,1.006952405,1.0480728149,1.1062095165,1.0628255606,1.1333652735,1.1315003633,1.0960743427,1.0850521326,1.038107872,1.0338492393,1.0010170937,1.0020233393,0.9464449883,0.9712254405,0.9378505349,0.9192008376,0.9154638648,0.9407516718,0.9561488628,0.8581237197,0.8097931147,0.7817746997,0.7583068013,0.7853275537,0.7983037233,0.822170496,0.8641279936,0.8130631447,0.7824674249,0.7804204226,0.7900749445,0.7775341272,0.7965387702,0.7701683044,0.763361752,0.728736639,0.7152757645,0.7011642456,0.7190478444,0.6701181531,0.7419717908,0.7659095526,0.8612082005,0.862570405,0.8118590117,0.8374032974,0.7892587185,0.8369112015,0.8067355752,0.877063036,0.855936408,0.9516397715,0.9991756678,0.9977964163,1.052251339,0.9811679721,1.028457284,1.1448649168,1.1704246998,1.1627156734,1.3005530834,1.253282547,1.2263258696,1.3002274036,1.2662577629,1.4408147335,1.6464009285,1.6346321106,1.5974632502,1.3362140656,1.0993804932,1.3391426802,1.4830778837,1.2359015942,1.5407512188,1.4495602846,1.2988085747,1.4861289263,1.477987051,1.1781867743,1.1628530025,0.8686759472,0.8058715463,0.8054079413,1.0252959728,1.0351114273,1.0826932192,1.0970953703,0.9149659872,1.1933469772,1.3039519787,1.2287899256,1.5919957161,1.6281461716,2.4659547806]},"rmse_by_q":{"0":22.6692409515},