{"max_q":{"0":15.7060194016},"min_q":{"0":-0.9073913097},"mean_q":{"0":8.5987701416},"range_q":{"0":16.6134109497},"step_max_q":{"0":[15.3839683533,15.7060194016,15.5016965866,15.5423488617,15.2600164413,15.274066925,14.9422121048,15.1405563354,14.486125946,14.2229404449,14.0475301743,13.7759141922,13.2919273376,13.3252830505,12.9140481949,12.5003223419,12.0936832428,11.6783943176,11.2163419724,11.1969985962,10.6208724976,10.3749980927,9.9288692474,9.4792633057,9.014667511,8.8514766693,8.2897729874,7.9653949738,7.673678875,7.3817634583,6.9120645523,6.5624036789,6.3621792793,6.1185483932,6.2145214081,5.3948931694,5.1878695488,5.0555505753,4.6260328293,4.5594191551,4.508412838,4.3221812248,4.0610141754,4.0581960678,3.7419095039,3.7607097626,3.6950564384,3.3891434669,3.6040625572,3.53835392,3.5518350601,3.5372738838,3.7693040371,3.6240975857,3.5753135681,3.3085200787,3.3170456886,3.2951822281,2.7238204479,2.3571784496,2.6991524696,2.6181023121,2.4652557373,2.488765955,2.4791498184,2.2919411659,2.4073548317,2.1780357361,2.1476056576]},"step_min_q":{"0":[12.163734436,11.09582901,11.8783550262,10.6676931381,10.7185001373,9.9059123993,9.9252624512,9.7089166641,8.0795021057,7.2408161163,6.8759365082,5.2606859207,4.4284477234,3.0496239662,3.5456767082,3.1218221188,1.7602539062,1.584590435,0.7514138222,0.945763588,1.0353114605,0.4755859375,0.2093710899,-0.201305151,0.0,0.0,0.0,-0.0904376507,-0.30671525,-0.2190272808,-0.2887878418,-0.2765414715,-0.1576733589,-0.2487959862,-0.2606709003,-0.3903503418,-0.2590522766,-0.2036299706,-0.9073913097,-0.2351844311,-0.4241988659,-0.4336771965,-0.449041605,-0.2280063629,-0.2717649937,-0.4475390911,-0.2062684298,-0.547082901,-0.0785298347,-0.0632827282,0.0,-0.0658872128,-0.1689984798,-0.0095579624,0.0,0.0,0.0,0.0,0.0,0.0,0.0,0.0,0.0,0.0,0.0,0.0,0.0,0.0,0.0]},"step_mean_q":{"0":[14.6767902374,14.9859304428,14.8284378052,14.6635761261,14.2954540253,14.2767734528,14.0524291992,13.8328323364,13.3745689392,12.8827800751,12.5755767822,12.1257371902,11.8253679276,11.4043531418,11.0720796585,10.7094182968,10.3168897629,9.9659814835,9.5554466248,9.2160491943,8.8020792007,8.4503059387,8.0395088196,7.6382551193,7.2787938118,6.8785758018,6.5052185059,6.1528830528,5.797513485,5.4468593597,5.1338768005,4.8167037964,4.4941282272,4.2263717651,3.9440674782,3.6628348827,3.4514565468,3.2400300503,3.0429575443,2.8898694515,2.7199673653,2.5877244473,2.4656043053,2.2551867962,2.0917778015,1.9836063385,1.8514592648,1.8230012655,1.7887876034,1.857655406,1.8987246752,1.8514291048,1.8816201687,2.0797562599,2.0169210434,2.0368881226,1.9309145212,1.675707221,1.4937329292,1.8057011366,2.6991524696,2.6181023121,2.4652557373,2.488765955,2.4791498184,2.2919411659,2.4073548317,2.1780357361,2.1476056576]},"episodes_still_running":{"0":[4096.0,4096.0,4096.0,4096.0,4096.0,4096.0,4096.0,4096.0,4096.0,4096.0,4096.0,4096.0,4096.0,4096.0,4096.0,4096.0,4096.0,4096.0,4096.0,4096.0,4096.0,4096.0,4096.0,4096.0,4092.0,4092.0,4092.0,4092.0,4080.0,4076.0,4060.0,4044.0,4040.0,4000.0,3984.0,3968.0,3916.0,3860.0,3692.0,3392.0,2920.0,2444.0,1868.0,1400.0,1056.0,788.0,572.0,448.0,320.0,216.0,156.0,108.0,84.0,56.0,36.0,28.0,28.0,20.0,12.0,8.0,4.0,4.0,4.0,4.0,4.0,4.0,4.0,4.0,4.0]},"step_range_q":{"0":[3.2202339172,4.6101903915,3.6233415604,4.8746557236,4.541516304,5.3681545258,5.0169496536,5.4316396713,6.4066238403,6.9821243286,7.1715936661,8.5152282715,8.8634796143,10.2756595612,9.3683719635,9.3784999847,10.3334293365,10.0938034058,10.4649276733,10.2512350082,9.5855607986,9.8994121552,9.7194976807,9.6805686951,9.014667511,8.8514766693,8.2897729874,8.0558328629,7.9803943634,7.6007909775,7.2008523941,6.8389453888,6.5198526382,6.3673443794,6.47519207,5.7852435112,5.4469218254,5.2591805458,5.5334243774,4.7946033478,4.9326114655,4.7558584213,4.510055542,4.2862024307,4.013674736,4.2082490921,3.901324749,3.936226368,3.682592392,3.6016366482,3.5518350601,3.6031610966,3.9383025169,3.6336555481,3.5753135681,3.3085200787,3.3170456886,3.2951822281,2.7238204479,2.3571784496,2.6991524696,2.6181023121,2.4652557373,2.488765955,2.4791498184,2.2919411659,2.4073548317,2.1780357361,2.1476056576]},"mean_loss:":{"0":0.1165690571},"rmse":{"0":0.3414221108},"step_rmse":{"0":[0.1694377661,0.1673256606,0.1861044466,0.2193504274,0.2381082624,0.3068780303,0.3202459514,0.3945851326,0.452077508,0.471773386,0.5041400194,0.5114837885,0.5312999487,0.506663084,0.490981847,0.4322918057,0.4368964732,0.418341279,0.3881860077,0.3718746603,0.3369469345,0.3437118828,0.3375571966,0.3111309707,0.3119494617,0.2943980992,0.3011167645,0.3145176172,0.2896808684,0.2713616192,0.2632423043,0.2580335438,0.2516080439,0.2419027388,0.2633673549,0.2611872256,0.2341351062,0.2456642538,0.2571364939,0.2713729441,0.2254360169,0.2413199991,0.2613113523,0.2771004438,0.3071351647,0.3078392744,0.3285093904,0.3693739176,0.4206834733,0.4066386819,0.4309184849,0.5177134275,0.5429321527,0.5231976509,0.6055536866,0.6472033858,0.6332171559,0.5405890942,0.2911887467,0.6005302072,0.3620729446,0.447624445,0.4158568382,0.3959710598,0.2775270939,0.4392743111,0.3594820499,0.4450135231,0.3468840122]},"rmse_by_q":{"0":3.9705924988},"step_rmse_by_q":{"0":[1.1544606686,1.1165517569,1.2550508976,1.4958863258,1.6656222343,2.1494915485,2.2789366245,2.8525259495,3.3801276684,3.6620464325,4.0088815689,4.2181668282,4.4928832054,4.4427165985,4.4344139099,4.0365571976,4.2347693443,4.1976928711,4.0624580383,4.035077095,3.8280379772,4.0674490929,4.1987290382,4.0733251572,4.2857298851,4.2799282074,4.6288495064,5.1117110252,4.9966397285,4.9819831848,5.1275539398,5.3570566177,5.5985951424,5.7236504555,6.6775569916,7.1307396889,6.7836604118,7.582159996,8.4502162933,9.3904914856,8.2881879807,9.3255672455,10.5982685089,12.2872505188,14.6829719543,15.5191717148,17.7432689667,20.2618560791,23.5177993774,21.8898868561,22.6951541901,27.9629077911,28.8545036316,25.1566791534,30.0236663818,31.7741241455,32.7936401367,32.2603569031,19.4940299988,33.2574501038,13.4143199921,17.0972862244,16.8687095642,15.9103374481,11.19444561,19.1660366058,14.9326581955,20.4318752289,16.1521282196]},"mean_error":{"0":0.2189215124},"step_mean_error":{"0":[0.0904040933,0.0915783346,0.1051964834,0.1190274507,0.1564083695,0.1968093365,0.207111001,0.2613124251,0.31185776,0.30990538,0.3284499645,0.328828752,0.3281152248,0.3124795258,0.3036265969,0.2891069949,0.2855709195,0.282905221,0.2677374184,0.2547843158,0.2405515611,0.2453539968,0.237621516,0.2220286429,0.2231480777,0.2097372413,0.2154075205,0.2152538747,0.2037410289,0.1938037574,0.1811368018,0.1819696873,0.1766058058,0.1684103608,0.1791053116,0.1756180227,0.1633639932,0.1662693173,0.1728605032,0.1804247797,0.1578840315,0.1653876454,0.1861812323,0.1946056187,0.2185979337,0.226621449,0.2529679835,0.2761693001,0.2991085649,0.2950850129,0.3181821406,0.4107192457,0.4496474862,0.4265740514,0.5328949094,0.5819483399,0.5611718297,0.4740002751,0.2877783775,0.4656654,0.3620729446,0.447624445,0.4158568382,0.3959710598,0.2775270939,0.4392743111,0.3594820499,0.4450135231,0.3468840122]},"mean_q_deviation":{"0":9.5659809113},