{"max_q":{"0":18.5210342407},"min_q":{"0":-0.7542080879},"mean_q":{"0":9.0543079376},"range_q":{"0":19.2752418518},"step_max_q":{"0":[16.3300514221,16.9614048004,17.3552150726,17.4229679108,17.5997810364,17.7546043396,18.5210342407,17.812461853,17.9935455322,16.3506202698,15.8235836029,15.6576805115,14.5345287323,13.8867683411,12.5122661591,11.9379558563,11.6930351257,10.3860740662,9.7405853271,9.0329532623,8.3210964203,7.7376937866,7.1868619919,6.6055269241,6.2418708801,6.0466928482,5.6535043716,5.6038379669,5.4398622513,5.1221094131,5.1162252426,4.8870892525,4.3027424812,4.4288787842,3.9820907116,4.0994763374,3.4860761166,3.2834146023,3.0790402889,2.8654482365,2.8465657234,2.5947673321,2.4494338036,2.1381838322,2.3650965691,2.1515228748,1.2939562798,1.3373913765,0.6684792042,0.5874738693,0.562582016,0.5249893665,0.4200627804,0.531591177,0.3866343498,0.5315201283,0.4200034142,0.531493187,0.3865745068,0.5314831734,0.4199957848,0.5314795971,0.3865659237,0.5314781666,0.4199950695,0.5314779282,0.38656497,0.5314776897,0.4199953079,0.5314776897,0.38656497,0.5314776897,0.4199953079,0.5314776897,0.38656497,0.5314776897,0.4199953079,0.5314776897,0.38656497,0.5314776897,0.4199953079,0.5314776897,0.38656497,0.5314776897,0.4199953079,0.5314776897,0.38656497,0.5314776897,0.4199953079,0.5314776897,0.38656497,0.5314776897,0.4199953079,0.5314776897,0.3888776302,0.3828370571,0.3224534988,0.33578372,0.5256252289,0.4197871685,0.337982893,0.3889663219,0.3890719414,0.3891112804,0.3891243935,0.3829038143,0.3310172558,0.3891251087,0.4197990894,0.3310940266,0.3891732693,0.383433342,0.3311121464,0.3891837597,0.3834598064,0.3311169147,0.3891870975,0.4197978973,0.3311185837,0.3836767673,0.3255958557,0.3256957531,0.3257610798,0.3258030415,0.3258292675,0.3258457184,0.4197978973,0.3258612156,0.3225755692,0.329682827,0.3327395916,0.3256914616,0.3225026131,0.3296225071,0.3326995373,0.4197978973,0.322483778,0.3296105862,0.332695961,0.3256671429,0.3224816322,0.3296096325,0.332695961,0.3256671429,0.4197978973,0.3296096325,0.332695961,0.3256671429,0.3224816322,0.3296096325,0.332695961,0.3256671429,0.3224816322,0.4197978973,0.332695961,0.3256671429,0.3224816322,0.3296096325,0.332695961,0.3256671429,0.3224816322,0.3296096325,0.4197978973,0.3256671429,0.3224816322,0.3296096325,0.332695961,0.3256671429,0.3224816322,0.3296096325,0.332695961,0.4197978973,0.3224816322,0.3296096325,0.332695961,0.3256671429,0.3224816322,0.3296096325,0.332695961,0.3256671429]},"step_min_q":{"0":[15.8927936554,14.3302326202,14.6149845123,14.3576316833,14.4319114685,15.5215435028,15.1689586639,13.9453010559,14.2290201187,13.8658246994,11.6690120697,11.0812721252,9.8881053925,9.3275794983,9.0376777649,8.4737567902,7.1438469887,6.2777309418,5.293569088,3.8938250542,2.3329882622,1.0259110928,1.3135125637,1.6504821777,1.0430500507,0.675709486,0.1496062279,0.0,0.0,0.0,-0.036082983,0.0,-0.1331117153,-0.0282068253,-0.0068948269,-0.2174572945,-0.3716852665,-0.4545967579,-0.5153362751,-0.5833940506,-0.6730852127,-0.7542080879,-0.3224282265,-0.3233072758,-0.2799117565,-0.2983634472,-0.2170348167,-0.2860691547,-0.600559473,-0.6873867512,-0.3109145164,-0.2880072594,-0.6005663872,-0.6873855591,-0.2924566269,-0.2826189995,-0.6005671024,-0.6873855591,-0.2924618721,-0.2826161385,-0.6005671024,-0.6873855591,-0.2924618721,-0.2826151848,-0.6005671024,-0.6881210804,-0.6005768776,-0.688090086,-0.6005825996,-0.6880774498,-0.6005849838,-0.6880722046,-0.6005854607,-0.6880705357,-0.6005859375,-0.6880691051,-0.6005861759,-0.6880686283,-0.6005861759,-0.6880686283,-0.6005861759,-0.6880683899,-0.6005861759,-0.6880683899,-0.6005861759,-0.6880683899,-0.6005861759,-0.6880683899,-0.6005861759,-0.6880683899,-0.6005861759,-0.6880683899,-0.6005861759,-0.6880683899,-0.6005861759,-0.6880683899,-0.6005861759,-0.6880683899,-0.6005861759,-0.6880683899,-0.6005861759,-0.6880683899,-0.6005861759,-0.6880683899,-0.6005861759,-0.6880683899,-0.6005861759,-0.6880683899,-0.6005861759,-0.6880683899,-0.6005861759,-0.6880683899,-0.6005861759,-0.6880683899,-0.6005861759,-0.6880683899,-0.6005861759,-0.6880683899,-0.6005861759,-0.6880683899,-0.6005861759,-0.6880683899,-0.6005861759,-0.6880683899,-0.6005861759,-0.6880683899,-0.6005861759,-0.6880683899,-0.6005861759,-0.6880683899,-0.6005861759,-0.6880683899,-0.6005861759,-0.6880683899,-0.6005861759,-0.6880683899,-0.6005861759,-0.6880683899,-0.6005861759,-0.6880683899,-0.6005861759,-0.6880683899,-0.6005861759,-0.6880683899,-0.6005861759,-0.6880683899,-0.6005861759,-0.6880683899,-0.6005861759,-0.6880683899,-0.6005861759,-0.6880683899,-0.6005861759,-0.6880683899,-0.6005861759,-0.6880683899,-0.6005861759,-0.6880683899,-0.6005861759,-0.6880683899,-0.6005861759,-0.6880683899,-0.6005861759,-0.6880683899,-0.6005861759,-0.6880683899,-0.6005861759,-0.6880683899,-0.6005861759,-0.6880683899,-0.6005861759,-0.6880683899,-0.6005861759,-0.6880683899,-0.6005861759,-0.6880683899,-0.6005861759,-0.6880683899,-0.6005861759,-0.6880683899]},"step_mean_q":{"0":[16.0704193115,16.4005756378,16.6191558838,16.8374233246,17.0497055054,17.1883506775,16.8066215515,16.3696517944,15.7243108749,14.9848442078,14.3010387421,13.4987754822,12.8038454056,12.0425300598,11.3247432709,10.6149969101,9.9075641632,9.1807594299,8.4477796555,7.7584133148,7.0918326378,6.4785938263,5.8686332703,5.3094859123,4.8154978752,4.3453702927,3.9329361916,3.6010911465,3.3532669544,3.1602480412,2.9939517975,2.8593285084,2.7274324894,2.5863165855,2.4463686943,2.2854630947,2.1107831001,1.8554023504,1.6308035851,1.4889069796,1.160212636,0.8354375362,0.6894827485,0.4225817025,0.3716670573,0.3330183327,0.1881868243,0.1692756563,0.0868642554,0.020290697,0.0297381878,0.0343947001,-0.0157177299,-0.0197541565,-0.0034344674,-0.0135930376,-0.0568619743,-0.0511794873,-0.0166286472,-0.0185308289,-0.0486362316,-0.0620428734,-0.0215930305,-0.0122004347,-0.0526196621,-0.0645752922,-0.0458460003,-0.0482031517,-0.0498113967,-0.0620889515,-0.0488676392,-0.040751107,-0.0557315014,-0.0565548092,-0.0468993671,-0.0383071899,-0.0557336174,-0.0565549545,-0.0469932556,-0.0355194733,-0.0458116531,-0.0567010082,-0.0440932736,-0.0400177315,-0.0485665016,-0.0612026379,-0.046936512,-0.0400238372,-0.0485659912,-0.0612056255,-0.0469361469,-0.0400248989,-0.048565831,-0.0612059422,-0.0467804596,-0.0504244789,-0.0743500218,-0.0784431919,-0.0438959599,-0.042224884,-0.0624945648,-0.0749470741,-0.0440819263,-0.0592722557,-0.0632717758,-0.0818039253,-0.0572219677,-0.0523853935,-0.0487941578,-0.0745688751,-0.0467581414,-0.0503834262,-0.0737736523,-0.0748828873,-0.0535912029,-0.0627597645,-0.0412266254,-0.0430891514,-0.0463924408,-0.0530487075,-0.0648775101,-0.0857500061,-0.05093484,-0.0633603409,-0.0741289333,-0.0788539723,-0.0360656418,-0.0526677929,-0.0677586049,-0.0762166977,-0.0571046658,-0.0564845093,-0.0524261333,-0.0681792274,-0.0502221584,-0.0420022979,-0.0635312572,-0.0789047703,-0.0478395931,-0.0635015145,-0.0677151531,-0.0853569061,-0.0571100079,-0.0566158444,-0.0528512485,-0.0746678486,-0.0505233295,-0.0538532101,-0.0525596477,-0.0615431294,-0.056976255,-0.0635027736,-0.0674665123,-0.0639912114,-0.0462858677,-0.0569172688,-0.0650822297,-0.0854890198,-0.050473053,-0.0633697063,-0.0743516311,-0.0786029622,-0.0356097072,-0.0522994846,-0.0459753983,-0.0589102097,-0.0571083687,-0.0568658188,-0.0742203742,-0.0854915902,-0.0502209812,-0.0420036465,-0.0635285079,-0.0789047703,-0.0478401333,-0.06350182,-0.0677146763,-0.0853568241,-0.0571100861,-0.0562345982]},