{"max_q":{"0":18.4879932404},"min_q":{"0":-1.2557218075},"mean_q":{"0":6.7393512726},"range_q":{"0":19.7437152863},"step_max_q":{"0":[10.1862621307,10.3723258972,10.5303478241,10.9473075867,11.0312824249,11.5994186401,12.2174081802,11.6135101318,13.4616537094,14.2602090836,14.9446105957,15.0355634689,15.2644929886,15.3374385834,15.2426252365,16.4448947906,16.0278663635,18.4879932404,18.2500724792,14.3171787262,14.2844514847,13.5193357468,16.8348255157,14.5690841675,13.7407827377,13.3590211868,14.8024225235,16.0273666382,12.2937097549,14.4153299332,12.689040184,3.281908989,1.9954516888,2.1293487549]},"step_min_q":{"0":[7.443977356,7.4816141129,7.6271924973,7.6065988541,7.6973896027,7.3583135605,6.9146270752,6.2913970947,6.0272712708,5.0145816803,4.0806493759,3.5728998184,2.9881455898,2.3713917732,0.6225280762,0.5591924191,-0.6542489529,-0.2906870842,-0.4512735605,-1.0894777775,-0.653234005,-0.6243457794,-0.6911046505,-0.8300294876,-0.7124385834,-1.107719183,-0.8196411133,-0.9390735626,-1.2557218075,-0.7253803015,-0.7826287746,-0.8729329109,0.0,-0.5684956312]},"step_mean_q":{"0":[9.0163459778,9.1165351868,9.2476530075,9.4994316101,9.7493000031,10.1468696594,10.4082317352,9.5163860321,9.3588371277,8.7539157867,8.2436485291,8.029176712,7.4695301056,7.282125473,6.6053657532,6.2568807602,5.4697818756,5.0419697762,4.4717473984,3.9172475338,3.5346217155,3.2189064026,3.0986452103,2.9170386791,3.0527718067,3.3720898628,3.6717760563,3.6296646595,2.7776110172,2.4670615196,1.9583941698,1.1995806694,1.3848053217,0.7804265618]},"episodes_still_running":{"0":[4096.0,4096.0,4096.0,4096.0,4096.0,4096.0,4096.0,4096.0,4096.0,4096.0,4096.0,4096.0,4096.0,4096.0,4096.0,4096.0,4096.0,4096.0,4096.0,4092.0,4048.0,3944.0,3804.0,3524.0,3236.0,2604.0,2100.0,1544.0,956.0,500.0,208.0,52.0,16.0,8.0]},"step_range_q":{"0":[2.7422847748,2.8907117844,2.9031553268,3.3407087326,3.3338928223,4.2411050797,5.302781105,5.3221130371,7.4343824387,9.2456274033,10.8639612198,11.4626636505,12.2763471603,12.966047287,14.6200971603,15.8857021332,16.6821155548,18.7786808014,18.7013454437,15.4066562653,14.9376850128,14.1436815262,17.5259304047,15.3991136551,14.4532213211,14.4667406082,15.6220636368,16.9664402008,13.5494318008,15.140709877,13.4716691971,4.1548418999,1.9954516888,2.6978445053]},"mean_loss:":{"0":1.3145178556},"rmse":{"0":1.1465241909},"step_rmse":{"0":[0.2442941517,0.2734718919,0.2878453135,0.308929503,0.2179155201,0.153600648,0.1634958237,0.5075921416,0.673098743,0.8208726645,1.1007697582,1.2799274921,1.6213110685,1.7986184359,1.7341066599,1.6898013353,1.584395051,1.4728339911,1.4326857328,1.3257157803,1.236692667,1.2092511654,1.1765160561,1.2121943235,1.1196107864,1.2340503931,1.2270526886,1.3698313236,1.4152885675,1.5617166758,2.0748808384,2.0304646492,1.1424773932,0.3729199469]},"rmse_by_q":{"0":17.0123825073},"step_rmse_by_q":{"0":[2.7094585896,2.9997348785,3.1126308441,3.2520842552,2.2351915836,1.5137737989,1.5708320141,5.3338751793,7.1921191216,9.377204895,13.3529443741,15.940955162,21.705663681,24.6990852356,26.2530002594,27.0070877075,28.9663276672,29.211479187,32.0386123657,33.843044281,34.9879760742,37.5671424866,37.9687232971,41.5556488037,36.6752204895,36.5960121155,33.4185066223,37.7398872375,50.9534492493,63.3027076721,105.9480667114,169.2645263672,82.5009384155,47.7841186523]},"mean_error":{"0":0.6986793876},"step_mean_error":{"0":[0.1726213098,0.2203829288,0.2438973784,0.2363772392,0.1812788546,0.1105483025,0.1335891187,0.3961725831,0.4982797205,0.60687536,0.821146965,0.9409046769,1.1608797312,1.2752838135,1.2495499849,1.2313930988,1.1324906349,1.0346498489,0.9804368615,0.8898850083,0.7917412519,0.7566966414,0.7228689194,0.710865736,0.65711689,0.7643863559,0.7972356081,0.8954591155,0.9468625188,0.9993194342,1.4803270102,1.3951612711,0.7510695457,0.3611002564]},"mean_q_deviation":{"0":46.443687439},"step_mean_q_deviation":{"0":[2.0207099915,2.5027079582,2.7198975086,2.5889735222,1.9453976154,1.1588430405,1.3412013054,4.0802025795,5.2847409248,6.7782669067,9.671333313,11.4579143524,14.8062438965,17.0687408447,19.775894165,20.4647483826,22.0586681366,22.5851707458,27.7010803223,38.9362602234,44.265411377,78.032951355,72.9086608887,146.3634490967,95.1143035889,163.6930084229,152.400970459,370.8073730469,647.0043945312,694.1206054688,834.7536010742,518.9266967773,34.8776512146,204.3813171387]},"mean_range_deviation":{"0":3.3301491737},"step_mean_range_deviation":{"0":[5.5731077194,6.7642784119,7.5141658783,6.1644859314,4.6906471252,2.5397155285,2.7326798439,6.0253834724,5.5348834991,4.3123602867,6.5375270844,6.6975326538,6.7672715187,7.8206830025,7.6452345848,7.9444713593,7.4973888397,7.446492672,7.0943274498,6.5996670723,6.0940155983,5.7686433792,5.1856527328,3.5600283146,5.1825976372,6.3704395294,6.1835808754,7.1617684364,8.4491548538,10.5170822144,14.7848472595,15.9906845093,19.3479480743,14.3775548935]},"epoch":{"0":70},"mask_name":{"0":"ally_health_and_shield"},"map_name":{"0":"5m_vs_6m"}}