{"max_q":{"0":15.4829616547},"min_q":{"0":-0.2286666632},"mean_q":{"0":7.0632472038},"range_q":{"0":15.7116279602},"step_max_q":{"0":[14.2015457153,15.4829616547,14.8249292374,14.5984640121,14.9808979034,14.8828039169,14.4603710175,14.1287021637,13.6602287292,13.8606548309,13.3544454575,13.5067081451,13.2153234482,12.8795127869,13.0248003006,12.5952558517,11.9053611755,11.754942894,11.1623325348,10.9620437622,11.1494159698,10.537232399,10.07426548,9.4070930481,9.138630867,8.9444160461,8.4881715775,8.5030412674,8.0817613602,7.433008194,7.5436453819,6.6556758881,6.740483284,6.2130012512,6.0286273956,5.8252220154,5.473590374,5.2278065681,5.3064613342,4.8902139664,4.7253050804,4.7090988159,4.4820842743,4.2982902527,4.1861829758,4.2145857811,3.9048919678,4.0344829559,3.7751860619,3.6604104042,3.5885052681,3.5376987457,3.9635112286,3.2143149376,3.25309515,3.3622188568,3.4606890678,3.22991395,2.5017552376]},"step_min_q":{"0":[10.5870342255,10.4831371307,10.6563367844,9.8259143829,8.1906204224,6.6713252068,6.2015628815,6.5101380348,5.774204731,3.6730568409,5.1512794495,3.9285416603,4.2159442902,3.2773296833,3.0064940453,2.3401863575,1.9825570583,1.7800257206,0.8674163818,0.9992139339,1.1308190823,0.5267321467,0.7144877911,0.5013757944,0.0589960814,0.0726473331,0.0,-0.1066460013,-0.1023608148,-0.2006959915,-0.2211333513,-0.1532498598,-0.0950230956,-0.2155845165,-0.1793457866,-0.1712487936,-0.2286666632,-0.1439522505,-0.2021456957,-0.2282063961,-0.1504021883,-0.0936148167,-0.0812099576,-0.1118177474,-0.0690178275,-0.068036437,-0.0289658308,0.0,-0.018425554,0.0,0.0,0.0,0.0,0.0,0.0,0.0,0.0,0.0,0.0]},"step_mean_q":{"0":[13.2198505402,13.406460762,13.3716449738,13.1758375168,13.10551548,12.7041625977,12.5759296417,12.1340427399,11.7830638885,11.5450935364,11.1311302185,10.8570213318,10.382850647,10.0466079712,9.5818920135,9.1538276672,8.7244586945,8.3041229248,7.8919401169,7.4525718689,7.0365686417,6.6082649231,6.1799144745,5.7622251511,5.3758883476,5.0139803886,4.6690979004,4.331890583,4.0718536377,3.7894136906,3.5484223366,3.2979900837,3.0980436802,2.9151170254,2.7712295055,2.6390578747,2.5161108971,2.4557511806,2.3570585251,2.2892231941,2.2533369064,2.2397246361,2.2707028389,2.237121582,2.2446701527,2.1956906319,2.1529028416,2.1182961464,1.9917366505,1.8560676575,1.8531222343,1.9621272087,1.8419148922,1.9711512327,1.698191762,1.6608372927,1.5343034267,1.866723299,1.7541843653]},"episodes_still_running":{"0":[4096.0,4096.0,4096.0,4096.0,4096.0,4096.0,4096.0,4096.0,4096.0,4096.0,4096.0,4096.0,4096.0,4096.0,4096.0,4096.0,4096.0,4096.0,4096.0,4096.0,4096.0,4096.0,4096.0,4096.0,4096.0,4096.0,4092.0,4092.0,4080.0,4060.0,4024.0,3992.0,3944.0,3880.0,3800.0,3712.0,3604.0,3476.0,3392.0,3244.0,3104.0,2908.0,2648.0,2352.0,2032.0,1668.0,1312.0,1036.0,740.0,524.0,372.0,248.0,172.0,108.0,72.0,48.0,28.0,20.0,8.0]},"step_range_q":{"0":[3.6145114899,4.9998245239,4.168592453,4.7725496292,6.7902774811,8.211479187,8.258808136,7.6185641289,7.8860239983,10.1875982285,8.203166008,9.5781669617,8.999379158,9.602183342,10.0183067322,10.2550697327,9.9228038788,9.9749174118,10.294916153,9.9628295898,10.0185966492,10.0104999542,9.3597774506,8.9057168961,9.0796346664,8.8717689514,8.4881715775,8.6096868515,8.1841220856,7.6337041855,7.764778614,6.8089256287,6.8355064392,6.4285860062,6.2079730034,5.9964709282,5.7022571564,5.3717589378,5.5086069107,5.1184206009,4.8757071495,4.8027133942,4.5632944107,4.4101080894,4.2552008629,4.2826223373,3.9338579178,4.0344829559,3.7936115265,3.6604104042,3.5885052681,3.5376987457,3.9635112286,3.2143149376,3.25309515,3.3622188568,3.4606890678,3.22991395,2.5017552376]},"mean_loss:":{"0":0.3335422277},"rmse":{"0":0.5775311589},"step_rmse":{"0":[0.3620434701,0.3304339349,0.3347387016,0.4006832242,0.4206380248,0.4735932946,0.5413342118,0.5982785821,0.6464616656,0.6986761093,0.7030395865,0.6969260573,0.6962384582,0.686277926,0.6672118902,0.6573556662,0.6366591454,0.6256436706,0.6302667856,0.6371387839,0.6297103763,0.605646193,0.6131286621,0.6225537062,0.6087079644,0.6375330091,0.6223784089,0.5992866158,0.6024009585,0.5828598142,0.5779832006,0.5613983274,0.5355446935,0.5353935957,0.5321181417,0.5265260339,0.5109856129,0.5094072223,0.4994831979,0.5011103153,0.5211312175,0.4954304099,0.4812655151,0.5157820582,0.5230174065,0.5570806265,0.595864594,0.6217065454,0.6479070783,0.7136628628,0.7665554285,0.7059120536,0.679307282,0.4733322263,0.5578366518,0.3212946951,0.4442968965,0.4534868598,0.4370903671]},"mean_error":{"0":0.4226662815},"step_mean_error":{"0":[0.2765889764,0.2373397648,0.2382791489,0.2775990963,0.302508682,0.3538273275,0.41645962,0.4479817748,0.4890734851,0.5280708075,0.5331670046,0.5289052725,0.5250915289,0.5045033693,0.5072367191,0.497779429,0.4867827296,0.4818362594,0.482288897,0.4834910631,0.4845367074,0.4762482047,0.4751061499,0.4638355374,0.465235889,0.4767249823,0.4632046521,0.4493809044,0.4479548037,0.428234458,0.4189968407,0.4023708403,0.3872869611,0.388458252,0.3802264631,0.3774443567,0.3556115031,0.3617742658,0.3496546447,0.3513067663,0.3655377328,0.3485181332,0.3429871798,0.3673742414,0.3766104579,0.3935136199,0.422211796,0.4588016272,0.4896044433,0.5560185313,0.5974510908,0.553769052,0.5149549842,0.3859506547,0.4214689434,0.2673588991,0.4162708819,0.3980517983,0.3443948627]},"mean_deviation":{"0":2.7421751022},"step_mean_deviation":{"0":[6.5142645836,4.7061123848,4.2541427612,4.6923456192,4.6007666588,4.6927156448,5.1785163879,5.6068172455,5.3353991508,5.7894849777,5.4647688866,4.6538743973,4.830935955,4.7170052528,5.0993251801,5.1383843422,4.6552147865,4.782995224,5.0189323425,4.9823107719,4.9623599052,4.9514303207,5.0063276291,5.0488004684,5.1984930038,5.6169524193,5.5589089394,5.3821992874,5.5444297791,5.3776230812,5.7388901711,5.9543447495,5.5608873367,6.1753463745,6.0856981277,6.4890704155,6.3783140182,6.7470221519,6.6198191643,6.8387293816,7.235499382,7.7165393829,7.5735559464,8.2575435638,8.4482078552,9.3990697861,10.7742080688,11.7615203857,12.7495660782,14.1910896301,14.8458852768,13.8319883347,13.3795394897,10.5084724426,10.6966075897,7.4213728905,13.8359022141,13.0408182144,13.3641614914]},"epoch":{"0":120},"mask_name":{"0":"enemy_all"},"map_name":{"0":"6h_vs_8z"}}