{"max_q":{"0":18.7031822205},"min_q":{"0":-0.7631856203},"mean_q":{"0":11.9232530594},"range_q":{"0":19.4663677216},"step_max_q":{"0":[16.7450180054,17.3458786011,17.6137638092,18.3347434998,18.7031822205,18.2167434692,18.3982620239,17.2455329895,16.8777160645,17.5684776306,15.7498092651,15.4701480865,16.2152366638,14.7417163849,13.5837392807,13.2554559708,13.6179962158,12.5050096512,11.637216568,11.2538890839,10.0031528473,9.7778968811,9.307217598,8.5293216705,8.5351696014,8.0417480469,7.644742012,7.6906476021,7.1885156631,7.1878490448,6.8523778915,7.020430088,8.2988128662,5.7930188179,4.3525662422,4.3273582458,4.607395649,4.6940107346,4.5501303673,4.6888074875,4.2037768364,4.4612064362,4.7400712967,4.2205386162]},"step_min_q":{"0":[15.1384048462,14.711558342,14.9973859787,14.4173974991,14.0943088531,13.1725730896,12.5105247498,10.0396060944,8.4214601517,8.2650947571,5.8661270142,5.0567822456,3.4319386482,3.654717207,2.4463510513,1.6568114758,1.0682623386,0.2991938591,-0.1973017454,0.4879881144,0.1051287651,-0.5943315029,-0.7631856203,-0.3971096873,-0.2299977541,0.0,-0.3119733334,-0.4451010227,-0.1694005728,-0.116147697,-0.2897089124,0.0,0.0,0.0,0.0,0.0,0.0,0.0,0.0,0.0,0.0,0.0,0.0,0.0]},"step_mean_q":{"0":[16.0986804962,16.3954086304,16.731388092,17.3442974091,17.6722564697,17.0450115204,16.5202674866,15.8168544769,15.3264036179,14.8419218063,14.1820926666,13.6470565796,12.9739904404,12.3943538666,11.7642974854,11.1791524887,10.5356750488,9.9678077698,9.4220161438,8.8938598633,8.3869934082,7.8794431686,7.3882269859,7.0021681786,6.678996563,6.361410141,6.1648087502,5.9773507118,5.731595993,5.3423199654,4.5676379204,3.9609251022,3.8546609879,4.8267474174,4.3525662422,4.3273582458,4.607395649,4.6940107346,4.5501303673,4.6888074875,4.2037768364,4.4612064362,4.7400712967,4.2205386162]},"episodes_still_running":{"0":[4096.0,4096.0,4096.0,4096.0,4096.0,4096.0,4096.0,4096.0,4096.0,4096.0,4096.0,4096.0,4096.0,4096.0,4096.0,4096.0,4096.0,4096.0,4096.0,4096.0,4096.0,4096.0,4096.0,4084.0,4076.0,3992.0,3560.0,2600.0,1320.0,572.0,256.0,124.0,60.0,24.0,4.0,4.0,4.0,4.0,4.0,4.0,4.0,4.0,4.0,4.0]},"step_range_q":{"0":[1.6066131592,2.6343202591,2.6163778305,3.9173460007,4.6088733673,5.0441703796,5.8877372742,7.2059268951,8.4562559128,9.3033828735,9.883682251,10.4133663177,12.7832984924,11.0869989395,11.1373882294,11.5986442566,12.5497341156,12.2058162689,11.8345184326,10.7659006119,9.8980236053,10.3722286224,10.0704030991,8.9264316559,8.7651672363,8.0417480469,7.9567155838,8.1357488632,7.3579163551,7.303996563,7.1420869827,7.020430088,8.2988128662,5.7930188179,4.3525662422,4.3273582458,4.607395649,4.6940107346,4.5501303673,4.6888074875,4.2037768364,4.4612064362,4.7400712967,4.2205386162]},"mean_loss:":{"0":0.3976812959},"rmse":{"0":0.6306197643},"step_rmse":{"0":[0.3692093492,0.3570023775,0.3610099852,0.3429781199,0.3453576267,0.4608533382,0.5870999098,0.6324176192,0.6677159667,0.7093394995,0.755610466,0.7495959997,0.7937378287,0.7163118124,0.7340475917,0.7305313349,0.7611624002,0.732296288,0.7559961081,0.6606784463,0.6722297668,0.6164767146,0.6413723826,0.6003968716,0.5527544022,0.5348604321,0.4676401019,0.5126664639,0.641949594,0.8925426602,1.3540034294,1.7261917591,2.9433279037,1.5933834314,0.2042531967,0.2531943321,0.505259037,0.6485323906,0.95875144,1.7142620087,1.0485782623,1.1727824211,2.7246763706,0.8865222931]},"mean_error":{"0":0.38075611},"step_mean_error":{"0":[0.1976144016,0.2207036018,0.215916574,0.2465716004,0.2689257264,0.351862967,0.4393630922,0.4673085511,0.4756630063,0.4966751933,0.5226284862,0.4867338836,0.5195996165,0.4681356251,0.454225719,0.4574523568,0.4559305012,0.4244896173,0.4283093214,0.3946308792,0.3758720756,0.3552892804,0.3453703523,0.3148146868,0.2933645546,0.2952146232,0.2684719265,0.2883220911,0.3572134972,0.4486459494,0.7830905914,1.096829772,1.9744290113,0.7633497715,0.2042531967,0.2531943321,0.505259037,0.6485323906,0.95875144,1.7142620087,1.0485782623,1.1727824211,2.7246763706,0.8865222931]},"mean_deviation":{"0":1.9939216375},"step_mean_deviation":{"0":[4.8856201172,4.5571193695,4.467335701,4.6353440285,4.6999883652,5.1846184731,4.6483888626,4.1786603928,4.3821787834,4.6572299004,4.5459074974,4.1245293617,3.8879230022,4.4719672203,4.1410212517,4.4280757904,4.1653366089,4.1247754097,4.013220787,3.9842274189,3.9402704239,3.6864273548,3.7089765072,3.5652377605,3.4080524445,3.6823477745,3.4653522968,3.5240850449,4.8997206688,6.5714464188,10.3687896729,17.0749492645,27.1583251953,13.0381479263,4.482363224,6.214632988,12.3169727325,16.0310440063,26.6959133148,57.6310577393,33.2333526611,35.6639671326,135.1931762695,26.5902194977]},"epoch":{"0":130},"mask_name":{"0":"enemy_health_and_shield"},"map_name":{"0":"8m_vs_9m"}}