{"max_q":{"0":18.5392684937},"min_q":{"0":-0.9052349925},"mean_q":{"0":8.9465684891},"range_q":{"0":19.4445037842},"step_max_q":{"0":[13.1103982925,14.4632158279,14.0091028214,18.5392684937,15.4106416702,15.2381505966,15.3528881073,15.2124109268,16.3444747925,16.7464828491,15.7927474976,15.7676067352,14.8201465607,15.3997612,14.9915447235,14.8757600784,13.9456710815,14.5093736649,14.4557857513,13.7416830063,12.4498720169,13.0657930374,11.9705123901,12.5365400314,10.8160505295,11.4819717407,10.4223833084,11.2493572235,11.0004014969,10.8274345398,9.1309490204,8.9751558304,6.0839471817,5.6617164612]},"step_min_q":{"0":[8.0606918335,7.2206377983,7.3940982819,7.7807631493,7.4091529846,7.3369898796,7.2708325386,6.2808909416,5.6966495514,4.044075489,3.7593266964,3.0478830338,2.3640165329,1.8480141163,1.6616351604,1.4621248245,-0.1072970629,0.2113298774,-0.1522659361,-0.3609887958,-0.7987423539,-0.4936421514,-0.7929412127,-0.5662291646,-0.4948340654,-0.8301765323,-0.8737878203,-0.5286660194,-0.6142058969,-0.9052349925,-0.1792969108,-0.0091561079,0.0,0.0]},"step_mean_q":{"0":[11.3093700409,11.8279047012,11.9677257538,12.5894870758,12.6073360443,12.936501503,13.0248374939,12.2170085907,11.9143047333,11.1804332733,10.7494249344,10.3529987335,9.7494354248,9.2985162735,8.5956850052,8.2210330963,7.6574382782,7.3258876801,6.5541825294,6.3167738914,6.0002980232,5.719440937,5.453514576,5.2750225067,5.083231926,5.0007810593,4.2700901031,3.7323074341,2.4557516575,2.2221879959,2.2410094738,3.7981925011,2.2911043167,5.6617164612]},"episodes_still_running":{"0":[4096.0,4096.0,4096.0,4096.0,4096.0,4096.0,4096.0,4096.0,4096.0,4096.0,4096.0,4096.0,4096.0,4096.0,4096.0,4096.0,4096.0,4096.0,4096.0,4096.0,4064.0,3996.0,3892.0,3756.0,3640.0,3184.0,2464.0,1680.0,1052.0,580.0,292.0,92.0,24.0,4.0]},"step_range_q":{"0":[5.049706459,7.2425780296,6.6150045395,10.7585048676,8.0014886856,7.901160717,8.0820560455,8.931520462,10.6478252411,12.7024078369,12.0334205627,12.7197237015,12.4561300278,13.5517473221,13.3299093246,13.4136352539,14.0529680252,14.2980442047,14.6080513,14.1026716232,13.2486143112,13.5594348907,12.7634534836,13.102768898,11.3108844757,12.3121480942,11.2961711884,11.7780227661,11.614607811,11.7326698303,9.3102455139,8.9843120575,6.0839471817,5.6617164612]},"mean_loss:":{"0":1.4159169197},"rmse":{"0":1.189923048},"step_rmse":{"0":[0.5779128671,0.382149756,0.3734689355,0.5891727805,0.4028609693,0.5313854218,0.2532853484,0.6215251684,0.7491009235,0.8874641061,1.056838274,1.2185777426,1.4039996862,1.5845639706,1.8041228056,1.6691448689,1.6215342283,1.5330224037,1.5211138725,1.4405839443,1.3736290932,1.2765219212,1.2306997776,1.302451849,1.2166060209,1.2762391567,1.2719254494,1.5145646334,1.7685989141,1.8074177504,1.5528436899,2.0552656651,2.3067717552,5.2016625404]},"mean_error":{"0":0.7739297152},"step_mean_error":{"0":[0.4132112265,0.237857461,0.2699458599,0.3704548478,0.2641245127,0.3137684464,0.1465671808,0.4819517136,0.5719730854,0.6889986396,0.8324650526,0.956056416,1.0818009377,1.2443435192,1.3997873068,1.2942590714,1.2272732258,1.1469608545,1.0995614529,1.0073691607,0.9337750673,0.8333742619,0.784812212,0.7947407961,0.745690167,0.7673350573,0.7643329501,0.9206777215,1.0265567303,1.1512461901,0.9867925644,1.4971927404,1.7297638655,5.2016625404]},"mean_deviation":{"0":3.9141967297},"step_mean_deviation":{"0":[6.4913020134,3.465726614,3.7988066673,4.7504382133,3.4179489613,3.9919667244,1.7765961885,4.9858183861,4.8673939705,5.4999780655,5.941596508,7.7059164047,8.2870607376,8.3317899704,10.4423389435,9.7863473892,8.9748973846,9.0141401291,8.5161323547,8.2016735077,6.6902627945,5.6174931526,6.3293738365,7.4968957901,7.0287480354,4.914973259,6.6382145882,6.5051765442,9.5374803543,12.1250123978,11.0810098648,16.7004261017,15.4899625778,1130.6639404297]},"epoch":{"0":90},"mask_name":{"0":"enemy_health"},"map_name":{"0":"5m_vs_6m"}}