{"max_q":{"0":15.6522674561},"min_q":{"0":-0.516222477},"mean_q":{"0":8.550037384},"range_q":{"0":16.1684894562},"step_max_q":{"0":[15.2728452682,15.6522674561,15.4913578033,15.338224411,14.9167518616,15.0782413483,14.8526515961,14.8562316895,14.4215335846,14.2609863281,14.0061645508,13.554775238,13.394610405,13.2220678329,13.0611619949,12.6127290726,12.3630094528,12.3162498474,11.9378051758,11.7247619629,11.3804693222,10.964214325,10.753279686,10.6158981323,10.0258197784,9.7984924316,9.1045093536,8.9261512756,8.0386600494,7.598859787,7.0945811272,6.7816829681,6.5065894127,5.966676712,5.8966817856,5.4505901337,5.1073408127,4.9113521576,4.5477647781,4.5766839981,4.0814237595,3.9528255463,3.9147210121,3.7202446461,3.6015574932,3.728884697,3.7108607292,3.5278568268,3.2199120522,2.8314614296,2.9400966167,2.9308550358,2.8849277496,2.8166782856,2.7101657391,2.7307734489,2.7340512276,2.5606813431,2.524739027,2.5681629181,2.5037589073,2.4544403553,2.3498773575,2.3086628914,2.2284641266,2.1316039562,2.1843976974,1.9671597481,1.9269590378]},"step_min_q":{"0":[12.5852947235,11.8820858002,12.0988616943,11.6228256226,11.6871938705,11.0948953629,10.7578144073,9.7916202545,8.3649120331,8.097322464,6.7618894577,6.1638731956,3.8617372513,3.5109016895,1.9927284718,2.4859187603,1.6056576967,1.3654704094,0.7518832684,0.8305823803,0.7429049015,0.4346060753,0.3662531376,0.2248997688,0.0,0.0,0.0,0.0,-0.0714008808,0.0,-0.0128750801,-0.0981657505,-0.1953539848,-0.24523592,-0.3286457062,-0.3290076256,-0.3493819237,-0.3223626614,-0.4450538158,-0.516222477,-0.3737838268,-0.4268660545,-0.3491443396,-0.3600771427,-0.3969516754,-0.4342786074,-0.392136097,-0.434016943,-0.4320555925,-0.3731279373,-0.2108930349,-0.1648441553,-0.2594250441,0.0,0.0,0.0,0.0,0.0,0.0,0.0,0.0,0.0,0.0,0.0,0.0,0.0,0.0,0.0,0.0]},"step_mean_q":{"0":[14.6800670624,14.921628952,14.8011522293,14.634390831,14.279583931,14.2304544449,14.043469429,13.7844114304,13.3175582886,12.9116001129,12.5255222321,12.1104755402,11.7678918839,11.3599643707,11.0164394379,10.6426448822,10.2742013931,9.9087467194,9.5129680634,9.1535720825,8.7583379745,8.3744411469,7.9669327736,7.5677728653,7.1874608994,6.7974791527,6.421025753,6.0670261383,5.7227864265,5.3837342262,5.0695986748,4.7550201416,4.4403600693,4.1611847878,3.883036375,3.6157059669,3.4002430439,3.198836565,3.0125219822,2.852643013,2.686549902,2.5538446903,2.4280166626,2.2405774593,2.1016438007,1.9783879519,1.8918452263,1.8428109884,1.7380828857,1.6929382086,1.7783269882,1.6955018044,1.6906621456,2.0217370987,2.0228545666,2.0827577114,2.0173254013,1.9058278799,1.8967666626,2.1454801559,2.5037589073,2.4544403553,2.3498773575,2.3086628914,2.2284641266,2.1316039562,2.1843976974,1.9671597481,1.9269590378]},"episodes_still_running":{"0":[4096.0,4096.0,4096.0,4096.0,4096.0,4096.0,4096.0,4096.0,4096.0,4096.0,4096.0,4096.0,4096.0,4096.0,4096.0,4096.0,4096.0,4096.0,4096.0,4096.0,4096.0,4096.0,4096.0,4096.0,4092.0,4092.0,4092.0,4092.0,4080.0,4076.0,4060.0,4044.0,4040.0,4000.0,3984.0,3968.0,3916.0,3860.0,3692.0,3392.0,2920.0,2444.0,1868.0,1400.0,1056.0,788.0,572.0,448.0,320.0,216.0,156.0,108.0,84.0,56.0,36.0,28.0,28.0,20.0,12.0,8.0,4.0,4.0,4.0,4.0,4.0,4.0,4.0,4.0,4.0]},"step_range_q":{"0":[2.6875505447,3.7701816559,3.392496109,3.7153987885,3.229557991,3.9833459854,4.0948371887,5.0646114349,6.0566215515,6.1636638641,7.2442750931,7.3909020424,9.5328731537,9.7111663818,11.0684337616,10.1268100739,10.7573518753,10.9507789612,11.185921669,10.8941793442,10.6375646591,10.5296077728,10.3870267868,10.3909988403,10.0258197784,9.7984924316,9.1045093536,8.9261512756,8.1100606918,7.598859787,7.1074562073,6.8798484802,6.7019433975,6.211912632,6.2253274918,5.7795977592,5.4567227364,5.2337150574,4.9928188324,5.0929064751,4.4552078247,4.3796916008,4.2638654709,4.0803217888,3.9985091686,4.1631631851,4.1029968262,3.9618737698,3.6519675255,3.2045893669,3.1509895325,3.0956993103,3.1443529129,2.8166782856,2.7101657391,2.7307734489,2.7340512276,2.5606813431,2.524739027,2.5681629181,2.5037589073,2.4544403553,2.3498773575,2.3086628914,2.2284641266,2.1316039562,2.1843976974,1.9671597481,1.9269590378]},"mean_loss:":{"0":0.2376731932},"rmse":{"0":0.4875173867},"step_rmse":{"0":[0.2348444164,0.2221408635,0.2494395971,0.2613196075,0.3009144962,0.3532854915,0.3480067551,0.4570358396,0.5010162592,0.4959892929,0.5439371467,0.5515583754,0.5926060081,0.5535674691,0.5240276456,0.4978269935,0.4793960452,0.498601228,0.4686581492,0.4893018305,0.4908961952,0.491012156,0.5105366111,0.5112709403,0.5369032025,0.5316356421,0.542312324,0.5406196117,0.539170146,0.5433334708,0.531812489,0.5200330615,0.5182217956,0.5118838549,0.5024223924,0.4895168841,0.4620089531,0.4521584511,0.4484135807,0.4554976225,0.4594783783,0.4856218696,0.5199750066,0.5814257264,0.6082882881,0.6640256047,0.7752223611,0.8312658072,0.8634304404,0.8720885515,0.8884161115,1.0165407658,1.0802958012,0.7555704117,0.824658215,0.9113438725,0.9652671218,0.8779770136,0.8632051349,0.5957655311,0.557466507,0.6112864017,0.531235218,0.5760741234,0.5282127857,0.5996115208,0.5824391842,0.6558895111,0.567530632]},"rmse_by_q":{"0":5.7019329071},"step_rmse_by_q":{"0":[1.5997502804,1.4887173176,1.6852713823,1.7856541872,2.1073057652,2.4826016426,2.4780683517,3.3155992031,3.76207304,3.8414239883,4.3426303864,4.5543909073,5.0357875824,4.8729681969,4.756778717,4.6776623726,4.6660175323,5.0319304466,4.9265189171,5.3454742432,5.6049013138,5.8632230759,6.4081950188,6.7558965683,7.4699983597,7.8210701942,8.4458827972,8.9107837677,9.421462059,10.092130661,10.490228653,10.9365062714,11.670715332,12.3013963699,12.9389047623,13.5386257172,13.5875272751,14.1350908279,14.8849887848,15.9675645828,17.1029167175,19.0153255463,21.4156265259,25.9498157501,28.9434528351,33.5639762878,40.9770507812,45.1085777283,49.6771736145,51.5133132935,49.9579734802,59.9551544189,63.8977928162,37.3723373413,40.7670516968,43.7565956116,47.8488578796,46.0680122375,45.5092926025,27.7684001923,22.2651824951,24.9053268433,22.6069335938,24.9527168274,23.7029972076,28.1295928955,26.6636047363,33.3419570923,29.4521389008]},"mean_error":{"0":0.3382025659},"step_mean_error":{"0":[0.1417017281,0.1253215671,0.1463531554,0.1609706879,0.1937662661,0.2336923182,0.2450011373,0.3225517571,0.3544218838,0.3389197588,0.3697099686,0.3770796657,0.3794481754,0.3678357899,0.344078064,0.3481296301,0.3373042643,0.3603213131,0.3437342048,0.3572033048,0.3612806499,0.3576482534,0.3732885718,0.3842608929,0.408952266,0.4021249115,0.4096299112,0.4100208879,0.4043355882,0.4113075733,0.4012238383,0.3901706338,0.3868205845,0.3805844486,0.3668263853,0.3498678803,0.3333035707,0.3117701709,0.3044812083,0.3059509695,0.3097184896,0.3243282735,0.3583722413,0.3955170214,0.4174007773,0.4836668968,0.5947602987,0.6390448809,0.6761736274,0.6696767211,0.7387538552,0.8201637864,0.8824646473,0.6677461267,0.7446380258,0.7837411165,0.8283572793,0.7778152227,0.8235331178,0.5944599509,0.557466507,0.6112864017,0.531235218,0.5760741234,0.5282127857,0.5996115208,0.5824391842,0.6558895111,0.567530632]},"mean_q_deviation":{"0":19.5203857422},