{"max_q":{"0":15.4916162491},"min_q":{"0":-1.0436929464},"mean_q":{"0":8.5679569244},"range_q":{"0":16.5353088379},"step_max_q":{"0":[15.2537384033,15.4916162491,15.4335594177,15.3428249359,14.8650846481,15.1363563538,14.9046859741,14.8628864288,14.5866641998,14.2412967682,14.2305088043,14.2630758286,13.6215057373,13.4020462036,12.732378006,12.521613121,12.4009037018,12.1021938324,11.7240562439,11.2546033859,10.8751153946,10.6017370224,11.0272502899,9.643404007,9.3735170364,9.3041973114,8.3817501068,8.4758911133,7.723341465,7.7773733139,6.9417552948,6.6330413818,6.197508812,6.5297269821,5.6957778931,5.551721096,5.2538061142,5.373726368,4.8600292206,4.5969724655,4.2814383507,4.4411268234,4.1336321831,4.6558876038,4.3586931229,3.8453722,3.9180953503,3.8119356632,3.6345746517,3.6566827297,4.1296405792,3.7871434689,4.1717991829,4.3748760223,3.6389737129,4.0117974281,4.4714326859,4.3196229935,2.6619672775,2.3933172226,2.1898128986,2.1825089455,1.9679685831,2.0075604916,1.933555603,1.7196185589,2.0395534039,1.2565535307,1.3667942286]},"step_min_q":{"0":[11.7725458145,11.5189380646,11.964097023,11.4243574142,11.1429109573,11.1259670258,10.6156272888,10.122461319,9.3652334213,7.536919117,6.2819633484,4.558886528,4.856212616,3.7718243599,3.042132616,3.4156711102,0.8968763351,1.4968492985,0.0754186511,-0.2370669246,0.2459510267,-0.0530267358,-0.0671916008,-1.0436929464,-0.4050596356,-0.7916316986,-0.2917914689,-0.4090591967,-0.795940876,-0.616927743,-0.6751408577,-0.5703971982,-0.9707202911,-0.4338808656,-0.7331531644,-0.6461265683,-0.8310906291,-0.6400728226,-0.7018242478,-0.803275466,-0.708229363,-0.7054982185,-0.634088397,-0.1771489084,-0.3409706652,-0.2624663115,-0.2089247406,0.0,0.0,0.0,0.0,0.0,0.0,0.0,0.0,0.0,0.0,0.0,0.0,0.0,0.0,0.0,0.0,0.0,0.0,0.0,0.0,0.0,0.0]},"step_mean_q":{"0":[14.6890449524,14.9956207275,14.8308181763,14.6854076385,14.2902879715,14.2762184143,14.0102996826,13.814874649,13.3323554993,12.8342666626,12.5222301483,12.0910511017,11.7652568817,11.3884429932,11.0261573792,10.6710472107,10.2625408173,9.9005661011,9.5043392181,9.1585931778,8.7859449387,8.4054164886,8.0043201447,7.5890703201,7.2279896736,6.8500151634,6.4538679123,6.0900073051,5.7435851097,5.4045786858,5.0680236816,4.7732791901,4.4615468979,4.1818065643,3.8955595493,3.6275594234,3.4161629677,3.2300748825,3.0340154171,2.9063489437,2.7513642311,2.6196730137,2.4834976196,2.2952694893,2.1116244793,1.9269350767,1.7594460249,1.7065336704,1.7187036276,1.6966263056,1.7894701958,1.7986662388,1.8045606613,1.9751622677,2.0465481281,2.2427229881,2.1249518394,2.4603743553,1.8640736341,1.8761049509,2.1898128986,2.1825089455,1.9679685831,2.0075604916,1.933555603,1.7196185589,2.0395534039,1.2565535307,1.3667942286]},"episodes_still_running":{"0":[4096.0,4096.0,4096.0,4096.0,4096.0,4096.0,4096.0,4096.0,4096.0,4096.0,4096.0,4096.0,4096.0,4096.0,4096.0,4096.0,4096.0,4096.0,4096.0,4096.0,4096.0,4096.0,4096.0,4096.0,4092.0,4092.0,4092.0,4092.0,4080.0,4076.0,4060.0,4044.0,4040.0,4000.0,3984.0,3968.0,3916.0,3860.0,3692.0,3392.0,2920.0,2444.0,1868.0,1400.0,1056.0,788.0,572.0,448.0,320.0,216.0,156.0,108.0,84.0,56.0,36.0,28.0,28.0,20.0,12.0,8.0,4.0,4.0,4.0,4.0,4.0,4.0,4.0,4.0,4.0]},"step_range_q":{"0":[3.4811925888,3.9726781845,3.4694623947,3.9184675217,3.7221736908,4.010389328,4.2890586853,4.7404251099,5.2214307785,6.7043776512,7.9485454559,9.7041893005,8.7652931213,9.6302223206,9.6902456284,9.1059417725,11.5040273666,10.6053447723,11.6486377716,11.4916706085,10.6291646957,10.6547641754,11.0944423676,10.6870965958,9.7785768509,10.09582901,8.6735420227,8.8849506378,8.519282341,8.3943014145,7.6168961525,7.2034387589,7.1682291031,6.9636077881,6.4289312363,6.1978478432,6.0848965645,6.0137991905,5.5618534088,5.4002480507,4.9896678925,5.146625042,4.7677206993,4.8330364227,4.6996636391,4.1078386307,4.1270198822,3.8119356632,3.6345746517,3.6566827297,4.1296405792,3.7871434689,4.1717991829,4.3748760223,3.6389737129,4.0117974281,4.4714326859,4.3196229935,2.6619672775,2.3933172226,2.1898128986,2.1825089455,1.9679685831,2.0075604916,1.933555603,1.7196185589,2.0395534039,1.2565535307,1.3667942286]},"mean_loss:":{"0":0.2944943607},"rmse":{"0":0.5426733494},"step_rmse":{"0":[0.2681896389,0.2134737372,0.2389236689,0.240895018,0.274320811,0.3755268455,0.3826776147,0.504678607,0.5785720944,0.5983692408,0.660562396,0.650368154,0.7266067863,0.6737828255,0.6509280205,0.6065171361,0.5976251364,0.5966588259,0.5696511865,0.5479258299,0.5371300578,0.5231217742,0.5430598855,0.5495889187,0.5250496268,0.5395477414,0.5375545025,0.5305517316,0.5410861373,0.5178614855,0.5167843699,0.5195882916,0.5268448591,0.5313263535,0.5375776887,0.5345237851,0.5572705865,0.5817934275,0.555569768,0.550575316,0.562840879,0.5730215907,0.5946807265,0.639288187,0.7114885449,0.7034201026,0.7676593661,0.8453790545,0.9162872434,0.8310822845,1.0183868408,1.0577689409,1.0863143206,1.0899101496,1.1818363667,1.4467209578,1.5613284111,1.5752230883,0.9117165804,0.5876097083,0.8714125156,0.8832178116,0.9131439924,0.8771765232,0.8231213093,1.0115969181,0.7272834778,1.3664957285,1.1276954412]},"rmse_by_q":{"0":6.3337540627},"step_rmse_by_q":{"0":[1.8257800341,1.4235738516,1.6109945774,1.6403698921,1.9196311235,2.6304364204,2.7314019203,3.6531538963,4.3396091461,4.6622781754,5.2751178741,5.3789215088,6.1758685112,5.9163732529,5.9034891129,5.6837639809,5.8233642578,6.026512146,5.9935903549,5.9826416969,6.1135149002,6.2236270905,6.7845849991,7.2418479919,7.2641172409,7.8765921593,8.3291835785,8.7118406296,9.4207038879,9.581902504,10.1969604492,10.8853530884,11.8085689545,12.7056655884,13.7997550964,14.735080719,16.3127632141,18.011762619,18.3113689423,18.9438819885,20.4567928314,21.8737831116,23.9452915192,27.8524246216,33.6938934326,36.5046081543,43.6307449341,49.5377883911,53.3126945496,48.9844055176,56.9099655151,58.8085174561,60.1982727051,55.1807861328,57.747795105,64.5073394775,73.475944519,64.0237121582,48.90990448,31.3207263947,39.793926239,40.468006134,46.4003334045,43.6936531067,42.5703468323,58.8268203735,35.6589584351,108.7495117188,82.5065994263]},"mean_error":{"0":0.3819436431},"step_mean_error":{"0":[0.1997812539,0.1427541077,0.1542307138,0.1579264998,0.1888895929,0.2595458031,0.284584105,0.3561949432,0.4085676074,0.4088617861,0.4539887011,0.4366510212,0.4809141159,0.4555523396,0.4579322338,0.4370133877,0.4288010597,0.4382465482,0.4113918245,0.4098670185,0.403129071,0.3973357677,0.3963423371,0.4122895002,0.3886006474,0.3974024057,0.3968572617,0.3983214796,0.4019628167,0.3805464208,0.3784944117,0.3770876527,0.3885720074,0.4042000771,0.3988393843,0.3967135251,0.4093574286,0.4230919182,0.4031483233,0.4016451538,0.408118844,0.4281749129,0.4504619837,0.4738206267,0.5396994948,0.5534576178,0.5956348181,0.6607664824,0.7177380919,0.6558205485,0.8626685739,0.89548558,0.9624038935,0.8710621595,0.9515094757,1.2726351023,1.3948248625,1.3021986485,0.6993544698,0.4999304414,0.8714125156,0.8832178116,0.9131439924,0.8771765232,0.8231213093,1.0115969181,0.7272834778,1.3664957285,1.1276954412]},"mean_q_deviation":{"0":22.7118034363},