{"max_q":{"0":15.6816310883},"min_q":{"0":-0.7028237581},"mean_q":{"0":8.6157236099},"range_q":{"0":16.3844547272},"step_max_q":{"0":[15.3432798386,15.6816310883,15.5158920288,15.5204353333,15.0275020599,15.4332332611,14.8998584747,14.9255828857,14.6722335815,14.5536212921,14.3597249985,14.1968336105,13.6345329285,13.2886247635,13.2772541046,12.6932249069,12.8952789307,12.5401182175,11.9667110443,11.8343229294,11.3575668335,11.1444759369,10.7963953018,10.5134496689,9.5116872787,8.9873313904,8.777712822,8.3679542542,7.849032402,7.746348381,7.8148031235,7.3652296066,7.1898317337,6.4568557739,6.367017746,5.6799383163,5.39316082,5.0074310303,4.5986056328,4.6081852913,4.5458478928,4.503033638,4.1446738243,4.0761699677,3.7762556076,3.8278353214,4.053984642,3.583656311,3.6608684063,3.7712302208,3.6774859428,3.2465980053,3.529779911,3.753218174,3.6484751701,3.4340400696,3.4362926483,3.1544127464,2.6792201996,2.5921764374,2.536696434,2.5414409637,2.3593933582,2.2911684513,2.2527365685,2.0108571053,2.2729926109,2.1891593933,2.1176068783]},"step_min_q":{"0":[12.3019418716,11.8016262054,11.6363067627,11.0271215439,8.5709142685,9.8399906158,9.3298511505,8.3763523102,8.1046085358,7.521068573,6.6505498886,6.1543245316,3.3141355515,3.0914187431,3.3101496696,3.5503163338,2.1090602875,0.9555442333,0.745793581,0.0294004679,0.7459712029,0.3670588732,0.1715131998,0.0689032078,0.0,0.0,-0.1375014782,-0.2851259708,-0.3227903843,-0.093542695,-0.1462666988,-0.2951228619,-0.0535571575,-0.6355842352,-0.3914216757,-0.7028237581,-0.3061766624,-0.2140411139,-0.1451470852,-0.2751073837,-0.6787552834,-0.2916675806,-0.4112917185,-0.1226136684,-0.2155359983,-0.4238841534,-0.2481415272,-0.1166675091,-0.2322160006,-0.2080852985,-0.1907134056,-0.229152441,0.0,0.0,0.0,0.0,0.0,0.0,0.0,0.0,0.0,0.0,0.0,0.0,0.0,0.0,0.0,0.0,0.0]},"step_mean_q":{"0":[14.6978197098,14.9543972015,14.8865737915,14.6666736603,14.2934494019,14.286113739,14.0550022125,13.8291425705,13.3854389191,12.917596817,12.5910549164,12.1453895569,11.82289505,11.4199371338,11.0792675018,10.7052278519,10.3213539124,9.9700717926,9.5687246323,9.2055025101,8.8268928528,8.4770526886,8.0656719208,7.65853405,7.2806611061,6.903845787,6.5412502289,6.187953949,5.8459925652,5.4884080887,5.1586303711,4.8417754173,4.520775795,4.2465653419,3.9710068703,3.6962220669,3.4580273628,3.2613794804,3.0672307014,2.9130222797,2.7381951809,2.6060273647,2.4817175865,2.2684152126,2.0971713066,1.9877847433,1.8919092417,1.8901673555,1.808293581,1.8348699808,1.8469785452,1.8356320858,1.8230516911,2.0684664249,2.0581514835,2.0975666046,2.1194059849,1.6863586903,1.6722935438,2.0729637146,2.536696434,2.5414409637,2.3593933582,2.2911684513,2.2527365685,2.0108571053,2.2729926109,2.1891593933,2.1176068783]},"episodes_still_running":{"0":[4096.0,4096.0,4096.0,4096.0,4096.0,4096.0,4096.0,4096.0,4096.0,4096.0,4096.0,4096.0,4096.0,4096.0,4096.0,4096.0,4096.0,4096.0,4096.0,4096.0,4096.0,4096.0,4096.0,4096.0,4092.0,4092.0,4092.0,4092.0,4080.0,4076.0,4060.0,4044.0,4040.0,4000.0,3984.0,3968.0,3916.0,3860.0,3692.0,3392.0,2920.0,2444.0,1868.0,1400.0,1056.0,788.0,572.0,448.0,320.0,216.0,156.0,108.0,84.0,56.0,36.0,28.0,28.0,20.0,12.0,8.0,4.0,4.0,4.0,4.0,4.0,4.0,4.0,4.0,4.0]},"step_range_q":{"0":[3.0413379669,3.8800048828,3.8795852661,4.4933137894,6.4565877914,5.5932426453,5.5700073242,6.5492305756,6.5676250458,7.0325527191,7.7091751099,8.042509079,10.320397377,10.1972064972,9.9671039581,9.1429080963,10.7862186432,11.5845737457,11.2209177017,11.8049221039,10.6115951538,10.7774171829,10.6248817444,10.4445466995,9.5116872787,8.9873313904,8.9152145386,8.6530799866,8.1718225479,7.8398909569,7.9610700607,7.6603527069,7.2433891296,7.0924401283,6.7584395409,6.3827619553,5.6993374825,5.2214722633,4.7437524796,4.883292675,5.2246031761,4.7947010994,4.5559654236,4.1987838745,3.9917917252,4.2517194748,4.3021259308,3.7003238201,3.8930845261,3.9793155193,3.8681993484,3.4757504463,3.529779911,3.753218174,3.6484751701,3.4340400696,3.4362926483,3.1544127464,2.6792201996,2.5921764374,2.536696434,2.5414409637,2.3593933582,2.2911684513,2.2527365685,2.0108571053,2.2729926109,2.1891593933,2.1176068783]},"mean_loss:":{"0":0.1637123078},"rmse":{"0":0.4046137631},"step_rmse":{"0":[0.218935132,0.1990837753,0.2271233648,0.2458857,0.2640589178,0.3182526231,0.3352226913,0.399503082,0.4786163867,0.4925282896,0.5338352919,0.5465987325,0.5925922394,0.5437788963,0.5307502151,0.4743703604,0.4511328638,0.4514996111,0.4275665879,0.4415616393,0.4196448624,0.4241329134,0.4368718863,0.422098428,0.4147202373,0.4123930037,0.3957001269,0.4153916836,0.4048661888,0.4034159482,0.3769881427,0.3789258599,0.3619346619,0.3608208001,0.3790911436,0.3399883509,0.3332694471,0.3551392555,0.326028198,0.3162308931,0.3103028834,0.3006598949,0.316400677,0.3257991374,0.3529107869,0.379276365,0.4226821363,0.4924179614,0.5335896015,0.5860895514,0.6495171189,0.6890093088,0.7248057723,0.5709742308,0.6855177879,0.7360486984,0.8555844426,0.5656395555,0.5324056745,0.5103569627,0.5245289803,0.5242857933,0.5217192173,0.5935685635,0.5039403439,0.7203583717,0.4938442707,0.4338898659,0.3768827915]},"rmse_by_q":{"0":4.6962251663},"step_rmse_by_q":{"0":[1.4895756245,1.3312724829,1.5256927013,1.6764925718,1.8474121094,2.2277061939,2.3850774765,2.8888492584,3.5756494999,3.8128476143,4.239798069,4.5004630089,5.0122432709,4.7616624832,4.7904810905,4.4312028885,4.3708691597,4.5285491943,4.4683756828,4.796713829,4.7541627884,5.0033063889,5.4164352417,5.5114779472,5.6961894035,5.9733810425,6.0493040085,6.712908268,6.9255337715,7.3503270149,7.3079118729,7.8261756897,8.006029129,8.4967679977,9.5464744568,9.1982660294,9.6375589371,10.8892345428,10.6293992996,10.8557662964,11.3323879242,11.5370969772,12.7492618561,14.362411499,16.8279418945,19.0803546906,22.3415660858,26.0515537262,29.5079078674,31.9417476654,35.166469574,37.5352630615,39.7578315735,27.6037445068,33.3074493408,35.0905990601,40.3690681458,33.5420684814,31.8368549347,24.61967659,20.6776409149,20.6294708252,22.1124305725,25.9068069458,22.3701400757,35.8234481812,21.7266120911,19.8199310303,17.797580719]},"mean_error":{"0":0.2706391215},"step_mean_error":{"0":[0.1304145455,0.1032062992,0.1258845627,0.1340001523,0.1629165411,0.2075539976,0.2297516763,0.2766080499,0.3279781342,0.3237578869,0.350065738,0.3620942831,0.3693382442,0.3534274697,0.3402420878,0.3209804296,0.3073276877,0.3119171858,0.3039946258,0.3173955679,0.3099857867,0.3157602251,0.3171302676,0.3117523789,0.3088780344,0.3050293624,0.299159795,0.3027717769,0.291659236,0.2910440266,0.2757576704,0.2759562433,0.2547752559,0.2550163865,0.2600124478,0.2382048219,0.2261021435,0.2332173437,0.2163884491,0.2141332924,0.2102104723,0.2040506154,0.2192174941,0.2225161493,0.2409639955,0.2889143527,0.3120979667,0.3585542142,0.3827483058,0.4134518206,0.5044844151,0.5552904606,0.5982852578,0.4557685256,0.5508832335,0.6493976712,0.7598388791,0.4996754527,0.4960723817,0.4979301095,0.5245289803,0.5242857933,0.5217192173,0.5935685635,0.5039403439,0.7203583717,0.4938442707,0.4338898659,0.3768827915]},"mean_q_deviation":{"0":12.4092988968},