{"max_q":{"0":18.0714073181},"min_q":{"0":-0.9967431426},"mean_q":{"0":12.3889169693},"range_q":{"0":19.0681495667},"step_max_q":{"0":[16.4805488586,16.6741542816,17.0580291748,17.6292095184,17.7304000854,18.0714073181,17.0721702576,17.3990573883,16.734249115,16.008480072,15.6130456924,14.9137430191,14.4509096146,14.0007772446,13.2039403915,12.5932283401,11.8668289185,11.6492347717,11.0103464127,10.402636528,10.2915811539,9.492193222,9.3998212814,9.0708312988,8.3064241409,7.7907075882,7.4691095352,7.2704772949,7.070540905,6.4853253365,6.1737504005,5.3638563156,4.8570399284,4.9268145561,3.9534788132,2.3022036552,2.1233959198,0.3972481489,0.3711723983,0.250708282,0.3046472371,0.205036208,0.2554114163,0.167170316,0.2176964134,0.135145247,0.1864993721,0.1075600386,0.1596596837,0.0834179223,0.1360452175,0.0619954467,0.1149322093,0.0427480638,0.0957988203,0.0252560377,0.0782578588,0.0092009604,0.0620150864,0.0,0.0407935381,0.0326862335,0.0354760587,0.0247781873,0.0293300748,0.0140707493,0.0193070769,0.0026842058,0.0082538724,0.0,0.0,0.0,0.0,0.0,0.0,0.0,0.0,0.0,0.0,0.0,0.0,0.0,0.0,0.0,0.0,0.0,0.0,0.0,0.0,0.0,0.0,0.0,0.0,0.0,0.0,0.0,0.0,0.0,0.0,0.0,0.0,0.0,0.0,0.0,0.0,0.0,0.0,0.0,0.0,0.0,0.0,0.0,0.0,0.0,0.0,0.0,0.0,0.0,0.0,0.0]},"step_min_q":{"0":[16.0187549591,16.197227478,16.549036026,16.4509048462,16.622800827,16.6587123871,15.0076370239,14.6321706772,13.7586984634,13.2863178253,12.0729093552,10.915974617,9.8943805695,9.1998825073,9.332444191,7.685669899,6.8999705315,6.0246639252,5.6735234261,4.3002038002,2.9620485306,2.8930654526,0.0,0.0,-0.1023377776,-0.1306443214,0.0,-0.0491609573,-0.9967431426,0.0,0.0,0.0,0.0,0.0,0.0,0.0,0.0,0.0,0.0,0.0,0.0,0.0,0.0,0.0,0.0,0.0,0.0,0.0,0.0,0.0,0.0,0.0,0.0,0.0,0.0,0.0,0.0,0.0,0.0,-0.0056633949,0.0,0.0,0.0,0.0,0.0,0.0,0.0,0.0,0.0,-0.0086077452,-0.002912432,-0.0195508897,-0.0138447285,-0.0300604701,-0.024397105,-0.0401083529,-0.0345039666,-0.0496861339,-0.044136107,-0.0587921739,-0.0532802939,-0.0674261451,-0.0619316697,-0.0755887032,-0.0700888038,-0.0832802653,-0.077752322,-0.0905015469,-0.0849250257,-0.0972545147,-0.091611594,-0.1035431027,-0.0978186727,-0.1093735695,-0.1035552621,-0.1147545576,-0.1088331938,-0.1196972728,-0.1136673689,-0.1242159605,-0.1180744767,-0.128328383,-0.1220744848,-0.1320533156,-0.1256884933,-0.1354124546,-0.1289396882,-0.1384286284,-0.1318523288,-0.141125679,-0.1344514489,-0.1435279846,-0.136762023,-0.1456595659,-0.1388086677,-0.1475445628,-0.1406158805,-0.1492059827,-0.14220649,-0.1506657004]},"step_mean_q":{"0":[16.2958641052,16.4849395752,16.8555374146,17.1899242401,17.3080348969,17.7805099487,16.5210151672,16.3315086365,15.5162391663,14.8995609283,14.4207582474,13.7040405273,13.2466545105,12.5470428467,11.9739542007,11.3236255646,10.7208423615,10.1054439545,9.5290994644,8.981584549,8.4245567322,7.9228568077,7.3784484863,6.9284219742,6.562040329,6.2449374199,5.9479470253,5.5315971375,5.108189106,4.6704101562,4.1153140068,3.5049614906,3.1140768528,3.103556633,2.5443737507,1.4023891687,1.2837233543,0.3972481489,0.3711723983,0.250708282,0.3046472371,0.205036208,0.2554114163,0.167170316,0.2176964134,0.135145247,0.1864993721,0.1075600386,0.1596596837,0.0834179223,0.1360452175,0.0619954467,0.1149322093,0.0427480638,0.0957988203,0.0252560377,0.0782578588,0.0092009604,0.0620150864,-0.0056633949,0.0407935381,0.0326862335,0.0354760587,0.0247781873,0.0293300748,0.0140707493,0.0193070769,0.0026842058,0.0082538724,-0.0086077452,-0.002912432,-0.0195508897,-0.0138447285,-0.0300604701,-0.024397105,-0.0401083529,-0.0345039666,-0.0496861339,-0.044136107,-0.0587921739,-0.0532802939,-0.0674261451,-0.0619316697,-0.0755887032,-0.0700888038,-0.0832802653,-0.077752322,-0.0905015469,-0.0849250257,-0.0972545147,-0.091611594,-0.1035431027,-0.0978186727,-0.1093735695,-0.1035552621,-0.1147545576,-0.1088331938,-0.1196972728,-0.1136673689,-0.1242159605,-0.1180744767,-0.128328383,-0.1220744848,-0.1320533156,-0.1256884933,-0.1354124546,-0.1289396882,-0.1384286284,-0.1318523288,-0.141125679,-0.1344514489,-0.1435279846,-0.136762023,-0.1456595659,-0.1388086677,-0.1475445628,-0.1406158805,-0.1492059827,-0.14220649,-0.1506657004]},"episodes_still_running":{"0":[4096.0,4096.0,4096.0,4096.0,4096.0,4096.0,4096.0,4096.0,4096.0,4096.0,4096.0,4096.0,4096.0,4096.0,4096.0,4096.0,4096.0,4096.0,4096.0,4096.0,4096.0,4096.0,4092.0,3948.0,3280.0,2432.0,1432.0,848.0,488.0,288.0,168.0,88.0,56.0,44.0,24.0,8.0,8.0,4.0,4.0,4.0,4.0,4.0,4.0,4.0,4.0,4.0,4.0,4.0,4.0,4.0,4.0,4.0,4.0,4.0,4.0,4.0,4.0,4.0,4.0,4.0,4.0,4.0,4.0,4.0,4.0,4.0,4.0,4.0,4.0,4.0,4.0,4.0,4.0,4.0,4.0,4.0,4.0,4.0,4.0,4.0,4.0,4.0,4.0,4.0,4.0,4.0,4.0,4.0,4.0,4.0,4.0,4.0,4.0,4.0,4.0,4.0,4.0,4.0,4.0,4.0,4.0,4.0,4.0,4.0,4.0,4.0,4.0,4.0,4.0,4.0,4.0,4.0,4.0,4.0,4.0,4.0,4.0,4.0,4.0,4.0]},"step_range_q":{"0":[0.4617938995,0.4769268036,0.5089931488,1.1783046722,1.1075992584,1.412694931,2.0645332336,2.7668867111,2.9755506516,2.7221622467,3.5401363373,3.9977684021,4.5565290451,4.8008947372,3.8714962006,4.9075584412,4.966858387,5.6245708466,5.3368229866,6.1024327278,7.3295326233,6.5991277695,9.3998212814,9.0708312988,8.4087619781,7.9213519096,7.4691095352,7.3196382523,8.0672836304,6.4853253365,6.1737504005,5.3638563156,4.8570399284,4.9268145561,3.9534788132,2.3022036552,2.1233959198,0.3972481489,0.3711723983,0.250708282,0.3046472371,0.205036208,0.2554114163,0.167170316,0.2176964134,0.135145247,0.1864993721,0.1075600386,0.1596596837,0.0834179223,0.1360452175,0.0619954467,0.1149322093,0.0427480638,0.0957988203,0.0252560377,0.0782578588,0.0092009604,0.0620150864,0.0056633949,0.0407935381,0.0326862335,0.0354760587,0.0247781873,0.0293300748,0.0140707493,0.0193070769,0.0026842058,0.0082538724,0.0086077452,0.002912432,0.0195508897,0.0138447285,0.0300604701,0.024397105,0.0401083529,0.0345039666,0.0496861339,0.044136107,0.0587921739,0.0532802939,0.0674261451,0.0619316697,0.0755887032,0.0700888038,0.0832802653,0.077752322,0.0905015469,0.0849250257,0.0972545147,0.091611594,0.1035431027,0.0978186727,0.1093735695,0.1035552621,0.1147545576,0.1088331938,0.1196972728,0.1136673689,0.1242159605,0.1180744767,0.128328383,0.1220744848,0.1320533156,0.1256884933,0.1354124546,0.1289396882,0.1384286284,0.1318523288,0.141125679,0.1344514489,0.1435279846,0.136762023,0.1456595659,0.1388086677,0.1475445628,0.1406158805,0.1492059827,0.14220649,0.1506657004]},"mean_loss:":{"0":0.4203881025},"rmse":{"0":0.648373425},"step_rmse":{"0":[0.2642548084,0.2742763162,0.247750625,0.2969276309,0.3287282288,0.2766696513,0.3021480441,0.3747332394,0.3828953207,0.4713864923,0.488145858,0.5135983825,0.640409708,0.6441829801,0.6468607783,0.6254846454,0.6705393195,0.7383477092,0.7788168788,0.7781240344,0.7921363711,0.7731770277,0.788184762,0.8010157347,0.9083741903,0.9663245678,1.1424510479,1.3565273285,1.6306263208,2.0405337811,2.1894681454,2.5901885033,2.3311421871,2.0696496964,1.9986681938,1.4698207378,1.4051014185,0.1772750616,0.118709296,0.0640342832,0.0443756282,0.278542459,0.2178899944,0.337626189,0.2256198078,0.300632894,0.1887628883,0.2698074579,0.1617235541,0.2576048076,0.1708333492,0.2708795667,0.1873148382,0.280027777,0.2002550662,0.2671490908,0.1730145812,0.2348309457,0.1304523647,0.1931898594,0.1068423986,0.0914099216,0.1977132857,0.1093670726,0.2337703109,0.1228702068,0.2337606549,0.133055836,0.2429355979,0.1369508505,0.2559229434,0.1564081609,0.2681443691,0.1677052379,0.2884828746,0.1785909235,0.2900193036,0.1900400519,0.3026862741,0.1920309663,0.311624229,0.2092942595,0.3192086816,0.2138090134,0.3367268443,0.2236687541,0.3346080482,0.2336938381,0.3483391702,0.2330982685,0.3527395427,0.2492695451,0.3574615121,0.2479915619,0.3729160428,0.257453084,0.3667317629,0.2650732398,0.3813143969,0.262081027,0.3808076978,0.2777863145,0.3841906786,0.2711433768,0.3979081511,0.2810049057,0.3879778981,0.2855789065,0.4037587047,0.2810299397,0.3980808854,0.2967863083,0.4016858339,0.2853542566,0.4137498736,0.2966143489,0.4010719657,0.2976887822,0.4185836911,0.2928871512]},"rmse_by_q":{"0":5.2334957123},