{"max_q":{"0":26.9650554657},"min_q":{"0":-1.7906194925},"mean_q":{"0":4.022064209},"range_q":{"0":28.7556743622},"step_max_q":{"0":[22.7331314087,26.6936264038,20.99426651,24.7499485016,18.9477996826,21.463602066,19.5848121643,20.4875679016,23.3611221313,19.9173603058,24.1891670227,20.4232463837,21.6086730957,21.8048171997,20.5616607666,19.3474655151,17.7535667419,20.5422306061,26.9650554657,22.7434158325,18.7928695679,17.2997531891,17.2805347443,15.5292196274,15.7719573975,17.2322158813,15.6720457077,17.6973781586,21.1048812866,14.2535886765,15.6187438965,12.7863883972,11.8282804489,16.0121650696,13.5707216263,14.7131557465,12.3328075409,12.6076812744,12.1369886398,13.1630554199,13.0010318756,13.2137775421,12.8844575882,13.5536823273,12.3444757462,13.65828228,12.9972133636,8.3759689331,10.0349206924,10.6070222855,9.6239433289,10.0735311508,9.7087240219,7.9825267792,8.1398916245,7.6544213295,7.9169874191,7.3846611977,7.9605731964,7.9885044098,8.0073728561,7.8136782646,7.5074491501,7.7177810669,7.2009820938,6.0614929199,6.6352672577,6.2397675514,6.4079341888,6.8241100311,6.6532282829,6.4362187386,5.9555244446,6.3874359131,6.3158187866,6.3068699837,6.0298242569,5.9021148682,5.8092069626,5.7204527855,5.6278643608,5.5027446747,5.3939371109,5.1476764679,5.1563539505,4.9282517433,4.6950984001,4.7038860321,4.4553427696,4.1600079536,3.8237316608,3.7700591087,3.2400140762,1.7789173126,2.5729911327,2.4299805164,3.5503652096,4.5130176544,3.8171670437,1.7854123116,1.7533121109,2.0323426723]},"step_min_q":{"0":[1.9964497089,0.0,0.0,0.0,-0.2921870351,-0.4660736024,-0.2745997608,-0.3935925364,-0.46277228,-0.4291591048,-0.7624564171,-0.2331193686,-0.9332055449,-1.1160904169,-0.9826110601,-0.4750106931,-0.5456733108,-0.7222782373,-0.8827422857,-0.6082876325,-0.7725115418,-0.4529905915,-0.6265173554,-1.5829173326,-1.0221630335,-0.975892365,-0.9318038225,-1.3023074865,-0.8419514894,-0.8279232383,-1.2062189579,-0.9456032515,-0.9215604067,-1.1682758331,-0.9801146984,-0.8815134764,-1.2610547543,-1.2855041027,-1.5121821165,-1.2898783684,-1.3052613735,-1.3041907549,-1.533415556,-1.2708311081,-1.2515478134,-0.9216328859,-1.7906194925,-0.9360976815,-0.9194203019,-0.7276979685,-0.8945049644,-0.8687974811,-0.9618755579,-0.6828336716,-0.7041032314,-1.6442379951,-0.6753820181,-0.7610280514,-0.6684097052,-0.7361668348,-0.624587059,-0.7045053244,-0.53564924,-0.9960994124,-0.5744152069,-0.6549013853,-0.5502460003,-0.6285722256,-0.8297046423,-0.6566469073,-0.5203553438,-0.6856615543,-0.656727016,-0.4093768001,-0.5749588013,-0.3394070864,-0.3084662557,-0.3194512725,-0.3244699836,-0.3366312981,-0.3508084714,-0.2123446465,-0.2319816053,-0.2515814304,-0.2976820469,-0.3749084473,-0.3616942167,-0.3513209522,-0.3351982534,-0.3564493358,-0.4359552264,-0.043092519,-0.0510710776,-0.1389629692,-0.2329702079,0.0,0.0,0.0,0.0,0.0,0.0,0.0]},"step_mean_q":{"0":[7.9637556076,8.1741247177,7.9031972885,7.752512455,7.483663559,7.2223482132,6.9424071312,6.6644678116,6.3912057877,6.118534565,5.8087687492,5.4636583328,5.1206049919,4.7386512756,4.40828228,4.0449576378,3.7181141376,3.4184191227,3.132776022,2.8408708572,2.5938842297,2.3606843948,2.199703455,1.9979306459,1.8141965866,1.6392371655,1.4962333441,1.3692436218,1.2535440922,1.1733958721,1.1141302586,1.0340226889,1.0079166889,0.9721828699,0.9428055882,0.9236913919,0.9015604854,0.8575152159,0.828825593,0.820550561,0.7978212833,0.8005374074,0.7826018333,0.7989177704,0.7827420831,0.804410398,0.8156436086,0.7718772888,0.7952331305,0.8459788561,0.8525983095,0.8568963408,0.8478703499,0.8450933695,0.8664335608,0.8485257626,0.9350671172,0.9279157519,1.025226593,0.9617336988,1.0242695808,1.0903789997,1.0582133532,0.9997855425,1.0277881622,1.1183907986,1.2810786963,1.3612538576,1.3872412443,1.3917404413,1.3885076046,1.3380695581,1.3944010735,1.5041598082,1.5115497112,1.6035584211,1.3509664536,1.3202995062,1.2466496229,1.5266429186,1.4471852779,1.5271676779,1.5217336416,1.4688732624,1.6124290228,1.5662720203,1.4448314905,1.3498762846,1.1107580662,0.9840483665,0.9084941745,1.5390828848,1.3736184835,1.0913654566,1.2016845942,1.5484144688,2.681653738,3.1662085056,2.8103952408,1.7854123116,1.7533121109,2.0323426723]},"episodes_still_running":{"0":[4096.0,4095.0,4092.0,4083.0,4070.0,4059.0,4044.0,4029.0,4020.0,4008.0,3987.0,3961.0,3934.0,3901.0,3863.0,3815.0,3760.0,3677.0,3585.0,3502.0,3432.0,3330.0,3235.0,3117.0,2990.0,2846.0,2711.0,2580.0,2445.0,2322.0,2184.0,2052.0,1892.0,1769.0,1633.0,1490.0,1383.0,1265.0,1154.0,1059.0,952.0,860.0,781.0,704.0,645.0,589.0,539.0,493.0,443.0,395.0,361.0,318.0,289.0,264.0,233.0,208.0,181.0,158.0,140.0,125.0,109.0,100.0,95.0,81.0,72.0,64.0,55.0,49.0,44.0,39.0,36.0,35.0,31.0,28.0,25.0,24.0,20.0,19.0,17.0,14.0,14.0,10.0,10.0,10.0,10.0,10.0,10.0,10.0,8.0,8.0,8.0,5.0,5.0,5.0,5.0,4.0,2.0,2.0,2.0,1.0,1.0,1.0]},"step_range_q":{"0":[20.7366809845,26.6936264038,20.99426651,24.7499485016,19.2399864197,21.9296760559,19.8594112396,20.8811607361,23.8238945007,20.3465194702,24.9516239166,20.6563663483,22.5418777466,22.9209079742,21.5442714691,19.8224754333,18.2992401123,21.264509201,27.8477973938,23.3517036438,19.5653820038,17.7527446747,17.9070529938,17.1121368408,16.7941207886,18.208108902,16.603849411,18.9996852875,21.9468326569,15.0815114975,16.824962616,13.7319917679,12.7498407364,17.1804409027,14.5508365631,15.594669342,13.5938625336,13.8931856155,13.6491708755,14.4529342651,14.3062934875,14.5179681778,14.4178733826,14.8245134354,13.5960235596,14.5799150467,14.7878332138,9.3120670319,10.9543409348,11.3347206116,10.518447876,10.9423284531,10.6705999374,8.6653604507,8.8439950943,9.2986593246,8.5923690796,8.1456890106,8.6289825439,8.7246713638,8.6319599152,8.5181837082,8.0430984497,8.7138805389,7.7753973007,6.7163944244,7.1855134964,6.8683395386,7.2376389503,7.4807567596,7.1735835075,7.1218805313,6.6122512817,6.7968125343,6.8907775879,6.6462769508,6.3382906914,6.2215662003,6.1336770058,6.0570840836,5.9786729813,5.7150893211,5.6259188652,5.3992576599,5.454035759,5.3031601906,5.0567927361,5.0552067757,4.790541172,4.5164570808,4.2596869469,3.813151598,3.2910852432,1.9178802967,2.8059613705,2.4299805164,3.5503652096,4.5130176544,3.8171670437,1.7854123116,1.7533121109,2.0323426723]},"mean_loss:":{"0":0.8053798079},"rmse":{"0":0.8974295855},"step_rmse":{"0":[0.6029875875,0.6594939232,0.7511638999,0.7999125123,0.8422744274,0.8505606651,0.9076359868,0.9386394024,0.9825742245,1.0456750393,1.0359390974,1.0887700319,1.0790132284,1.06016922,1.0370414257,1.0243854523,0.9864618182,0.9974064827,1.0130563974,0.9292879105,0.9680119157,0.9199941754,0.8935859799,0.8739076853,0.8818421364,0.9428448677,0.8309082389,0.8226374388,0.837413013,0.7597708702,0.8128281236,0.7878178358,0.7941133976,0.8080114722,0.7785634398,0.7585753798,0.7563955188,0.7710806727,0.7781040072,0.7519775629,0.7523973584,0.7243919969,0.7823064327,0.7199658751,0.7463766932,0.6671427488,0.6899196506,0.705300808,0.7044057846,0.7484080791,0.7239672542,0.7088441253,0.7201833725,0.7478111982,0.728091836,0.8553438783,0.7818388939,0.8442351818,0.8832338452,0.8847871423,0.893668592,0.925480485,0.8684437275,0.856782496,0.9601029158,0.8542958498,0.910754025,1.0373268127,1.0783054829,1.1328641176,1.1600589752,1.2533173561,1.1524019241,1.1439558268,0.9599375725,1.0247130394,1.1238197088,0.8687430024,1.0464066267,1.1567612886,0.7777503133,1.0361196995,0.9490740895,0.7623131275,0.9287350178,0.9942170382,0.8378984928,0.9775670171,0.5689684153,0.5010504723,0.5012649298,0.4592731893,0.4335426092,0.5642162561,0.6460135579,0.4539584816,0.1727048606,1.0340656042,0.3704033494,0.0073075294,0.0258584023,0.0496814251]},"rmse_by_q":{"0":22.3126621246},