{"max_q":{"0":26.5669059753},"min_q":{"0":-1.4540705681},"mean_q":{"0":7.6731305122},"range_q":{"0":28.0209770203},"step_max_q":{"0":[23.9516220093,24.96758461,24.9439926147,25.2091331482,22.5042762756,22.6425437927,23.8163528442,24.7167854309,24.4643554688,26.5669059753,22.4462680817,24.1353988647,23.3256969452,24.446264267,23.6467456818,20.8829879761,19.9662685394,19.8749084473,18.5421924591,17.6681957245,17.5164966583,15.8728876114,17.0184993744,16.062959671,14.5474805832,17.1424732208,16.3926239014,13.921459198,14.9678697586,12.7769479752,12.3117208481,11.6834049225,12.2649497986,11.3665857315,11.7461071014,11.1080131531,11.0187711716,11.4092264175,11.1748046875,10.3714599609,10.39311409,10.5108470917,10.8190307617,10.2123212814,10.4137582779,10.0119857788,10.3188381195,9.9232120514,10.0209379196,10.2949047089,10.8374004364,10.8544034958,10.8499183655,9.615149498,8.9066028595,8.5629482269,8.7821540833,9.9516992569,8.7468633652,7.7679309845,7.7576055527,7.6196904182,5.3478283882,4.694478035,4.754544735,4.7587213516,4.5988788605,4.8090591431,4.8151526451,3.6393923759,3.2513837814,3.6454119682,3.1922912598,2.5065903664,2.5132462978,1.7264449596,1.145678997,0.6550443769,0.7521557212]},"step_min_q":{"0":[4.8743219376,3.1881740093,0.0,0.0,-0.2141497731,0.0,-0.3278219104,-0.4408859909,-0.1567255557,-0.1654825211,-0.2386164516,-0.5316226482,-0.5490124226,-0.3925870061,-0.5893653631,-0.7814927101,-0.6818810105,-0.7111276388,-0.879774332,-0.7103320956,-0.8008409739,-1.0083930492,-0.9226158857,-0.9983913898,-1.4540705681,-1.3093948364,-0.7903282642,-1.1206715107,-0.8716660738,-0.8119196892,-0.883025527,-0.7549749613,-0.8363056779,-1.1614986658,-0.9699676037,-0.8245868087,-0.807950139,-0.8458120823,-0.686914742,-0.6634355783,-0.7312061787,-0.602645874,-0.4964538813,-0.7707111239,-0.7691364288,-0.5612340569,-0.701266408,-0.5292184353,-0.5920174718,-0.5585685372,-0.4391591847,-0.4755226374,-0.4877686203,-0.5730189681,-0.5182467103,-0.4885510802,-0.5001231432,-0.4936564565,-0.240851149,-0.2469991744,-0.281457305,-0.3926653862,-0.2947247624,-0.2225561142,-0.1601700187,-0.1538363695,-0.0179681182,-0.0571908355,0.0,0.0,0.0,0.0,0.0,0.0,0.0,0.0,0.0,0.0,0.0]},"step_mean_q":{"0":[11.6067867279,11.6277961731,11.5708179474,11.4759321213,11.3940372467,11.2292766571,11.0773763657,10.8437929153,10.6233711243,10.3496217728,10.0817070007,9.7205448151,9.3663110733,8.9804754257,8.5633440018,8.1471347809,7.7482199669,7.387550354,7.0049676895,6.6291761398,6.2629847527,5.9160904884,5.6105594635,5.3223972321,5.0471987724,4.8395738602,4.6184039116,4.3794193268,4.1484427452,3.9446599483,3.7270824909,3.5523822308,3.4161074162,3.2690382004,3.1081652641,2.9573218822,2.8603084087,2.8216621876,2.7340977192,2.630256176,2.6692092419,2.6613385677,2.5889737606,2.4336960316,2.4956064224,2.4580714703,2.4535560608,2.4362387657,2.2767035961,2.2658879757,2.1880762577,2.2777178288,2.1936101913,1.7942156792,1.8305829763,1.9403531551,1.9075596333,2.0697331429,1.9609723091,1.9945752621,1.9457672834,1.8607690334,1.7028200626,1.5246832371,1.7002500296,1.5196213722,1.7228987217,1.920193553,3.276198864,2.8260872364,2.324054718,2.6469607353,2.7912638187,2.4862558842,2.0744261742,1.6035546064,1.145678997,0.6550443769,0.7521557212]},"episodes_still_running":{"0":[4096.0,4096.0,4095.0,4094.0,4092.0,4090.0,4089.0,4083.0,4081.0,4077.0,4064.0,4056.0,4044.0,4030.0,4013.0,3988.0,3957.0,3924.0,3867.0,3804.0,3739.0,3679.0,3595.0,3493.0,3385.0,3235.0,3063.0,2890.0,2693.0,2453.0,2246.0,2049.0,1839.0,1635.0,1451.0,1289.0,1155.0,1008.0,891.0,745.0,638.0,556.0,485.0,422.0,368.0,328.0,294.0,262.0,220.0,200.0,165.0,141.0,122.0,99.0,79.0,64.0,57.0,50.0,41.0,35.0,32.0,29.0,19.0,14.0,12.0,11.0,9.0,7.0,4.0,3.0,3.0,3.0,2.0,2.0,2.0,2.0,1.0,1.0,1.0]},"step_range_q":{"0":[19.0773010254,21.7794113159,24.9439926147,25.2091331482,22.7184257507,22.6425437927,24.1441745758,25.1576709747,24.6210803986,26.7323875427,22.684885025,24.6670207977,23.874710083,24.8388519287,24.2361106873,21.6644802094,20.6481494904,20.5860366821,19.4219665527,18.378528595,18.3173370361,16.881280899,17.9411144257,17.0613517761,16.0015506744,18.4518680573,17.1829528809,15.0421304703,15.8395357132,13.5888671875,13.1947460175,12.4383802414,13.1012554169,12.5280847549,12.7160749435,11.9326000214,11.8267211914,12.2550382614,11.8617191315,11.0348958969,11.1243200302,11.1134929657,11.3154850006,10.9830322266,11.1828947067,10.573220253,11.0201044083,10.4524307251,10.6129550934,10.8534736633,11.2765598297,11.3299264908,11.3376865387,10.1881685257,9.4248495102,9.0514993668,9.2822771072,10.4453554153,8.9877147675,8.0149297714,8.0390625,8.0123558044,5.6425533295,4.9170341492,4.9147148132,4.9125576019,4.6168470383,4.8662500381,4.8151526451,3.6393923759,3.2513837814,3.6454119682,3.1922912598,2.5065903664,2.5132462978,1.7264449596,1.145678997,0.6550443769,0.7521557212]},"mean_loss:":{"0":1.7238881588},"rmse":{"0":1.3129692078},"step_rmse":{"0":[1.1294698715,1.2024402618,1.2277319431,1.2444543839,1.2696844339,1.2630691528,1.2820264101,1.3151292801,1.3643010855,1.3761357069,1.3854334354,1.3882602453,1.3578672409,1.3310483694,1.3190169334,1.2966483831,1.2967002392,1.3073985577,1.3090666533,1.3348634243,1.337625742,1.34669137,1.3410069942,1.3599015474,1.3258649111,1.3222539425,1.3063871861,1.2853108644,1.3011654615,1.2966113091,1.3068419695,1.2897737026,1.2759603262,1.302524209,1.2883684635,1.3033856153,1.3122065067,1.3393033743,1.2928196192,1.2615982294,1.3091009855,1.3725485802,1.2901893854,1.3283289671,1.3109139204,1.3274897337,1.2781362534,1.3183954954,1.4396567345,1.5466977358,1.5742578506,1.5959846973,1.759190917,1.8830213547,1.938361764,1.9871797562,1.6215257645,1.7499915361,1.8353537321,1.9658771753,2.1240286827,2.0398118496,1.8893865347,1.8349387646,1.9338582754,1.9194703102,2.0955400467,2.4701588154,3.3204579353,3.2841930389,3.3145008087,3.4919915199,4.3433146477,4.9558124542,4.5797991753,5.0240812302,0.4880540371,0.2362766862,0.3597022891]},"rmse_by_q":{"0":17.1112575531},"step_rmse_by_q":{"0":[9.7311162949,10.3410844803,10.6105890274,10.8440380096,11.1434106827,11.2480010986,11.5733757019,12.1279459,12.8424491882,13.2964830399,13.7420520782,14.281712532,14.4973535538,14.8215799332,15.4030590057,15.9153909683,16.7354602814,17.6973228455,18.6876907349,20.1361885071,21.3576412201,22.7631969452,23.9014854431,25.5505466461,26.269323349,27.3217029572,28.2865524292,29.3488883972,31.365152359,32.8700408936,35.0634040833,36.3072891235,37.3512954712,39.8442611694,41.4510917664,44.0731735229,45.8763999939,47.4650497437,47.2850570679,47.9648399353,49.0445251465,51.5736160278,49.8340072632,54.5807228088,52.5288696289,54.0053367615,52.0932121277,54.1160240173,63.2342643738,68.2601165771,71.9471206665,70.0694656372,80.1961517334,104.9495544434,105.8876724243,102.4133071899,85.0052490234,84.5515518188,93.5940704346,98.5611877441,109.1614990234,109.6219787598,110.9563217163,120.3488464355,113.7396469116,126.3124084473,121.6287384033,128.6411437988,101.3509292603,116.2098999023,142.6171569824,131.9245758057,155.6038665771,199.328338623,220.7742614746,313.3090209961,42.5995445251,36.0703315735,47.8228492737]},"mean_error":{"0":0.9397644401},