{"max_q":{"0":18.1800441742},"min_q":{"0":0.0},"mean_q":{"0":5.2939195633},"range_q":{"0":18.1800441742},"step_max_q":{"0":[13.5751581192,16.2516136169,16.9466876984,17.0409164429,16.3662567139,16.9768810272,17.419052124,17.3862609863,17.1593418121,17.391784668,17.5873413086,17.6373767853,17.536031723,17.6886787415,18.1800441742,17.7556114197,16.9515476227,16.9335365295,16.0634250641,16.5619869232,16.189874649,15.8330545425,14.7652330399,15.5229768753,14.4343090057,13.208729744,13.3937864304,13.3599843979,12.7417888641,13.2653160095,12.2048034668,12.1311178207,11.6411447525,11.6648712158,11.8239994049,11.0943336487,11.5665416718,11.7299613953,11.5415973663,11.5149126053,11.6645812988,11.883846283,11.156835556,9.6761159897,9.6877574921,9.4297962189,9.3355379105,7.5226354599,7.8785905838,8.6065578461,8.8442697525,7.9070472717,8.3765935898,7.0938854218,6.3680405617,6.1779766083,6.0920834541,5.5639228821,5.8595714569,5.8242874146,4.7363700867,4.8724212646,4.8310632706,5.6037282944,5.3617582321,5.1265254021,4.8994727135,4.152443409,4.4422693253,3.6111605167,2.9750669003,2.8233447075,2.378349781,2.7624771595,2.5974891186,2.6503353119,2.4104623795,2.8105049133,2.4848265648,2.0892782211,1.8904211521,1.936596632,1.8169840574,2.0917849541,1.8350493908,1.9721194506,1.8459743261,1.9312663078,1.7724992037,1.8496586084,0.4440188408,0.5292975903,0.4797101021,0.2531883717,0.2623035908,0.2538650036,0.2450511456,0.2421224117]},"step_min_q":{"0":[2.9747357368,2.430151701,0.0,0.0,0.0,0.0,0.0,0.0,0.0,0.0,0.0,0.0,0.0,0.0,0.0,0.0,0.0,0.0,0.0,0.0,0.0,0.0,0.0,0.0,0.0,0.0,0.0,0.0,0.0,0.0,0.0,0.0,0.0,0.0,0.0,0.0,0.0,0.0,0.0,0.0,0.0,0.0,0.0,0.0,0.0,0.0,0.0,0.0,0.0,0.0,0.0,0.0,0.0,0.0,0.0,0.0,0.0,0.0,0.0,0.0,0.0,0.0,0.0,0.0,0.0,0.0,0.0,0.0,0.0,0.0,0.0,0.0,0.0,0.0,0.0,0.0,0.0,0.0,0.0,0.0,0.0,0.0,0.0,0.0,0.0,0.0,0.0,0.0,0.0,0.0,0.0,0.0,0.0,0.0,0.0,0.0,0.0,0.0]},"step_mean_q":{"0":[8.9937353134,9.0885868073,9.1351280212,9.0531873703,9.0275173187,8.8618249893,8.7672348022,8.6407699585,8.4597158432,8.2241973877,7.9451990128,7.6783065796,7.3252830505,6.9599175453,6.6141791344,6.2120432854,5.8112163544,5.3822226524,4.9677920341,4.5688867569,4.1714119911,3.7798910141,3.4089496136,3.0923230648,2.8073751926,2.5490736961,2.3672926426,2.2282035351,2.0950212479,1.9799113274,1.8952697515,1.8167948723,1.7511006594,1.6905213594,1.6466712952,1.6009676456,1.5586762428,1.5297442675,1.4728598595,1.4564390182,1.4445357323,1.4241615534,1.405085206,1.3565527201,1.334102273,1.3707845211,1.3556984663,1.295897007,1.3086854219,1.3398081064,1.3434026241,1.3253262043,1.3101605177,1.2848416567,1.294367075,1.3118393421,1.2865952253,1.2495846748,1.22678864,1.2495408058,1.2426137924,1.2288249731,1.2124546766,1.1936249733,1.1904894114,1.2058048248,1.2344635725,1.1701346636,1.2093833685,1.0865824223,1.0435079336,1.1265823841,0.9743615389,0.9989424348,1.0243669748,1.0904349089,1.0364204645,1.050221324,1.1626454592,1.0165090561,0.916046679,0.7572960258,0.726801753,0.7606938481,0.7559803128,0.7522413135,0.727837503,0.6945111156,0.6545584798,0.8534744382,0.3472872972,0.3893586397,0.3677850962,0.2531883717,0.2623035908,0.2538650036,0.2450511456,0.2421224117]},"episodes_still_running":{"0":[4096.0,4096.0,4093.0,4084.0,4080.0,4077.0,4068.0,4065.0,4062.0,4053.0,4042.0,4039.0,4027.0,4014.0,3989.0,3952.0,3903.0,3851.0,3805.0,3754.0,3678.0,3611.0,3533.0,3439.0,3318.0,3208.0,3080.0,2946.0,2784.0,2641.0,2484.0,2336.0,2183.0,2035.0,1890.0,1736.0,1604.0,1482.0,1360.0,1231.0,1123.0,1015.0,907.0,825.0,761.0,687.0,628.0,568.0,504.0,449.0,404.0,352.0,309.0,275.0,243.0,214.0,193.0,169.0,152.0,134.0,122.0,107.0,100.0,88.0,82.0,72.0,67.0,58.0,51.0,40.0,38.0,33.0,29.0,25.0,21.0,19.0,19.0,17.0,12.0,10.0,9.0,7.0,7.0,7.0,6.0,6.0,6.0,4.0,4.0,3.0,2.0,2.0,2.0,1.0,1.0,1.0,1.0,1.0]},"step_range_q":{"0":[10.6004219055,13.8214616776,16.9466876984,17.0409164429,16.3662567139,16.9768810272,17.419052124,17.3862609863,17.1593418121,17.391784668,17.5873413086,17.6373767853,17.536031723,17.6886787415,18.1800441742,17.7556114197,16.9515476227,16.9335365295,16.0634250641,16.5619869232,16.189874649,15.8330545425,14.7652330399,15.5229768753,14.4343090057,13.208729744,13.3937864304,13.3599843979,12.7417888641,13.2653160095,12.2048034668,12.1311178207,11.6411447525,11.6648712158,11.8239994049,11.0943336487,11.5665416718,11.7299613953,11.5415973663,11.5149126053,11.6645812988,11.883846283,11.156835556,9.6761159897,9.6877574921,9.4297962189,9.3355379105,7.5226354599,7.8785905838,8.6065578461,8.8442697525,7.9070472717,8.3765935898,7.0938854218,6.3680405617,6.1779766083,6.0920834541,5.5639228821,5.8595714569,5.8242874146,4.7363700867,4.8724212646,4.8310632706,5.6037282944,5.3617582321,5.1265254021,4.8994727135,4.152443409,4.4422693253,3.6111605167,2.9750669003,2.8233447075,2.378349781,2.7624771595,2.5974891186,2.6503353119,2.4104623795,2.8105049133,2.4848265648,2.0892782211,1.8904211521,1.936596632,1.8169840574,2.0917849541,1.8350493908,1.9721194506,1.8459743261,1.9312663078,1.7724992037,1.8496586084,0.4440188408,0.5292975903,0.4797101021,0.2531883717,0.2623035908,0.2538650036,0.2450511456,0.2421224117]},"mean_loss:":{"0":4.1059346199},"rmse":{"0":2.0263106823},"step_rmse":{"0":[2.5679857731,2.4558722973,2.3685321808,2.284277916,2.2819383144,2.2305910587,2.2048928738,2.2171134949,2.2112605572,2.2542521954,2.2514708042,2.2646455765,2.2708230019,2.2500915527,2.2524960041,2.2031719685,2.1661472321,2.1296079159,2.0533733368,2.035826683,2.0111169815,1.969671011,1.9111316204,1.8269467354,1.7976374626,1.7832900286,1.7438204288,1.7167932987,1.6651130915,1.6719555855,1.6371768713,1.5812293291,1.5748029947,1.541215539,1.5190918446,1.518550396,1.5030404329,1.4605026245,1.5085434914,1.4942001104,1.478500843,1.4299732447,1.4093343019,1.3832712173,1.4210141897,1.4591052532,1.4346456528,1.4142054319,1.4543226957,1.4748488665,1.4799975157,1.4853519201,1.4632357359,1.5037223101,1.5745232105,1.559153676,1.5510824919,1.6020932198,1.5516238213,1.529315114,1.5047875643,1.5559165478,1.4932173491,1.4670405388,1.4607239962,1.3612824678,1.557890892,1.6148972511,1.695608139,1.637206912,1.7812752724,2.2096590996,2.1061728001,1.5277417898,1.595952034,1.7742269039,1.703627944,1.8088104725,2.0647885799,2.1981744766,1.7096402645,2.0186223984,1.911334157,2.0208001137,2.3713519573,2.5580434799,2.6662530899,3.7027239799,3.6542942524,1.691545248,0.6546109319,0.7348626852,0.6324006915,0.2053852081,0.0060112476,0.037263155,0.3877270222,0.2322280407]},"rmse_by_q":{"0":38.2761878967},"step_rmse_by_q":{"0":[28.5530509949,27.0214977264,25.927740097,25.231754303,25.2775840759,25.1707859039,25.1492385864,25.6587505341,26.138710022,27.4099979401,28.3374996185,29.4940776825,30.999797821,32.329284668,34.0555648804,35.4661407471,37.2752799988,39.5674438477,41.3337249756,44.5584831238,48.2118988037,52.1091995239,56.0621871948,59.080078125,64.0326766968,69.9583511353,73.6630706787,77.0483169556,79.4795303345,84.4459838867,86.3822631836,87.0340042114,89.932182312,91.1680603027,92.252281189,94.8520355225,96.4305725098,95.4736480713,102.4227523804,102.5926971436,102.3512878418,100.4080810547,100.3024139404,101.9695892334,106.5146331787,106.4430847168,105.8233642578,109.1294631958,111.1285247803,110.0791091919,110.1678237915,112.074432373,111.6837005615,117.0356140137,121.6442565918,118.8524856567,120.557144165,128.2100524902,126.4784927368,122.3901748657,121.0985794067,126.6182403564,123.1565475464,122.9063186646,122.6994476318,112.8940963745,126.1998291016,138.0095214844,140.2043609619,150.6748962402,170.7006988525,196.1382598877,216.1592712402,152.9359283447,155.7988586426,162.708190918,164.3761444092,172.2313690186,177.5940093994,216.2474212646,186.6324462891,266.5565795898,262.9787597656,265.6522216797,313.6790466309,340.0562133789,366.3253173828,533.1411132812,558.2838745117,198.1951904297,188.4926147461,188.7367095947,171.948425293,81.1195220947,2.291713953,14.6783351898,158.2229003906,95.913482666]},"mean_error":{"0":1.4670603275},