{"max_q":{"0":23.9833374023},"min_q":{"0":-0.6102215052},"mean_q":{"0":5.6328997612},"range_q":{"0":24.5935592651},"step_max_q":{"0":[21.0819816589,21.8765411377,21.857383728,21.6284160614,21.9894523621,22.5285568237,22.1722602844,21.5334815979,22.2204780579,22.2565765381,23.9833374023,22.6210327148,21.8904094696,23.0504188538,23.2068901062,20.2987232208,19.2390441895,20.5034790039,18.8972244263,18.6810417175,18.0434074402,18.3916072845,17.6601371765,17.1923770905,16.9875984192,16.6914615631,16.1263599396,14.9860267639,15.020608902,14.7087860107,14.5968933105,13.2233695984,12.251247406,11.783624649,11.5002670288,11.4627399445,10.941526413,10.4143695831,10.6459531784,11.0228748322,10.4415740967,10.2176952362,9.6605157852,9.4905128479,9.2154188156,9.6193571091,9.2587270737,8.9875202179,9.0097379684,8.8327407837,8.3767385483,8.1386957169,7.8797645569,7.8155632019,7.5555200577,7.5492372513,7.08938694,6.9590859413,6.9958534241,6.5825772285,6.5311536789,6.5906906128,6.217294693,6.0842356682,6.2487621307,6.0651063919,6.1016283035,6.0884971619,5.6743750572,5.7301111221,5.6232004166,5.6835889816,6.186829567,6.2533769608,6.1814336777,6.1784057617,6.405547142,6.1719174385,5.9952864647,6.4024887085,6.477517128,5.9768667221,6.233133316,6.423658371,6.1844773293,5.9191465378,5.8868408203,6.2992281914,6.1149525642,5.1485528946,5.5064659119,5.657063961,5.3955321312,4.9434156418,4.7406020164,4.8844823837,4.6944308281,4.6220035553,4.6414008141,4.5229883194,4.4891767502,4.4079790115,4.270778656,4.1535024643,4.3689193726,4.1078214645,3.9865198135,4.1715192795,3.9633915424,2.9792337418,3.5675969124,3.8456678391,3.9534230232,3.8125519753,3.3253469467,3.3575224876,3.4089078903,3.4366252422,3.2835497856,2.846619606,3.6126384735,2.8778514862,2.8496279716,2.7345228195,1.5987924337,1.6871871948,1.9072387218,1.8548644781,1.9051200151,1.70546031,1.7522740364,1.7378790379,1.4662635326,1.4555896521,1.4880299568,1.2104465961,1.2092654705,1.1161990166,0.9731439352,0.9642742872,0.9142102003,0.9125011563]},"step_min_q":{"0":[5.7124586105,5.7625255585,5.9252495766,5.89706707,5.9406909943,5.7175993919,5.3846030235,5.1523704529,4.9900794029,5.1346273422,4.5584020615,4.2852735519,4.2954702377,4.0504932404,3.6777346134,3.5259320736,3.3123314381,2.9529752731,2.7200055122,2.4237272739,2.2299935818,2.0930752754,1.6163209677,1.4283730984,1.0210132599,0.9797064066,0.4716464281,0.4654789567,0.373113513,0.1548287868,0.2216659188,0.1417062283,-0.0208914876,0.0,0.0,-0.1188801527,-0.2185472846,-0.2502374053,-0.3022684455,-0.3568932414,-0.384503603,-0.3993666172,-0.4722647667,-0.3728342056,-0.413810432,-0.470661521,-0.4422857761,-0.4059042931,-0.3892351389,-0.3450033665,-0.3071348667,-0.364636302,-0.447465837,-0.3898639679,-0.3227051497,-0.3905160427,-0.3259445429,-0.4999173284,-0.4991037846,-0.5751909018,-0.503199935,-0.3660064936,-0.3939729333,-0.3096993566,-0.4873219728,-0.5050594211,-0.5637831688,-0.6102215052,-0.3689436913,-0.4514439702,-0.4121229649,-0.3651716113,-0.2376981378,-0.2590947151,-0.2969750166,-0.3204315901,-0.2069263458,-0.2802029848,-0.2744755149,-0.2205776572,-0.3614275455,-0.2156764865,-0.207274735,-0.1485968828,-0.1704204082,-0.1652101874,-0.1954814792,-0.2112601399,-0.1640138626,-0.1844075322,-0.2036079764,-0.1797649264,-0.2928717732,-0.1851614714,-0.0724175572,-0.150221467,-0.0811809897,-0.4371786714,-0.2236716151,-0.1765856147,-0.1394886971,-0.1161726713,-0.0913847685,-0.1608191133,-0.0950890779,0.0,0.0,-0.0181859732,-0.1113904417,-0.1491243243,-0.0919264555,-0.094966948,-0.1278727651,-0.0337397456,-0.1169495583,-0.1458335519,-0.1612831354,-0.1752030849,-0.0950457156,-0.0847181678,0.0,-0.068627581,0.0,-0.0535364151,0.0,0.0,-0.0267441273,0.0,-0.0765965581,-0.1072403789,-0.1214848757,-0.009937048,-0.0010344684,0.0,0.0,-0.0926929712,0.0,-0.0157234371,0.0,0.0,0.0,0.0]},"step_mean_q":{"0":[10.3550157547,10.4131984711,10.4156961441,10.469285965,10.5278253555,10.5072288513,10.4853649139,10.4637784958,10.3919334412,10.3086338043,10.1902456284,10.0240516663,9.8424301147,9.6378068924,9.4003620148,9.1776733398,8.9403095245,8.6884765625,8.4239807129,8.1575040817,7.8947715759,7.6030864716,7.3345193863,7.0629491806,6.7854743004,6.5158319473,6.250893116,5.9914655685,5.743803978,5.4823694229,5.2453246117,5.021967411,4.7938156128,4.5632252693,4.3506155014,4.1483902931,3.9378676414,3.7529575825,3.5730652809,3.3872599602,3.2144687176,3.053804636,2.9003224373,2.7613947392,2.6369650364,2.5243604183,2.4209988117,2.3175446987,2.2234680653,2.1487579346,2.0725541115,2.0180568695,1.9510751963,1.9137945175,1.8801665306,1.8371648788,1.8032705784,1.7759104967,1.7599742413,1.7469789982,1.7372448444,1.7191423178,1.6881219149,1.670915246,1.6482950449,1.621545434,1.6039707661,1.6046708822,1.6169823408,1.6060904264,1.5854150057,1.6040518284,1.601121664,1.603217721,1.589558363,1.5667403936,1.5362007618,1.5305169821,1.5013619661,1.4932701588,1.4940539598,1.472296834,1.4490061998,1.43357265,1.4413150549,1.4506626129,1.4578410387,1.4784351587,1.4694097042,1.4209342003,1.430672884,1.4483243227,1.4476093054,1.4082672596,1.4220269918,1.3811603785,1.4025266171,1.3593959808,1.2847523689,1.2611991167,1.3279844522,1.2793755531,1.1911406517,1.1713905334,1.1942331791,1.1321289539,1.1167105436,1.084695816,1.0341491699,1.0151971579,1.0822814703,1.1125416756,1.0846582651,1.1193671227,0.9999206662,0.9817203283,0.9671103954,0.9418150187,0.9021907449,0.7714368701,0.8185306787,0.6754089594,0.6656646729,0.6004478335,0.5020148158,0.5647117496,0.6089488268,0.6007814407,0.5447239876,0.5987381339,0.5588652492,0.5355297327,0.4838938117,0.5660656691,0.5530215502,0.4262419641,0.6216940284,0.5502377748,0.4905512929,0.9642742872,0.9142102003,0.9125011563]},"episodes_still_running":{"0":[4096.0,4096.0,4096.0,4096.0,4096.0,4096.0,4096.0,4096.0,4096.0,4096.0,4096.0,4096.0,4096.0,4096.0,4096.0,4096.0,4096.0,4096.0,4096.0,4096.0,4096.0,4096.0,4096.0,4096.0,4096.0,4096.0,4096.0,4096.0,4096.0,4096.0,4096.0,4096.0,4096.0,4095.0,4095.0,4093.0,4092.0,4084.0,4079.0,4076.0,4062.0,4045.0,4023.0,3987.0,3930.0,3882.0,3827.0,3742.0,3658.0,3561.0,3444.0,3303.0,3162.0,3010.0,2860.0,2708.0,2550.0,2407.0,2278.0,2112.0,1976.0,1848.0,1746.0,1603.0,1484.0,1375.0,1264.0,1180.0,1085.0,990.0,918.0,846.0,774.0,718.0,669.0,616.0,577.0,526.0,501.0,463.0,431.0,403.0,379.0,343.0,318.0,296.0,276.0,252.0,238.0,222.0,210.0,195.0,188.0,178.0,170.0,159.0,150.0,142.0,130.0,121.0,110.0,100.0,90.0,85.0,76.0,69.0,66.0,61.0,57.0,53.0,50.0,47.0,46.0,44.0,43.0,43.0,41.0,38.0,36.0,31.0,29.0,29.0,28.0,27.0,23.0,19.0,17.0,13.0,13.0,12.0,9.0,8.0,7.0,4.0,4.0,3.0,2.0,2.0,2.0,1.0,1.0,1.0]},