{"max_q":{"0":22.5527992249},"min_q":{"0":-0.7001987696},"mean_q":{"0":5.90711689},"range_q":{"0":23.2529983521},"step_max_q":{"0":[21.5798358917,21.6809921265,22.1204795837,21.6419143677,22.0220069885,21.8218269348,21.7088813782,21.7496757507,22.5527992249,22.3748474121,22.3993053436,21.198299408,20.5075111389,20.9008789062,19.8533687592,19.9479370117,20.9442138672,19.6684322357,19.5169448853,18.7425270081,18.3887481689,18.1276359558,17.2998771667,17.2609519958,18.1323928833,17.3156051636,16.8701076508,16.9669761658,16.2624969482,15.6366577148,16.0795021057,15.8184814453,15.2957725525,15.6185703278,15.3462181091,15.5008869171,14.1128463745,14.3554039001,13.5160064697,13.2939395905,12.8592939377,13.215596199,12.5303001404,12.6307525635,12.2935733795,12.0553417206,11.9822044373,11.1460227966,11.4365692139,10.8193817139,10.558221817,9.9324932098,9.9002132416,8.9936504364,9.3294658661,8.5408658981,8.3302745819,8.3813838959,8.8653087616,10.1818294525,9.5653209686,8.6112518311,8.9975795746,8.7203483582,8.289896965,7.8338031769,7.4690766335,7.8965673447,7.34389925,6.9094076157,7.3348417282,6.9663348198,7.0037713051,6.6134757996,6.9835281372,6.4032821655,6.8353390694,6.4901533127,6.2785015106,6.1302862167,6.0122313499,6.1499757767,6.0801830292,6.1610498428,5.990316391,5.8984355927,6.2043495178,5.7717638016,5.5986385345,5.7032585144,5.6593999863,5.9119873047,5.8428959846,5.8138313293,6.0021800995,5.7651233673,5.8739805222,5.8626708984,6.0716695786,5.6806745529,5.9760217667,5.5978460312,5.7824645042,5.7070569992,5.6184201241,5.4334907532,5.4183044434,4.9946074486,5.2318115234,4.779999733,4.9884328842,4.6323866844,4.6082801819,4.5529270172,4.4690637589,4.4303188324,4.5454554558,4.4393186569,4.4703235626,4.3752713203,4.4125394821,4.3511090279,4.2964849472,4.3434576988,4.2447009087,4.2768583298,4.3102178574,4.2573337555,4.2068767548,4.2626752853,4.5019922256,4.4810752869,4.3879313469,4.0468597412,4.2580490112,4.3895320892,4.1626024246,4.1448707581,4.4030895233,4.0879268646,3.9692947865,3.8610882759,3.5298666954,3.457098484,3.4992117882,3.5170385838]},"step_min_q":{"0":[6.340865612,6.1740274429,5.7247476578,5.5779185295,5.1401834488,5.4731621742,4.6766262054,4.5405359268,4.2666854858,4.2650094032,3.7983846664,3.6679794788,3.7381248474,3.4895181656,3.4045534134,2.8578636646,0.0,0.0,0.0,0.0,0.0,0.0,0.0,0.0,0.0,0.0,0.0,0.0,0.0,0.0,0.0,0.0,-0.0001956224,-0.1912982464,-0.2919948101,-0.0251902342,-0.2832539082,-0.19221735,-0.3493857384,-0.3374530077,-0.2429841757,-0.2646546364,-0.2656764984,-0.3425319195,-0.2526601553,-0.2181391716,-0.3552424908,-0.5433351994,-0.5031176805,-0.6068288088,-0.3646584749,-0.287178278,-0.4036642313,-0.3809455633,-0.4906220436,-0.3621480465,-0.3298951387,-0.3414491415,-0.3660763502,-0.4823980331,-0.3413538933,-0.3537977934,-0.3555855751,-0.4080548286,-0.3621723652,-0.4334762096,-0.2788937092,-0.3014030457,-0.3203729391,-0.3461019993,-0.2129739523,-0.3427088261,-0.2368251085,-0.3776637316,-0.4010013342,-0.7001987696,-0.6294127703,-0.1986830235,-0.2032551765,-0.2458950281,-0.3113987446,-0.2468593121,-0.2970893681,-0.4020855427,-0.3760085702,-0.3576679826,-0.405226171,-0.163462162,-0.1963298321,-0.2032316923,-0.2020281553,-0.2700642347,-0.2770423889,-0.2594681978,-0.4089471102,-0.2749066353,-0.1865023971,-0.2997375727,-0.1754426956,-0.4374399185,-0.2430686951,-0.3494589329,-0.20221138,-0.2151329517,-0.2089048624,-0.0730220079,-0.0874488354,-0.2281461954,-0.2006707191,-0.117788136,-0.4296697378,-0.2215821743,-0.1373946667,-0.0841981173,-0.0712767839,-0.1526845694,-0.2579858303,-0.1213252544,-0.19678092,-0.2562456131,-0.3178147078,0.0,-0.1030688286,0.0,-0.0646569729,0.0,-0.0021057129,0.0,0.0,0.0,-0.026923418,0.0,0.0,-0.1794377565,-0.201534152,-0.1387350559,-0.1406954527,-0.1427125931,-0.1164675951,-0.0937077999,0.0,-0.0606821775,-0.0267765522,-0.1020076275,-0.0978960991,0.0]},"step_mean_q":{"0":[10.8355445862,10.915968895,10.8954410553,10.9523191452,11.0372972488,11.0394392014,10.9863386154,10.9542417526,10.8811035156,10.7999038696,10.6587219238,10.4858646393,10.3012104034,10.1152591705,9.8914880753,9.6628036499,9.4532461166,9.2107391357,8.962223053,8.7320175171,8.4798908234,8.2165136337,7.9656820297,7.7075285912,7.4431762695,7.1755185127,6.914454937,6.6630392075,6.409178257,6.1576075554,5.9074921608,5.6744961739,5.4434123039,5.2091832161,4.9912524223,4.7852773666,4.5657896996,4.3545856476,4.166159153,3.9756245613,3.7914922237,3.6235902309,3.4662191868,3.3111329079,3.1601595879,3.0241930485,2.8943588734,2.7861969471,2.6843175888,2.5837442875,2.5087592602,2.4249007702,2.366808176,2.3104581833,2.2692501545,2.2315657139,2.2028954029,2.1681087017,2.1334297657,2.1179950237,2.1007802486,2.0824627876,2.0683586597,2.0640132427,2.0689370632,2.0920000076,2.0863037109,2.0780653954,2.0900580883,2.0603327751,2.0441329479,2.038383007,2.0143620968,1.9982352257,1.99198699,1.9934642315,2.0162923336,2.0230667591,2.0092954636,2.0059807301,1.9917945862,2.0012791157,2.0243422985,2.033406496,2.0108547211,2.0159215927,2.0424382687,2.0348374844,2.0331459045,1.9884005785,1.9514380693,1.9707478285,1.9533605576,1.8970003128,1.8768868446,1.8746031523,1.8456863165,1.8605445623,1.8085654974,1.8017691374,1.7932897806,1.7801451683,1.7720996141,1.7139290571,1.6930909157,1.7061870098,1.6429991722,1.6134489775,1.5799356699,1.6189341545,1.7291480303,1.8243727684,1.744833827,1.795137763,1.8098047972,1.7642160654,1.7292228937,1.7260804176,1.8266084194,1.6757349968,1.6560726166,1.6289377213,1.8393085003,1.6244407892,1.6153962612,1.8293348551,1.7744647264,1.866612196,1.8275153637,1.5819154978,1.4785283804,1.5083435774,1.5563458204,1.6092119217,1.7164181471,1.4289402962,1.3294084072,1.2705901861,1.3825626373,1.2745623589,1.1971333027,1.1601490974,1.0994192362,1.3452414274,1.3728009462,3.5170385838]},"episodes_still_running":{"0":[4096.0,4096.0,4096.0,4096.0,4096.0,4096.0,4096.0,4096.0,4096.0,4096.0,4096.0,4096.0,4096.0,4096.0,4096.0,4096.0,4095.0,4095.0,4095.0,4095.0,4095.0,4094.0,4094.0,4094.0,4094.0,4094.0,4094.0,4094.0,4094.0,4094.0,4094.0,4093.0,4093.0,4093.0,4092.0,4090.0,4090.0,4088.0,4087.0,4084.0,4077.0,4059.0,4044.0,4029.0,4006.0,3980.0,3945.0,3896.0,3833.0,3774.0,3693.0,3608.0,3507.0,3405.0,3287.0,3149.0,3015.0,2872.0,2754.0,2616.0,2488.0,2371.0,2240.0,2101.0,1976.0,1837.0,1729.0,1614.0,1513.0,1430.0,1343.0,1266.0,1199.0,1134.0,1068.0,995.0,931.0,872.0,816.0,760.0,705.0,658.0,611.0,579.0,546.0,513.0,483.0,456.0,420.0,385.0,354.0,328.0,315.0,296.0,278.0,259.0,240.0,222.0,207.0,188.0,177.0,171.0,163.0,152.0,140.0,125.0,114.0,105.0,95.0,85.0,76.0,66.0,63.0,54.0,48.0,43.0,38.0,35.0,31.0,27.0,26.0,23.0,19.0,15.0,15.0,13.0,13.0,11.0,11.0,10.0,10.0,10.0,9.0,8.0,7.0,6.0,6.0,6.0,6.0,5.0,5.0,5.0,4.0,3.0,3.0,1.0]},