{"max_q":{"0":26.5775718689},"min_q":{"0":-2.8500316143},"mean_q":{"0":8.5794086456},"range_q":{"0":29.4276027679},"step_max_q":{"0":[25.1155891418,26.5775718689,26.2998123169,26.3111076355,26.1109657288,25.8789024353,25.8830795288,25.5029125214,25.6205368042,25.5397567749,25.4169979095,25.1217498779,24.8115520477,24.5630836487,24.0157394409,23.278213501,23.5460720062,23.07172966,22.8016090393,22.7824630737,21.1068820953,20.9975318909,20.6614837646,20.0474014282,19.8549499512,19.6506919861,19.2946872711,18.7690143585,18.6212806702,17.9551696777,16.7411766052,17.5766563416,16.5265960693,16.1354351044,15.4589805603,15.2320537567,14.359462738,13.7104530334,13.5009641647,13.2215070724,12.9777565002,12.778213501,12.0071487427,11.8833065033,11.5744199753,12.9988069534,11.0021972656,11.0724782944,11.2954454422,10.4097766876,10.3870620728,10.4096412659,10.1634216309,9.5006771088,9.2750940323,9.3859672546,8.6775188446,8.6838579178,8.5307769775,8.4609918594,8.4694948196,8.2449865341,8.4318590164,9.3007669449,9.1829395294,9.0368499756,8.7468957901,8.7583703995,8.3444595337,8.2845211029,8.3249645233,7.61627388,7.5410137177,7.3459119797,7.1925497055,6.9226522446,6.9672198296,6.7190446854,6.5687484741,6.5662412643,6.8158302307,6.3489189148,6.416097641,6.1438503265,6.3406562805,5.9500608444,5.8791518211,5.836265564,5.7173161507,5.7097377777,5.3828735352,5.1655464172,5.3492069244,5.1997013092,5.5288028717,5.4008560181,5.4768176079,6.2871704102,6.1785440445,6.1536741257,6.1546492577,5.9444870949,6.0185923576,6.0551919937,5.8669013977,5.9336395264,5.9816465378,5.7936854362,5.8603210449,5.9126625061,5.72590065,5.2220487595,5.1954030991,5.1607446671,5.1797699928,5.0276346207,5.0087213516,5.0123057365,4.8877811432,4.9123449326,4.8594870567,4.9888401031,3.9920196533,4.0454292297,3.9456591606,3.4051578045,2.8323049545,2.8912270069,3.0409164429,2.4912281036,2.551009655,2.6934404373,2.1650285721,2.2448830605,0.8809224367,1.1672464609,0.8346477747,0.8052253127,0.8694381714,0.9111660123,0.7138271928,0.5961536169,0.5550588369,0.6112324595,0.3138114214,0.2243056297,0.257393539,0.4639515877]},"step_min_q":{"0":[9.6256227493,9.9596815109,9.2282161713,9.0784606934,9.361987114,9.4714412689,8.4723644257,7.6838760376,6.989882946,6.4337601662,5.860063076,5.7506732941,5.101726532,4.697347641,4.9588422775,4.727355957,4.5527124405,4.0090007782,3.7400574684,3.4690032005,2.3221452236,1.7081825733,1.6195429564,1.4201043844,1.3812519312,1.0297878981,1.1471841335,1.117176652,0.8317975998,0.5998948812,0.0,0.0,0.0,-0.5701580048,-1.6827557087,-1.8786361217,-1.8793520927,-2.8500316143,-1.2830739021,-0.9867715836,-0.7748837471,-0.5376784801,-0.7151418924,-0.8246352673,-0.4105519056,-0.5127266645,-0.4380557537,-0.5980372429,-0.696048975,-1.1862981319,-0.8002200127,-0.6330378056,-0.6590129733,-0.7507070303,-0.7784970999,-0.6405515671,-0.7693867683,-0.5053317547,-0.7083435059,-0.6009539366,-0.4944494963,-0.7802540064,-0.7598769665,-0.8551169634,-0.7146632671,-0.7152643204,-0.6037626266,-0.6235115528,-0.4313006401,-0.4748038054,-0.5420389771,-0.7187130451,-0.4563031197,-0.2864637375,-0.3009495735,-0.3368866444,-0.4455301762,-0.2741651535,-0.2958912849,-0.4981665611,-0.2614845634,-0.2807283401,-0.1536601782,-0.1952702999,-0.1590966582,-0.3914692402,-0.374434948,-0.2737782001,-0.3094751835,-0.281729579,-0.2186293602,-0.2160156965,-0.3746780157,-0.3687976599,-0.4400863647,-0.368091166,-0.4405297041,-0.5033432245,-0.3459359705,-0.4827297032,-0.3509806991,-0.4716222882,-0.3804922104,-0.2071684599,-0.3688774109,-0.4265115261,-0.4430913925,-0.4628341198,-0.5711534619,-0.5920442343,-0.2096273601,-0.3116140366,-0.0530449152,-0.2055050731,-0.0698413253,-0.1369105577,-0.3262850046,-0.4272823334,-0.4549813867,-0.5047957301,-0.0244204998,0.0,0.0,-0.2521942854,-0.0107195973,0.0,0.0,0.0,-0.0274983644,0.0,-0.2464413643,0.0,0.0,0.0,0.0,-0.0718697309,0.0,0.0,0.0,0.0,0.0,0.0,0.0,0.0,0.0,0.0,0.0,0.0]},"step_mean_q":{"0":[14.4875106812,14.6304597855,14.4881629944,14.5609312057,14.602596283,14.5230932236,14.421459198,14.3545560837,14.2109088898,14.0519828796,13.8440704346,13.6114406586,13.4009418488,13.1427373886,12.8586359024,12.6113595963,12.3568258286,12.0339002609,11.744969368,11.4695777893,11.1747627258,10.852766037,10.5591812134,10.2635297775,9.9819612503,9.6874132156,9.4101438522,9.1464176178,8.8984069824,8.6273965836,8.3844203949,8.1524810791,7.9166045189,7.6725649834,7.4531526566,7.2300858498,6.9969496727,6.7775549889,6.5685505867,6.370578289,6.1757917404,5.9924249649,5.812666893,5.6467776299,5.4919495583,5.3312554359,5.186255455,5.0583648682,4.9118514061,4.771001339,4.6503705978,4.5351223946,4.4183130264,4.3083152771,4.2136592865,4.118473053,4.0237445831,3.9418008327,3.8671336174,3.7785179615,3.7217726707,3.6504044533,3.5864412785,3.5241270065,3.4613142014,3.397567749,3.3650267124,3.2960133553,3.2360081673,3.1876616478,3.1043522358,3.049554348,3.0065543652,2.9860343933,2.9340250492,2.9355533123,2.8945021629,2.8516569138,2.7990653515,2.7671122551,2.7129769325,2.6927204132,2.6573541164,2.6173272133,2.6749091148,2.6210925579,2.6764142513,2.7282598019,2.6408603191,2.625800848,2.5554571152,2.5416913033,2.5358383656,2.4817378521,2.5073821545,2.4169824123,2.2794475555,2.2780160904,2.2253270149,2.1468362808,2.2302417755,2.2371413708,2.1638746262,2.2009096146,2.1484727859,2.1309719086,2.021075964,2.1092693806,1.9750413895,1.9865889549,1.8350625038,1.608289957,1.688973546,1.6239813566,1.6690522432,1.6836516857,1.7389261723,1.7466293573,1.8788716793,1.8880251646,2.1330621243,2.0708963871,1.7494666576,1.686409235,1.6669018269,1.2912710905,1.2436009645,1.1045485735,1.0564470291,0.9655123353,0.852648735,0.82573241,0.9232196808,0.820505321,0.402071476,0.4328685105,0.8346477747,0.8052253127,0.8694381714,0.9111660123,0.7138271928,0.5961536169,0.5550588369,0.6112324595,0.3138114214,0.2243056297,0.257393539,0.4639515877]},"episodes_still_running":{"0":[4096.0,4096.0,4096.0,4096.0,4096.0,4096.0,4096.0,4096.0,4096.0,4096.0,4096.0,4096.0,4096.0,4096.0,4096.0,4096.0,4096.0,4096.0,4096.0,4096.0,4096.0,4096.0,4096.0,4096.0,4096.0,4096.0,4096.0,4096.0,4096.0,4096.0,4095.0,4094.0,4093.0,4092.0,4091.0,4089.0,4084.0,4084.0,4079.0,4076.0,4070.0,4057.0,4047.0,4030.0,4004.0,3979.0,3936.0,3898.0,3841.0,3782.0,3715.0,3617.0,3522.0,3421.0,3318.0,3196.0,3057.0,2886.0,2718.0,2565.0,2405.0,2255.0,2076.0,1921.0,1762.0,1619.0,1482.0,1331.0,1212.0,1100.0,997.0,895.0,820.0,723.0,657.0,577.0,529.0,478.0,419.0,374.0,332.0,295.0,268.0,251.0,224.0,203.0,177.0,163.0,147.0,138.0,124.0,111.0,106.0,98.0,89.0,84.0,76.0,72.0,68.0,63.0,57.0,51.0,47.0,44.0,41.0,40.0,37.0,35.0,34.0,33.0,29.0,28.0,25.0,25.0,23.0,22.0,20.0,19.0,17.0,15.0,12.0,11.0,10.0,10.0,10.0,6.0,6.0,6.0,6.0,6.0,6.0,6.0,5.0,5.0,3.0,3.0,1.0,1.0,1.0,1.0,1.0,1.0,1.0,1.0,1.0,1.0,1.0,1.0]},