{"max_q":{"0":20.9905471802},"min_q":{"0":-0.9971434474},"mean_q":{"0":4.5067019463},"range_q":{"0":21.9876899719},"step_max_q":{"0":[16.8090591431,17.6610603333,19.4863815308,19.2458400726,19.2474212646,18.215461731,17.7251434326,18.1208114624,17.8017234802,20.9905471802,19.3073120117,19.2393779755,19.0132961273,17.8251781464,17.8113307953,19.0028438568,18.8475265503,18.8833770752,18.1482143402,17.2324638367,17.2302722931,17.626739502,19.0620670319,17.1928405762,18.2346229553,18.6193752289,19.2522621155,15.4691390991,15.2492637634,15.408572197,15.5458669662,17.4774208069,13.5939483643,13.8500680923,13.0238246918,12.1498222351,13.2250843048,13.0692338943,12.2689418793,13.6534137726,12.2243452072,11.2463207245,12.0433254242,11.8315467834,12.9691753387,11.6350822449,11.4922637939,12.5785694122,12.7321977615,10.9948415756,13.5801286697,14.3655376434,10.1903991699,10.9191017151,10.337553978,10.9197568893,10.6998491287,10.9865732193,11.1769104004,10.6820201874,10.7278242111,10.0562524796,9.6852054596,8.6291093826,8.7840023041,6.5207486153,6.5923252106,7.0383038521,5.8377585411,5.361969471,5.4023199081,4.940662384,4.603000164,3.2462968826,3.108487606,3.0329620838,2.9793710709,2.9868416786,3.2757995129,3.1666972637,3.4070987701,3.1696426868,3.4598844051,3.4631426334,2.3901889324,2.5845730305,2.8663525581,2.6052238941,2.6455614567,2.9998483658,2.9681284428,2.6748027802,2.8262987137,2.7953164577,2.2365195751,2.5492935181,2.9061851501,2.7400782108]},"step_min_q":{"0":[1.4105877876,0.0,0.0,0.0,0.0,0.0,0.0,0.0,-0.0181827098,-0.1694093347,-0.0128106624,-0.1847578585,-0.1344137192,-0.3388557136,-0.3082845509,-0.2938262224,-0.4151916504,-0.496843338,-0.4055107832,-0.3495693207,-0.461995542,-0.7128813863,-0.8842951059,-0.9971434474,-0.9315596223,-0.6501953602,-0.5745107532,-0.4863732159,-0.4076700807,-0.8305222392,-0.8672748208,-0.819507122,-0.9238663912,-0.4843760431,-0.4420232475,-0.5190918446,-0.5550407171,-0.7382261157,-0.5399002433,-0.5349673033,-0.464935869,-0.4626169801,-0.3801258504,-0.5660204887,-0.4179577231,-0.3751694262,-0.3915066719,-0.3844755292,-0.4685263932,-0.558223784,-0.632802248,-0.6981572509,-0.4750726819,-0.6029771566,-0.4723822176,-0.4367762804,-0.2921578288,-0.3955227733,-0.4021774828,-0.3764105439,-0.3878965974,-0.3589498699,-0.3679167628,-0.379817605,-0.3846620321,-0.3507362604,-0.4188590646,-0.4207884371,-0.4150586128,-0.5392042398,-0.8072773218,-0.7379552126,-0.7435030937,-0.0577895641,-0.1484422684,-0.1518468112,-0.280690968,-0.0593874305,0.0,-0.0139548182,-0.0553082824,-0.2062416971,-0.0607753806,-0.0560393929,0.0,-0.1942158341,-0.2265243828,-0.304335773,0.0,0.0,0.0,0.0,0.0,0.0,0.0,0.0,0.0,0.0]},"step_mean_q":{"0":[8.489200592,8.5501451492,8.4513807297,8.3163051605,8.1681203842,7.9636659622,7.7177562714,7.4015936852,7.1498646736,6.834004879,6.5366930962,6.2242894173,5.8669729233,5.5067510605,5.1042222977,4.6747159958,4.2882504463,3.8937075138,3.5501573086,3.2227673531,2.9306571484,2.6858582497,2.4556429386,2.2968292236,2.1424605846,2.0031533241,1.8598979712,1.7608984709,1.6580505371,1.5777579546,1.4848536253,1.4228352308,1.3782750368,1.3629003763,1.3454790115,1.3001979589,1.292932272,1.2886105776,1.2549797297,1.2533247471,1.2553792,1.2364711761,1.2724155188,1.3181593418,1.3141926527,1.3390796185,1.245762825,1.2470767498,1.2530092001,1.2732977867,1.2965557575,1.3358565569,1.3897663355,1.3573695421,1.3569959402,1.4719990492,1.592079401,1.6800842285,1.7228894234,1.7427853346,1.7155382633,1.8142807484,1.8378328085,1.7962138653,1.8385154009,1.750117898,1.7851225138,1.8179545403,1.7930459976,1.6711940765,1.4988029003,1.5832223892,1.566434741,1.5074872971,1.5865381956,1.4689949751,1.5538350344,1.4770469666,1.476521492,1.5478836298,1.4502478838,1.6016529799,1.6498682499,1.6831668615,1.5588605404,1.4189722538,1.5133855343,1.4937919378,2.223767519,2.3404943943,2.3399569988,2.57554245,2.672712326,2.7003626823,2.2365195751,2.5492935181,2.9061851501,2.7400782108]},"episodes_still_running":{"0":[4096.0,4095.0,4090.0,4084.0,4080.0,4073.0,4065.0,4058.0,4047.0,4036.0,4021.0,4006.0,3989.0,3959.0,3921.0,3872.0,3806.0,3730.0,3641.0,3570.0,3492.0,3405.0,3308.0,3197.0,3094.0,2981.0,2855.0,2741.0,2624.0,2493.0,2344.0,2199.0,2050.0,1887.0,1743.0,1608.0,1483.0,1348.0,1229.0,1103.0,998.0,908.0,815.0,744.0,678.0,617.0,554.0,515.0,460.0,411.0,363.0,303.0,270.0,240.0,216.0,191.0,170.0,152.0,138.0,117.0,103.0,91.0,81.0,74.0,63.0,55.0,50.0,43.0,41.0,35.0,30.0,29.0,27.0,24.0,23.0,21.0,18.0,18.0,17.0,15.0,15.0,15.0,13.0,11.0,10.0,8.0,7.0,7.0,3.0,3.0,3.0,2.0,2.0,2.0,1.0,1.0,1.0,1.0]},"step_range_q":{"0":[15.3984718323,17.6610603333,19.4863815308,19.2458400726,19.2474212646,18.215461731,17.7251434326,18.1208114624,17.8199062347,21.1599559784,19.3201217651,19.4241352081,19.1477088928,18.1640338898,18.1196155548,19.2966709137,19.2627182007,19.3802204132,18.5537242889,17.5820331573,17.6922683716,18.3396205902,19.9463615417,18.1899833679,19.1661834717,19.2695713043,19.8267726898,15.9555120468,15.6569337845,16.2390937805,16.4131412506,18.2969284058,14.5178146362,14.334444046,13.4658479691,12.6689138412,13.7801246643,13.8074598312,12.8088417053,14.1883811951,12.6892814636,11.708937645,12.4234514236,12.397567749,13.3871326447,12.0102519989,11.883769989,12.9630451202,13.2007246017,11.5530653,14.2129306793,15.0636949539,10.6654720306,11.5220785141,10.8099365234,11.3565330505,10.9920072556,11.3820962906,11.5790882111,11.0584306717,11.1157207489,10.4152021408,10.0531225204,9.0089273453,9.1686639786,6.8714847565,7.0111842155,7.4590921402,6.2528171539,5.9011735916,6.2095971107,5.6786174774,5.3465032578,3.3040864468,3.2569298744,3.1848089695,3.2600619793,3.0462291241,3.2757995129,3.1806521416,3.4624071121,3.3758842945,3.5206596851,3.5191819668,2.3901889324,2.778788805,3.0928769112,2.9095597267,2.6455614567,2.9998483658,2.9681284428,2.6748027802,2.8262987137,2.7953164577,2.2365195751,2.5492935181,2.9061851501,2.7400782108]},"mean_loss:":{"0":0.6681514978},"rmse":{"0":0.8174053431},"step_rmse":{"0":[0.5560492873,0.609318614,0.6564787626,0.7109133005,0.793272078,0.84633708,0.8498073816,0.8946724534,0.8812494278,0.8849469423,0.9225068688,0.9472581148,0.8920304179,0.9223245382,0.9245179892,0.9301365614,0.9343184829,0.9327393174,0.9172023535,0.8463570476,0.8327476382,0.7999616861,0.8446284533,0.8126587868,0.8642975688,0.7913961411,0.7540999055,0.8241878152,0.724203825,0.7344180346,0.7321485281,0.737323463,0.6964331269,0.687333405,0.6501070857,0.665571928,0.6644506454,0.6789693832,0.6388497949,0.6747229099,0.6698355675,0.6577051878,0.6931006312,0.7011737823,0.718364954,0.7506430745,0.7772512436,0.734893322,0.7066211104,0.7777357697,0.8585308194,0.8893002868,0.8659207225,0.8668328524,0.9681412578,0.9579136968,0.9642682672,1.0347057581,1.0865026712,1.1260613203,0.9967823029,1.0788646936,0.9655906558,1.0271630287,1.1030600071,1.1711295843,1.1960946321,1.2688345909,1.170114398,1.3204820156,1.2049285173,1.2002438307,1.199821949,1.1284375191,1.097792387,1.100641489,1.2048835754,1.4495379925,1.5371341705,0.8500148654,0.9427233338,1.0471642017,0.9581841826,1.032908082,1.1036149263,1.0325095654,1.2317715883,0.9164363742,0.3822368085,0.3936983347,0.388615936,0.4959931672,0.5438069701,0.5487366319,0.2104055882,0.6551697254,0.8614361286,0.7436649799]},"mean_error":{"0":0.5067374706},