{"max_q":{"0":22.6827354431},"min_q":{"0":-0.9377411604},"mean_q":{"0":3.8318111897},"range_q":{"0":23.620475769},"step_max_q":{"0":[12.6174230576,12.2257270813,13.4327335358,15.2289648056,18.5545196533,19.9772148132,20.3949279785,22.6827354431,21.7070198059,20.3545341492,19.3861351013,19.704990387,18.7587966919,19.1675643921,19.2612819672,16.9165287018,17.1741695404,16.3738803864,16.9428691864,17.5855312347,15.8492450714,16.2074890137,15.1424694061,14.2564716339,14.5804166794,15.0171127319,14.4515323639,13.447309494,13.5541744232,13.1537799835,12.7218694687,12.7964420319,12.6456098557,12.6173934937,12.1185026169,12.6566572189,11.7232255936,11.2371435165,11.5410051346,11.7720375061,10.5111246109,10.2216062546,9.7094459534,10.689031601,10.9931879044,10.3992900848,10.6401796341,10.1497964859,10.6431465149,10.8017148972,10.6500225067,9.4747533798,9.1834964752,9.202832222,10.8890790939,10.9617242813,10.0126113892,10.7783441544,10.384262085,8.3254156113,8.7196149826,9.8902072906,8.755616188,9.0202093124,8.9194688797,9.0166139603,9.3696727753,9.0706605911,9.1476535797,6.7359256744,7.3439288139,7.4793844223,7.3179383278,6.8853302002,7.160299778,7.4248480797,7.099011898,7.8106579781,9.1834011078,9.433473587,9.1075983047,9.0501432419,9.1402702332,9.0169744492,9.2845144272,9.14930439,8.6285562515,9.0162229538,8.6906490326,8.0923271179,8.6551294327,7.7626838684,5.8394246101,6.3479175568,5.9761538506,6.269528389,6.3469161987,6.2929930687,6.066221714,5.5544877052,5.4683394432,6.185087204,6.0713829994,6.1937828064,6.0962195396,5.8604836464,6.5985589027,6.523680687,7.4532437325,6.9704122543,7.2076978683,6.8206048012,6.9237170219,5.6890258789,5.6078157425,5.6356940269,5.538040638,5.5690932274,5.4734325409,5.5079164505,5.4145917892,5.44024086,5.3539676666,5.2919616699,5.3059234619,5.2179136276,5.2560076714,5.147816658,5.1876921654,3.9775719643,4.7276735306,4.3505830765,4.1561069489,4.1176657677,4.3576874733,4.5444135666,4.6537528038,4.3147878647,2.8439724445,2.5712788105,4.005712986,4.1367073059,3.0361530781,3.7048826218,4.1994805336,3.501516819,4.0379328728,3.7530999184,4.5106835365,4.3802099228,4.187122345,4.7764086723,4.1846427917,3.6633520126,3.0684747696,4.0066428185,3.5155129433,4.1210961342,4.4296092987,3.4953520298,4.9192209244,3.3878793716,4.4436302185,4.6619815826,3.3941106796,2.876270771,4.0352063179,4.3544921875,3.7498085499,3.0194597244,3.0847070217,3.3287801743,3.3353600502,4.1436872482,3.9074473381,3.1272230148,2.5399909019,3.4424061775,2.8041820526,2.8520989418,2.8365514278,2.5992527008,3.2696475983,3.1789097786,2.7972049713,2.8476243019,2.8933866024,2.6521792412,3.3314960003,3.2251777649,2.8279016018,2.8433954716,2.9315140247,2.6897671223,3.3757498264,3.2557587624,2.8579056263,2.8588275909,2.9594151974,2.7180571556]},"step_min_q":{"0":[2.8665659428,2.6986465454,2.6777396202,1.3710081577,2.2012674809,1.7556922436,0.9880034328,1.0971233845,1.0856184959,0.7168690562,0.6838599443,0.6521036625,0.3587492108,0.3967930675,0.3140763938,0.1770494431,-0.0471355915,-0.1861196309,-0.2527550161,-0.3142182529,-0.4998662174,-0.3728272617,-0.3396908939,-0.390820086,-0.3775226772,-0.5329004526,-0.3395359218,-0.5083705783,-0.4961292744,-0.476734817,-0.5710670948,-0.3744448721,-0.4163467586,-0.4325708747,-0.8255713582,-0.7408192158,-0.7159309387,-0.5093679428,-0.6850003004,-0.5962069631,-0.6562797427,-0.9377411604,-0.6129456758,-0.7098299861,-0.6401113868,-0.6219091415,-0.6480727196,-0.6854189038,-0.5688045621,-0.4056284428,-0.7342972159,-0.728584528,-0.4445163012,-0.4348386526,-0.6332768202,-0.4029147923,-0.373514533,-0.5633968115,-0.6044538617,-0.4191243052,-0.4200560153,-0.3802973032,-0.4761682153,-0.3721926808,-0.3772825599,-0.3627059758,-0.4574811161,-0.3522691727,-0.3956968784,-0.3958014548,-0.5273761749,-0.3535779119,-0.4411175251,-0.3649076223,-0.5501886606,-0.4534490407,-0.3892340064,-0.4476284385,-0.4271850586,-0.5735988617,-0.6267250776,-0.4172474742,-0.556699872,-0.4329996109,-0.3575638533,-0.3617055416,-0.9195281267,-0.3859449625,-0.5154921412,-0.4669166505,-0.7386669517,-0.4607973695,-0.2441011816,-0.3285168409,-0.2813687325,-0.3019969463,-0.2496785969,-0.2128274888,-0.1949905008,-0.2330205888,-0.2393083721,-0.2021360248,-0.3300078809,-0.5041348338,-0.5176306963,-0.0656143427,-0.1141488403,-0.075665772,-0.0740945935,-0.0626315325,-0.2176762968,-0.2344338,-0.1904091686,-0.2338712811,-0.3705675304,-0.3120660484,-0.3084117174,-0.449133426,-0.4582692385,-0.6696975827,-0.0556179285,-0.2040731162,-0.2677816749,-0.3354154229,-0.4012497067,-0.4612367749,-0.1329447776,-0.1342119575,-0.114480868,-0.073895596,-0.1055577993,-0.0936764926,-0.2184137702,-0.086118333,-0.1773273796,-0.1936345845,-0.1301572472,-0.1242136806,-0.0897859186,-0.0890372172,-0.0880513191,-0.2054263055,-0.2234660089,-0.1089941859,-0.0997911692,-0.0862359107,0.0,-0.0863064229,0.0,0.0,-0.0888213813,-0.0004883669,-0.0887179375,0.0,0.0,-0.0910160244,0.0,-0.090785563,0.0,0.0,-0.0929228067,0.0,-0.0925956666,-0.0018868521,0.0,-0.0946085751,0.0,-0.094204843,0.0,0.0,-0.0961185396,-0.0107528344,-0.0956525803,0.0,0.0,-0.097484678,0.0,-0.0969669819,0.0,0.0,-0.098731041,0.0,-0.0981692076,-0.0165763646,0.0,-0.0998752415,0.0,-0.0992755294,0.0,0.0,-0.1009313464,0.0,-0.1002987027,0.0,0.0,-0.1019106805,0.0,-0.1012491286,0.0,0.0]},"step_mean_q":{"0":[7.315196991,7.3141841888,7.3323078156,7.2969794273,7.3020710945,7.1893820763,7.0835661888,6.9184389114,6.6982331276,6.5198459625,6.2645130157,5.9466056824,5.6613264084,5.3776025772,5.0215182304,4.7238664627,4.4422178268,4.1370687485,3.851044178,3.6067669392,3.32787323,3.1123282909,2.8928050995,2.6926219463,2.5211923122,2.3750638962,2.2631299496,2.1571302414,2.0916259289,2.0312385559,1.9810378551,1.9526482821,1.8983664513,1.8761138916,1.8274278641,1.7815124989,1.7524120808,1.7019985914,1.6663521528,1.6425727606,1.582374692,1.5157822371,1.4902648926,1.4529664516,1.409566164,1.4287865162,1.4093729258,1.4023598433,1.3931275606,1.3801414967,1.3633027077,1.3695499897,1.3364651203,1.3134349585,1.3123209476,1.3236591816,1.3073377609,1.2799637318,1.3156894445,1.2716449499,1.2361329794,1.233019948,1.1980739832,1.1733298302,1.1688582897,1.174207449,1.1440472603,1.1609051228,1.1719933748,1.1112531424,1.0696374178,1.045462966,1.0613654852,1.0395835638,0.98807621,0.9766867161,0.9339774847,0.9292433858,1.0003254414,0.963722527,0.9661275148,0.9705147743,0.9746272564,0.9679811597,1.0161656141,1.0601751804,1.0424271822,1.0355095863,1.0084189177,0.9927950501,0.9336429238,0.9537622333,0.9785214067,0.9406688213,0.9866579175,1.006033659,1.0368179083,0.9500732422,0.9576643705,1.0077311993,0.9453954101,1.0162655115,0.9687508941,0.9619123936,1.0072683096,1.0118427277,0.9811131954,0.997254014,1.0428950787,1.0091844797,1.0354962349,1.0153547525,1.0128616095,0.9352699518,0.9468486309,0.9230248928,0.9496251345,0.9461971521,0.9599549174,0.9401546717,0.9813899994,0.9497122765,0.9005608559,0.8930264711,0.860227108,0.8503478169,0.917316258,0.8625207543,0.8924459815,0.8574123979,0.8556799293,0.846973896,0.8447319865,0.8201406598,0.8481465578,0.825021863,0.8608533144,0.8815706968,0.8343026638,0.7760893703,0.8710080981,0.8459083438,0.837349236,0.8740308285,0.8794701099,0.8704891205,0.8983570337,0.8603147268,0.9699178934,0.9332869053,0.9097518921,0.9556122422,0.9687162042,0.9094554782,0.9287878871,0.942913115,0.9106824994,0.9053040147,0.9388572574,0.9051012397,0.9988017082,0.9294409156,0.9534096718,0.9605150819,0.9161320925,0.8980526328,0.970181942,0.9734427333,0.9183083773,0.931922853,0.8971395493,0.9349429011,0.9415796399,0.946465075,0.9659509063,0.9033340812,0.9204548001,0.9556158781,0.9074798822,0.914375484,0.9244350791,0.9108898044,0.9273158312,0.9176608324,0.9419403672,0.8770301342,0.8527902961,0.8362231255,0.912253499,0.8891899586,0.8932222724,0.8987022638,0.90143466,0.879983604,0.9332951903,0.8675579429,0.928760767,0.9063630104,0.9101366401,0.9025137424]},