{"max_q":{"0":24.9704494476},"min_q":{"0":-1.2962819338},"mean_q":{"0":4.6091585159},"range_q":{"0":26.2667312622},"step_max_q":{"0":[17.5618782043,21.4521903992,24.9704494476,21.4987869263,20.2280654907,19.508934021,19.9024829865,19.2509613037,20.4307556152,20.5416755676,19.6928329468,19.6480007172,19.7839031219,18.6840896606,20.827796936,20.9790706635,21.1288509369,17.5931987762,18.8071899414,19.515378952,18.8738422394,24.4429473877,21.9590110779,24.0608062744,22.6889457703,23.5090026855,21.4568595886,24.2715015411,16.8743057251,16.8549938202,15.9732608795,15.5524139404,10.0714244843,10.467338562,10.0824346542,10.7682065964,10.4173879623,10.3358297348,10.6690416336,11.3180084229,11.7448453903,9.2856092453,10.0153942108,8.8958339691,8.803155899,8.4550008774,8.8929204941,8.5568876266,8.045293808,8.6969251633,8.5023355484,8.1722307205,8.414308548,8.4122695923,8.5027980804,8.382566452,8.5099372864,7.9476623535,7.6080150604,8.1108264923,8.6336765289,8.6953678131,8.3811178207,8.5472793579,8.7019643784,8.8455553055,8.0125131607,8.0850791931,7.3158874512,7.5600266457,8.0189657211,6.876390934,7.1170210838,7.0897054672,7.2158846855,6.8189916611,8.0070362091,8.2483205795,6.4010491371,7.3923206329,2.8059401512,2.6116628647,3.2890200615,3.4165611267,3.5370793343,3.3044602871,1.8976149559,1.7296484709,1.7129709721,0.4287422895,0.5522795916,0.3456799984,0.3992808461,0.3696792722,0.3983358145,0.3581675291,0.2724397182,0.1903539896,0.1738049984]},"step_min_q":{"0":[2.0380165577,2.2528073788,0.0,0.0,0.0,-0.8484172821,-0.5102592707,-0.3954688311,-0.2123417854,-0.2653820515,-0.2310439348,-0.2151464224,-0.2082337141,-0.3286414146,-0.3285373449,-0.1832742691,-0.6124390364,-0.6497881413,-0.4726132154,-0.3989976645,-0.6253808737,-0.9911824465,-0.5971740484,-0.4794585705,-1.2962819338,-0.6889504194,-0.6319373846,-0.8771183491,-1.1983429193,-0.836150527,-0.834847331,-0.5724344254,-0.9028520584,-0.7704877853,-0.8323705196,-0.9556694627,-0.8596695662,-0.6668868065,-0.704506278,-0.6510441303,-0.7179877162,-0.8949668407,-0.7382771969,-0.7253748178,-0.6321270466,-0.8269913197,-0.8759708405,-0.9656885862,-1.0032784939,-0.9136096239,-0.8234699965,-0.9791035652,-0.756000638,-0.6599824429,-0.8796783686,-0.6481232643,-0.7174509764,-0.8370807171,-0.7259751558,-0.7629303932,-0.8275464773,-0.5428074598,-0.5074498653,-0.4349983931,-0.5005321503,-0.5792063475,-0.6771123409,-0.3393294811,-0.4443693161,-0.3211182356,-0.3253643513,-0.2616462708,-0.3784095049,-0.4575974941,-0.0876345634,-0.2721972466,-0.1531640291,-0.3760966063,0.0,-0.0250297785,0.0,0.0,0.0,0.0,0.0,0.0,0.0,0.0,0.0,0.0,0.0,0.0,0.0,0.0,0.0,0.0,0.0,0.0,0.0]},"step_mean_q":{"0":[8.1804876328,8.4602689743,8.4918956757,8.2711801529,8.1395149231,7.9247674942,7.8429064751,7.6729326248,7.457341671,7.2148299217,6.9256100655,6.585606575,6.2141718864,5.8196706772,5.409348011,5.0152959824,4.6077747345,4.2348632812,3.8523485661,3.4777960777,3.109995842,2.7603752613,2.4574770927,2.1970210075,2.0086638927,1.8430652618,1.673604846,1.5472131968,1.4398832321,1.3761036396,1.3012281656,1.2365072966,1.1996756792,1.1740837097,1.1356241703,1.1167277098,1.0877135992,1.0480597019,1.0542725325,1.0212652683,1.0184956789,0.9968220592,1.0009533167,0.9737824798,0.9790877104,0.9877611399,1.0534549952,1.0018488169,1.0669275522,1.0987786055,1.0957274437,1.1964933872,1.2251532078,1.2879490852,1.3091745377,1.4386652708,1.3986839056,1.3877060413,1.4247825146,1.4350831509,1.4972609282,1.5402200222,1.6775150299,1.6871615648,1.5733565092,1.3450205326,1.4696580172,1.9060484171,1.8856996298,1.9728267193,1.8851513863,2.0488836765,2.1227080822,1.9587376118,1.8656485081,1.8867589235,2.2476804256,2.0956106186,2.124114275,2.2725145817,1.5179915428,1.4408378601,1.8437544107,1.6084629297,1.8689838648,1.9644043446,1.8296108246,0.9096962214,1.1775060892,0.4287422895,0.5522795916,0.3456799984,0.3992808461,0.3696792722,0.3983358145,0.3581675291,0.2724397182,0.1903539896,0.1738049984]},"episodes_still_running":{"0":[4096.0,4096.0,4093.0,4088.0,4082.0,4078.0,4073.0,4065.0,4053.0,4044.0,4035.0,4021.0,3994.0,3941.0,3884.0,3829.0,3775.0,3724.0,3655.0,3598.0,3508.0,3407.0,3273.0,3168.0,3057.0,2935.0,2825.0,2674.0,2558.0,2393.0,2251.0,2104.0,1949.0,1793.0,1666.0,1555.0,1431.0,1303.0,1188.0,1084.0,984.0,889.0,780.0,695.0,633.0,573.0,493.0,450.0,385.0,334.0,299.0,264.0,233.0,212.0,196.0,168.0,141.0,124.0,110.0,100.0,94.0,84.0,77.0,67.0,62.0,55.0,49.0,36.0,35.0,28.0,25.0,21.0,19.0,15.0,14.0,12.0,11.0,11.0,10.0,10.0,8.0,6.0,5.0,5.0,5.0,4.0,2.0,2.0,2.0,1.0,1.0,1.0,1.0,1.0,1.0,1.0,1.0,1.0,1.0]},"step_range_q":{"0":[15.5238618851,19.199382782,24.9704494476,21.4987869263,20.2280654907,20.3573513031,20.4127426147,19.6464309692,20.6430969238,20.8070583344,19.9238777161,19.8631477356,19.9921360016,19.0127315521,21.1563339233,21.1623458862,21.7412891388,18.2429866791,19.2798023224,19.9143772125,19.4992237091,25.434129715,22.5561847687,24.5402641296,23.9852275848,24.1979522705,22.0887966156,25.1486206055,18.0726490021,17.6911449432,16.8081073761,16.1248474121,10.9742765427,11.2378263474,10.9148054123,11.7238759995,11.2770576477,11.0027160645,11.373547554,11.9690523148,12.4628334045,10.1805763245,10.7536716461,9.6212091446,9.4352827072,9.2819919586,9.7688913345,9.5225763321,9.0485725403,9.610534668,9.3258056641,9.1513347626,9.1703090668,9.0722522736,9.3824768066,9.0306892395,9.227388382,8.784743309,8.333990097,8.8737564087,9.4612226486,9.2381753922,8.8885679245,8.9822778702,9.2024965286,9.4247617722,8.6896257401,8.4244089127,7.7602567673,7.8811450005,8.344329834,7.1380372047,7.4954304695,7.5473031998,7.303519249,7.0911889076,8.160200119,8.624417305,6.4010491371,7.4173502922,2.8059401512,2.6116628647,3.2890200615,3.4165611267,3.5370793343,3.3044602871,1.8976149559,1.7296484709,1.7129709721,0.4287422895,0.5522795916,0.3456799984,0.3992808461,0.3696792722,0.3983358145,0.3581675291,0.2724397182,0.1903539896,0.1738049984]},"mean_loss:":{"0":0.7959725261},"rmse":{"0":0.8921729326},"step_rmse":{"0":[0.7029922009,0.7603727579,0.78383255,0.7774757743,0.8337885737,0.8826048374,0.9149327278,0.9252424836,0.9743856192,0.9867424965,0.9970683455,1.0386025906,1.0508495569,1.0342835188,1.0953512192,1.0979998112,1.0659624338,1.0226068497,1.0671479702,1.0205384493,1.0121690035,0.9431673884,0.8984913826,0.8660217524,0.8370597959,0.8015177846,0.775596559,0.7554050088,0.7266293168,0.7568500638,0.7156974673,0.7284770608,0.7169958949,0.7137970924,0.7151858807,0.6878530383,0.69184196,0.6832664609,0.7003659606,0.6527118683,0.64127177,0.7043729424,0.7244530916,0.6925023198,0.6814631224,0.7142726183,0.6997124553,0.7818194628,0.7042730451,0.7461802363,0.7537785172,0.7571014762,0.8037298322,0.8104341626,0.8125315905,0.8249484301,0.7377242446,0.6901858449,0.7008118033,0.6344481111,0.7321602106,0.7919955254,0.6900219321,0.786770463,0.7059432268,0.703021884,0.7170320153,0.8547259569,0.85246104,0.9575600028,0.9448775649,1.0908384323,1.1850924492,0.944701612,0.9243870378,0.9034873843,1.0309119225,0.9950377345,1.0947989225,0.95360291,0.9561325312,0.4565416873,0.8594921827,0.722050488,0.7385730743,0.4399099648,1.3640022278,1.1137908697,0.8878385425,0.0282570124,0.2263714075,0.0334975719,0.0343697667,0.0771864057,0.0109056234,0.0815380812,0.0190370083,0.0211662054,0.0590612888]},"rmse_by_q":{"0":19.3565254211},