{"max_q":{"0":19.075630188},"min_q":{"0":-3.4403510094},"mean_q":{"0":8.5968561172},"range_q":{"0":22.5159816742},"step_max_q":{"0":[12.4743623734,12.9834594727,14.9220504761,13.3713722229,14.192609787,14.7821598053,15.4529533386,15.6393175125,16.4283218384,17.8851165771,17.3764419556,17.9741916656,18.3589668274,17.9769287109,19.075630188,17.0364246368,16.3238601685,14.8754644394,15.0324983597,13.9331130981,15.0376701355,13.7056303024,13.7579956055,13.4608869553,12.1907100677,12.3500728607,12.0926036835,13.279378891,12.3453817368,10.7219438553,10.8242053986,8.6253795624,7.1091761589,6.7976870537,6.3112316132,5.9417562485,5.5882587433,5.2454433441,4.9092798233,4.5830664635,3.6910691261,0.0,0.5915337801,0.0,0.0,0.5352238417,0.0,0.0,0.3651155233,0.0,0.0,0.19325912,0.0,0.1769983768,0.0,0.0,0.3218284845,0.0,0.0168434381,0.0,0.0,0.152857542,0.0,0.0,0.0,0.0,0.0,0.0,0.0,0.0]},"step_min_q":{"0":[9.1973819733,8.8518714905,8.9582252502,7.3084287643,7.313949585,6.8764944077,6.5916543007,4.8205108643,4.992846489,4.0213646889,3.5285205841,2.3812050819,0.2721817493,0.9062607288,0.9277992249,0.2160828114,-0.5959513187,-0.3724296093,-1.5589563847,-1.6977961063,-1.6475634575,-0.6149331331,-1.2909767628,-0.916993618,-0.7085478306,-1.2299019098,-1.3411056995,-1.2613674402,-0.5274956226,-0.4970579147,-0.5288695097,-0.1319152117,-0.3961964846,-0.1495624781,-0.0666422844,-0.2450182438,-0.3894975185,-0.5076444149,-0.6134673357,-0.7069576979,-1.902007699,-0.8616073132,-1.0119450092,-2.4300682545,-1.3407952785,-1.8581131697,-2.6346616745,-1.4099316597,-2.7468011379,-2.0104241371,-2.8476417065,-1.4187195301,-2.9388964176,-2.1276240349,-3.0245747566,-1.6797144413,-3.1039962769,-2.0099074841,-3.1773405075,-2.3020582199,-3.2450346947,-2.3158984184,-3.3075590134,-1.0874204636,-3.3653879166,-2.4125385284,-3.418970108,-2.4127173424,-3.4403510094,-1.1547677517]},"step_mean_q":{"0":[11.4394264221,11.7200098038,12.1681880951,12.3252735138,12.546754837,12.8819675446,12.177239418,11.7948513031,11.1950683594,10.917142868,10.4419965744,9.8938055038,9.2555923462,8.8437023163,8.3577308655,7.8304653168,7.5144729614,6.7987289429,6.4574332237,5.9104857445,5.559961319,5.2586359978,5.0082583427,4.8580918312,4.757352829,4.8017568588,4.9534459114,4.6279711723,3.9195296764,3.3153386116,3.1072862148,2.3763144016,2.3927285671,3.4580826759,4.0969429016,3.7681627274,3.4888341427,3.216637373,2.9585514069,2.460650444,0.3332935274,-0.6260095239,-0.4185501635,-1.3940309286,-0.9853470922,-0.7596247792,-1.4407067299,-1.0782986879,-1.0558127165,-0.9912490845,-2.0263414383,-0.625089705,-1.8564227819,-0.8939504027,-2.2037742138,-0.8825492859,-1.4336441755,-1.2792195082,-1.400061965,-1.7851549387,-1.7799037695,-1.0604227781,-2.4284617901,-0.7713945508,-2.2701454163,-1.2352323532,-2.0589573383,-2.0045509338,-1.8856636286,-1.0485491753]},"episodes_still_running":{"0":[4096.0,4096.0,4096.0,4096.0,4096.0,4096.0,4096.0,4096.0,4096.0,4096.0,4096.0,4096.0,4096.0,4096.0,4096.0,4096.0,4096.0,4096.0,4096.0,4068.0,4028.0,3932.0,3872.0,3776.0,3628.0,3324.0,2716.0,2116.0,1368.0,880.0,428.0,160.0,48.0,20.0,12.0,12.0,12.0,12.0,12.0,12.0,12.0,12.0,12.0,12.0,12.0,12.0,12.0,12.0,12.0,12.0,12.0,12.0,12.0,12.0,12.0,12.0,12.0,12.0,12.0,12.0,12.0,12.0,12.0,12.0,12.0,12.0,12.0,12.0,12.0,12.0]},"step_range_q":{"0":[3.2769804001,4.1315879822,5.9638252258,6.0629434586,6.878660202,7.9056653976,8.8612995148,10.8188066483,11.4354753494,13.8637523651,13.8479213715,15.5929870605,18.0867843628,17.0706672668,18.1478309631,16.8203411102,16.9198112488,15.2478942871,16.5914554596,15.6309089661,16.6852340698,14.3205633163,15.0489721298,14.3778800964,12.8992576599,13.5799751282,13.4337091446,14.5407466888,12.872877121,11.21900177,11.3530750275,8.7572946548,7.5053725243,6.9472494125,6.3778738976,6.1867742538,5.9777565002,5.7530879974,5.5227470398,5.2900242805,5.5930767059,0.8616073132,1.6034787893,2.4300682545,1.3407952785,2.3933370113,2.6346616745,1.4099316597,3.1119165421,2.0104241371,2.8476417065,1.6119786501,2.9388964176,2.3046224117,3.0245747566,1.6797144413,3.4258246422,2.0099074841,3.1941838264,2.3020582199,3.2450346947,2.4687559605,3.3075590134,1.0874204636,3.3653879166,2.4125385284,3.418970108,2.4127173424,3.4403510094,1.1547677517]},"mean_loss:":{"0":1.5158500671},"rmse":{"0":1.2311986685},"step_rmse":{"0":[0.6437193155,0.5964758992,0.7272890806,0.4737264514,0.3114126027,0.316666007,0.6976448894,0.763861537,0.8686355948,1.0555946827,1.2933231592,1.4663438797,1.668471694,1.801679492,1.864911437,1.7748918533,1.6771717072,1.5910364389,1.4924976826,1.405287981,1.3053643703,1.1936018467,1.1560019255,1.0958631039,1.0492280722,1.116106987,1.2051815987,1.2778583765,1.3576947451,1.4170519114,1.465272665,1.6643348932,1.4448674917,1.4428578615,0.8092423677,0.6577429771,0.6642510295,0.6210124493,0.9703548551,1.4445266724,2.0384011269,2.3696470261,2.1372489929,2.3561270237,2.4218723774,2.5082406998,2.2530403137,1.7012856007,2.1382627487,1.5810701847,2.129853487,1.2046433687,2.075050354,1.5200686455,2.4186196327,1.4436985254,1.7488003969,1.5427457094,1.6707166433,2.0348801613,2.1532051563,1.5349143744,2.5059099197,0.9762642384,2.3284664154,1.8532841206,2.3626172543,2.6342306137,2.8957152367,1.4725905657]},"rmse_by_q":{"0":14.3214988708},"step_rmse_by_q":{"0":[5.627199173,5.0893807411,5.9769711494,3.8435368538,2.4820170403,2.458211422,5.7290887833,6.476228714,7.7590913773,9.6691484451,12.3857841492,14.8208274841,18.0266342163,20.3724575043,22.3136100769,22.6664924622,22.3192195892,23.4019699097,23.1128635406,23.776184082,23.4779396057,22.6979351044,23.0819149017,22.5574798584,22.0548725128,23.2437210083,24.330165863,27.6116313934,34.6392288208,42.7422981262,47.1560249329,70.0384979248,60.3857688904,41.7242126465,19.7523479462,17.4552688599,19.0393409729,19.3062610626,32.7983093262,58.7050743103,611.5933837891,-378.5321044922,-510.6315002441,-169.015411377,-245.7887573242,-330.1947021484,-156.3843841553,-157.7749786377,-202.5229187012,-159.502822876,-105.1083221436,-192.7152709961,-111.7768173218,-170.0394897461,-109.7489700317,-163.5827636719,-121.9828720093,-120.6005477905,-119.3316192627,-113.9889984131,-120.9731216431,-144.745513916,-103.1891784668,-126.5583496094,-102.5690460205,-150.0352630615,-114.7482376099,-131.4125061035,-153.5647888184,-140.4407806396]},"mean_error":{"0":0.8363180161},"step_mean_error":{"0":[0.4542956948,0.4371425509,0.5272305012,0.3537086844,0.2098249495,0.2044996619,0.5478022099,0.6099815369,0.6830651164,0.8254146576,1.0047166348,1.1224422455,1.2878191471,1.3696203232,1.4040037394,1.3352630138,1.2523356676,1.1692771912,1.0724909306,0.9941158891,0.9025209546,0.809132576,0.778245151,0.7189286947,0.6916524172,0.724607408,0.8023649454,0.8873389363,0.9665952325,0.9851615429,1.0731779337,1.1564990282,0.9993290305,1.0110938549,0.7613708973,0.6455738544,0.6135590672,0.413649708,0.9302094579,1.439825654,1.99667871,2.2675540447,1.8306919336,2.3505110741,2.2200086117,2.1567461491,2.2280704975,1.4999045134,1.9865506887,1.2610231638,2.1279194355,1.0108066797,1.9536637068,1.1440794468,2.4039919376,1.165438652,1.425011158,1.2298384905,1.5493264198,1.7241626978,2.1224250793,0.9869701862,2.4882609844,0.9189710617,2.239315033,1.6227351427,2.3454353809,2.3315718174,2.8393542767,1.2084106207]},"mean_q_deviation":{"0":108.3501205444},