{"max_q":{"0":18.8828697205},"min_q":{"0":-0.9820349216},"mean_q":{"0":11.939658165},"range_q":{"0":19.8649044037},"step_max_q":{"0":[16.7506351471,17.3085918427,17.660943985,18.4152793884,18.6661682129,18.2830238342,18.0827178955,17.7137928009,16.7412109375,16.2894592285,16.3373584747,18.8828697205,16.1527042389,14.656876564,14.4771842957,13.0446910858,12.7572555542,12.5057277679,11.3047323227,12.2958860397,10.2886018753,9.7378473282,9.2816553116,8.896780014,8.7054595947,8.0941419601,8.3192815781,7.757683754,8.4172420502,7.8894672394,7.5349006653,7.6659750938,6.180352211,5.953455925,4.9411635399,5.2252449989,4.5740776062,4.2832131386,3.4915661812,3.1492567062,2.5719056129,2.2716078758,3.3261864185,4.2194547653]},"step_min_q":{"0":[15.0251064301,14.4938735962,14.8841562271,13.6214103699,13.4838504791,13.2466497421,11.9953985214,7.3960924149,7.417907238,6.2493653297,5.1758189201,4.4917311668,4.3709764481,2.1226873398,1.4613161087,1.1870213747,0.8664115667,0.8945262432,0.5669625998,-0.1239123344,0.1933271885,0.0075138807,-0.4154407382,-0.2688897848,-0.3628842831,-0.9720988274,-0.4405824542,-0.9820349216,-0.6809250116,-0.5587981939,-0.0590201318,-0.1439864337,-0.0394048393,0.0,0.0,0.0,0.0,0.0,0.0,0.0,0.0,0.0,0.0,0.0]},"step_mean_q":{"0":[16.0656089783,16.3449859619,16.6996612549,17.2826881409,17.6243114471,17.0332393646,16.5173873901,15.835767746,15.3544607162,14.8869228363,14.2492828369,13.6582107544,12.9840526581,12.3929786682,11.7727098465,11.2172260284,10.6125984192,10.0217285156,9.4568138123,8.9260540009,8.4280815125,7.957695961,7.4821128845,7.0702748299,6.7175216675,6.3957066536,6.1834459305,5.9680843353,5.6934661865,5.1861772537,4.3345446587,3.4733715057,2.9087913036,4.3304505348,4.9411635399,5.2252449989,4.5740776062,4.2832131386,3.4915661812,3.1492567062,2.5719056129,2.2716078758,3.3261864185,4.2194547653]},"episodes_still_running":{"0":[4096.0,4096.0,4096.0,4096.0,4096.0,4096.0,4096.0,4096.0,4096.0,4096.0,4096.0,4096.0,4096.0,4096.0,4096.0,4096.0,4096.0,4096.0,4096.0,4096.0,4096.0,4096.0,4096.0,4084.0,4076.0,3992.0,3560.0,2600.0,1320.0,572.0,256.0,124.0,60.0,24.0,4.0,4.0,4.0,4.0,4.0,4.0,4.0,4.0,4.0,4.0]},"step_range_q":{"0":[1.725528717,2.8147182465,2.7767877579,4.7938690186,5.1823177338,5.0363740921,6.0873193741,10.317700386,9.3233032227,10.0400943756,11.1615390778,14.3911380768,11.7817277908,12.5341892242,13.015868187,11.8576698303,11.8908443451,11.6112012863,10.7377700806,12.4197978973,10.0952749252,9.7303333282,9.697095871,9.1656694412,9.0683441162,9.0662403107,8.7598638535,8.7397184372,9.0981674194,8.4482650757,7.5939207077,7.809961319,6.2197570801,5.953455925,4.9411635399,5.2252449989,4.5740776062,4.2832131386,3.4915661812,3.1492567062,2.5719056129,2.2716078758,3.3261864185,4.2194547653]},"mean_loss:":{"0":0.2318149507},"rmse":{"0":0.4814716578},"step_rmse":{"0":[0.3530510366,0.3218087554,0.3503479064,0.23360838,0.2661264241,0.4092613161,0.5223224759,0.5406829715,0.5361136198,0.5576293468,0.5711199641,0.5896885991,0.6174454689,0.5212818384,0.5461009145,0.5566217899,0.5666652918,0.5562119484,0.5322250128,0.4982354045,0.4744029343,0.4268135726,0.488032341,0.4530417025,0.419049114,0.3592084348,0.35867998,0.3876925707,0.4672386348,0.6055110693,0.8471810818,0.8999971747,1.6276283264,1.0438019037,0.384344101,1.1510810852,0.4719409943,0.2377347946,0.099812746,0.1747112274,0.5832929611,1.0168161392,1.3107914925,0.8854384422]},"mean_error":{"0":0.285877198},"step_mean_error":{"0":[0.197046876,0.2056856751,0.2183574438,0.1749915034,0.2061968446,0.3171699941,0.3876213431,0.3947790265,0.3800859451,0.3787224293,0.3899342418,0.366489172,0.3745186627,0.3336060345,0.3293271065,0.3250887394,0.3186636567,0.304972738,0.28714329,0.2681550384,0.2629096508,0.2253395617,0.2299478352,0.2123676836,0.2024652362,0.1945912391,0.2040632814,0.2238065451,0.2723510563,0.3696897924,0.5688441992,0.6105417013,1.1731897593,0.7917883992,0.384344101,1.1510810852,0.4719409943,0.2377347946,0.099812746,0.1747112274,0.5832929611,1.0168161392,1.3107914925,0.8854384422]},"mean_deviation":{"0":1.4970650673},"step_mean_deviation":{"0":[4.8715891838,4.2470269203,4.5178375244,3.2896969318,3.6036820412,4.6734256744,4.1009697914,3.5301034451,3.5016481876,3.5512089729,3.3917114735,3.105588913,2.802349329,3.1868438721,3.0023629665,3.1468145847,2.9112799168,2.9634270668,2.690507412,2.7073163986,2.7560842037,2.3380887508,2.4694392681,2.4050378799,2.3520636559,2.4272258282,2.6339855194,2.7355284691,3.7357046604,5.4149532318,7.5319843292,9.5046367645,16.1372566223,13.5238838196,8.4344816208,28.2531852722,11.5047607422,5.8765559196,2.7792317867,5.8735437393,18.4867286682,30.9210777283,65.0389404297,26.5577106476]},"epoch":{"0":225},"mask_name":{"0":"own_health"},"map_name":{"0":"8m_vs_9m"}}