{"max_q":{"0":20.213350296},"min_q":{"0":-1.0482959747},"mean_q":{"0":3.5674054623},"range_q":{"0":21.2616462708},"step_max_q":{"0":[15.8118257523,17.5300960541,16.3359508514,17.6870441437,17.4317417145,18.6859588623,17.3510093689,20.200963974,18.7694816589,19.6025314331,20.213350296,16.8837871552,19.0999736786,19.2413845062,17.1171646118,17.372838974,16.405380249,16.4298286438,16.4922962189,15.5560054779,14.8562135696,14.8471775055,15.1632328033,15.013926506,14.5396490097,14.0551967621,12.0059585571,12.4825897217,13.8986749649,13.9251337051,11.9750757217,12.6155538559,11.6051893234,11.002658844,12.6464595795,11.4845695496,11.2746191025,10.7312660217,11.1341028214,11.4150409698,10.6919975281,10.705165863,10.7606868744,9.0154895782,10.07122612,9.9628295898,10.7825698853,9.2112627029,10.2896232605,9.2291603088,9.2452754974,8.5930557251,10.0431537628,8.0838813782,8.3433256149,8.4064846039,8.6527299881,7.545996666,7.5587558746,6.0287370682,5.945499897,5.5741786957,5.6592578888,5.2686519623,5.1518220901,5.3862872124,4.9587812424,5.0663890839,6.5789766312,5.9542016983,5.6369481087,6.0929946899,6.0118751526,5.2009210587,5.8926811218,5.7579889297,5.7406797409,6.308848381,6.2778177261,6.2388410568,6.2164726257,5.9829320908,6.1320681572,6.3843364716,4.3900985718,4.1374611855,3.8483362198,3.6795964241,3.3106579781,3.5738818645,3.4646868706,3.2886853218,3.4689884186,3.8995397091,4.233443737,4.019323349,3.9023411274,4.4895677567,4.2749423981,4.4343271255,4.665892601,4.2242636681,4.1591200829,5.2805328369,4.6833705902,4.9690217972,5.1698389053,4.7256522179,4.928170681,5.2213435173,4.6782269478,4.9810929298,5.1658248901,4.7091221809,4.9260559082,5.2201209068,4.6873779297,4.8996973038,5.1864619255,4.6531791687,4.8370323181,4.8156027794,4.303091526,4.3303256035,4.3571243286,3.6554026604,3.7192831039,3.7192230225,3.0883686543,2.9696311951,3.0745153427,2.4774858952,2.2937886715,2.3360309601,1.5267227888,1.4340434074,1.6833132505,1.5142829418,1.521020174,1.5646977425,1.4205979109,2.0398843288,1.7125554085,1.5799031258,1.4439063072,1.7009060383,1.5300443172,1.7446895838,1.9497816563,1.5615859032,1.7076511383,1.5897083282,1.7226963043,1.8200998306,1.7623808384,1.6576772928,1.6518604755,1.7325103283,1.7430158854,1.6059525013,1.7424741983,1.5637122393,1.7482988834,1.6122729778,1.7572848797,1.4614620209,1.7733519077,1.617213726,1.539503336,1.7581824064,1.5744998455,1.4932465553,1.7652819157,1.6530256271,1.6089196205,1.6129667759,1.3115472794,1.512196064,1.771222949,1.5784842968,1.4964346886,1.7732548714,1.5815145969,1.4989807606,1.8608887196,1.477853179,1.5948156118,1.6004959345,1.596193552,1.4969274998,1.7744523287,1.5782951117,1.49578619,1.7775008678,1.6478090286,1.6036640406,1.610966444,1.3093440533,1.506878376,1.7739582062]},"step_min_q":{"0":[1.9008803368,2.0102119446,1.9318689108,1.8429925442,1.6534121037,1.2370547056,1.2239898443,0.8432498574,0.645642817,0.342805028,0.4802266955,0.3108363748,0.2204315066,-0.0142666101,0.1164061725,-0.1963536441,-0.1562627852,-0.2684390545,-0.6220641136,-0.1875275373,-0.4766625166,-0.772605896,-0.5975623727,-0.5460221767,-0.5429306626,-0.4415549934,-1.0482959747,-0.6949996352,-0.678989172,-0.6733828783,-0.5739760995,-0.3524034023,-0.4508319497,-0.5526075363,-0.4080626369,-0.7558182478,-0.5381244421,-0.4583852291,-0.4669346809,-0.5494086146,-0.4432339072,-0.4754322767,-0.4141629934,-0.4628426433,-0.5513414145,-0.5806765556,-0.4792172909,-0.4874905944,-0.4467768669,-0.5432423353,-0.6142900586,-0.6363279223,-0.5876244307,-0.6796371341,-0.5751197934,-0.6154017448,-0.5939995646,-0.4336428642,-0.4897449017,-0.7446132302,-0.3928906322,-0.4358928204,-0.3953787088,-0.3396317661,-0.5141243935,-0.3870655,-0.3792698979,-0.3609031737,-0.4587467611,-0.4148145616,-0.3554762602,-0.2895391583,-0.4033619761,-0.2992475927,-0.3605949283,-0.362344116,-0.454667449,-0.4963759482,-0.3460348248,-0.3112930655,-0.3183197677,-0.3126016557,-0.3064526021,-0.3538410366,-0.5175077915,-0.3139622211,-0.2922760546,-0.2905290425,-0.3016518652,-0.3109722435,-0.3274852037,-0.3168542981,-0.3136895001,-0.3064778149,-0.3098703027,-0.320619911,-0.2694150507,-0.2858004868,-0.3626406789,-0.384978652,-0.3776426911,-0.5468554497,-0.2813557982,-0.2325139642,-0.2192718983,-0.2137339115,-0.1894086003,-0.2365997732,-0.221421361,-0.1648542881,-0.252047658,-0.3543633223,-0.415395081,-0.3932670355,-0.2896892428,-0.4828221798,-0.2388367355,-0.2904807925,-0.2023862004,-0.1989094019,-0.2371155918,-0.2477540076,-0.2243944108,-0.2786141336,-0.1695372164,-0.1287920773,-0.1804666221,-0.1862639189,-0.1537032127,-0.1544161737,-0.155471772,-0.18498981,-0.1521174312,-0.1451487243,-0.1432903111,-0.312697053,-0.1512256265,-0.1043293774,-0.0942225158,-0.1845387816,-0.1527594924,-0.1055620313,-0.1660628617,-0.1858797669,-0.1527435184,-0.1066055,-0.096365273,-0.1883065104,-0.155303359,-0.1093705595,-0.0990734994,-0.1916201711,-0.1588182449,-0.1129988134,-0.1026520431,-0.1956877112,-0.1631681919,-0.1173920929,-0.1395297945,-0.2004125118,-0.1682460308,-0.2002457976,-0.1472397447,-0.2056461573,-0.2447286248,-0.2008576393,-0.1174274981,-0.2111464739,-0.1797409058,-0.1336299479,-0.1229581535,-0.2165966034,-0.1855061054,-0.1391345561,-0.1282506883,-0.2216727138,-0.1908139586,-0.1441512108,-0.1330082119,-0.2261188626,-0.1954066157,-0.1292855442,0.0,-0.0084033012,0.0,-0.1493448019,-0.1280644238,-0.0069306493,0.0,0.0,0.0,-0.0263370872,-0.0127708912,0.0,0.0,-0.0293349624,-0.0148572326,0.0,0.0,-0.0297410488]},