{"max_q":{"0":11.1083374023},"min_q":{"0":-0.1318136752},"mean_q":{"0":5.3644475937},"range_q":{"0":11.2401514053},"step_max_q":{"0":[10.1459407806,10.5134506226,10.8115844727,10.9308223724,11.1083374023,10.9712982178,10.5049095154,10.3542299271,10.0718574524,9.9204444885,9.7172050476,9.408323288,9.1993122101,8.8542556763,8.750087738,8.2121448517,8.2549657822,7.8544950485,7.7382984161,7.70753479,7.8183555603,7.4841456413,6.7765741348,7.0193090439,6.8682489395,6.420589447,6.1934957504,5.8699321747,5.8177070618,5.284055233,4.4953913689,4.4485197067,4.0744261742,3.7254920006,3.0000383854,2.8371872902,2.6535418034,2.8739514351,2.5003666878,2.0288794041,1.9783043861,1.7784978151,1.7934541702,1.5980064869,1.4535359144,1.0984386206,0.6901698112,0.6735845804,0.6234468222,0.5428774357,0.4887981713,0.3043342233,0.3858323991,0.1570560336,0.008957155,0.041003786,0.0]},"step_min_q":{"0":[9.7721271515,9.4112567902,9.2703084946,9.4648456573,9.323759079,9.4344110489,8.9141178131,8.6037359238,8.2204608917,7.509812355,7.1365365982,6.8230419159,6.3766512871,5.7716703415,5.2950277328,4.864177227,4.373790741,3.7805008888,3.4369769096,2.8450434208,2.5444173813,2.2323827744,1.8846168518,1.4515788555,1.1778380871,0.9785137773,0.5975647569,0.377017647,0.1962043047,0.0301316381,0.0,-0.0826103091,0.0,-0.1109488606,-0.0424239337,-0.0621187538,-0.0834781528,-0.0954950154,-0.0738674998,-0.048950702,-0.1022270322,-0.0953433812,-0.0478390157,-0.0566529781,-0.1318136752,-0.0616353303,-0.1090729237,-0.0823203921,-0.0520883203,0.0,-0.0659197122,0.0,0.0,0.0,0.0,0.0,-0.0895590782]},"step_mean_q":{"0":[9.9720363617,10.1012916565,10.1908960342,10.3482627869,10.4611988068,10.2363910675,9.7926673889,9.4991559982,9.1973495483,8.9028434753,8.5441741943,8.1913433075,7.877114296,7.5133066177,7.1828756332,6.826654911,6.4537420273,6.0638456345,5.6590547562,5.2513027191,4.8510761261,4.4408426285,4.0555839539,3.6667146683,3.2955169678,2.9320833683,2.5827503204,2.2540864944,1.9351744652,1.6444067955,1.3708740473,1.1428095102,0.949138999,0.7798255086,0.638759017,0.5385960937,0.4603369236,0.3974240422,0.3663717508,0.3300621808,0.2852968872,0.2640857697,0.2419786453,0.2429716885,0.2152690291,0.2215315551,0.2005949616,0.1871402711,0.2217675894,0.1659219265,0.171040684,0.2391387671,0.3858323991,0.1570560336,0.008957155,0.041003786,-0.0895590782]},"episodes_still_running":{"0":[4096.0,4096.0,4096.0,4096.0,4096.0,4096.0,4096.0,4096.0,4096.0,4096.0,4096.0,4096.0,4096.0,4096.0,4096.0,4096.0,4096.0,4096.0,4096.0,4096.0,4096.0,4096.0,4096.0,4096.0,4096.0,4096.0,4096.0,4096.0,4096.0,4096.0,4088.0,4052.0,3964.0,3844.0,3600.0,3272.0,2824.0,2376.0,1788.0,1344.0,1032.0,744.0,524.0,336.0,232.0,160.0,104.0,76.0,36.0,28.0,20.0,12.0,4.0,4.0,4.0,4.0,4.0]},"step_range_q":{"0":[0.3738136292,1.1021938324,1.5412759781,1.4659767151,1.7845783234,1.5368871689,1.5907917023,1.7504940033,1.8513965607,2.4106321335,2.5806684494,2.5852813721,2.822660923,3.0825853348,3.4550600052,3.3479676247,3.8811750412,4.0739941597,4.3013215065,4.8624916077,5.273938179,5.251762867,4.891957283,5.56772995,5.690410614,5.4420757294,5.5959310532,5.4929146767,5.6215028763,5.2539234161,4.4953913689,4.531129837,4.0744261742,3.8364408016,3.0424623489,2.8993060589,2.7370200157,2.9694464207,2.5742342472,2.0778300762,2.0805313587,1.8738411665,1.8412932158,1.6546595097,1.5853495598,1.1600739956,0.7992427349,0.7559049726,0.6755351424,0.5428774357,0.5547178984,0.3043342233,0.3858323991,0.1570560336,0.008957155,0.041003786,0.0895590782]},"mean_loss:":{"0":0.0490412526},"rmse":{"0":0.2214525938},"step_rmse":{"0":[0.170727089,0.1250946224,0.1135074422,0.1434878111,0.1975906938,0.2363381088,0.2435199171,0.254927516,0.2566398084,0.2530036867,0.2662756145,0.2656566799,0.2809719145,0.2696825266,0.2737055123,0.2850813568,0.2872300148,0.2830229402,0.2791266441,0.2855185866,0.282761693,0.279317975,0.2720417976,0.2600648105,0.2508107126,0.2353414446,0.2260668129,0.2082119882,0.1820428371,0.1659932584,0.147458449,0.1385984421,0.1316609085,0.1212360486,0.1111082882,0.0997616351,0.0932917148,0.0850774795,0.0880474523,0.0859764591,0.0861657485,0.0831163079,0.0816841647,0.0914933458,0.0943313166,0.0800959393,0.0845153853,0.065630801,0.053142786,0.0396685377,0.0411563441,0.0684856251,0.0755193532,0.3151047826,0.3206478357,0.3363966644,0.3520236611]},"rmse_by_q":{"0":4.1281528473},"step_rmse_by_q":{"0":[1.7120585442,1.2384022474,1.1138122082,1.3865884542,1.8887959719,2.3088030815,2.4867577553,2.683686018,2.7903671265,2.8418300152,3.1164581776,3.243139267,3.5669398308,3.5893988609,3.8105282784,4.1760034561,4.4505963326,4.6673836708,4.9323897362,5.4371004105,5.8288445473,6.2897520065,6.7078328133,7.0925841331,7.6106638908,8.026424408,8.752948761,9.2370901108,9.4070501328,10.0944156647,10.7565279007,12.1278686523,13.8716144562,15.5465602875,17.3943977356,18.5225315094,20.2659645081,21.4072303772,24.0322704315,26.0485649109,30.2021350861,31.4732246399,33.7567672729,37.6559715271,43.8201980591,36.155544281,42.132358551,35.0703773499,23.9632778168,23.9079532623,24.0623130798,28.6384468079,19.5730991364,200.6320648193,3579.7954101562,820.4039306641,-393.063079834]},"mean_error":{"0":0.1613355726},"step_mean_error":{"0":[0.1397318244,0.0993431136,0.091852203,0.1129921377,0.1545134783,0.1866077334,0.1872397065,0.1988945752,0.1967909187,0.1953750551,0.2070028484,0.2105053365,0.2194475532,0.2119780481,0.2127766609,0.2193992436,0.2238186002,0.2202411592,0.2236165404,0.2240019441,0.2203605473,0.2191674709,0.2118658274,0.2009335607,0.1910992265,0.1833376437,0.163749963,0.1510668397,0.1370417774,0.1251430511,0.1069509983,0.0955788568,0.0889580399,0.0803313628,0.0752884075,0.0693619996,0.0631936267,0.0611978322,0.0640176684,0.062383607,0.0591504537,0.0529742762,0.0516847335,0.0586341321,0.0577256605,0.0554106943,0.0667640418,0.0498481505,0.0442447029,0.0338812508,0.0280895345,0.0577091873,0.0755193532,0.3151047826,0.3206478357,0.3363966644,0.3520236611]},"mean_q_deviation":{"0":18.4643306732},"step_mean_q_deviation":{"0":[1.4046704769,0.9893488884,0.9028992653,1.0968936682,1.48701334,1.8323915005,1.9339644909,2.1045274734,2.1553044319,2.2099525928,2.4309623241,2.5819759369,2.7935461998,2.8355844021,2.9935624599,3.2525320053,3.4975216389,3.6510727406,3.9666116238,4.2780189514,4.5554904938,4.9411373138,5.282201767,5.5389900208,5.8812441826,6.4013719559,6.5657896996,6.9226222038,7.5497226715,9.150223732,10.1805210114,13.856045723,19.0697212219,24.1151618958,262.5079040527,40.1120681763,72.6720046997,85.0538864136,93.8388442993,112.9893341064,169.9710388184,93.0677642822,57.774848938,174.6515808105,57.2824478149,82.9193725586,76.024887085,95.0922470093,30.2732410431,66.6816177368,15.1755781174,49.3295822144,16.3691482544,66.7367553711,97.2824554443,89.1352081299,134.1223449707]},"mean_range_deviation":{"0":1.4075638056},"step_mean_range_deviation":{"0":[11.1627731323,7.4773693085,5.8963699341,6.6492490768,7.2703876495,8.9323892593,7.9474525452,7.8720188141,6.7550749779,6.4925522804,6.6763219833,6.3601722717,5.0964531898,5.9662628174,5.3454799652,4.8622846603,5.2418570518,5.0628051758,5.076189518,4.491961956,4.0211820602,3.7812228203,3.5668194294,3.2850325108,3.3321495056,3.4196689129,2.9220328331,2.4756662846,2.4041259289,2.3768444061,2.3263971806,2.0588915348,2.0355985165,1.7543437481,2.0831952095,2.1861510277,2.0521512032,1.8962068558,2.2317481041,2.6281785965,2.7129178047,2.7777745724,2.9032404423,3.5685577393,4.3277773857,5.6322450638,7.7068858147,6.9352254868,6.1658596992,6.4702587128,6.0624675751,18.3972244263,16.3684940338,66.7246551514,97.2578201294,89.129234314,134.1213531494]},"epoch":{"0":135},"mask_name":{"0":"ally_distance"},"map_name":{"0":"corridor"}}