{"max_q":{"0":17.8636245728},"min_q":{"0":-1.1682682037},"mean_q":{"0":3.7172894478},"range_q":{"0":19.0318927765},"step_max_q":{"0":[14.197719574,15.0480995178,15.4280767441,15.7893123627,15.9389238358,15.578335762,15.7651805878,15.9766960144,14.9531421661,16.9536685944,17.8636245728,15.6423807144,15.5686626434,15.4564094543,15.373380661,13.9013853073,13.5875902176,13.7282915115,13.3015632629,14.5792961121,13.6610479355,12.2429361343,13.0390920639,12.4033069611,12.4746637344,11.4782371521,12.1460933685,12.0221004486,12.7584457397,11.693447113,11.2228307724,10.8343400955,11.1506500244,11.1758460999,10.8390035629,11.2883033752,11.1747875214,10.4130525589,10.3354787827,9.8997573853,10.4478349686,9.4347076416,9.1442985535,9.6622018814,9.5862798691,9.6700735092,9.6834068298,9.4422054291,10.1016454697,9.4065160751,9.8494844437,9.3785047531,9.6330699921,9.2191448212,9.6852741241,9.4311408997,10.2592000961,9.8520936966,9.9672584534,9.4860668182,9.6193618774,9.9956474304,9.8991689682,9.7752494812,10.0459671021,9.9268169403,10.5919208527,10.3375930786,9.9056310654,10.6855249405,10.6941986084,10.0875616074,10.9878320694,10.3048171997,11.496383667,10.9817819595,10.7480373383,7.4106054306,7.463842392,7.0785460472,7.0999345779,6.9235649109,6.4575834274,7.0360898972,6.7315058708,6.6015729904,6.3315138817,6.4312505722,6.5074257851,6.1703138351,6.3660736084,6.7698206902,6.2545719147,6.2463979721,6.7123947144,6.7177219391,6.1238803864,5.1508769989,5.2087931633,4.7081923485,5.002120018,4.6024136543,4.9834580421,5.2233023643,4.6950469017,5.4700918198,5.0847969055,5.0854101181,4.9810209274,4.6839485168,4.6740608215,4.4119119644,4.8951234818,4.5487833023,4.7092690468,5.0270757675,4.8172693253,4.8239798546,4.8933286667,4.649928093,4.4311389923,5.0711293221,4.5561027527,4.5433011055,4.2035140991,4.6542377472,3.9631381035,4.664481163,4.808549881,4.2411909103,4.4675121307,4.7283420563,4.697095871,4.8674755096,5.4576482773,4.7389163971,5.1222801208,5.2999219894,5.0195593834,6.0237174034,5.2449121475,4.9400596619,5.3968877792,4.9273014069,5.153231144,5.1064491272,4.9558477402,4.9624452591,5.3700904846,5.2301216125,4.8661818504,5.0879678726,4.7756958008,5.0893068314,5.3439950943,5.0528850555,5.0416522026,5.1551909447,4.9112672806,4.7909231186,5.2611627579,4.9248332977,4.8448905945,5.0800690651,4.7348985672,4.3039422035,4.7431550026,4.5556211472,3.7639062405,3.091886282,3.4841294289,3.0771577358,3.5298376083,3.0135908127,3.0190610886,2.969326973,3.0238723755,2.9910404682,3.0437247753,2.9864213467,2.9770007133,2.9444208145,2.9566576481,2.942592144,2.9595394135,2.5650835037,2.3760094643,2.7169675827,2.4886689186,2.5286817551,2.4825360775,2.4729123116,2.6233522892,2.5271081924,2.1273186207,2.8416717052,2.408880949,2.6485271454,2.1856555939,2.2422513962]},"step_min_q":{"0":[2.0530822277,2.568813324,2.1220541,1.7423069477,1.3377019167,1.3018393517,0.8016116619,0.6090867519,0.7048666477,0.4583164454,0.1126710176,0.1256349087,0.0035583973,-0.0056927204,-0.0068953037,-0.1156140566,-0.1248252392,-0.1525657177,-0.1728410721,-0.2249381542,-1.1682682037,-0.1741722822,-0.3877167702,-0.293653965,-0.781065464,-0.5048122406,-0.7884664536,-0.5624220371,-0.3356772661,-0.4615454674,-0.589951992,-0.8677353859,-0.6656191349,-0.3904249668,-0.7103273869,-0.4288408756,-0.5191357136,-0.5593771935,-0.4202444553,-0.34591043,-0.5324180126,-0.4378002882,-0.5191686153,-0.932195425,-0.5699894428,-0.4581794739,-0.5647940636,-0.5675806999,-0.8149712086,-0.4710676074,-0.5464961529,-0.5218015909,-0.6787295341,-0.586643219,-0.5575581789,-0.748875618,-0.5569044352,-0.7011535168,-0.5665572882,-0.5029199123,-0.4837350845,-0.4618126154,-0.4728645086,-0.5227100849,-0.5073233843,-0.5921862125,-0.4115451574,-0.5038080215,-0.3384845257,-0.4671783447,-0.3898091316,-0.4577435255,-0.6449100971,-0.4781442881,-0.3925306797,-0.3892155886,-0.4039676189,-0.4154295921,-0.3485763073,-0.3433794975,-0.3251655102,-0.2906522751,-0.305093646,-0.2659956217,-0.326570034,-0.3900824785,-0.397731185,-0.2257487774,-0.2389471531,-0.2749333382,-0.278796792,-0.3998043537,-0.3713697195,-0.4021582603,-0.4240221977,-0.3589339256,-0.2759811878,-0.3175947666,-0.3703958988,-0.2853524685,-0.6709587574,-0.4783976078,-0.5964744091,-0.647485733,-0.5214881897,-0.4188686609,-0.4580122232,-0.3552647829,-0.2585024834,-0.2510814667,-0.3557772636,-0.1070072651,-0.1444981098,-0.0543129444,-0.0781849623,-0.0640163422,-0.2090834379,-0.2378513813,-0.3302551508,-0.2916209698,-0.2658517361,-0.1481171846,-0.2419164181,-0.2560544014,-0.0226964951,0.0,-0.2540736198,-0.3020670414,-0.2768130302,-0.1500970125,-0.2494177818,-0.2637200356,0.0,0.0,-0.2579460144,-0.3050577641,-0.2804059982,-0.1511919498,-0.2519609928,-0.2674453259,-0.0107164383,0.0,-0.2601935863,-0.3074908257,-0.2826449871,-0.2566646338,-0.2539598942,-0.2701711655,-0.0283622742,0.0,-0.2620949745,-0.3095986843,-0.2842841148,-0.1551864147,-0.2556736469,-0.272331953,0.0,0.0,-0.2636377811,-0.3112678528,-0.2854669094,-0.1569418907,-0.2570130825,-0.2739753723,-0.0573456287,-0.0833473206,-0.2647960186,-0.3124969006,-0.2862915993,-0.158323884,-0.2579977512,-0.2751793861,0.0,0.0,-0.2656338215,-0.313372612,-0.2868611813,-0.1593858004,-0.258708477,-0.2760531902,0.0,0.0,-0.2662389278,-0.3139979839,-0.2872610092,-0.1602125168,-0.2592287064,-0.2767002583,0.0,0.0,-0.266689539,-0.3144590855,-0.2875561714,-0.1608775854,-0.259624958,-0.2771997452,0.0,-0.0122426748,-0.2670419216,-0.3148195744]},