{"max_q":{"0":24.7494068146},"min_q":{"0":-0.8329504728},"mean_q":{"0":4.5828676224},"range_q":{"0":25.5823574066},"step_max_q":{"0":[15.9238052368,20.7027111053,24.7494068146,21.1487998962,20.4511947632,20.5468578339,20.264503479,23.1667251587,22.4106731415,21.1248683929,23.0362949371,21.1287021637,19.7254657745,18.8340110779,20.4628982544,19.1546955109,18.8967552185,20.5097961426,17.8954563141,20.5650844574,18.1125221252,16.7299995422,17.7246055603,15.2502450943,14.8103532791,15.4804897308,15.6167201996,16.4793949127,17.1074142456,15.6876535416,15.5200567245,15.7335968018,11.1023797989,11.4037981033,13.0580816269,13.4243497849,11.0073270798,9.3615484238,10.7194757462,11.876039505,9.378455162,10.4301986694,9.0693655014,9.4405574799,9.0625772476,8.7982006073,8.1608533859,9.1400270462,9.0707817078,9.5888338089,9.8720874786,10.4222412109,9.2867155075,11.2500209808,11.3452253342,11.3946065903,8.6150169373,11.1958370209,8.7126560211,10.3529434204,10.6713790894,9.2825832367,10.6434049606,8.7127323151,9.6695632935,8.2455024719,6.571849823,6.7268762589,6.0240998268,6.2618393898,7.8307991028,7.5987963676,7.1211194992,6.4382238388,6.0326189995,5.8344659805,6.7904701233,7.7994775772,7.0033640862,7.7082290649,3.702082634,3.0222711563,3.8417954445,4.6930813789,4.5755019188,4.2022294998,1.6581287384,1.6616078615,1.5967683792,0.1353814155,0.2127762139,0.0517965481,0.1511588395,0.0,0.0860525072,0.0269548837,0.0139874779,0.0879050642,0.053185083]},"step_min_q":{"0":[1.9517041445,0.9494673014,0.0,-0.0205028504,-0.1737145334,-0.1711578071,-0.2469354272,-0.30729267,-0.3147320747,-0.4426988661,-0.4443243444,-0.2743307352,-0.3788717687,-0.2536716759,-0.2402016222,-0.2672439218,-0.3524184525,-0.5540437102,-0.3486061096,-0.4357888103,-0.5570626259,-0.480902046,-0.4857383072,-0.8329504728,-0.5159784555,-0.624188602,-0.5712075233,-0.5048404932,-0.581284523,-0.4575694501,-0.4747873843,-0.5161197186,-0.5521890521,-0.5760311484,-0.4619538784,-0.4500984251,-0.5095963478,-0.4574877322,-0.5133543015,-0.6269808412,-0.5754584074,-0.5145508647,-0.8012290597,-0.5246437788,-0.506580174,-0.4934929013,-0.4529852867,-0.4516777992,-0.5074488521,-0.4884212017,-0.4794878662,-0.5251320004,-0.5404338837,-0.5469710231,-0.5141665339,-0.5889820457,-0.4959113002,-0.5408995748,-0.5995412469,-0.582521677,-0.5860747099,-0.5302826166,-0.5836394429,-0.6561557055,-0.5612261891,-0.4991314411,-0.6390566826,-0.3236114681,-0.3804421425,-0.3762476742,-0.3798233569,-0.1728862375,-0.1918385327,-0.2862312794,-0.0188212413,-0.0433225483,0.0,0.0,0.0,0.0,0.0,0.0,0.0,0.0,0.0,0.0,0.0,0.0,0.0,0.0,0.0,0.0,0.0,-0.0167230517,0.0,0.0,0.0,0.0,0.0]},"step_mean_q":{"0":[8.1182756424,8.3699417114,8.4465646744,8.2315454483,8.1342039108,7.9344654083,7.8537302017,7.67573452,7.4927363396,7.2414073944,6.9586334229,6.6007275581,6.202703476,5.7798948288,5.3862118721,4.9783201218,4.5764966011,4.2004871368,3.8216159344,3.4567711353,3.0941386223,2.7255520821,2.4114296436,2.1477074623,1.9637328386,1.7873809338,1.6153064966,1.499427557,1.3941181898,1.3227880001,1.2649834156,1.2042230368,1.1628108025,1.1487696171,1.1128368378,1.0904715061,1.0611325502,1.0156226158,1.0136662722,0.9826481342,0.9730710983,0.9568837881,0.9466663599,0.945658803,0.9360587001,0.9433718324,0.9888151288,0.9393989444,0.9975925088,1.064080596,1.0322446823,1.1648224592,1.2022358179,1.2509992123,1.3323704004,1.4486733675,1.4239813089,1.4427593946,1.4065217972,1.400300622,1.4653413296,1.5377919674,1.6847817898,1.5835559368,1.5340622663,1.2302256823,1.3530095816,1.7616701126,1.6853172779,1.7741976976,1.8738735914,1.9755986929,1.9789745808,1.9456465244,2.0249304771,1.8692722321,2.2209572792,2.0878708363,2.1572055817,2.3112792969,1.579051733,1.5334275961,1.6985576153,1.7009941339,1.7392914295,1.8834170103,1.2931611538,1.0134996176,0.9401429296,0.1353814155,0.2127762139,0.0517965481,0.1511588395,-0.0167230517,0.0860525072,0.0269548837,0.0139874779,0.0879050642,0.053185083]},"episodes_still_running":{"0":[4096.0,4096.0,4093.0,4088.0,4082.0,4078.0,4073.0,4065.0,4053.0,4044.0,4035.0,4021.0,3994.0,3941.0,3884.0,3829.0,3775.0,3724.0,3655.0,3598.0,3508.0,3407.0,3273.0,3168.0,3057.0,2935.0,2825.0,2674.0,2558.0,2393.0,2251.0,2104.0,1949.0,1793.0,1666.0,1555.0,1431.0,1303.0,1188.0,1084.0,984.0,889.0,780.0,695.0,633.0,573.0,493.0,450.0,385.0,334.0,299.0,264.0,233.0,212.0,196.0,168.0,141.0,124.0,110.0,100.0,94.0,84.0,77.0,67.0,62.0,55.0,49.0,36.0,35.0,28.0,25.0,21.0,19.0,15.0,14.0,12.0,11.0,11.0,10.0,10.0,8.0,6.0,5.0,5.0,5.0,4.0,2.0,2.0,2.0,1.0,1.0,1.0,1.0,1.0,1.0,1.0,1.0,1.0,1.0]},"step_range_q":{"0":[13.9721012115,19.7532444,24.7494068146,21.1693019867,20.6249084473,20.7180156708,20.5114383698,23.4740180969,22.7254047394,21.5675678253,23.4806194305,21.4030323029,20.1043376923,19.087682724,20.7031002045,19.4219398499,19.249174118,21.0638389587,18.2440624237,21.0008735657,18.6695842743,17.2109012604,18.2103443146,16.0831947327,15.3263320923,16.1046791077,16.1879272461,16.9842357635,17.6886978149,16.1452236176,15.9948444366,16.2497158051,11.6545686722,11.9798288345,13.5200357437,13.8744478226,11.5169239044,9.8190364838,11.2328300476,12.5030202866,9.9539136887,10.9447498322,9.8705949783,9.9652013779,9.5691576004,9.2916936874,8.6138381958,9.5917053223,9.5782308578,10.077255249,10.3515748978,10.9473733902,9.8271493912,11.7969923019,11.8593921661,11.9835882187,9.1109285355,11.7367362976,9.3121976852,10.935464859,11.2574539185,9.8128662109,11.2270441055,9.3688879013,10.2307891846,8.7446336746,7.2109065056,7.0504875183,6.4045419693,6.6380872726,8.2106227875,7.7716827393,7.3129582405,6.7244548798,6.051440239,5.8777885437,6.7904701233,7.7994775772,7.0033640862,7.7082290649,3.702082634,3.0222711563,3.8417954445,4.6930813789,4.5755019188,4.2022294998,1.6581287384,1.6616078615,1.5967683792,0.1353814155,0.2127762139,0.0517965481,0.1511588395,0.0167230517,0.0860525072,0.0269548837,0.0139874779,0.0879050642,0.053185083]},"mean_loss:":{"0":0.8274536133},"rmse":{"0":0.9096447825},"step_rmse":{"0":[0.7034437656,0.7819858789,0.796671927,0.8124849796,0.8659492731,0.8917965293,0.9204730988,0.9463401437,0.9742443562,0.9916040301,1.0269694328,1.0708585978,1.0841373205,1.0921965837,1.1167725325,1.1300418377,1.080416441,1.0674269199,1.1041977406,1.0262352228,0.9903967381,0.9431851506,0.9399738908,0.8676242828,0.8325495124,0.7953235507,0.8223283887,0.7851420045,0.7759288549,0.7747874856,0.7556866407,0.7409291267,0.6997323036,0.7124830484,0.6844519377,0.6936036944,0.6849387884,0.6684557199,0.6801261306,0.6704545021,0.672115922,0.6800263524,0.6911432147,0.7059320807,0.7025952339,0.7087084651,0.6977756619,0.7602887154,0.6573885083,0.6837607026,0.7559173107,0.7556151748,0.8276280761,0.8080418706,0.8693316579,0.7811787724,0.7576887608,0.7583780885,0.7668554187,0.7318376303,0.7370366454,0.7847223282,0.765414834,0.7674227953,0.6667256355,0.6523587108,0.7093299627,0.8865269423,0.9433369637,1.1174875498,0.9774760604,1.1874839067,1.2165210247,0.9725449085,1.4556057453,1.0755389929,1.0471606255,1.1425693035,1.0847091675,0.9451416135,1.234380126,0.784858346,0.9631723166,0.890776515,0.6426500082,0.6344185472,1.0741078854,1.0961915255,0.9498394728,0.3216179013,0.1131319702,0.3273810148,0.2137522399,0.3092159033,0.3013776839,0.2496745586,0.2394152284,0.1236151308,0.1796812117]},"rmse_by_q":{"0":19.8488121033},