{"max_q":{"0":25.2792472839},"min_q":{"0":-1.0952134132},"mean_q":{"0":6.7883214951},"range_q":{"0":26.3744602203},"step_max_q":{"0":[24.0076179504,23.4890403748,24.1691093445,24.9654846191,24.908657074,24.6139736176,25.0086555481,24.3396987915,24.2650489807,22.9267845154,23.1282978058,23.5493373871,23.1578712463,23.1309013367,23.5894432068,25.2792472839,22.8934936523,23.2942581177,23.0460700989,22.8096885681,21.3316421509,20.5442962646,20.4168663025,19.7203216553,19.4419174194,18.9275798798,18.2257957458,17.737361908,17.3646965027,17.1192245483,16.1018638611,16.0860481262,15.4476947784,15.7974615097,15.6014413834,14.9176044464,14.797952652,14.6917448044,13.8869190216,13.6240921021,13.485953331,12.7343902588,12.2817440033,12.3731689453,12.1491117477,12.0289230347,11.6739826202,11.0797691345,10.977558136,11.4881324768,10.4618349075,10.9588031769,11.0256843567,10.4654922485,10.7927742004,10.2672023773,10.0368814468,9.7994747162,9.0810432434,8.6946430206,8.3391656876,8.1688814163,8.3923740387,8.1961574554,8.2896690369,8.3462963104,8.4310674667,8.3113632202,8.1509466171,7.9314460754,7.9141168594,8.0918121338,7.8918924332,7.5981626511,7.7691311836,7.8564658165,7.4946050644,7.4816246033,7.4335594177,7.3822526932,7.3329668045,7.1672592163,7.127948761,7.0874195099,7.1575779915,6.8440465927,6.8403692245,7.017821312,7.2790088654,6.6222505569,6.7443065643,6.7825860977,6.7046041489,6.4484806061,6.6675519943,6.3318300247,6.3760948181,6.3174595833,6.2738571167,6.0651273727,6.237701416,5.9556984901,5.8705615997,5.8796534538,5.7605848312,5.7609300613,5.8063979149,5.7565507889,5.5296726227,5.6105241776,5.6304998398,5.3370690346,5.7136993408,5.549015522,5.3184242249,5.5034918785,5.4888744354,5.1298108101,5.1304864883,5.4121160507,5.0704779625,4.9590072632,5.0813360214,4.8795928955,4.7850618362,4.8975291252,4.5073537827,4.5605835915,4.6700239182,4.4317979813,4.4923801422,4.5886874199,4.5680403709,4.6530761719,4.475423336,4.4867544174,4.4991908073,4.5378689766,4.4439649582,4.3261299133,4.5114917755,4.2824077606,4.1812858582,4.3594808578,4.1348605156,3.9828925133,4.1626758575,3.8994698524,1.9149429798,1.5236570835,1.7943396568,1.5729137659,1.1911025047,1.1318575144,0.9583902359,0.8263846636,0.7276583314]},"step_min_q":{"0":[4.9540243149,4.9898648262,5.3942937851,5.5573158264,5.4410400391,5.2304201126,4.7608356476,4.5543966293,4.3079805374,3.8996677399,4.0350584984,3.6793251038,0.0,0.0,0.0,0.0,0.0,0.0,0.0,0.0,0.0,0.0,0.0,0.0,0.0,0.0,0.0,0.0,0.0,0.0,0.0,0.0,0.0,-0.5885441303,-0.5902662277,-0.7934274673,-0.4543166161,-0.967851162,-0.6897778511,-0.7309858799,-0.7603778839,-1.0952134132,-0.9472341537,-0.7916245461,-0.7674484253,-0.724406004,-1.016169548,-0.7268204689,-0.4736423492,-0.5389890671,-0.6888568401,-0.5700566769,-0.8719785213,-0.4825656414,-0.4905760288,-0.5520727634,-0.437608242,-0.6139166355,-0.437420547,-0.3957555294,-0.4882211685,-0.5768509507,-0.4189093113,-0.3045200706,-0.6192295551,-0.7446820736,-0.8292775154,-0.472235024,-0.368201673,-0.7366645336,-0.8526611328,-0.9142711163,-0.3463970423,-0.3138708472,-0.3380672336,-0.4734416604,-0.3800449371,-0.296333909,-0.4373577833,-0.3245528936,-0.2923372984,-0.5013897419,-0.583239913,-0.3510507345,-0.298112452,-0.3542530537,-0.3029075861,-0.4180972576,-0.4234473705,-0.3315854073,-0.1161834002,-0.2161500454,-0.2159656286,-0.105461061,-0.1521022916,-0.3898891211,-0.1426863074,-0.1129192114,-0.1881799698,-0.2002288103,-0.2448775768,-0.3025592566,-0.0959757566,-0.1635653973,-0.2679731846,-0.2441625595,-0.3047343493,-0.2853050232,-0.3114653826,-0.3562042713,-0.3594077826,-0.2970736027,-0.4015251398,-0.4611672163,-0.3722834587,-0.2863500118,-0.2710558176,-0.3629001379,-0.1351031065,0.0,0.0,0.0,0.0,0.0,0.0,-0.0235471725,-0.1725790501,-0.2107239962,-0.0791780949,-0.1145164967,-0.1578965187,-0.1029248238,0.0,0.0,-0.0225620866,-0.0122626424,0.0,-0.0709135532,-0.0816910267,-0.0695403218,-0.0085240602,0.0,0.0,-0.0340698957,0.0,0.0,0.0,-0.0270498991,0.0,-0.1536026001,-0.159673214,-0.1343306899,-0.3697800636,-0.1834091544,0.0,0.0,0.0]},"step_mean_q":{"0":[11.8415937424,11.8698177338,11.8813495636,11.9416179657,11.9854679108,12.0072212219,11.9683113098,11.9534244537,11.8880157471,11.8067522049,11.6997327805,11.5810422897,11.4507646561,11.2903137207,11.1027374268,10.9286594391,10.737660408,10.4984331131,10.259188652,10.0211734772,9.781452179,9.5027666092,9.2342224121,8.955537796,8.6792764664,8.3793268204,8.0820808411,7.7905025482,7.4940714836,7.2053208351,6.9210448265,6.65294981,6.3743290901,6.1097960472,5.8587756157,5.6053619385,5.3613615036,5.1334962845,4.9002904892,4.6773357391,4.4658341408,4.2706842422,4.0642561913,3.8692193031,3.6993324757,3.5304613113,3.3987329006,3.2654378414,3.142064333,3.0248053074,2.9315638542,2.8391771317,2.7656908035,2.6940219402,2.6390388012,2.5975499153,2.5332958698,2.5027980804,2.4563262463,2.4363415241,2.4035313129,2.3828980923,2.3585577011,2.3325235844,2.3180241585,2.2674612999,2.2669570446,2.2616460323,2.2210390568,2.2168588638,2.1816282272,2.1820144653,2.1842806339,2.1682927608,2.1910634041,2.2205007076,2.2005653381,2.1806235313,2.1829633713,2.1244809628,2.0854554176,2.040156126,1.9610084295,1.9925228357,1.9986834526,1.9909058809,1.935978055,1.922197938,1.906506896,1.8820112944,1.9671171904,1.9966642857,1.9601303339,1.977011919,1.9784898758,1.9747946262,1.9792987108,1.9723436832,1.9877517223,2.0227820873,1.9444413185,1.9200377464,1.9960296154,1.9690905809,2.0077776909,2.0375580788,2.0437335968,2.043380022,2.04383111,2.0247552395,1.8222923279,1.8736257553,1.9194372892,1.9368722439,1.8478230238,1.8419289589,1.8812811375,1.9042544365,1.9172194004,1.9071557522,1.898432374,1.8953667879,1.8489980698,1.8928940296,1.6281796694,1.6150009632,1.5024921894,1.5400182009,1.4425396919,1.424890399,1.2944185734,1.3065707684,1.4410523176,1.4545916319,1.4443634748,1.4480776787,1.2907582521,1.294424057,1.3155543804,1.3729605675,1.4450181723,1.5755987167,1.7227703333,1.7170351744,1.9089567661,1.7290260792,2.2486891747,2.026001215,1.032058239,0.6850272417,0.8173332214,0.7192915678,0.4106612206,0.47422418,0.9583902359,0.8263846636,0.7276583314]},"episodes_still_running":{"0":[4096.0,4096.0,4096.0,4096.0,4096.0,4096.0,4096.0,4096.0,4096.0,4096.0,4096.0,4096.0,4095.0,4095.0,4095.0,4095.0,4095.0,4094.0,4094.0,4094.0,4094.0,4094.0,4094.0,4094.0,4094.0,4094.0,4094.0,4094.0,4094.0,4094.0,4094.0,4094.0,4094.0,4094.0,4094.0,4094.0,4092.0,4089.0,4088.0,4086.0,4079.0,4065.0,4060.0,4048.0,4019.0,3997.0,3953.0,3904.0,3841.0,3776.0,3687.0,3585.0,3486.0,3374.0,3234.0,3095.0,2959.0,2812.0,2661.0,2518.0,2382.0,2234.0,2100.0,1963.0,1832.0,1710.0,1575.0,1460.0,1359.0,1270.0,1165.0,1075.0,997.0,927.0,843.0,778.0,717.0,665.0,618.0,586.0,547.0,501.0,475.0,435.0,401.0,368.0,342.0,326.0,296.0,277.0,254.0,237.0,222.0,212.0,194.0,183.0,170.0,161.0,153.0,142.0,131.0,122.0,115.0,106.0,98.0,94.0,83.0,79.0,72.0,70.0,66.0,63.0,58.0,52.0,50.0,45.0,43.0,41.0,36.0,33.0,31.0,27.0,25.0,25.0,22.0,22.0,22.0,19.0,18.0,14.0,14.0,14.0,12.0,12.0,10.0,10.0,10.0,10.0,9.0,8.0,7.0,7.0,6.0,6.0,5.0,5.0,4.0,3.0,2.0,2.0,2.0,2.0,2.0,2.0,1.0,1.0,1.0]},