{"max_q":{"0":17.3749408722},"min_q":{"0":-1.6644258499},"mean_q":{"0":6.717083931},"range_q":{"0":19.0393676758},"step_max_q":{"0":[10.3218650818,10.6258955002,10.7314558029,10.9850893021,11.2960977554,11.6906805038,12.26902771,11.9721212387,14.1935596466,14.0737895966,14.657828331,15.5278673172,15.4121723175,17.3749408722,17.1367588043,16.024641037,14.3880147934,16.2991504669,14.3325414658,14.5064401627,12.1657514572,12.4503526688,13.9453582764,13.5103530884,11.6805591583,11.4998912811,11.9003953934,12.6841745377,10.9954690933,11.9688282013,9.9195041656,5.1028232574,4.5582437515,3.2967727184]},"step_min_q":{"0":[7.67390728,7.7267284393,7.7959799767,7.796318531,7.0798773766,7.2362194061,7.6290807724,6.3442487717,6.1162643433,4.8021631241,3.692709446,3.2888450623,2.9369125366,2.2607946396,1.855997324,1.2583622932,0.0170373917,0.3837411404,-0.6841915846,-0.7731992006,-1.6644258499,-0.7492455244,-0.4984600842,-0.6979606152,-0.6825527549,-1.1602072716,-0.7132227421,-0.8701699972,-0.6615149379,-0.9023270011,-0.6354970932,-0.3650912642,0.0,0.0]},"step_mean_q":{"0":[9.0483551025,9.2933864594,9.4789876938,9.6135292053,9.9202842712,10.2974338531,10.4148273468,9.5120124817,9.3371448517,8.6708583832,8.0775756836,7.8982791901,7.3072462082,7.1072206497,6.4642114639,6.1791181564,5.3640732765,4.9256391525,4.3518919945,3.775343895,3.4550850391,3.1651463509,3.0716602802,2.9178187847,3.0546610355,3.36596632,3.6778278351,3.7004616261,2.9696097374,2.6953730583,2.2214136124,1.918492794,2.4292063713,1.7657678127]},"episodes_still_running":{"0":[4096.0,4096.0,4096.0,4096.0,4096.0,4096.0,4096.0,4096.0,4096.0,4096.0,4096.0,4096.0,4096.0,4096.0,4096.0,4096.0,4096.0,4096.0,4096.0,4092.0,4048.0,3944.0,3804.0,3524.0,3236.0,2604.0,2100.0,1544.0,956.0,500.0,208.0,52.0,16.0,8.0]},"step_range_q":{"0":[2.6479578018,2.8991670609,2.9354758263,3.188770771,4.2162203789,4.4544610977,4.6399469376,5.627872467,8.0772953033,9.2716264725,10.9651184082,12.2390222549,12.4752597809,15.1141462326,15.2807617188,14.7662792206,14.3709774017,15.9154090881,15.0167331696,15.2796392441,13.8301773071,13.1995983124,14.4438180923,14.208313942,12.363111496,12.6600990295,12.613617897,13.5543441772,11.6569843292,12.8711547852,10.5550012589,5.4679145813,4.5582437515,3.2967727184]},"mean_loss:":{"0":1.2680375576},"rmse":{"0":1.1260716915},"step_rmse":{"0":[0.3370591104,0.3082019687,0.2624471188,0.2623990476,0.2102742046,0.2088811994,0.1720757931,0.4988546073,0.6986599565,0.8165822029,1.1054956913,1.3296052217,1.6476681232,1.7992460728,1.7465592623,1.6803382635,1.6159859896,1.4814631939,1.3686230183,1.3460549116,1.1945781708,1.1461308002,1.0858695507,1.0912545919,0.9937345982,1.1019397974,1.1802703142,1.1951694489,1.3175098896,1.3279167414,1.6905889511,1.5410045385,1.4170497656,0.6822219491]},"rmse_by_q":{"0":16.7642936707},"step_rmse_by_q":{"0":[3.7250871658,3.3163580894,2.7687251568,2.7294766903,2.1196389198,2.0284781456,1.6522192955,5.2444696426,7.4825868607,9.417547226,13.6859836578,16.8341121674,22.548412323,25.3157463074,27.018907547,27.1938209534,30.1260986328,30.0765666962,31.4489192963,35.6538352966,34.5744934082,36.2109909058,35.3512268066,37.3996696472,32.5317459106,32.7376976013,32.0915031433,32.2978477478,44.3664321899,49.2665290833,76.1041946411,80.3237075806,58.3338546753,38.6359939575]},"mean_error":{"0":0.6771723032},"step_mean_error":{"0":[0.2643465996,0.2052495778,0.1939365119,0.1894080043,0.1584982574,0.1864927262,0.1341248453,0.3852006793,0.5213454366,0.5841543674,0.8001804948,0.9493939877,1.1435322762,1.2317209244,1.2132637501,1.1981940269,1.1052498817,1.0217423439,0.9272166491,0.8599743843,0.7550935149,0.7151840925,0.6601102948,0.6505106091,0.6052188873,0.7020400763,0.7893608212,0.822104156,0.9242110848,0.9245955348,1.2081912756,1.2762923241,1.2225378752,0.6242409348]},"mean_q_deviation":{"0":53.6355361938},"step_mean_q_deviation":{"0":[3.1188566685,2.3716468811,2.1928191185,2.1043961048,1.6817342043,1.8650945425,1.3042149544,3.933658123,5.5241451263,6.4292817116,9.2242288589,11.3065605164,14.2300157547,16.0387859344,18.3374500275,19.4064502716,20.009677887,21.3837471008,26.8107299805,33.4845657349,41.2207641602,87.8158416748,57.4418258667,291.6331481934,93.7184524536,212.8278503418,165.6353759766,467.1913757324,779.5330200195,667.3298950195,569.3568115234,487.0278015137,194.4443511963,171.5000152588]},"mean_range_deviation":{"0":3.2276387215},"step_mean_range_deviation":{"0":[8.5344743729,6.2997860909,5.9749355316,4.9395747185,4.1011919975,4.2844481468,2.7436387539,5.8585124016,5.7910971642,4.1509084702,6.3706030846,6.7579612732,6.6661453247,7.5535335541,7.4232211113,7.730284214,7.317047596,7.3535957336,6.7092323303,6.3778400421,5.8119387627,5.4521741867,4.7354402542,3.2577688694,4.7732849121,5.8508419991,6.1225018501,6.5750851631,8.2470293045,9.7306699753,12.0668773651,14.6282644272,31.4932193756,24.8547534943]},"epoch":{"0":80},"mask_name":{"0":"enemy_shield"},"map_name":{"0":"5m_vs_6m"}}