{"max_q":{"0":15.3085460663},"min_q":{"0":-0.3453321457},"mean_q":{"0":8.9139347076},"range_q":{"0":15.653878212},"step_max_q":{"0":[11.5238552094,11.8726177216,12.11926651,12.6181182861,12.886264801,12.8149337769,14.2463417053,13.6985588074,14.2152080536,14.5256309509,14.674703598,14.9641819,14.7381820679,14.7728996277,14.5273418427,13.8264942169,14.5801086426,13.4806175232,14.3369941711,14.5529880524,14.4917488098,13.4333877563,15.3085460663,15.1136512756,14.4983940125,13.314250946,13.7482128143,12.5617103577,9.3050842285,8.8432683945,6.8037452698,5.0851159096,3.6146416664,2.8862748146]},"step_min_q":{"0":[11.3810787201,10.6852111816,9.2277431488,11.2760257721,8.7606334686,8.494720459,7.3049888611,6.7191858292,5.4541187286,4.0528259277,3.3838167191,3.0087878704,2.38945508,1.2389295101,0.7160153389,0.2882521152,-0.0043997765,-0.1297636032,-0.3067376614,-0.3360712528,-0.3453321457,-0.3376772404,-0.3080739975,-0.3020963669,-0.3341193199,-0.3240003586,-0.2883102894,-0.166867733,-0.1471199989,-0.0625700951,-0.0458140373,0.0,0.0,0.0]},"step_mean_q":{"0":[11.3812179565,11.8714580536,12.1164426804,12.6168079376,12.7220926285,12.6438999176,12.8338127136,11.9964523315,11.5680389404,10.9718809128,10.5370197296,10.0437450409,9.627532959,9.1694602966,8.6061420441,8.2334213257,7.7633328438,7.3108043671,6.5800418854,6.2587900162,5.9726438522,5.7837347984,5.6021447182,5.4901666641,5.298658371,5.0733771324,4.3386831284,3.770632267,2.6038033962,2.2863147259,1.8332103491,2.457242012,2.0386333466,2.8862748146]},"episodes_still_running":{"0":[4096.0,4096.0,4096.0,4096.0,4096.0,4096.0,4096.0,4096.0,4096.0,4096.0,4096.0,4096.0,4096.0,4096.0,4096.0,4096.0,4096.0,4096.0,4096.0,4096.0,4064.0,3996.0,3892.0,3756.0,3640.0,3184.0,2464.0,1680.0,1052.0,580.0,292.0,92.0,24.0,4.0]},"step_range_q":{"0":[0.1427764893,1.1874065399,2.8915233612,1.342092514,4.1256313324,4.3202133179,6.9413528442,6.9793729782,8.761089325,10.4728050232,11.290886879,11.9553937912,12.3487272263,13.5339698792,13.8113269806,13.5382423401,14.5845088959,13.6103811264,14.6437320709,14.8890590668,14.8370809555,13.7710647583,15.6166200638,15.4157476425,14.8325138092,13.6382513046,14.0365228653,12.7285785675,9.4522037506,8.9058380127,6.8495593071,5.0851159096,3.6146416664,2.8862748146]},"mean_loss:":{"0":3.0488967896},"rmse":{"0":1.7461090088},"step_rmse":{"0":[1.4645446539,1.5690331459,1.6143786907,1.7631131411,1.4024068117,1.4148049355,0.7148815393,1.080807209,1.2240377665,1.4258458614,1.4381916523,1.6567639112,1.7709320784,1.9382990599,2.1888887882,2.0965437889,2.1338047981,2.0136482716,2.0017435551,1.9571559429,1.9461112022,1.8837854862,1.8470994234,1.8133486509,1.8409771919,1.9570003748,1.9007951021,2.0520608425,2.061773777,1.9491169453,2.0306861401,2.7714748383,2.8753864765,2.4262208939]},"mean_error":{"0":1.3042947054},"step_mean_error":{"0":[1.0148766041,1.0834378004,1.1064077616,1.205010891,1.0049977303,1.0595047474,0.5879533291,0.871417582,0.9885634184,1.1464188099,1.1593668461,1.3305079937,1.42444098,1.5678747892,1.7405190468,1.6660318375,1.6690738201,1.5685851574,1.5490717888,1.4947984219,1.4745255709,1.4112288952,1.3596577644,1.3586168289,1.3737996817,1.4595538378,1.4069075584,1.5491704941,1.5193753242,1.4989871979,1.531208396,2.1941504478,2.4484922886,2.4262208939]},"mean_deviation":{"0":6.596549511},"step_mean_deviation":{"0":[15.9431066513,15.7863426208,15.569896698,15.4521656036,13.0053472519,13.4797115326,7.1268043518,9.0148649216,8.4125070572,9.1513652802,8.2748098373,10.7240362167,10.9118309021,10.4980688095,12.9841785431,12.5974521637,12.2057304382,12.327750206,11.9976015091,12.170165062,10.5646038055,9.5126152039,10.9654035568,12.8160133362,12.9492015839,9.3488082886,12.218960762,10.9458808899,14.1161336899,15.7874469757,17.1944313049,24.4746360779,21.9261474609,527.3776245117]},"epoch":{"0":105},"mask_name":{"0":"everything"},"map_name":{"0":"5m_vs_6m"}}