{"max_q":{"0":24.9353408813},"min_q":{"0":-1.2757064104},"mean_q":{"0":5.3158025742},"range_q":{"0":26.2110481262},"step_max_q":{"0":[18.5520172119,19.88306427,20.0926399231,20.7730236053,24.9353408813,22.9036445618,20.9021263123,20.7529697418,19.8014011383,19.5855388641,20.1829299927,20.2952270508,19.1656303406,19.4576740265,19.4522075653,19.8815078735,18.9321842194,20.2059726715,18.4529800415,18.4582366943,19.867061615,19.2503223419,20.0783252716,17.2718029022,18.0297641754,17.2550258636,20.288312912,17.6907100677,17.4211177826,19.3662834167,17.3032169342,16.677148819,16.7677249908,17.4276103973,18.0662021637,16.6195297241,16.4438476562,18.1265144348,12.3753204346,14.4952821732,10.5723438263,11.2125034332,13.5283679962,9.9727840424,10.3378868103,10.239233017,10.4172363281,10.0788326263,10.227435112,9.1202964783,11.0914239883,11.6043958664,11.9055271149,6.9215502739,7.5881953239,9.1263771057,8.7755365372,10.5906801224,9.7372570038,10.3427267075,7.1621875763,6.9227347374,7.0747690201,7.3024582863,6.9463915825,7.3238201141,7.2050948143,8.3234910965,6.9353199005,6.6559762955,7.1756367683,6.9172358513,7.1674714088,4.4953804016,4.3701267242,4.4332633018,4.4965720177,4.5625815392,4.6053957939,5.3659625053,3.703813076,3.7199296951,3.6974973679,4.0490164757,5.0483870506,5.0715460777,5.0938329697,5.0709991455,5.2919483185,0.2839628458,0.2300209403,0.2362727672,0.1107578725,0.2089069635,0.0,0.1602282673,0.0,0.0]},"step_min_q":{"0":[1.7440749407,1.5743229389,0.0,0.0,-0.222342968,-0.2228852212,0.0,-0.0528996438,-0.2127456367,-0.2260848135,-0.1140563786,-0.4371934831,-0.4385521114,-0.5910850167,-0.5831295848,-0.6524720788,-0.4500351548,-0.4125699997,-0.5109347105,-0.5489188433,-0.4788841605,-0.4779953361,-1.0838391781,-0.669737041,-0.507350564,-0.6097146273,-0.826536119,-0.9591712356,-0.9562501907,-0.736712873,-0.6544944644,-0.6150382161,-0.6443354487,-0.6473070383,-0.7950444818,-0.7798683047,-0.780733943,-0.7696540952,-0.7571807504,-0.7519961596,-0.8477283716,-1.2757064104,-0.5929046273,-0.4563242793,-0.7269969583,-0.6459094286,-0.6086642146,-0.5656994581,-0.6778657436,-0.7188135982,-0.6341692209,-0.7064058781,-0.5499300957,-0.7391283512,-0.9052500725,-0.6862077117,-0.3730158508,-0.3635438383,-0.4296800792,-0.3786908388,-0.4998787642,-0.4984099567,-0.334454298,-0.4500792921,-0.4487793148,-0.3813339174,-0.4344113171,-0.7044501305,-0.4730572999,-0.5596625805,-0.3674507141,-0.2813911438,-0.7200810909,-0.1815834641,0.0,-0.0482633114,-0.25903669,-0.2871509194,0.0,0.0,0.0,0.0,0.0,0.0,0.0,0.0,-0.0741428137,0.0,-0.2606532872,-0.3487654924,-0.1539468616,0.0,0.0,0.0,-0.0432079919,0.0,-0.1250459105,-0.1785446852]},"step_mean_q":{"0":[9.2585639954,9.3306398392,9.3059606552,9.2412891388,9.127448082,8.9493198395,8.837975502,8.6559028625,8.4988584518,8.2639560699,7.9807543755,7.7338933945,7.3679862022,6.993224144,6.6192674637,6.2032556534,5.7998137474,5.3797907829,4.9884915352,4.5771617889,4.1793117523,3.8062951565,3.419352293,3.1005337238,2.7852368355,2.5113353729,2.3287613392,2.1668176651,2.0614082813,1.9236723185,1.8192523718,1.757039547,1.6809595823,1.6286956072,1.5710994005,1.5205392838,1.4847698212,1.4516922235,1.4021738768,1.3690805435,1.3416171074,1.3455319405,1.3142166138,1.2543135881,1.2479275465,1.2645052671,1.217915535,1.1618043184,1.2003997564,1.245877862,1.2264478207,1.2423404455,1.2530033588,1.2030280828,1.2256962061,1.2417682409,1.3059715033,1.2153306007,1.2648886442,1.3138611317,1.2351075411,1.2890093327,1.2221659422,1.255363822,1.2299103737,1.2504534721,1.281239748,1.3440470695,1.4017236233,1.335739851,1.3161720037,1.5158935785,1.5875060558,1.3522658348,1.4278454781,1.4605289698,1.3814826012,1.4901391268,1.8835500479,1.8285939693,1.3881690502,1.4282991886,1.2912452221,1.3844975233,1.6127022505,1.5113669634,1.442530632,1.3800525665,1.3602433205,0.0480892397,0.0380370393,0.1914087683,0.0733637959,0.2089069635,-0.0432079919,0.1602282673,-0.1250459105,-0.1785446852]},"episodes_still_running":{"0":[4096.0,4096.0,4093.0,4084.0,4080.0,4077.0,4068.0,4065.0,4062.0,4053.0,4042.0,4039.0,4027.0,4014.0,3989.0,3952.0,3903.0,3851.0,3805.0,3754.0,3678.0,3611.0,3533.0,3439.0,3318.0,3208.0,3080.0,2946.0,2784.0,2641.0,2484.0,2336.0,2183.0,2035.0,1890.0,1736.0,1604.0,1482.0,1360.0,1231.0,1123.0,1015.0,907.0,825.0,761.0,687.0,628.0,568.0,504.0,449.0,404.0,352.0,309.0,275.0,243.0,214.0,193.0,169.0,152.0,134.0,122.0,107.0,100.0,88.0,82.0,72.0,67.0,58.0,51.0,40.0,38.0,33.0,29.0,25.0,21.0,19.0,19.0,17.0,12.0,10.0,9.0,7.0,7.0,7.0,6.0,6.0,6.0,4.0,4.0,3.0,2.0,2.0,2.0,1.0,1.0,1.0,1.0,1.0]},"step_range_q":{"0":[16.8079414368,18.3087406158,20.0926399231,20.7730236053,25.1576843262,23.1265296936,20.9021263123,20.8058700562,20.0141468048,19.811624527,20.2969856262,20.7324199677,19.604183197,20.0487594604,20.0353374481,20.5339794159,19.3822193146,20.6185417175,18.9639148712,19.0071563721,20.3459453583,19.7283172607,21.1621646881,17.9415397644,18.537115097,17.8647403717,21.1148490906,18.6498813629,18.377368927,20.1029968262,17.9577121735,17.2921867371,17.4120597839,18.0749168396,18.861246109,17.3993988037,17.2245807648,18.8961677551,13.1325016022,15.2472782135,11.4200725555,12.4882097244,14.1212730408,10.4291086197,11.0648841858,10.8851423264,11.0259008408,10.6445322037,10.9053010941,9.8391103745,11.7255935669,12.310801506,12.4554576874,7.6606788635,8.4934453964,9.812584877,9.1485519409,10.9542236328,10.1669368744,10.7214174271,7.6620664597,7.4211444855,7.4092235565,7.7525377274,7.3951706886,7.7051539421,7.63950634,9.0279407501,7.4083771706,7.2156391144,7.5430874825,7.1986269951,7.8875522614,4.6769638062,4.3701267242,4.4815263748,4.7556085587,4.849732399,4.6053957939,5.3659625053,3.703813076,3.7199296951,3.6974973679,4.0490164757,5.0483870506,5.0715460777,5.1679759026,5.0709991455,5.5526018143,0.6327283382,0.3839678168,0.2362727672,0.1107578725,0.2089069635,0.0432079919,0.1602282673,0.1250459105,0.1785446852]},"mean_loss:":{"0":0.8549937606},"rmse":{"0":0.9246587157},"step_rmse":{"0":[0.7294954658,0.7773126364,0.7862639427,0.8337420225,0.8683900833,0.9084255695,0.9159832597,0.9790662527,0.9922101498,1.0477972031,1.0752077103,1.0888149738,1.1088211536,1.1037938595,1.1311224699,1.1060922146,1.0913131237,1.0837925673,1.0393842459,1.035066247,1.0412340164,1.0212169886,0.9575971365,0.9315565825,0.9398314357,0.9123818278,0.911970973,0.8868312836,0.8708596826,0.8417170048,0.8233774304,0.7618098855,0.752024889,0.7443162203,0.7333400846,0.7061891556,0.7084290981,0.6603569388,0.652250886,0.6305428743,0.6303693652,0.593796134,0.6167602539,0.5868035555,0.5600234866,0.6157674789,0.5568469167,0.5760791302,0.5727527738,0.5886816978,0.662694633,0.6572676301,0.640345335,0.622956574,0.6197341084,0.6535376906,0.6940667033,0.7069075108,0.6440678239,0.5919346213,0.6088208556,0.6075122356,0.6819260716,0.6347539425,0.6186100245,0.6471543312,0.6794658899,0.7092738152,0.6531150341,0.7698481083,0.6699985266,0.8785653114,0.8004859686,0.6308057308,0.7469192147,0.7996485233,0.7209695578,0.785695672,0.839653194,0.6238803864,0.5777468085,0.6546642184,0.5694226623,0.5210239291,0.4644240439,0.4783301055,0.5938928127,1.1122978926,0.9299346805,0.5151559711,0.3244298697,0.5000862479,0.4021654129,0.2496666163,0.3115228415,0.0563735813,0.0176299661,0.1884390563]},"rmse_by_q":{"0":17.394525528},