{"max_q":{"0":22.419631958},"min_q":{"0":-1.8920792341},"mean_q":{"0":6.6860628128},"range_q":{"0":24.3117103577},"step_max_q":{"0":[20.556892395,21.5805835724,21.3311653137,21.8718280792,20.8365383148,22.419631958,21.7540969849,21.8731918335,21.310874939,21.3748340607,21.3848953247,20.9207210541,20.1825771332,19.9005470276,19.6065139771,19.1078853607,19.3395843506,18.2665863037,18.6219100952,17.4912452698,17.141544342,15.7859745026,15.4449977875,13.9596633911,13.6150913239,13.7761039734,12.8294057846,11.9706039429,13.1481513977,12.1567344666,11.6396369934,12.27455616,11.6142921448,11.5358085632,11.4586238861,10.8860359192,10.3185062408,9.7029743195,9.7840003967,9.1969614029,9.8344497681,9.448091507,9.4812269211,9.0571155548,9.6497249603,9.6677837372,8.8190994263,8.4364233017,8.5660963058,7.7555251122,8.4234485626,7.9003968239,8.1343173981,7.8128376007,9.160993576,8.4392595291,7.8878507614,7.6760473251,7.3533697128,7.5085611343,7.2803497314,8.3769855499,7.5948905945,7.6204490662,7.4010834694,7.0247411728,7.770403862,7.7213320732,6.8805370331,6.962790966,7.0060300827,6.6943011284,6.583220005,6.779841423,6.7926945686,6.7050228119,6.6029467583,6.5194811821,6.7007656097,6.8782820702,6.7136449814,6.8364729881,6.9476099014,7.0616579056,7.654083252,7.1901640892,7.0779705048,7.0858230591,7.0254740715,7.0403709412,7.3676877022,7.1049108505,7.0617647171,7.4281668663,7.6489534378,6.8861851692,6.7920413017,7.1467404366,6.5643305779,6.1305646896,6.5409064293,6.576775074]},"step_min_q":{"0":[3.8314247131,3.6439523697,0.6566671133,-0.1710488796,-0.2809859514,-0.3085458279,-0.052357316,-0.3060815334,-1.0813833475,-0.4734214544,-0.4405962229,-1.4169334173,-1.3197109699,-0.5134148598,-1.8920792341,-0.4181412458,-0.5881546736,-1.6140475273,-1.060281992,-1.4372988939,-1.2977455854,-0.705825448,-1.1820472479,-0.8799415827,-1.407583952,-1.4783537388,-1.5221213102,-1.5678582191,-1.5706301928,-1.6297614574,-0.57161057,-0.4875326455,-0.5014770031,-0.5953168869,-0.7298599482,-0.6989662051,-0.7289478779,-0.6834914684,-0.8022110462,-0.5031000376,-0.5096783638,-0.451063633,-0.3685546517,-0.4406650066,-0.5813224912,-0.3631988764,-0.2575436831,-0.3114162683,-0.4415538609,-0.2417297363,-0.260079056,-0.2973119915,-0.3208137751,-0.26488024,-0.2637126446,-0.2424759269,-0.3422114849,0.0,-0.0453597866,-0.1548370421,-0.4311691523,-0.7593842745,-0.9208686948,-1.114490509,-1.3965687752,0.0,0.0,0.0,0.0,-0.0492473245,-0.0089184642,0.0,0.0,0.0,0.0,0.0,-0.0350979567,0.0,0.0,0.0,0.0,0.0,0.0,0.0,0.0,0.0,0.0,0.0,0.0,0.0,0.0,0.0,0.0,0.0,0.0,0.0,0.0,0.0,0.0,0.0,0.0,0.0]},"step_mean_q":{"0":[10.0125741959,10.152718544,10.0232753754,9.8800497055,9.734662056,9.6111249924,9.4798269272,9.2697114944,9.0299081802,8.7466545105,8.4429016113,8.0979509354,7.7256784439,7.357550621,6.9826483727,6.630756855,6.282576561,5.9664030075,5.6720671654,5.3843917847,5.1486449242,4.9100914001,4.702208519,4.5069079399,4.3191585541,4.1706185341,4.0218601227,3.8610796928,3.7691481113,3.6136353016,3.4939796925,3.3844223022,3.2958874702,3.1877191067,3.0133793354,2.9840860367,2.8219447136,2.6680848598,2.5028717518,2.4492425919,2.4153847694,2.3678479195,2.3246157169,2.2756743431,2.3474276066,2.3711781502,2.4447157383,2.4906265736,2.3908872604,2.5148701668,2.4551603794,2.4188301563,2.6672496796,2.4811906815,2.7060580254,3.0179748535,3.0963666439,3.1271321774,2.8520257473,2.8494765759,2.813201189,2.7801969051,2.4761180878,2.7483026981,2.5771784782,2.9405715466,3.7516813278,3.1944115162,3.0907657146,3.2135546207,3.021150589,4.0847411156,4.0233464241,4.0464844704,4.0003385544,3.3871750832,3.2839243412,6.5194811821,6.7007656097,6.8782820702,6.7136449814,6.8364729881,6.9476099014,7.0616579056,7.654083252,7.1901640892,7.0779705048,7.0858230591,7.0254740715,7.0403709412,7.3676877022,7.1049108505,7.0617647171,7.4281668663,7.6489534378,6.8861851692,6.7920413017,7.1467404366,6.5643305779,6.1305646896,6.5409064293,6.576775074]},"episodes_still_running":{"0":[4096.0,4096.0,4096.0,4093.0,4091.0,4089.0,4087.0,4080.0,4071.0,4059.0,4051.0,4030.0,4008.0,3989.0,3966.0,3935.0,3901.0,3850.0,3791.0,3702.0,3627.0,3530.0,3424.0,3297.0,3168.0,3008.0,2815.0,2611.0,2347.0,2137.0,1947.0,1718.0,1527.0,1351.0,1178.0,1030.0,896.0,797.0,671.0,573.0,501.0,434.0,380.0,331.0,277.0,237.0,199.0,178.0,159.0,135.0,119.0,102.0,87.0,76.0,64.0,54.0,49.0,44.0,34.0,32.0,30.0,25.0,20.0,17.0,16.0,11.0,9.0,8.0,7.0,6.0,4.0,3.0,3.0,3.0,3.0,2.0,2.0,1.0,1.0,1.0,1.0,1.0,1.0,1.0,1.0,1.0,1.0,1.0,1.0,1.0,1.0,1.0,1.0,1.0,1.0,1.0,1.0,1.0,1.0,1.0,1.0,1.0]},"step_range_q":{"0":[16.7254676819,17.936630249,20.6744976044,22.0428771973,21.1175251007,22.7281780243,21.8064537048,22.1792736053,22.3922576904,21.8482551575,21.8254909515,22.3376541138,21.5022888184,20.4139614105,21.4985923767,19.5260257721,19.9277381897,19.8806343079,19.6821918488,18.9285449982,18.439289093,16.4918003082,16.6270446777,14.8396053314,15.0226755142,15.2544574738,14.3515272141,13.5384616852,14.7187814713,13.7864961624,12.2112474442,12.7620887756,12.1157693863,12.1311254501,12.1884841919,11.5850019455,11.0474538803,10.3864660263,10.5862112045,9.7000617981,10.344127655,9.8991546631,9.8497819901,9.4977807999,10.2310476303,10.0309829712,9.0766429901,8.7478399277,9.0076503754,7.9972548485,8.6835279465,8.1977090836,8.4551315308,8.0777177811,9.424706459,8.6817350388,8.2300624847,7.6760473251,7.3987293243,7.6633982658,7.7115187645,9.1363697052,8.5157594681,8.7349395752,8.7976522446,7.0247411728,7.770403862,7.7213320732,6.8805370331,7.0120382309,7.0149483681,6.6943011284,6.583220005,6.779841423,6.7926945686,6.7050228119,6.6380448341,6.5194811821,6.7007656097,6.8782820702,6.7136449814,6.8364729881,6.9476099014,7.0616579056,7.654083252,7.1901640892,7.0779705048,7.0858230591,7.0254740715,7.0403709412,7.3676877022,7.1049108505,7.0617647171,7.4281668663,7.6489534378,6.8861851692,6.7920413017,7.1467404366,6.5643305779,6.1305646896,6.5409064293,6.576775074]},"mean_loss:":{"0":1.2337144613},"rmse":{"0":1.1107269526},"step_rmse":{"0":[1.0377075672,1.0827912092,1.1200795174,1.1207181215,1.1869792938,1.228474021,1.2831041813,1.3188171387,1.2924865484,1.2966088057,1.290517211,1.2578754425,1.2269331217,1.2019126415,1.2087792158,1.1805992126,1.1587409973,1.1384216547,1.1159670353,1.0966895819,1.0616717339,1.0335499048,0.9884860516,0.9729542136,0.977760613,0.9648323655,0.9562034011,0.9299554229,0.9197681546,0.902823925,0.9003130198,0.8858457208,0.9302126765,0.9109957814,0.9249572754,0.8929481506,0.9016396403,0.8003200889,0.792976737,0.7728315592,0.81338799,0.7957906127,0.757620275,0.7842187285,0.7565001249,0.7468599081,0.768237412,0.8000196815,0.7576470971,0.8338999748,0.8298633695,0.8055860996,0.768902123,0.8114601374,0.8768327832,0.9502292871,0.8907535672,0.8237652779,0.9470171332,0.7263075709,0.6570495367,0.560031414,0.5794020891,0.7786824107,0.950307548,1.136687398,1.3090378046,1.6331139803,2.0734965801,0.4651236534,0.0982608199,0.6289471984,0.8137305379,0.0747145787,0.2200084776,0.2766269147,0.4303912818,0.5734286308,0.206697464,0.0064225197,0.3990659714,0.2169537544,0.0197272301,0.1175246239,0.5943365097,0.0861945152,0.1813492775,0.2584247589,0.2908859253,0.2036094666,0.3045525551,0.2165856361,0.1829810143,0.4943628311,0.6104140282,0.0895524025,0.164683342,0.2344770432,0.1352972984,0.2666482925,0.0399880409,0.2506165504]},"rmse_by_q":{"0":16.6125717163},