{"max_q":{"0":25.5714645386},"min_q":{"0":-1.3381232023},"mean_q":{"0":6.776447773},"range_q":{"0":26.9095878601},"step_max_q":{"0":[19.0185546875,22.3101158142,23.8592948914,23.4637680054,23.9096775055,25.5714645386,23.8860588074,23.060295105,23.7807216644,22.9894294739,23.003036499,22.0122585297,22.0454692841,22.3338832855,22.4544124603,22.2094745636,21.2660217285,22.3354530334,22.214132309,21.919500351,22.061876297,20.3367118835,20.8228702545,18.7873573303,18.7068481445,18.1888198853,18.004360199,17.5258560181,17.3103485107,16.9154510498,16.1676025391,16.6075267792,16.5141048431,15.8792848587,15.414150238,15.4802017212,15.0820913315,14.8087882996,14.4776182175,13.7416353226,13.588965416,12.6221885681,12.4576921463,11.795375824,12.1466321945,12.0277261734,12.2177963257,11.8636322021,11.5318870544,11.0137891769,11.1964483261,10.9992742538,10.826300621,10.1631984711,10.1017141342,10.0117683411,10.5708961487,10.3000268936,10.1419610977,10.1374969482,10.3227643967,10.0573072433,9.9980821609,9.944729805,10.0003852844,9.3282117844,9.4312849045,9.1017446518,9.3516359329,9.1265516281,8.9434051514,8.4286499023,9.2771625519,9.2283420563,9.0788507462,8.4576215744,8.1459589005,7.9631171227,8.0516881943,7.5644006729,7.9658579826,7.4507870674,7.5400652885,6.9630060196,6.4715094566,6.3734736443,6.5059256554,6.4856705666,6.6512827873,6.7830195427,6.5512905121,6.6276965141,6.4869146347,6.3887543678,6.2498345375,6.456597805,6.0062508583,6.0563964844,5.9508256912,5.8997073174,6.2259583473,5.8097763062,5.9272890091,5.8190193176,6.1011652946,6.2402610779,5.7920446396,5.9082016945,6.0159077644,5.5849442482,5.6116147041,6.0989332199,5.6763634682,5.485253334,6.0401682854,6.3435139656,6.2486567497,5.465690136,6.2985816002,4.9177823067,4.854537487,4.7910809517,4.7354245186,4.6938786507,4.6656389236,4.7502732277,4.6324191093,4.6219105721,4.6137566566,3.7193264961,3.6219134331,3.6068515778,4.2664680481,4.2014613152,4.1788868904,4.1121768951,4.0065264702,3.9738378525,3.8989138603,3.6067676544,3.8801746368,3.783188343,3.5296649933,3.7810049057,3.6992020607,3.4223308563,3.6788191795,3.2701516151,2.8632674217,2.8197288513,2.8327007294,2.7950649261,2.4603204727,2.6487278938,2.114543438,2.0021483898,2.1519498825]},"step_min_q":{"0":[6.0481467247,7.5384020805,6.539077282,6.2981853485,5.7009181976,5.9516377449,5.5117764473,5.1675691605,5.8547172546,5.4240245819,5.5060167313,5.006374836,0.0,0.0,0.0,0.0,0.0,0.0,0.0,0.0,0.0,0.0,0.0,0.0,0.0,0.0,-0.0566042662,-0.1439749002,-0.050288558,-0.3362615108,-0.5104824305,-0.5531915426,-0.5952996016,-0.900982976,-1.0146745443,-1.0466741323,-1.1191481352,-1.2995451689,-1.2934607267,-1.2815231085,-1.3381232023,-1.006359458,-1.0878785849,-1.0653151274,-1.0897454023,-0.9899469614,-1.0632740259,-0.8952389956,-0.958047986,-1.0155974627,-0.8382519484,-0.8203293085,-0.768319726,-0.7589731216,-0.7809122801,-0.7630213499,-0.777005434,-0.7044311762,-0.6746352911,-0.6339206696,-0.43244946,-0.4487167597,-0.4712536335,-0.4120649099,-0.4398444891,-0.3915686607,-0.5010302067,-0.320519805,-0.310508132,-0.4318139553,-0.476111412,-0.4858142138,-0.4508405924,-0.4340940714,-0.3587118387,-0.3580918312,-0.2617110014,-0.737393856,-0.7088372707,-0.7176926136,-0.5777066946,-0.1118350029,0.0,0.0,0.0,0.0,0.0,0.0,0.0,0.0,0.0,0.0,0.0,0.0,0.0,0.0,0.0,0.0,0.0,0.0,0.0,0.0,0.0,0.0,0.0,0.0,0.0,0.0,0.0,0.0,0.0,0.0,0.0,0.0,0.0,0.0,0.0,0.0,0.0,0.0,0.0,0.0,0.0,0.0,0.0,0.0,0.0,0.0,0.0,0.0,0.0,0.0,0.0,0.0,0.0,0.0,0.0,0.0,0.0,0.0,0.0,0.0,0.0,0.0,0.0,0.0,0.0,0.0,0.0,0.0,0.0,0.0,0.0,0.0,0.0,0.0,0.0]},"step_mean_q":{"0":[11.8433017731,11.9262008667,11.9258270264,11.9845914841,11.9358358383,11.9626150131,11.9400997162,11.8949623108,11.8399791718,11.779671669,11.662528038,11.536989212,11.3675775528,11.2026968002,11.0172595978,10.8243951797,10.6240005493,10.3858757019,10.1595659256,9.9205465317,9.6709375381,9.4006738663,9.1392192841,8.8626651764,8.5730543137,8.2731132507,7.9830312729,7.7017250061,7.4207396507,7.1306734085,6.8539876938,6.5947213173,6.3239431381,6.0663409233,5.8114609718,5.5647578239,5.3297772408,5.0972929001,4.8734741211,4.6626024246,4.462864399,4.2749662399,4.0771832466,3.8920743465,3.7342214584,3.5762937069,3.4476590157,3.3187453747,3.2089800835,3.0866150856,3.0042185783,2.9316470623,2.8566584587,2.7969276905,2.7437028885,2.7049121857,2.6559977531,2.6217768192,2.5653264523,2.5399265289,2.5091302395,2.4780533314,2.443944931,2.3997631073,2.3793606758,2.3287160397,2.3087217808,2.2981462479,2.2778339386,2.2679338455,2.2196116447,2.2052853107,2.2055683136,2.2112371922,2.1951694489,2.2031807899,2.1864304543,2.1559536457,2.1602392197,2.1040217876,2.0929460526,2.0784809589,2.0244393349,2.030105114,2.0295724869,2.0597352982,2.0201234818,2.0012452602,1.9893724918,1.9826953411,2.0388436317,2.0091273785,1.9995288849,1.9917856455,2.0029892921,2.0015411377,1.9879857302,2.0006928444,2.008286953,2.0483670235,1.9925432205,2.0071208477,2.0157184601,2.0079157352,2.0667989254,2.0970330238,2.1216056347,2.1130554676,2.1556065083,2.1171112061,2.0022721291,2.0316286087,2.0697045326,2.1022362709,2.057965517,2.0032579899,2.0045552254,1.9349856377,2.016923666,1.8514175415,1.9223816395,1.9061295986,1.9064323902,1.8917434216,1.8281348944,1.7814365625,1.757463336,1.8230147362,1.7771631479,1.7386653423,1.6998258829,1.777554512,2.094856739,2.0078957081,2.0138394833,2.0449652672,2.0377237797,1.9351352453,2.0825779438,2.05641675,2.2559158802,2.1072192192,2.1539275646,2.2097241879,2.2987885475,2.2492690086,2.6539013386,2.3480615616,1.9381363392,1.9515213966,1.8835759163,1.9287991524,1.7870624065,1.7984058857,2.114543438,2.0021483898,2.1519498825]},"episodes_still_running":{"0":[4096.0,4096.0,4096.0,4096.0,4096.0,4096.0,4096.0,4096.0,4096.0,4096.0,4096.0,4096.0,4095.0,4095.0,4095.0,4095.0,4095.0,4094.0,4094.0,4094.0,4094.0,4094.0,4094.0,4094.0,4094.0,4094.0,4094.0,4094.0,4094.0,4094.0,4094.0,4094.0,4094.0,4094.0,4094.0,4094.0,4092.0,4089.0,4088.0,4086.0,4079.0,4065.0,4060.0,4048.0,4019.0,3997.0,3953.0,3904.0,3841.0,3776.0,3687.0,3585.0,3486.0,3374.0,3234.0,3095.0,2959.0,2812.0,2661.0,2518.0,2382.0,2234.0,2100.0,1963.0,1832.0,1710.0,1575.0,1460.0,1359.0,1270.0,1165.0,1075.0,997.0,927.0,843.0,778.0,717.0,665.0,618.0,586.0,547.0,501.0,475.0,435.0,401.0,368.0,342.0,326.0,296.0,277.0,254.0,237.0,222.0,212.0,194.0,183.0,170.0,161.0,153.0,142.0,131.0,122.0,115.0,106.0,98.0,94.0,83.0,79.0,72.0,70.0,66.0,63.0,58.0,52.0,50.0,45.0,43.0,41.0,36.0,33.0,31.0,27.0,25.0,25.0,22.0,22.0,22.0,19.0,18.0,14.0,14.0,14.0,12.0,12.0,10.0,10.0,10.0,10.0,9.0,8.0,7.0,7.0,6.0,6.0,5.0,5.0,4.0,3.0,2.0,2.0,2.0,2.0,2.0,2.0,1.0,1.0,1.0]},