{"max_q":{"0":17.5080928802},"min_q":{"0":-0.7293733358},"mean_q":{"0":9.0253505707},"range_q":{"0":18.2374668121},"step_max_q":{"0":[16.2727088928,16.6725349426,16.6704177856,16.9518604279,17.1429328918,17.5080928802,17.454498291,17.0806427002,16.560760498,15.9915542603,15.3062725067,14.8368740082,14.1904850006,13.604139328,12.6140451431,12.1311979294,11.2863302231,10.5735301971,9.9185695648,9.3655261993,8.4012718201,7.935031414,7.1734080315,6.5799484253,6.268219471,6.0646457672,5.7066335678,5.4533090591,5.2175450325,5.1820273399,5.1152591705,4.74949646,4.3609132767,4.2045354843,4.0698890686,3.8695218563,3.5265152454,3.2776961327,3.1849472523,2.6123850346,2.5473866463,2.4605338573,2.3224899769,1.9744958878,1.8538606167,1.6940687895,1.336360693,1.2442908287,1.1910562515,1.1043550968,0.89326334,0.8406116366,0.8317661285,0.7825527191,0.5911322236,0.6450032592,0.5715872049,0.6313580871,0.5602888465,0.6205665469,0.551163733,0.6119011641,0.5437062979,0.6048455834,0.5375487804,0.5990300775,0.5324169397,0.5941848755,0.5281028748,0.5901098847,0.5244475007,0.5866539478,0.5213278532,0.5837011933,0.5186479092,0.5811614394,0.5163317323,0.5789636374,0.5143190622,0.57705158,0.5125615597,0.5753797293,0.5110198259,0.5739116669,0.5096620917,0.5726172924,0.5084620118,0.5714720488,0.5073978901,0.5704556704,0.5064516068,0.5695508718,0.505607903,0.5687435865,0.5048539639,0.5680215359,0.5041788816,0.5673747063,0.5057559013,0.5667939782,0.5030292273,0.5662720799,0.5025397539,0.5658021569,0.5020988584,0.5653786063,0.5017014146,0.5649966598,0.5013425946,0.5646516681,0.501018405,0.5643399954,0.5007253885,0.5640580654,0.5004603863,0.5638030767,0.5032418966,0.563572228,0.5000033379,0.5633630157,0.4998065233,0.5631734729,0.4996282458,0.5630016327,0.4994665682,0.5628460646,0.4993199706,0.562704742,0.4991869926,0.562576592,0.4990663826,0.5624603033,0.4989569187,0.5623548627,0.5013656616,0.562259078,0.4987673461,0.5621721745,0.498685509,0.5620931983,0.4986112118,0.5620214939,0.4985436499,0.5619564056,0.4984823465,0.5618972778,0.4984266758,0.5618435144,0.4983760118,0.5617947578,0.4983300567,0.5617503524,0.500567615,0.5617100596,0.4982503653,0.5616734028,0.4982158542,0.5616401434,0.4981844723,0.5616099834,0.4981560409,0.5615825653,0.4981302023,0.5615575314,0.4981066883,0.561534822,0.4980852604,0.5615141988,0.4980658591,0.5614954829,0.5002266765,0.5614783764,0.4980321527,0.5614629984,0.4980175197,0.5614488721,0.4980042875,0.5614360571,0.4979922175,0.5614244342]},"step_min_q":{"0":[15.7524299622,16.0939674377,16.2164897919,16.4675273895,16.5011901855,16.3835144043,16.0559444427,15.5073013306,14.6980133057,13.7975168228,12.9593114853,12.2571315765,11.6311254501,10.2968139648,10.1629714966,9.3184223175,8.4460639954,7.8827795982,7.0627493858,6.3668532372,5.3462686539,4.8253660202,4.4103279114,3.5627143383,3.3092036247,2.8645730019,2.4721245766,0.0,0.0,0.0,0.0,0.0,0.0,0.0,0.0,0.0,0.0,-0.2127476335,-0.3389169574,-0.4013896585,-0.5487360358,-0.7160820961,-0.7293733358,-0.7269405127,-0.6554426551,-0.6031250358,-0.5659235716,-0.4720073938,-0.4709039927,-0.4720021486,-0.5438842773,-0.5433630943,-0.5405497551,-0.5355898142,-0.4609502554,-0.5392695665,-0.531337142,-0.4559856653,-0.4547146559,-0.4538437128,-0.4530010223,-0.4520658255,-0.4510238171,-0.4498968124,-0.4487160444,-0.4475082159,-0.5179116726,-0.5176236629,-0.4423025846,-0.5178056955,-0.5138063431,-0.5187225342,-0.5113224983,-0.4351066351,-0.4345790148,-0.5134382248,-0.5079115629,-0.4326577187,-0.506203413,-0.5052700043,-0.5044420958,-0.5036549568,-0.513397336,-0.428658843,-0.5132968426,-0.4276967049,-0.5123904943,-0.4270988703,-0.5112746954,-0.426489234,-0.5102416277,-0.4258626699,-0.5093456507,-0.42524755,-0.5085729361,-0.4246627092,-0.5079001188,-0.4241169691,-0.50730896,-0.4236135483,-0.5067851543,-0.4231524467,-0.5063185692,-0.4227321148,-0.5059015751,-0.4223496914,-0.5055277348,-0.4220026731,-0.5051921606,-0.4216878414,-0.5048904419,-0.4214026928,-0.5046188831,-0.4211442471,-0.5043743849,-0.42091012,-0.5041536093,-0.4206980467,-0.5039542913,-0.4205058813,-0.5037740469,-0.4203320742,-0.5036115646,-0.4201742411,-0.503464222,-0.4200313091,-0.503330946,-0.4199016094,-0.5032106638,-0.4197843075,-0.5031012297,-0.4196779728,-0.503002286,-0.4195814133,-0.502912879,-0.419493556,-0.5028318167,-0.4194140434,-0.5027576685,-0.4193419218,-0.5026907921,-0.4192764759,-0.5026299953,-0.4192169905,-0.5025751591,-0.4191631079,-0.502524972,-0.4191142321,-0.5024797916,-0.4190696478,-0.502438426,-0.4190292358,-0.5024009943,-0.4189924002,-0.5023669004,-0.41895926,-0.502335906,-0.4189289808,-0.5023078918,-0.4189014435,-0.5022826195,-0.4188762903,-0.5022592545,-0.4188536406,-0.5022381544,-0.4188330173,-0.5022188425,-0.4188139439,-0.5022013187,-0.4187971354,-0.5021855831,-0.4187816381,-0.5021711588,-0.418767333,-0.5021580458,-0.4187545776,-0.5021463633,-0.4187427759,-0.502135396,-0.4187322855]},"step_mean_q":{"0":[15.9519691467,16.3026733398,16.4341411591,16.7269744873,16.8853988647,17.1120262146,16.6994514465,16.3316192627,15.6693515778,14.9623832703,14.2719726562,13.4737758636,12.7961778641,12.0315647125,11.3412485123,10.6119070053,9.9099197388,9.1855163574,8.4631900787,7.7451682091,7.0661869049,6.4386920929,5.8257770538,5.2867431641,4.7780804634,4.3234829903,3.9252946377,3.6061651707,3.336451292,3.125436306,2.9585688114,2.8194785118,2.6829984188,2.5287899971,2.3909447193,2.2083506584,2.0338482857,1.8841991425,1.6935472488,1.5243240595,1.3588012457,1.1874257326,0.977935195,0.8196135163,0.7317957878,0.6370506883,0.5138995051,0.4430104196,0.3843754828,0.2812584043,0.256331563,0.2335563004,0.2312001288,0.2177454829,0.1680720598,0.1523479968,0.1552619189,0.1461646408,0.1485513747,0.1398410797,0.1364714652,0.1325424463,0.1348637491,0.1243515015,0.1301831603,0.1179341376,0.1137613282,0.1113960743,0.1183332577,0.1055747494,0.1114527211,0.1046936065,0.1121330559,0.105891943,0.1161662415,0.1007948071,0.1083950698,0.1023751497,0.1078523919,0.1020419896,0.1057525054,0.0949334279,0.1046570614,0.1045846939,0.1028631553,0.0978314057,0.1026266888,0.102697894,0.1011690944,0.0961839184,0.1011186764,0.1012040153,0.0998321548,0.0948778167,0.1028976887,0.092108272,0.0996754393,0.0892772526,0.107959494,0.0925485343,0.1013544723,0.0892058238,0.1035783067,0.0950427428,0.0989885479,0.0877203122,0.1044962704,0.0997545719,0.0962283313,0.0917070657,0.0998730659,0.089385733,0.0994486585,0.0897307545,0.0987338573,0.0952861235,0.1048893183,0.0875393376,0.1028186455,0.086082615,0.0943087861,0.0874689296,0.0979858264,0.0880079493,0.0954842865,0.0925328359,0.0985109136,0.0892118737,0.0918366164,0.0861632824,0.0989333168,0.0892248377,0.0943876579,0.0879015476,0.1040777341,0.0881100595,0.0953495353,0.0833690464,0.0971719772,0.0886439979,0.0936892778,0.0855532587,0.0986057594,0.0939270481,0.0944288895,0.0869578421,0.094451867,0.0887693539,0.0954568163,0.0857044235,0.0966027081,0.0884815753,0.1003969014,0.0861419588,0.0980955139,0.0843886063,0.0934951529,0.0867844298,0.0965248048,0.0866353065,0.0950127617,0.0921415016,0.0973250344,0.0898437798,0.0913725868,0.0856259316,0.0979223549,0.0865223482,0.0932449475,0.0868229866,0.1033526435,0.0873611495,0.0946834907,0.0827811584,0.0965089574,0.0880383775,0.0931464657,0.0850567594,0.0980587974,0.0951690674]},