{"max_q":{"0":17.6559638977},"min_q":{"0":-0.1934244633},"mean_q":{"0":9.065700531},"range_q":{"0":17.8493881226},"step_max_q":{"0":[16.0898075104,16.4635410309,16.8313808441,17.234375,17.1750125885,17.6559638977,17.3485965729,17.0223255157,16.3792266846,15.7429304123,15.1229019165,14.4833374023,13.7841386795,13.1683225632,12.6316633224,11.8585481644,10.9680299759,10.4120016098,9.5315237045,8.7664861679,8.1553688049,7.4705610275,7.0712428093,6.3781285286,5.967777729,5.6420063972,5.2642359734,5.0557322502,5.0402517319,4.6482181549,4.8355855942,4.2840442657,4.163248539,3.7515604496,3.5510840416,3.4137883186,3.3659176826,3.0706734657,2.9383955002,2.7388908863,2.6930148602,2.8405563831,2.062964201,1.4347802401,1.3803141117,1.3147292137,0.794676125,0.7042824626,0.6538640857,0.6056241989,0.5268042684,0.4876065552,0.3775945902,0.3426958621,0.3598057032,0.3734193742,0.3837505579,0.3911980987,0.3962447643,0.2454084754,0.4210674465,0.2352939248,0.2326302528,0.3651172519,0.2544829249,0.3497237563,0.3281526268,0.318561703,0.29174757,0.2044109702,0.2804204524,0.1975738704,0.2424436808,0.1908807158,0.1882749498,0.1843107045,0.2351583242,0.1778613329,0.2369902432,0.2240958512,0.2121556997,0.2017185986,0.1636536717,0.1593426764,0.1578926742,0.1534951925,0.1523011029,0.1478328705,0.1468856037,0.1423659325,0.1416521072,0.1371009648,0.1366040111,0.1320416927,0.1317433417,0.127188772,0.1270691454,0.1225403249,0.1225790679,0.1180923879,0.1182693243,0.1138390601,0.1141338944,0.109773308,0.1101665199,0.1058871746,0.1063600779,0.1021721363,0.1027068198,0.098619163,0.099198699,0.0952194929,0.0958282351,0.0919643641,0.0925872028,0.0888452828,0.089468956,0.0858541131,0.0864658058,0.0829835832,0.0835714042,0.0802260339,0.0807798207,0.0775755048,0.0780852139,0.0750254095,0.0754826665,0.072570473,0.0729670525,0.0702055991,0.0705347657,0.0679262877,0.0681815743,0.0657284856,0.0659041405,0.0636082888,0.0636995137,0.0615625978,0.0615648627,0.0595884323,0.0594978929,0.057682991,0.0574963689,0.0558438897,0.055557996,0.054069072,0.0536816716,0.0523564517,0.0518653095,0.05070436,0.0501075685,0.0491109788,0.048407197,0.0475749671,0.0467629433,0.0460949838,0.0451737642,0.0446696877,0.0436384678,0.043297857,0.0421560407,0.041978389,0.0407256782,0.040710032,0.0393462181,0.0394919217,0.0380170941,0.0383231044,0.0367369056,0.0372023284,0.0355053246,0.0363307595,0.0343208909,0.0363303721,0.0331833065,0.0363313258,0.0320914984,0.0363344252,0.0310444534,0.0363404751]},"step_min_q":{"0":[14.7697515488,14.4420499802,14.6339378357,15.0307922363,15.6871461868,15.4225244522,15.2958841324,14.9616708755,14.3445920944,13.5693025589,12.9710950851,12.362909317,11.2069425583,10.8230981827,10.1736783981,9.5030126572,8.7077493668,7.958791256,7.3828339577,6.6984195709,5.9596390724,5.2091221809,4.6003565788,3.8099527359,3.4115514755,2.8470919132,2.5094425678,0.0,0.0,0.0,0.0,0.0,0.0,0.0,0.0,0.0,0.0,0.0,0.0,0.0,0.0,0.0,0.0,0.0,0.0,0.0,0.0,-0.0158140063,-0.0298498869,-0.0006254315,-0.0748529434,-0.0955966115,-0.1167880297,-0.0760619044,-0.1424977779,-0.1542294621,-0.1665443778,-0.1172443628,-0.177288413,-0.1815741062,-0.1883990765,-0.133000195,-0.1892607212,-0.1890656352,-0.1934244633,-0.1339595318,-0.1884860992,-0.1862716675,-0.1899074912,-0.1277181506,-0.1817560792,-0.1790636778,-0.1827754974,-0.1330862045,-0.1729027629,-0.1705351472,-0.1746200919,-0.1419503689,-0.163856566,-0.1621560454,-0.1666904688,-0.1454687715,-0.1554828286,-0.1545484066,-0.1595209837,-0.1468219757,-0.1480972171,-0.1479182243,-0.1532867551,-0.1475718617,-0.1417533755,-0.147924304,-0.1479899883,-0.148298502,-0.1363893747,-0.148698926,-0.0960651636,-0.1491215229,-0.1274451017,-0.1495589018,-0.0961224437,-0.1500027776,-0.1003676057,-0.1504458189,-0.1030514836,-0.1508832574,-0.0964077711,-0.1513106227,-0.1371456385,-0.1517263055,-0.1320901513,-0.1521292329,-0.0967984796,-0.1525191069,-0.1001115441,-0.1528965831,-0.140486598,-0.1532624364,-0.0972539186,-0.1536173224,-0.097417891,-0.1539618373,-0.0975868106,-0.1542966366,-0.1057907939,-0.1546218395,-0.1313477755,-0.1549379826,-0.1265386343,-0.1552450061,-0.1007840037,-0.1555428505,-0.1039630771,-0.1558313966,-0.1376600266,-0.1561104655,-0.0988284349,-0.1563799381,-0.0990023017,-0.1566396356,-0.0991725922,-0.1568889022,-0.0993381739,-0.1571278572,-0.1295483708,-0.1573562026,-0.1245452762,-0.1575736403,-0.1005131006,-0.1577800512,-0.1023359299,-0.1579751968,-0.1361897588,-0.158158958,-0.1058282852,-0.1583310366,-0.1074995399,-0.1584914923,-0.1091219187,-0.1586402655,-0.1106957793,-0.1587773561,-0.1278136969,-0.1589021683,-0.1222809553,-0.1590153575,-0.1151299477,-0.1591166258,-0.1165133119,-0.1592058539,-0.1343603134,-0.1592834592,-0.1191396713,-0.1593493223,-0.1203839183,-0.1594034433,-0.1215831637,-0.1594461799,-0.1227380037,-0.1594774723]},"step_mean_q":{"0":[16.0642108917,16.3473739624,16.5888557434,16.8312492371,17.0172462463,17.2280502319,16.8595218658,16.3542785645,15.7322731018,15.027803421,14.3038139343,13.5473585129,12.8376064301,12.1204462051,11.4123382568,10.6940174103,9.974149704,9.2363510132,8.5129108429,7.7970428467,7.1078147888,6.4689311981,5.8579764366,5.3149409294,4.8097882271,4.3571505547,3.9501247406,3.619332552,3.3278381824,3.1113066673,2.9417352676,2.814925909,2.6766946316,2.5351223946,2.3937628269,2.2253129482,2.0481066704,1.8072804213,1.5719131231,1.3853920698,1.2259422541,1.0069025755,0.8107255101,0.6700359583,0.563115418,0.4865842462,0.420411706,0.3553378582,0.3176077306,0.2890375555,0.2321532071,0.2049529999,0.1877048314,0.162202388,0.1265101731,0.1259188652,0.106922619,0.0988508686,0.0923183784,0.063621603,0.0735676587,0.0762286857,0.0458036885,0.060554482,0.0508221537,0.0622578934,0.0358214043,0.0498990379,0.0307966806,0.0250797607,0.0203927793,0.0126257399,0.0147224665,0.0107382592,-0.0051791389,0.0018585463,0.0090148943,0.0061382772,0.0025527696,0.0091962898,0.003466632,0.0144275902,-0.0092528583,-0.005711474,-0.0098264217,0.0004474123,-0.0129711116,-0.0060808957,-0.0122974636,-0.0007072846,-0.0151772257,-0.0079631312,-0.0145692509,-0.0028784792,-0.0157894436,-0.0086724777,-0.0083744684,-0.0084435027,-0.0189368557,-0.0115017593,-0.0139810303,-0.0129284663,-0.019971149,-0.0132773621,-0.0187249873,-0.0133501785,-0.0189424995,-0.0186748225,-0.024306586,-0.0120868105,-0.0255857445,-0.0197582114,-0.0199994314,-0.0167524852,-0.0264561437,-0.0175161231,-0.0281780604,-0.0252593663,-0.0253588855,-0.0238731839,-0.0261065457,-0.0201886706,-0.0305713341,-0.0232597981,-0.0284091141,-0.0273779742,-0.0355835073,-0.0253956746,-0.0349287987,-0.0278386753,-0.0337650143,-0.0279961452,-0.0337075107,-0.029418299,-0.0383209065,-0.0289084297,-0.0316854045,-0.0302731637,-0.0354845859,-0.0274437591,-0.0347570106,-0.0289906077,-0.0368199199,-0.0340046175,-0.03953024,-0.0309826601,-0.0421689898,-0.0337041467,-0.0391841792,-0.0361485071,-0.0410798043,-0.0322785564,-0.0422762521,-0.036911957,-0.0409503095,-0.0368506052,-0.0407158658,-0.0349357277,-0.0434584804,-0.0351430029,-0.0412953012,-0.0401328802,-0.0469725281,-0.0366807617,-0.0465953201,-0.0401382968,-0.0449711308,-0.0369573273,-0.042077668,-0.0371119976,-0.0487110987,-0.040596921,-0.0429964997,-0.0413849764,-0.0466828458,-0.0384685211,-0.0456285216,-0.0392627083,-0.0466453396,-0.0439380147]},