{"max_q":{"0":23.5493583679},"min_q":{"0":-1.5982787609},"mean_q":{"0":5.8973941803},"range_q":{"0":25.1476364136},"step_max_q":{"0":[21.9070549011,21.9245071411,22.5435504913,22.652338028,22.821805954,22.031206131,22.9000759125,23.3534431458,22.1702919006,23.1564083099,21.8600349426,21.809715271,22.9766235352,21.8020973206,22.2638816833,22.2334709167,21.4905986786,22.1967391968,23.5493583679,21.5813941956,21.2465248108,21.7600364685,20.2851409912,19.6954421997,19.6433258057,18.45911026,18.163356781,19.5669441223,18.6850662231,19.8255462646,17.6047134399,18.6718025208,16.3920154572,16.8292579651,17.3708114624,16.7781639099,16.6363430023,16.8439731598,14.5133953094,14.2260112762,14.7266254425,13.5157108307,13.1936712265,12.0036115646,12.7184104919,12.2649040222,11.4462118149,11.5144462585,13.1969347,12.4702615738,12.7880744934,12.6768474579,12.194103241,10.4026632309,10.5703029633,9.7737407684,9.9795131683,9.8840713501,9.7526884079,9.5872402191,10.2145328522,9.2983360291,9.8070259094,9.8958234787,9.01583004,8.7689571381,8.2784814835,8.3431062698,8.0108070374,7.5232601166,7.4986376762,8.3611278534,8.1409444809,7.6734213829,7.5828547478,7.3046741486,6.6486539841,6.6486644745,6.4634590149,6.5194306374,6.5100269318,6.6590805054,6.529153347,6.2664198875,6.5142698288,6.108880043,6.1202392578,5.9493150711,5.7329797745,5.9939031601,5.7353305817,5.7164382935,5.4938526154,5.6457128525,5.6363754272,5.659280777,5.5266094208,5.6413826942,5.7197780609,5.648911953,5.7514848709,5.6597414017,5.6371822357,5.7601380348,5.4853243828,5.6386175156,5.4105119705,5.3536810875,5.3115253448,5.0061941147,5.1780347824,4.8721179962,4.9653491974,4.9598875046,4.6307039261,4.8251447678,5.0108423233,4.7510313988,4.6354136467,4.7813549042,4.6758337021,4.5847263336,4.6324868202,4.7170362473,4.5992531776,4.6604437828,4.7308382988,4.7138724327,4.6309432983,4.5989274979,4.7111310959,4.6035017967,4.6421351433,4.5625472069,4.8475236893,4.4643468857,4.162091732,4.2619137764,4.4527006149,3.7228727341,3.9644932747,3.82640028,3.5151216984,3.4316422939,3.4335229397,3.8281388283]},"step_min_q":{"0":[6.1325087547,6.136027813,6.3327851295,5.9259557724,5.8644490242,5.7175674438,4.9761152267,4.8574419022,4.5254535675,4.2529449463,4.0050463676,3.8847622871,3.7581994534,3.5473670959,3.234228611,2.8803067207,0.0,0.0,0.0,0.0,0.0,0.0,0.0,0.0,0.0,0.0,0.0,0.0,0.0,0.0,0.0,0.0,0.0,0.0,0.0,-0.034899354,-0.0657637119,-0.1668213606,-0.2482529879,-0.4124624729,-0.2282142639,-0.2082288265,-0.6839845181,-0.3518197536,-0.3263127804,-0.3743157387,-0.4063053131,-0.352807045,-1.3751206398,-0.6129667759,-1.3501234055,-1.4806263447,-1.5267090797,-1.5982787609,-0.6304440498,-0.5400521755,-0.6754312515,-0.4922593832,-0.5141234398,-0.45327878,-0.5452303886,-0.4089941978,-0.375371933,-0.4602102041,-0.2851154804,-0.4141218662,-0.4363768101,-0.5151531696,-0.6983618736,-0.7134189606,-0.4845292568,-0.5341528654,-0.5753741264,-0.4984933138,-0.5870963335,-0.4378201962,-0.4276659489,-0.3910849094,-0.3963142633,-0.5917005539,-0.6501218081,-0.6210007668,-0.4521497488,-0.3937259912,-0.817704916,-0.3794631958,-0.6327133179,-0.2587935925,-0.3221650124,-0.2709540129,-0.3765981197,-0.2363145351,-0.2965267897,-0.5318548679,-0.494679451,-0.633728981,-0.4884655476,-0.6403485537,-0.7756597996,-0.7919107676,-0.9148709774,-0.849265933,-0.3739370108,-0.4706103802,-0.4769599438,-0.2979961634,-0.2093559504,-0.2259209156,-0.2240134478,-0.2984745502,-0.3483177423,-0.2672861814,-0.2791469097,-0.3847066164,-0.3162281513,-0.3077912331,-0.4403811693,-0.3526941538,-0.1555147171,-0.0146714449,-0.0736550093,0.0,-0.0084656477,-0.0878406763,-0.085854888,0.0,0.0,0.0,0.0,0.0,-0.0917704105,-0.0929868221,0.0,-0.0257658958,-0.0700625181,-0.0987932682,-0.09979105,-0.1986833811,-0.1901385784,-0.2203121185,-0.1604671478,-0.2042210102,-0.1969637871,-0.231277585,-0.2557609081,0.0]},"step_mean_q":{"0":[10.875,10.9527454376,10.9400272369,10.9790382385,11.0556335449,11.0588750839,11.0062055588,10.9662599564,10.8971395493,10.8076696396,10.6603193283,10.4748678207,10.3045949936,10.1132259369,9.8868751526,9.65417099,9.4438381195,9.200463295,8.957075119,8.7151412964,8.4691867828,8.209318161,7.9431357384,7.6765818596,7.4140968323,7.1486196518,6.88123703,6.627158165,6.3740816116,6.1297364235,5.8798956871,5.6484384537,5.4110751152,5.1867156029,4.9710731506,4.7714748383,4.5531511307,4.3435912132,4.1538777351,3.965307951,3.7825787067,3.6149179935,3.4595713615,3.2974419594,3.1450500488,3.0114614964,2.8875179291,2.7733771801,2.6717276573,2.5725588799,2.49512887,2.4110045433,2.3521018028,2.2965476513,2.2507779598,2.2146654129,2.1833944321,2.1548945904,2.119184494,2.107571125,2.0870027542,2.0722641945,2.0536785126,2.0473029613,2.0568194389,2.0710144043,2.0639629364,2.0639398098,2.0621013641,2.0381326675,2.0300686359,2.0292973518,1.998234868,1.9825011492,1.9804376364,1.9822496176,2.0083158016,2.0123491287,1.9903358221,1.9936273098,1.979808569,1.9941135645,2.007247448,2.0121057034,2.0037384033,2.0053346157,2.0278735161,2.0216302872,2.0144762993,1.9800300598,1.9375188351,1.940341711,1.9290969372,1.8596103191,1.8366787434,1.8271181583,1.8169810772,1.8212708235,1.7836191654,1.7697829008,1.7603269815,1.7297743559,1.7456065416,1.6719609499,1.6475160122,1.6512202024,1.6142818928,1.5730619431,1.5329515934,1.5656411648,1.6955807209,1.8119081259,1.7114276886,1.752348423,1.8111276627,1.7734302282,1.7553329468,1.7427583933,1.8526512384,1.700776577,1.7205963135,1.649517417,1.8110817671,1.7799464464,1.6727135181,1.8965203762,1.7632416487,1.8957375288,1.869284153,1.6020543575,1.5675971508,1.4621431828,1.5532681942,1.6732234955,1.8549461365,1.6094222069,1.4058841467,1.3586181402,1.4502321482,1.1445963383,1.1219447851,1.0780036449,0.9688071012,1.2572089434,1.2345318794,3.8281388283]},"episodes_still_running":{"0":[4096.0,4096.0,4096.0,4096.0,4096.0,4096.0,4096.0,4096.0,4096.0,4096.0,4096.0,4096.0,4096.0,4096.0,4096.0,4096.0,4095.0,4095.0,4095.0,4095.0,4095.0,4094.0,4094.0,4094.0,4094.0,4094.0,4094.0,4094.0,4094.0,4094.0,4094.0,4093.0,4093.0,4093.0,4092.0,4090.0,4090.0,4088.0,4087.0,4084.0,4077.0,4059.0,4044.0,4029.0,4006.0,3980.0,3945.0,3896.0,3833.0,3774.0,3693.0,3608.0,3507.0,3405.0,3287.0,3149.0,3015.0,2872.0,2754.0,2616.0,2488.0,2371.0,2240.0,2101.0,1976.0,1837.0,1729.0,1614.0,1513.0,1430.0,1343.0,1266.0,1199.0,1134.0,1068.0,995.0,931.0,872.0,816.0,760.0,705.0,658.0,611.0,579.0,546.0,513.0,483.0,456.0,420.0,385.0,354.0,328.0,315.0,296.0,278.0,259.0,240.0,222.0,207.0,188.0,177.0,171.0,163.0,152.0,140.0,125.0,114.0,105.0,95.0,85.0,76.0,66.0,63.0,54.0,48.0,43.0,38.0,35.0,31.0,27.0,26.0,23.0,19.0,15.0,15.0,13.0,13.0,11.0,11.0,10.0,10.0,10.0,9.0,8.0,7.0,6.0,6.0,6.0,6.0,5.0,5.0,5.0,4.0,3.0,3.0,1.0]},