{"max_q":{"0":14.802280426},"min_q":{"0":-0.5809589624},"mean_q":{"0":6.9521946907},"range_q":{"0":15.3832397461},"step_max_q":{"0":[14.0406703949,14.3021593094,14.603635788,14.7839946747,14.802280426,14.6230669022,14.708404541,14.632188797,14.4222164154,13.9952430725,13.9849977493,13.7929258347,13.3511791229,13.3351812363,13.0831851959,12.772069931,12.5003471375,12.2400436401,12.5375518799,12.0241680145,11.8814554214,11.5774269104,11.8546791077,11.4718389511,11.4155101776,10.7217102051,10.6970157623,10.5715017319,10.3565216064,10.2640380859,9.9075527191,9.643447876,9.5041656494,9.2309045792,9.4077444077,8.9121379852,8.5773849487,8.44972229,8.2881059647,8.2454013824,7.9624505043,7.8232111931,7.6551113129,7.3688726425,7.2849283218,7.1846737862,7.0606575012,7.0297660828,6.9545955658,6.8978796005,6.9460616112,6.9472432137,6.9689207077,7.0162982941,7.0709543228,7.1053318977,7.1560182571,7.1601610184,7.244489193,7.2520451546,7.1662578583,7.2434782982,7.2029747963,7.3092155457,7.2104434967,7.2183160782,7.4327421188,7.3219485283,7.351852417,7.4450697899,7.4082331657,7.4671702385,7.5330648422,7.6251401901,7.6748981476,7.6855282784,7.677778244,7.772834301,7.8200187683,7.6497898102,7.6042871475,7.7190136909,7.6929702759,7.6717381477,7.6995139122,7.6337070465,7.6184272766,7.6541337967,7.6425175667,7.5255627632,7.5737166405,7.6321153641,7.5263800621,7.5514240265,7.5203561783,7.6696538925,7.7871870995,7.7363967896,7.7152261734,7.4961681366,7.458978653,7.554125309,7.3351993561,7.3461351395,7.3045740128,7.2217006683,7.0458836555,7.0444641113,6.9462380409,6.9743232727,6.9545311928,6.8283891678,6.9060163498,6.6011557579,6.5788421631,6.5171689987,6.6191263199,6.3209848404,7.0094642639,6.7097921371,6.4839439392,6.2424001694,6.2067584991,6.0073423386,6.0807571411,6.0230946541,5.8792052269,6.0276098251,5.9239454269,5.9644384384,5.9309229851,5.6900501251,5.5887050629,5.4794588089,5.4645738602,5.4727954865,5.6407942772,5.5684981346,5.712231636,5.5997982025,5.4651842117,5.5979890823,5.4087715149,5.4944372177,5.2811932564,5.258272171,5.5720376968,4.890958786,4.7676649094,4.8880620003,5.0716094971,5.1900415421,4.9013748169,4.804851532,4.6153674126,4.7067508698,4.4679002762,4.4231777191,4.4013824463,4.2877225876,4.286857605,4.339471817,4.4742493629,4.5463395119,4.81854105,4.7218928337,4.6007051468,4.5794768333,4.6166071892,4.4194540977]},"step_min_q":{"0":[12.5575532913,11.5973615646,11.3232402802,11.8211393356,11.6456241608,10.763250351,10.8620157242,10.8456459045,9.4421224594,9.3041162491,8.3245916367,8.0029220581,6.7690520287,5.4800438881,5.4410572052,4.8849177361,4.5395579338,4.9423127174,3.6127371788,3.7688601017,3.7022695541,2.974779129,3.5307226181,2.8716216087,2.4855904579,2.1752843857,1.6488494873,1.7334115505,1.445073843,1.0795409679,0.8388515711,0.9400250912,0.1935569048,0.3519643545,0.1143926382,0.2424251437,0.3207021952,-0.1245414019,0.3657568097,0.3291370869,0.1265007257,-0.2656410933,-0.2442466319,-0.1833187342,-0.4685502648,-0.2760603726,-0.5809589624,-0.2431997508,-0.2629234195,-0.3272950649,-0.3337742388,-0.2928182483,-0.1850521266,-0.1866912842,-0.0524919927,-0.0702112317,-0.0488564372,0.0,0.0,-0.0461599529,-0.1461680532,-0.1519064605,0.0,0.0,0.0,0.0,0.0,0.0,0.0,-0.011415869,0.0,0.0,0.0,0.0,0.0,0.0,0.0,0.0,0.0,0.0,0.0,0.0,0.0,0.0,0.0,0.0,0.0,0.0,0.0,0.0,0.0,0.0,0.0,0.0,0.0,0.0,0.0,0.0,0.0,0.0,0.0,0.0,0.0,0.0,0.0,0.0,0.0,0.0,0.0,0.0,0.0,0.0,-0.0110310465,0.0,-0.1429790705,-0.1006021649,-0.1915156245,-0.2043976784,-0.1827916801,-0.2405430824,-0.2179839909,-0.2964009941,-0.3202854395,-0.086487174,-0.2741082013,-0.3842023611,-0.1173261106,-0.1128868163,-0.2196298093,-0.3136372268,-0.3483023643,0.0,-0.0811807662,-0.1980148852,-0.229980275,-0.2743891776,-0.2850291729,-0.3884108067,-0.2315914035,-0.2162801474,-0.2281145602,-0.2252348065,-0.3895318508,-0.3790616393,-0.1049758345,-0.2184317559,-0.388907969,-0.2409347594,-0.1781787425,-0.0338805467,-0.0486216098,-0.2681829929,-0.3878100216,-0.1575235873,-0.3388845026,-0.2816134095,-0.2411203384,-0.1860022396,-0.060773015,-0.0910681114,-0.1360072494,-0.1826860905,-0.2602549195,-0.2879821658,-0.2405075729,-0.4109227061,-0.3635551035,-0.1350584924,-0.2033250928,-0.1487838626]},"step_mean_q":{"0":[13.602142334,13.779756546,13.9505472183,14.1297740936,14.0638465881,13.966917038,13.9955778122,13.7803735733,13.4345397949,13.2070608139,13.0566215515,12.8095788956,12.4083805084,12.1746244431,11.9764814377,11.7017021179,11.35754776,11.10734272,10.9153766632,10.6087837219,10.3084049225,10.0909175873,9.9164886475,9.6645202637,9.475938797,9.3176574707,9.1464118958,8.9175128937,8.7132816315,8.5666732788,8.3402137756,8.1045827866,7.8956365585,7.7069864273,7.450817585,7.2108187675,7.0051136017,6.8020372391,6.5744953156,6.3726663589,6.2017364502,6.0552930832,5.9029860497,5.793214798,5.7149038315,5.6539597511,5.6092944145,5.6354470253,5.6332268715,5.6373591423,5.6366434097,5.6639986038,5.685857296,5.6963596344,5.731798172,5.7456951141,5.7723498344,5.8019709587,5.8154625893,5.8308415413,5.8551058769,5.8737888336,5.8969306946,5.916428566,5.9314851761,5.9625620842,5.9761910439,5.9901452065,6.0102715492,6.0323643684,6.0454630852,6.0612163544,6.0700106621,6.0777583122,6.0862054825,6.0894451141,6.0904569626,6.0921869278,6.0905308723,6.0821533203,6.0779519081,6.0661277771,6.0540533066,6.0397844315,6.0167117119,5.9965653419,5.9626703262,5.9302353859,5.8882722855,5.8425278664,5.7989578247,5.7498664856,5.7007660866,5.6399550438,5.580622673,5.5121092796,5.4343233109,5.3627738953,5.2756714821,5.1988477707,5.107521534,5.0222477913,4.9218831062,4.8287148476,4.7347598076,4.6370444298,4.5420851707,4.4397420883,4.3529052734,4.2674913406,4.1732320786,4.0976214409,4.0092844963,3.9278709888,3.8413734436,3.7632830143,3.7095234394,3.643882513,3.5568275452,3.4963781834,3.4275889397,3.3700547218,3.3107590675,3.2744846344,3.2312409878,3.1652448177,3.1186335087,3.0838289261,3.0280344486,2.9696290493,2.928725481,2.8992469311,2.8215045929,2.767999649,2.7049121857,2.6390149593,2.5737292767,2.5404760838,2.4983789921,2.4635670185,2.4873669147,2.4801359177,2.442276001,2.4019362926,2.4351363182,2.3892436028,2.3873081207,2.3554983139,2.3153676987,2.3000507355,2.2967813015,2.2279298306,2.181302309,2.119276762,2.0633246899,2.0236794949,2.0096256733,1.9421111345,1.9947340488,1.9465968609,1.9510612488,1.8677688837,1.7953342199,1.6982285976,1.6676337719,1.6483520269,1.5638928413,1.7030525208,1.6790652275,1.5980126858]},"episodes_still_running":{"0":[4096.0,4096.0,4096.0,4096.0,4096.0,4096.0,4096.0,4096.0,4096.0,4096.0,4096.0,4096.0,4096.0,4096.0,4096.0,4096.0,4096.0,4096.0,4096.0,4096.0,4096.0,4096.0,4096.0,4096.0,4096.0,4096.0,4096.0,4096.0,4096.0,4096.0,4096.0,4096.0,4096.0,4096.0,4096.0,4096.0,4096.0,4096.0,4096.0,4096.0,4096.0,4096.0,4096.0,4084.0,4084.0,4084.0,4068.0,4028.0,4024.0,4020.0,4016.0,4004.0,3996.0,3996.0,3980.0,3980.0,3972.0,3960.0,3960.0,3960.0,3952.0,3948.0,3940.0,3936.0,3936.0,3924.0,3924.0,3924.0,3920.0,3912.0,3912.0,3908.0,3908.0,3908.0,3908.0,3904.0,3904.0,3904.0,3904.0,3904.0,3904.0,3904.0,3900.0,3900.0,3900.0,3900.0,3900.0,3900.0,3900.0,3900.0,3896.0,3896.0,3892.0,3888.0,3888.0,3880.0,3876.0,3872.0,3868.0,3856.0,3856.0,3828.0,3816.0,3796.0,3772.0,3740.0,3700.0,3668.0,3600.0,3532.0,3468.0,3376.0,3292.0,3180.0,3100.0,2988.0,2848.0,2732.0,2644.0,2540.0,2404.0,2276.0,2132.0,1980.0,1840.0,1732.0,1624.0,1492.0,1408.0,1340.0,1268.0,1184.0,1104.0,1024.0,972.0,928.0,868.0,824.0,796.0,736.0,672.0,608.0,572.0,552.0,520.0,500.0,464.0,436.0,420.0,404.0,380.0,372.0,348.0,328.0,308.0,288.0,272.0,260.0,236.0,212.0,200.0,184.0,180.0,180.0,180.0,160.0,148.0,128.0,124.0,108.0]},