{"max_q":{"0":22.1255817413},"min_q":{"0":-2.0464024544},"mean_q":{"0":6.7091255188},"range_q":{"0":24.1719837189},"step_max_q":{"0":[20.3676986694,22.0852031708,22.1255817413,20.972738266,21.8363513947,21.6058597565,21.3834171295,21.0602874756,20.4287700653,21.5231075287,19.4411659241,20.1976623535,19.7474136353,19.3388786316,18.7779006958,18.7781944275,18.6112861633,18.5990924835,17.289855957,18.4522323608,16.3578834534,16.0786151886,15.4655647278,15.6018915176,15.7665863037,14.2201080322,15.0425777435,12.4493589401,12.6317710876,12.1920547485,12.9556112289,12.1944198608,11.2994537354,12.4317798615,11.5179271698,11.471414566,11.0989265442,10.9187202454,10.351981163,9.969165802,10.4642829895,10.1985435486,9.7948074341,9.4123182297,9.1207332611,8.7073373795,8.9079647064,8.8234376907,8.1873044968,8.5747594833,8.1704359055,8.3867759705,8.457244873,8.3644561768,8.4382400513,9.5281763077,8.865114212,8.5350780487,8.5731744766,8.716012001,8.9616632462,10.4779510498,8.5254535675,8.7502298355,6.9999785423,6.8139352798,7.2073974609,7.1123209,6.7305936813,6.981719017,6.471476078,6.6315469742,7.2323274612,7.2046227455,6.9389815331,7.1157941818,6.9627628326,7.4607214928,7.5879201889,7.3845272064,6.9185528755,7.3876581192,6.8788604736,7.0567822456,6.8371491432,7.0721707344,6.6446008682,7.1183919907,6.4162154198,6.3155946732,6.4375476837,6.7968730927,6.5171999931,6.7587547302,7.5863385201,6.4249010086,6.611328125,7.5083165169,6.2294750214,5.961774826,6.9328222275,8.0306758881]},"step_min_q":{"0":[5.4975047112,2.7339894772,0.7104917169,0.0,0.0,-0.37071383,-0.3318794072,-1.1499581337,-1.0241417885,-0.9283187985,-1.241065979,-0.9657913446,-1.2255671024,-1.5293647051,-2.0464024544,-1.0535047054,-1.3910603523,-1.6251064539,-1.3016548157,-1.0774536133,-1.0890352726,-1.1279352903,-1.4031424522,-1.248918891,-1.2328336239,-1.383200407,-1.1031913757,-1.1793107986,-1.0512471199,-1.0360845327,-1.2290842533,-1.0795691013,-1.1933112144,-0.8715484142,-0.8517473936,-1.1254669428,-1.2668430805,-0.9085276127,-0.8096367121,-0.7652059793,-0.9096242189,-1.1234648228,-0.611752212,-0.9461455345,-1.0922777653,-0.7551845908,-0.6219079494,-0.5948500633,-0.6996563673,-0.8180215359,-1.1326816082,-0.3818846941,-0.4568924904,-0.5089945793,-0.3522064686,-0.2861759663,-0.2311843038,-0.3419314623,0.0,0.0,0.0,0.0,0.0,-0.0596803799,-0.0445081666,0.0,0.0,0.0,0.0,0.0,0.0,0.0,0.0,0.0,0.0,0.0,0.0,0.0,0.0,0.0,0.0,0.0,0.0,0.0,0.0,0.0,0.0,0.0,0.0,0.0,0.0,0.0,0.0,0.0,0.0,0.0,0.0,0.0,0.0,0.0,0.0,0.0]},"step_mean_q":{"0":[10.0499153137,10.1441040039,10.0446014404,9.9716873169,9.8548812866,9.7311067581,9.5949954987,9.3403244019,9.0666799545,8.7681417465,8.4466781616,8.1181535721,7.7412552834,7.3751950264,6.9791526794,6.6164727211,6.2554898262,5.923476696,5.6379470825,5.3842258453,5.1421127319,4.9042291641,4.7057919502,4.5183448792,4.3452425003,4.18430233,4.0251522064,3.8966934681,3.7700064182,3.6127188206,3.4826376438,3.35207057,3.2586164474,3.1545190811,2.9767978191,2.9259290695,2.7954156399,2.6505022049,2.5633332729,2.4869601727,2.4730432034,2.396127224,2.4130265713,2.422498703,2.44708395,2.5284354687,2.6584494114,2.700851202,2.607780695,2.7549858093,2.7865445614,2.7938747406,2.9161272049,2.772005558,2.933660984,3.2256040573,3.3526835442,3.2163820267,3.1097507477,3.2522373199,3.2658104897,3.3690896034,3.177251339,3.4466838837,3.0914964676,3.1766614914,3.9981927872,3.2904548645,3.4378209114,3.5795543194,3.6051766872,4.4798083305,4.5685925484,4.6157031059,4.2549300194,3.9964504242,3.9150753021,7.4607214928,7.5879201889,7.3845272064,6.9185528755,7.3876581192,6.8788604736,7.0567822456,6.8371491432,7.0721707344,6.6446008682,7.1183919907,6.4162154198,6.3155946732,6.4375476837,6.7968730927,6.5171999931,6.7587547302,7.5863385201,6.4249010086,6.611328125,7.5083165169,6.2294750214,5.961774826,6.9328222275,8.0306758881]},"episodes_still_running":{"0":[4096.0,4096.0,4096.0,4093.0,4091.0,4089.0,4087.0,4080.0,4071.0,4059.0,4051.0,4030.0,4008.0,3989.0,3966.0,3935.0,3901.0,3850.0,3791.0,3702.0,3627.0,3530.0,3424.0,3297.0,3168.0,3008.0,2815.0,2611.0,2347.0,2137.0,1947.0,1718.0,1527.0,1351.0,1178.0,1030.0,896.0,797.0,671.0,573.0,501.0,434.0,380.0,331.0,277.0,237.0,199.0,178.0,159.0,135.0,119.0,102.0,87.0,76.0,64.0,54.0,49.0,44.0,34.0,32.0,30.0,25.0,20.0,17.0,16.0,11.0,9.0,8.0,7.0,6.0,4.0,3.0,3.0,3.0,3.0,2.0,2.0,1.0,1.0,1.0,1.0,1.0,1.0,1.0,1.0,1.0,1.0,1.0,1.0,1.0,1.0,1.0,1.0,1.0,1.0,1.0,1.0,1.0,1.0,1.0,1.0,1.0]},"step_range_q":{"0":[14.8701934814,19.3512134552,21.4150905609,20.972738266,21.8363513947,21.9765739441,21.7152957916,22.2102451324,21.452911377,22.4514255524,20.6822319031,21.1634540558,20.9729804993,20.8682441711,20.8243026733,19.8316993713,20.0023460388,20.224199295,18.5915107727,19.5296859741,17.4469184875,17.2065505981,16.8687076569,16.8508110046,16.999420166,15.6033086777,16.1457691193,13.6286697388,13.6830177307,13.2281389236,14.1846952438,13.2739887238,12.4927654266,13.3033285141,12.3696746826,12.5968818665,12.3657693863,11.8272476196,11.1616182327,10.734372139,11.3739070892,11.3220081329,10.4065599442,10.3584632874,10.213010788,9.462521553,9.5298728943,9.4182872772,8.8869609833,9.3927812576,9.3031177521,8.7686605453,8.9141368866,8.8734512329,8.7904462814,9.8143520355,9.0962982178,8.8770093918,8.5731744766,8.716012001,8.9616632462,10.4779510498,8.5254535675,8.8099098206,7.0444865227,6.8139352798,7.2073974609,7.1123209,6.7305936813,6.981719017,6.471476078,6.6315469742,7.2323274612,7.2046227455,6.9389815331,7.1157941818,6.9627628326,7.4607214928,7.5879201889,7.3845272064,6.9185528755,7.3876581192,6.8788604736,7.0567822456,6.8371491432,7.0721707344,6.6446008682,7.1183919907,6.4162154198,6.3155946732,6.4375476837,6.7968730927,6.5171999931,6.7587547302,7.5863385201,6.4249010086,6.611328125,7.5083165169,6.2294750214,5.961774826,6.9328222275,8.0306758881]},"mean_loss:":{"0":2.814232111},"rmse":{"0":1.6775673628},"step_rmse":{"0":[1.8248528242,1.799541831,1.7692613602,1.7615655661,1.7977397442,1.7827312946,1.7895134687,1.7106155157,1.6767344475,1.7154796124,1.6758651733,1.6537275314,1.6341836452,1.611689806,1.6188337803,1.6131571531,1.625674963,1.6491055489,1.6368750334,1.640211463,1.6525882483,1.6524580717,1.6257163286,1.6361880302,1.6562786102,1.6581296921,1.6453546286,1.6393862963,1.6312285662,1.6083071232,1.6158524752,1.6612890959,1.6878283024,1.6814895868,1.6888196468,1.6793044806,1.6552331448,1.5598894358,1.5386734009,1.505177021,1.5164086819,1.5421956778,1.4865956306,1.4820853472,1.5211294889,1.5060585737,1.5508430004,1.5981352329,1.4948011637,1.5785489082,1.5644251108,1.5407757759,1.4968857765,1.5193217993,1.4816167355,1.5554270744,1.3712732792,1.4495066404,1.4853475094,1.6564133167,1.6442528963,1.5044136047,1.500877738,1.5364458561,1.8093670607,1.9896858931,2.1887216568,2.5798921585,2.7978360653,1.0200453997,1.1345045567,0.8158839941,0.8693541884,0.6208617687,0.4452808499,0.5017446876,0.6428293586,0.3678116798,0.6804571152,0.5126676559,0.1941580772,0.3342313766,0.0884766579,0.1126489639,0.222597599,0.0317988396,0.252020359,0.2909936905,0.3183727264,0.5211668015,0.6255874634,0.0914521217,0.3615837097,0.175049305,0.5477991104,0.3717317581,0.0160298347,0.5960531235,0.1995582581,0.4354381561,0.3519277573,1.2032842636]},"rmse_by_q":{"0":25.0042610168},