{"max_q":{"0":22.0188503265},"min_q":{"0":-1.2142932415},"mean_q":{"0":5.3109064102},"range_q":{"0":23.2331428528},"step_max_q":{"0":[16.2798271179,16.6413173676,16.9336509705,17.413022995,21.4873924255,17.293088913,18.8201847076,17.4869003296,17.962146759,17.8439273834,18.2757873535,17.7357063293,21.3767337799,18.0035820007,18.1303882599,20.5763225555,19.0186138153,21.935464859,18.9131183624,19.8190994263,22.0188503265,20.2227916718,19.8099575043,19.2330226898,16.5761966705,16.9855670929,15.5160779953,15.4828166962,16.0314712524,15.570523262,16.0964107513,15.360165596,14.8101291656,14.9110612869,14.9543113708,15.2006387711,15.0295658112,14.1346874237,13.3876247406,12.7434072495,12.7992267609,12.3469762802,12.2520599365,13.4237928391,13.489192009,13.640417099,12.4643115997,12.5533161163,12.7814207077,11.8586931229,12.08938694,11.061044693,11.478260994,8.1246681213,9.039891243,8.5078382492,8.9659156799,8.6987628937,8.6250171661,8.7546100616,8.3340148926,8.7323713303,9.1982679367,8.9147138596,8.4890604019,8.4883680344,10.7151432037,8.9446659088,9.8839092255,6.0422277451,7.3557305336,5.6709046364,6.9186611176,4.7369127274,4.7669091225,4.7954397202,4.8221101761,4.8470845222,4.8706688881,4.7907409668,1.9483122826,2.3768324852,2.2009119987,2.5716757774,1.9912631512,1.746118784,1.6029685736,1.0991684198,1.3487657309,1.4808659554,0.9596387744,0.8053036332,1.3603241444,0.3468287587,0.6146707535,0.1155900359,0.0933476686,0.052965641]},"step_min_q":{"0":[2.1192753315,2.208950758,0.0,0.0,0.0,0.0,0.0,0.0,-0.3443176746,-0.0035752058,-0.1660929918,-0.1897733212,-0.488832593,-0.3864726424,-1.2142932415,-0.6106383204,-0.7192989588,-0.408110112,-0.9510150552,-0.624679327,-0.5588636398,-0.5730713606,-0.7048335671,-0.8865919113,-0.7868961692,-0.6280971169,-0.6892491579,-1.0118840933,-0.8787510395,-0.6567482948,-0.6732405424,-0.7726412416,-0.7398290038,-0.6073561311,-0.7891000509,-0.8395460844,-0.851346612,-0.8120788932,-0.628680706,-0.9746647477,-0.6467391253,-0.5932240486,-0.5902193189,-0.5979471207,-0.6226764321,-0.5601255298,-0.4595514536,-0.7946713567,-0.5266671181,-0.7069203258,-0.6794247627,-0.4418374598,-0.3721559942,-0.4325639307,-0.4365277588,-0.5553393364,-0.4992239177,-0.4182877243,-0.3740434051,-0.1875944734,-0.2413930893,-0.3675247431,-0.1509582847,-0.278873384,-0.3603433669,-0.0913052857,-0.1739084423,-0.3537418842,-0.1621155888,-0.1573139727,-0.3932903409,-0.1488672495,-0.2554762959,-0.1569857597,0.0,0.0,0.0,0.0,0.0,0.0,0.0,0.0,0.0,0.0,0.0,0.0,0.0,0.0,0.0,0.0,0.0,0.0,0.0,0.0,0.0,0.0,0.0,0.0]},"step_mean_q":{"0":[9.3496761322,9.32878685,9.3401660919,9.2838726044,9.2027254105,9.0489225388,8.9278030396,8.7369012833,8.5586519241,8.2816648483,8.0193452835,7.724984169,7.3770875931,7.0078854561,6.6428194046,6.2346639633,5.83192873,5.4154601097,5.0185251236,4.5988311768,4.1720399857,3.7772409916,3.3773243427,3.0397167206,2.7256150246,2.4524583817,2.2650194168,2.1054866314,1.9500703812,1.8296529055,1.7351512909,1.6606209278,1.5859696865,1.5313681364,1.4813364744,1.4280805588,1.4013172388,1.3666294813,1.3274832964,1.2908309698,1.2548171282,1.2445350885,1.2498918772,1.1931359768,1.1900573969,1.2190475464,1.1879931688,1.1337966919,1.1718710661,1.2074253559,1.2078663111,1.215480566,1.2394143343,1.1826694012,1.2178850174,1.2331557274,1.253199935,1.2289739847,1.2646449804,1.2953047752,1.2557528019,1.2847679853,1.2769316435,1.2986923456,1.2194772959,1.2258703709,1.3390002251,1.4189380407,1.4864337444,1.29144454,1.2788491249,1.3561573029,1.3520436287,1.0783140659,1.1814016104,1.1580446959,1.1411859989,1.2082238197,1.2455098629,1.2637965679,0.8551914692,1.0232676268,0.8563933969,0.8601636887,0.8455052972,0.8716619015,0.7877429128,0.741022408,0.7557204962,0.9495937228,0.754404664,0.652639389,1.0897071362,0.3468287587,0.6146707535,0.1155900359,0.0933476686,0.052965641]},"episodes_still_running":{"0":[4096.0,4096.0,4093.0,4084.0,4080.0,4077.0,4068.0,4065.0,4062.0,4053.0,4042.0,4039.0,4027.0,4014.0,3989.0,3952.0,3903.0,3851.0,3805.0,3754.0,3678.0,3611.0,3533.0,3439.0,3318.0,3208.0,3080.0,2946.0,2784.0,2641.0,2484.0,2336.0,2183.0,2035.0,1890.0,1736.0,1604.0,1482.0,1360.0,1231.0,1123.0,1015.0,907.0,825.0,761.0,687.0,628.0,568.0,504.0,449.0,404.0,352.0,309.0,275.0,243.0,214.0,193.0,169.0,152.0,134.0,122.0,107.0,100.0,88.0,82.0,72.0,67.0,58.0,51.0,40.0,38.0,33.0,29.0,25.0,21.0,19.0,19.0,17.0,12.0,10.0,9.0,7.0,7.0,7.0,6.0,6.0,6.0,4.0,4.0,3.0,2.0,2.0,2.0,1.0,1.0,1.0,1.0,1.0]},"step_range_q":{"0":[14.1605520248,14.4323663712,16.9336509705,17.413022995,21.4873924255,17.293088913,18.8201847076,17.4869003296,18.3064651489,17.8475017548,18.4418811798,17.9254798889,21.8655662537,18.3900547028,19.3446807861,21.1869602203,19.7379131317,22.3435745239,19.8641338348,20.4437789917,22.5777130127,20.7958621979,20.5147914886,20.1196136475,17.3630924225,17.6136646271,16.2053279877,16.4947013855,16.9102230072,16.2272720337,16.769651413,16.132806778,15.5499582291,15.5184173584,15.7434110641,16.040184021,15.8809127808,14.9467658997,14.0163059235,13.7180719376,13.4459657669,12.9402008057,12.8422794342,14.0217399597,14.1118688583,14.20054245,12.9238634109,13.347987175,13.3080883026,12.5656137466,12.7688121796,11.5028820038,11.8504171371,8.5572319031,9.4764194489,9.0631771088,9.465139389,9.1170501709,8.9990606308,8.9422044754,8.5754079819,9.099896431,9.3492259979,9.1935873032,8.8494033813,8.5796737671,10.8890514374,9.2984075546,10.0460252762,6.1995415688,7.7490210533,5.8197717667,7.1741375923,4.8938984871,4.7669091225,4.7954397202,4.8221101761,4.8470845222,4.8706688881,4.7907409668,1.9483122826,2.3768324852,2.2009119987,2.5716757774,1.9912631512,1.746118784,1.6029685736,1.0991684198,1.3487657309,1.4808659554,0.9596387744,0.8053036332,1.3603241444,0.3468287587,0.6146707535,0.1155900359,0.0933476686,0.052965641]},"mean_loss:":{"0":1.8540744781},"rmse":{"0":1.3616440296},"step_rmse":{"0":[1.4142252207,1.3753352165,1.4290448427,1.4083939791,1.4160460234,1.4373013973,1.4012124538,1.4346954823,1.4190485477,1.3969340324,1.3793603182,1.3786665201,1.4026987553,1.3981097937,1.4155139923,1.3847168684,1.4088770151,1.40303123,1.3588567972,1.3954585791,1.4164395332,1.3914620876,1.3600236177,1.3305470943,1.3051674366,1.2946453094,1.3073704243,1.2999287844,1.2943385839,1.3045818806,1.2955694199,1.2305681705,1.2339003086,1.2557659149,1.2415424585,1.2361030579,1.2311285734,1.1952037811,1.2263094187,1.2359051704,1.2614113092,1.224091053,1.2110314369,1.2161655426,1.2555333376,1.3101776838,1.2831817865,1.2402206659,1.2670439482,1.3080096245,1.3578662872,1.4128723145,1.36459589,1.3577343225,1.4247643948,1.436150074,1.5088267326,1.5131670237,1.5225907564,1.5066221952,1.4105237722,1.5474090576,1.5321247578,1.4331806898,1.4522356987,1.4157273769,1.382694602,1.3578921556,1.4984376431,1.3487206697,1.4076606035,1.6998912096,1.5015078783,1.4718415737,1.5954302549,1.7156875134,1.665825367,1.7435712814,1.8534836769,1.7307163477,1.7157652378,2.1377031803,1.9852980375,2.1190638542,2.3803651333,2.456438303,2.5954465866,3.52348876,3.5764255524,1.515827179,0.7203289866,0.8814788461,1.2525509596,0.1117448211,0.3463559151,0.1010118127,0.2360235453,0.04307127]},"rmse_by_q":{"0":25.6386375427},