{"max_q":{"0":14.8028430939},"min_q":{"0":-0.7705613971},"mean_q":{"0":6.9497036934},"range_q":{"0":15.5734043121},"step_max_q":{"0":[14.0408363342,14.3054771423,14.4896430969,14.8028430939,14.6915559769,14.6462593079,14.6760616302,14.4772796631,14.2379741669,14.019985199,13.896320343,13.7248325348,13.2300720215,13.2362003326,13.0493297577,12.8236560822,12.563085556,12.1576519012,12.0911874771,11.9005479813,11.5557498932,11.413444519,11.2340517044,11.104016304,10.851726532,10.729516983,10.4611282349,10.2421255112,10.2322921753,9.919506073,9.6882658005,9.4763946533,9.3040218353,9.153799057,8.8439054489,8.7851409912,8.5666160583,8.461060524,8.1738586426,8.0936470032,7.8294324875,7.768851757,7.6224980354,7.3905181885,7.3035645485,7.3244681358,7.139983654,7.1384305954,7.0641145706,7.0399827957,7.0577373505,7.0292701721,7.0470190048,7.123395443,7.1585245132,7.1875400543,7.3286271095,7.3206853867,7.3668446541,7.3401641846,7.3482365608,7.3021306992,7.2902932167,7.3482556343,7.2814278603,7.2711367607,7.3462567329,7.4154272079,7.4229669571,7.4786224365,7.5167236328,7.4963216782,7.5489783287,7.6228117943,7.6353573799,7.6867990494,7.6271243095,7.738389492,7.8693714142,7.9442391396,7.7932405472,7.7749295235,7.5632452965,7.6561307907,7.596347332,7.6678733826,7.5666790009,7.6083741188,7.590133667,7.5391283035,7.6211023331,7.6905374527,7.5377407074,7.5141859055,7.5093722343,7.5882987976,7.7338261604,7.757144928,7.691280365,7.7336397171,7.3797464371,7.4759626389,7.4084076881,7.435962677,7.3555335999,7.4066576958,7.0746622086,6.8929982185,6.9248919487,6.9088754654,6.9461221695,6.7847094536,6.8735136986,6.5286006927,6.5874872208,6.5088014603,6.543674469,6.486638546,6.6608610153,6.6040863991,6.3685908318,6.3058562279,6.2779073715,6.1032657623,6.0562367439,5.9354019165,5.9002995491,5.8107085228,6.0001564026,5.8654432297,5.8628635406,5.6807804108,5.5954551697,5.517821312,5.4196596146,5.3211150169,5.4194908142,5.5267467499,5.6229515076,5.4192028046,5.3421721458,5.3760700226,5.4352989197,5.7793774605,5.6924562454,5.3531351089,5.2787942886,5.0050535202,4.9861288071,4.8448085785,4.9179167747,5.0222578049,4.7899384499,4.612780571,4.5302839279,4.6599140167,4.484459877,4.4595623016,4.2547311783,4.232448101,4.2861003876,4.3392767906,4.4726510048,4.3735628128,4.4497451782,4.6019573212,4.789498806,4.5794005394,4.6405405998,4.7563943863]},"step_min_q":{"0":[11.4590177536,12.0693511963,12.1217575073,12.0640048981,11.7584095001,10.9776105881,10.8952226639,10.4638910294,9.903553009,9.0103731155,8.4271831512,8.4847593307,7.0265378952,6.5349121094,6.3534188271,4.9236426353,4.9768276215,4.9394640923,4.4365158081,3.9729824066,2.9153761864,2.7753660679,2.1616723537,2.0510251522,2.2958145142,2.1392204762,2.3213090897,2.0856230259,1.5734142065,1.0688530207,0.9788359404,0.8566054702,0.6083061695,0.4603126347,0.2263576388,0.081258297,-0.2879998684,-0.7705613971,-0.1651472449,-0.3030047119,-0.4493030906,-0.5201735497,-0.4949605465,-0.4853605926,-0.2885673344,-0.2789539397,-0.1125766933,-0.2977820635,-0.1398544312,-0.1035141945,-0.1685418487,-0.1589463949,-0.1301403344,-0.0608346462,0.0,-0.0693981722,-0.0583718121,-0.2572103441,-0.3084706962,-0.2132045329,-0.2027170956,0.0,-0.2816408873,-0.0310785845,-0.3318862021,0.0,0.0,0.0,0.0,0.0,0.0,0.0,0.0,0.0,0.0,0.0,0.0,0.0,0.0,0.0,0.0,0.0,0.0,0.0,0.0,0.0,0.0,0.0,0.0,0.0,0.0,0.0,0.0,0.0,0.0,0.0,0.0,0.0,0.0,0.0,0.0,0.0,0.0,0.0,0.0,0.0,0.0,0.0,0.0,0.0,0.0,0.0,-0.3387352526,0.0,0.0,-0.0766919777,-0.0182473063,-0.0748294815,-0.0894050449,0.0,-0.2074196041,-0.1389670074,-0.054608047,-0.1473891139,-0.0867258608,-0.2641187012,-0.4280364811,-0.4421333373,-0.4720487297,-0.4386379719,-0.5831087828,-0.5507985353,-0.4677550495,-0.5177680254,-0.5072253942,-0.1517810673,-0.2047952116,-0.205682382,-0.2421423495,-0.2207407653,-0.2189008594,-0.2087975144,-0.4486535788,-0.410906285,-0.5601466298,-0.5516204834,-0.457898289,-0.4511944652,-0.4830062091,-0.5109072328,-0.2051941305,-0.2258747071,-0.1953605264,-0.2288128436,-0.46329844,-0.2321903706,0.0,-0.3572852015,-0.0710518509,-0.0242111236,-0.1786986142,-0.1886892766,-0.1805552542,-0.0910481364,-0.1143123135,-0.2205698788,-0.4848785102,-0.0815492868,-0.312633425,-0.1877846569]},"step_mean_q":{"0":[13.6270847321,13.9001102448,13.9824047089,14.1696071625,14.0813913345,13.991569519,14.0093269348,13.8043842316,13.4676923752,13.2116622925,13.0572395325,12.8043880463,12.3814487457,12.1714458466,11.9774971008,11.7067985535,11.350982666,11.1002511978,10.9153633118,10.6010341644,10.2966213226,10.0891923904,9.9086608887,9.6611976624,9.463224411,9.3194665909,9.1531629562,8.9072399139,8.7075653076,8.5502796173,8.3327560425,8.0916728973,7.8829860687,7.6859111786,7.4402618408,7.1993556023,6.9865570068,6.78399086,6.5530695915,6.3459644318,6.1823363304,6.0374755859,5.8950362206,5.7861747742,5.7075099945,5.6517648697,5.6177687645,5.6387343407,5.635342598,5.6366944313,5.6405382156,5.6643743515,5.6873903275,5.6995506287,5.729227066,5.742164135,5.7682647705,5.8012132645,5.8120384216,5.8280510902,5.8530449867,5.8723487854,5.8953609467,5.9176049232,5.9334926605,5.9653096199,5.9810738564,5.994533062,6.0186662674,6.0411510468,6.05443573,6.07000494,6.0808815956,6.0868740082,6.0938658714,6.1038775444,6.1055717468,6.1063799858,6.103978157,6.0968241692,6.0886645317,6.0786299706,6.0672626495,6.0561695099,6.03120327,6.003932476,5.9729976654,5.9368715286,5.8914351463,5.8498325348,5.7955269814,5.7465834618,5.6899576187,5.6341924667,5.56990242,5.4906511307,5.4208946228,5.3452267647,5.259062767,5.178633213,5.0879993439,5.0025043488,4.9043288231,4.8213114738,4.7231349945,4.6260552406,4.5343604088,4.4358692169,4.3646755219,4.2803144455,4.1925883293,4.1216101646,4.02597332,3.9588553905,3.8762910366,3.7986774445,3.730455637,3.655867815,3.567545414,3.4981453419,3.4205625057,3.3624668121,3.3105390072,3.2626109123,3.2213490009,3.1427366734,3.0858404636,3.0514135361,2.9869382381,2.9118316174,2.876134634,2.8410727978,2.7783141136,2.7101166248,2.65061903,2.5761737823,2.5213692188,2.458199501,2.4112901688,2.3548696041,2.364013195,2.3372063637,2.3341057301,2.279096365,2.2918827534,2.250030756,2.2255456448,2.1887562275,2.1802508831,2.1531050205,2.1188781261,2.0600414276,2.0253369808,1.9646638632,1.9532597065,1.9179204702,1.902913928,1.8388723135,1.8952684402,1.8812760115,1.8659660816,1.7642292976,1.7506092787,1.6802697182,1.6179866791,1.6445367336,1.5880819559,1.6902587414,1.6377431154,1.6264986992]},"episodes_still_running":{"0":[4096.0,4096.0,4096.0,4096.0,4096.0,4096.0,4096.0,4096.0,4096.0,4096.0,4096.0,4096.0,4096.0,4096.0,4096.0,4096.0,4096.0,4096.0,4096.0,4096.0,4096.0,4096.0,4096.0,4096.0,4096.0,4096.0,4096.0,4096.0,4096.0,4096.0,4096.0,4096.0,4096.0,4096.0,4096.0,4096.0,4096.0,4096.0,4096.0,4096.0,4096.0,4096.0,4096.0,4084.0,4084.0,4084.0,4068.0,4028.0,4024.0,4020.0,4016.0,4004.0,3996.0,3996.0,3980.0,3980.0,3972.0,3960.0,3960.0,3960.0,3952.0,3948.0,3940.0,3936.0,3936.0,3924.0,3924.0,3924.0,3920.0,3912.0,3912.0,3908.0,3908.0,3908.0,3908.0,3904.0,3904.0,3904.0,3904.0,3904.0,3904.0,3904.0,3900.0,3900.0,3900.0,3900.0,3900.0,3900.0,3900.0,3900.0,3896.0,3896.0,3892.0,3888.0,3888.0,3880.0,3876.0,3872.0,3868.0,3856.0,3856.0,3828.0,3816.0,3796.0,3772.0,3740.0,3700.0,3668.0,3600.0,3532.0,3468.0,3376.0,3292.0,3180.0,3100.0,2988.0,2848.0,2732.0,2644.0,2540.0,2404.0,2276.0,2132.0,1980.0,1840.0,1732.0,1624.0,1492.0,1408.0,1340.0,1268.0,1184.0,1104.0,1024.0,972.0,928.0,868.0,824.0,796.0,736.0,672.0,608.0,572.0,552.0,520.0,500.0,464.0,436.0,420.0,404.0,380.0,372.0,348.0,328.0,308.0,288.0,272.0,260.0,236.0,212.0,200.0,184.0,180.0,180.0,180.0,160.0,148.0,128.0,124.0,108.0]},