{"max_q":{"0":26.4509315491},"min_q":{"0":-2.372739315},"mean_q":{"0":8.6034412384},"range_q":{"0":28.8236713409},"step_max_q":{"0":[25.750328064,25.3389549255,25.7032585144,25.7315540314,25.907327652,26.2097034454,26.2185916901,26.1743850708,26.0851593018,26.4509315491,25.7353477478,24.6681804657,24.6321678162,24.481962204,23.5386142731,23.5158004761,23.2835102081,22.7755622864,21.6381053925,21.2491455078,21.264087677,20.7996482849,20.3462600708,20.0739517212,20.3338012695,19.9073371887,19.5019874573,19.3731880188,18.7717761993,18.9379730225,17.6099472046,17.7626113892,17.1595420837,17.0898571014,16.012468338,16.2594528198,15.4792108536,15.0250921249,14.4479780197,13.9789676666,13.4261684418,13.1666412354,12.5812044144,12.5153427124,12.4570789337,11.8129138947,11.6671714783,11.0137281418,10.7063293457,10.4938011169,10.5938606262,10.802192688,10.3956928253,11.4188871384,11.309223175,9.6614551544,9.3990573883,8.9821853638,8.906080246,9.6471881866,9.5126619339,9.4939861298,9.331700325,9.2533149719,9.288356781,9.1870889664,8.3840026855,7.7417092323,7.1248083115,7.0882387161,6.831237793,6.8420367241,6.7262220383,6.4208898544,6.245267868,5.9852247238,6.4887609482,5.7417345047,5.8099994659,5.6241788864,5.7097501755,5.4226579666,5.5344848633,5.1979074478,5.4098405838,5.5327596664,5.4188380241,5.3673014641,5.0454330444,5.438829422,5.4430084229,5.6426334381,5.5221681595,5.2600545883,5.2736206055,4.8552980423,5.0456266403,4.7616786957,4.6657104492,4.4879164696,4.3527021408,4.3448009491,3.6455433369,3.6623868942,3.6858115196,3.7055051327,3.7637319565,3.8318860531,3.8745880127,3.8305635452,3.8572621346,3.8609955311,3.7697675228,3.7959201336,3.8105344772,3.9044094086,3.8276495934,3.8522601128,3.8031787872,1.5013003349,1.4544467926,1.4204776287,1.3282579184,1.2779386044,1.2408726215,1.1386452913,1.0705192089,1.0115593672,0.9083583355,0.9460498095,0.8532412052,0.7653678656,0.689556241,0.6156417131,0.5464909077,0.4864910841,0.3926451206,0.3258112669,0.2533730268,0.1936194897,0.1317090988,0.0733357668,0.0352478027]},"step_min_q":{"0":[9.8348884583,9.87758255,9.4305419922,8.8271188736,8.7602119446,8.0167551041,6.7545547485,6.0906434059,5.1321382523,4.2638893127,3.5710835457,4.2618999481,3.965783596,3.1930918694,3.5599341393,0.0,0.0,0.0,0.0,0.0,0.0,0.0,0.0,0.0,0.0,0.0,-0.0604140759,-0.3350080252,-0.5803443193,-0.6230841875,-0.831490159,-0.8973397017,-1.1459151506,-1.5881789923,-1.6118272543,-1.6254991293,-1.8933643103,-1.8611749411,-1.9586991072,-2.1569695473,-2.2950220108,-2.372739315,-1.4611895084,-1.5714291334,-1.7580515146,-1.8723739386,-1.8619124889,-1.9558639526,-1.3170062304,-1.5045591593,-1.5798918009,-1.1449196339,-1.3645336628,-1.514081955,-1.5155756474,-1.4102019072,-1.3734909296,-1.4963905811,-1.0307090282,-1.1607333422,-1.2376405001,-1.3380633593,-1.1120473146,-1.4842089415,-1.7511659861,-2.0929703712,-2.1674180031,-1.4551389217,-1.2664422989,-1.3270428181,-1.4593100548,-1.4876759052,-1.5615766048,-1.6212689877,-1.2374379635,-1.3733911514,-1.4213827848,-1.5377928019,-1.5582438707,-1.581294179,-1.6301962137,-1.2437093258,-1.3245384693,-1.3655848503,-1.3866833448,-1.4956601858,-1.7018643618,-1.7957030535,-0.3466136456,-0.5460642576,-0.5890996456,-0.985411644,-1.1942884922,-1.277616024,-0.4519451857,-0.4827817678,-0.5593713522,-0.5189061165,-0.5857667923,-0.5944707394,-0.6152306795,-0.7547067404,-0.8257089853,-0.8632297516,0.0,0.0,0.0,0.0,0.0,0.0,0.0,0.0,0.0,0.0,0.0,0.0,0.0,0.0,0.0,0.0,0.0,0.0,0.0,0.0,0.0,0.0,0.0,0.0,0.0,0.0,0.0,0.0,0.0,0.0,0.0,0.0,0.0,0.0,0.0,0.0,0.0,0.0,0.0]},"step_mean_q":{"0":[14.2070159912,14.2820835114,14.2266712189,14.3532524109,14.4379196167,14.3922052383,14.3109579086,14.2354097366,14.1058130264,13.9694728851,13.7749767303,13.5723390579,13.3867120743,13.1594724655,12.8768997192,12.6207342148,12.3720884323,12.0647773743,11.7725658417,11.4935398102,11.2035913467,10.8887519836,10.5958299637,10.3135757446,10.0260686874,9.7358894348,9.4564447403,9.1941480637,8.9324388504,8.6598424911,8.4041566849,8.1697216034,7.9293165207,7.6791725159,7.4509038925,7.2373433113,7.0027189255,6.798078537,6.5902581215,6.398914814,6.2009305954,6.0102777481,5.8308563232,5.6676139832,5.4889616966,5.3368282318,5.191365242,5.0533022881,4.9166822433,4.7852435112,4.670873642,4.5735468864,4.456097126,4.3596782684,4.2589325905,4.1752195358,4.0922808647,3.997251749,3.9284939766,3.8609030247,3.7871997356,3.7161271572,3.6528022289,3.6066319942,3.5298752785,3.4945659637,3.4259970188,3.3846316338,3.3135414124,3.2556676865,3.1925802231,3.1538896561,3.0909023285,3.0277826786,2.9814376831,2.9558525085,2.9032440186,2.8419561386,2.8033368587,2.8045942783,2.7981462479,2.7599964142,2.7235207558,2.699037075,2.6233341694,2.6353361607,2.6488242149,2.684769392,2.6499073505,2.6084859371,2.4870278835,2.472612381,2.4607567787,2.3120934963,2.2676384449,2.1781923771,2.3150715828,2.2362267971,2.1802091599,2.0373752117,2.0159051418,2.0890305042,1.9887261391,2.0031199455,2.2216715813,2.1481900215,2.1539006233,2.1860034466,2.2770810127,2.2640006542,2.2793164253,2.365666151,2.1873896122,2.1187465191,2.5294201374,2.5947215557,2.5314207077,2.5168478489,2.6969037056,1.5013003349,1.4544467926,1.4204776287,1.3282579184,1.2779386044,1.2408726215,1.1386452913,1.0705192089,1.0115593672,0.9083583355,0.9460498095,0.8532412052,0.7653678656,0.689556241,0.6156417131,0.5464909077,0.4864910841,0.3926451206,0.3258112669,0.2533730268,0.1936194897,0.1317090988,0.0733357668,0.0352478027]},"episodes_still_running":{"0":[4096.0,4096.0,4096.0,4096.0,4096.0,4096.0,4096.0,4096.0,4096.0,4096.0,4096.0,4096.0,4096.0,4096.0,4096.0,4095.0,4095.0,4095.0,4095.0,4095.0,4095.0,4095.0,4095.0,4095.0,4095.0,4095.0,4095.0,4095.0,4095.0,4095.0,4095.0,4095.0,4094.0,4094.0,4093.0,4088.0,4084.0,4079.0,4072.0,4061.0,4048.0,4032.0,4017.0,4001.0,3978.0,3952.0,3916.0,3866.0,3815.0,3758.0,3676.0,3594.0,3505.0,3401.0,3304.0,3185.0,3054.0,2923.0,2777.0,2600.0,2442.0,2285.0,2091.0,1928.0,1773.0,1637.0,1502.0,1391.0,1250.0,1139.0,1036.0,931.0,845.0,758.0,667.0,597.0,522.0,460.0,407.0,361.0,312.0,271.0,234.0,205.0,178.0,150.0,129.0,111.0,97.0,87.0,75.0,68.0,64.0,54.0,48.0,41.0,33.0,29.0,24.0,22.0,19.0,17.0,16.0,14.0,13.0,12.0,10.0,10.0,8.0,8.0,8.0,7.0,6.0,6.0,3.0,3.0,3.0,3.0,2.0,1.0,1.0,1.0,1.0,1.0,1.0,1.0,1.0,1.0,1.0,1.0,1.0,1.0,1.0,1.0,1.0,1.0,1.0,1.0,1.0,1.0,1.0,1.0,1.0]},