{"max_q":{"0":16.7217407227},"min_q":{"0":0.0},"mean_q":{"0":7.8082199097},"range_q":{"0":16.7217407227},"step_max_q":{"0":[16.7217407227,15.9500770569,15.8548154831,15.9882411957,16.0168361664,15.3996171951,15.5660905838,15.3122720718,14.1764221191,14.2045192719,14.4064922333,13.6328811646,13.8073949814,13.917432785,13.67491436,13.844543457,13.3822669983,12.6459112167,12.718911171,12.7907524109,12.3554372787,12.4495296478,12.2947626114,10.7684698105,10.7170982361,10.7438306808,10.3226928711,9.3956251144,9.4535589218,9.0927314758,8.8620052338,8.7163677216,7.9787416458,7.4602189064,7.4904227257,7.1222076416,6.4829616547,6.1209201813,5.9368329048,5.4661436081,5.1684732437,5.0506944656,4.8397088051,4.4173545837,3.988894701,3.5353164673,3.6182155609,3.5584964752,3.1739602089,3.0992431641,2.9136357307,2.8088321686,2.8581776619,2.672413826,2.3906741142,2.5336506367,2.1918597221,2.0315861702,2.1237182617,1.9589910507,1.7408863306,1.5992474556,1.7401703596,1.5867812634,1.6838744879,1.5260736942,1.6608252525,1.5012077093,1.6393517256,1.5006246567,1.6226511002,1.3725008965,1.4416884184,1.4439693689]},"step_min_q":{"0":[16.3564300537,15.2057142258,14.2067518234,14.2898130417,13.1548843384,12.1319723129,12.3262996674,11.5496091843,10.5245809555,10.9888153076,10.1642255783,9.5629701614,9.8153305054,9.6871500015,8.9069881439,8.8706445694,9.000164032,8.1647319794,8.2967357635,8.366607666,6.9985041618,7.0912246704,7.2424502373,5.5677118301,5.6530437469,5.5631136894,4.1684026718,4.2227287292,4.1457314491,2.9060516357,2.9616427422,2.929233551,2.1324534416,1.9216313362,1.9323493242,1.6251462698,1.6292868853,1.6323313713,0.0,0.0,0.0,0.0,0.0,0.0,0.0,0.0,0.0,0.0,0.0,0.0,0.0,0.0,0.0,0.0,0.0,0.0,0.0,0.0,0.0,0.0,0.0,0.0,0.0,0.0,0.0,0.0,0.0,0.0,0.0,0.0,0.0,0.0,0.0,0.0]},"step_mean_q":{"0":[16.5897598267,15.4950466156,14.8164577484,14.9843072891,14.6105384827,13.4206867218,13.5664863586,13.3839445114,12.3189258575,12.4394569397,12.3667678833,11.4438676834,11.525633812,11.4869651794,10.6505699158,10.7288188934,10.7281856537,9.950302124,10.0219068527,10.0356845856,9.2910747528,9.332818985,9.3193359375,8.2187814713,8.2152137756,8.1367578506,6.9474983215,6.9109010696,6.8171720505,5.7686796188,5.7050290108,5.6131629944,4.7227635384,4.6299219131,4.5452308655,3.8265895844,3.6904697418,3.5996751785,3.0562107563,2.9029660225,2.8071465492,2.4318585396,2.3086051941,2.2340106964,2.0162987709,1.9296481609,1.8761419058,1.7544839382,1.7080893517,1.6775627136,1.6157705784,1.5890424252,1.5801825523,1.5461175442,1.5190815926,1.4930541515,1.4434398413,1.446103096,1.4134258032,1.3790796995,1.3320397139,1.2866332531,1.3625204563,1.2859688997,1.3397743702,1.26380229,1.2835313082,1.3471873999,1.3817833662,1.3046396971,1.4145188332,1.3725008965,1.4416884184,1.4439693689]},"episodes_still_running":{"0":[4096.0,4096.0,4096.0,4096.0,4096.0,4096.0,4096.0,4096.0,4096.0,4096.0,4096.0,4096.0,4096.0,4096.0,4096.0,4096.0,4096.0,4096.0,4096.0,4096.0,4096.0,4096.0,4096.0,4096.0,4096.0,4096.0,4096.0,4096.0,4096.0,4096.0,4096.0,4096.0,4096.0,4096.0,4096.0,4096.0,4096.0,4096.0,4092.0,4088.0,4080.0,4056.0,4032.0,4000.0,3736.0,3580.0,3444.0,2940.0,2516.0,2252.0,1728.0,1328.0,1164.0,820.0,636.0,516.0,356.0,228.0,188.0,136.0,96.0,68.0,56.0,44.0,36.0,24.0,20.0,16.0,8.0,8.0,8.0,4.0,4.0,4.0]},"step_range_q":{"0":[0.3653106689,0.7443628311,1.6480636597,1.698428154,2.861951828,3.2676448822,3.2397909164,3.7626628876,3.6518411636,3.2157039642,4.242266655,4.0699110031,3.992064476,4.2302827835,4.7679262161,4.9738988876,4.3821029663,4.4811792374,4.4221754074,4.4241447449,5.3569331169,5.3583049774,5.0523123741,5.2007579803,5.0640544891,5.1807169914,6.1542901993,5.1728963852,5.3078274727,6.1866798401,5.9003624916,5.7871341705,5.8462882042,5.5385875702,5.5580735207,5.4970612526,4.8536748886,4.48858881,5.9368329048,5.4661436081,5.1684732437,5.0506944656,4.8397088051,4.4173545837,3.988894701,3.5353164673,3.6182155609,3.5584964752,3.1739602089,3.0992431641,2.9136357307,2.8088321686,2.8581776619,2.672413826,2.3906741142,2.5336506367,2.1918597221,2.0315861702,2.1237182617,1.9589910507,1.7408863306,1.5992474556,1.7401703596,1.5867812634,1.6838744879,1.5260736942,1.6608252525,1.5012077093,1.6393517256,1.5006246567,1.6226511002,1.3725008965,1.4416884184,1.4439693689]},"mean_loss:":{"0":0.0328982137},"rmse":{"0":0.1813786477},"step_rmse":{"0":[0.0508917011,0.0761652142,0.0781404898,0.0887935385,0.0969589725,0.0897778794,0.0956869572,0.1090913042,0.1162322834,0.1179553047,0.1373291314,0.1403179318,0.1353043169,0.1438799649,0.1488787532,0.1416374296,0.1358878165,0.136365369,0.1450524479,0.1328316927,0.1593424827,0.151931107,0.1744414717,0.1737288237,0.1698231697,0.1778451502,0.1675087065,0.1804763228,0.1931375116,0.1837679893,0.2019604295,0.2225004435,0.2134995908,0.2284397483,0.2388823479,0.2569807172,0.2373834848,0.2316555381,0.2094856352,0.2134145349,0.1916131973,0.1733192205,0.1879820377,0.1905340403,0.1852775365,0.1912365407,0.2001278549,0.2156427503,0.2276828438,0.241653949,0.292650044,0.3229479194,0.3383299112,0.377851814,0.4536938369,0.4267823994,0.3815106153,0.3327069879,0.3575925231,0.4808588326,0.4564599395,0.2754175961,0.2255449891,0.2408990711,0.1866499633,0.2780229151,0.2475474477,0.3106819093,0.2589461207,0.3835956752,0.2823528349,0.0108377934,0.0858908892,0.0767556429]},"rmse_by_q":{"0":2.3229193687},"step_rmse_by_q":{"0":[0.306765765,0.4915455878,0.5273898244,0.5925768614,0.6636235118,0.6689514518,0.7053186297,0.8150908351,0.9435261488,0.9482352138,1.1104691029,1.2261408567,1.1739425659,1.2525498867,1.3978477716,1.3201586008,1.2666430473,1.3704646826,1.4473538399,1.3235937357,1.7150058746,1.6279230118,1.8718229532,2.1138026714,2.0671789646,2.1857004166,2.4110651016,2.6114730835,2.8331029415,3.1856160164,3.5400419235,3.9639048576,4.5206494331,4.9339871407,5.2556700706,6.7156591415,6.4323382378,6.4354567528,6.8544239998,7.3516025543,6.8259067535,7.1270270348,8.1426668167,8.5287885666,9.1889925003,9.9104356766,10.6669893265,12.2909498215,13.3296804428,14.4050617218,18.1121044159,20.3234291077,21.4108123779,24.4387512207,29.8663253784,28.5845222473,26.4306545258,23.0071411133,25.2997016907,34.8680953979,34.267742157,21.4060688019,16.5535125732,18.7328853607,13.9314470291,21.9989261627,19.2864360809,23.0615215302,18.7399940491,29.4024238586,19.9610519409,0.7896383405,5.9576597214,5.3156003952]},"mean_error":{"0":0.0922092795},"step_mean_error":{"0":[0.041074656,0.0597686954,0.0607488379,0.0689163357,0.0755360425,0.068495661,0.0695811734,0.0787568614,0.0819267705,0.0815958977,0.0872263312,0.0929673314,0.0879331827,0.0853649974,0.0794984847,0.0818243101,0.0778777301,0.0814239159,0.0850261003,0.0837019235,0.0866115242,0.0859372243,0.0926680118,0.092716217,0.0985757336,0.106333442,0.0947273672,0.1085374206,0.1161757112,0.1008782536,0.1120528877,0.1228082627,0.1073246449,0.1147225201,0.1175305396,0.1120371372,0.1119672209,0.1131279618,0.0946118757,0.0962054357,0.0888857543,0.0802612752,0.0830136165,0.081289649,0.0795648172,0.0767397732,0.0808160603,0.0808824822,0.09159334,0.105860509,0.1225695312,0.1395376325,0.1459795982,0.177695483,0.2254032195,0.2340341657,0.2247190624,0.2112165093,0.2455959171,0.2943463027,0.2987442911,0.2020994276,0.1954339594,0.1960527003,0.1617354304,0.2105107754,0.2294253409,0.2908769846,0.255795598,0.3810921907,0.2803051472,0.0108377934,0.0858908892,0.0767556429]},"mean_q_deviation":{"0":2.9764788151},