{"max_q":{"0":18.3587856293},"min_q":{"0":-1.8411495686},"mean_q":{"0":12.5113334656},"range_q":{"0":20.1999359131},"step_max_q":{"0":[16.6138877869,16.6222953796,16.8990745544,17.1028804779,17.6074409485,17.8382606506,18.3587856293,17.4947681427,17.1454086304,16.5191268921,15.8860588074,15.5102834702,15.0209770203,14.4295005798,15.0251598358,13.4075508118,12.5184144974,13.3508110046,14.4407806396,12.6108150482,11.758026123,10.4558391571,9.6555271149,9.851360321,9.0513067245,8.1607341766,9.8592910767,7.9524459839,8.4193086624,8.0045185089,7.5021615028,9.1447029114,8.028172493,8.0856657028,6.7446265221,2.6658284664,2.7395987511,2.2137680054,2.4029521942]},"step_min_q":{"0":[14.4838943481,14.7210845947,15.3378734589,15.2898635864,15.1052684784,14.9089069366,15.3510856628,12.9689331055,12.7829589844,13.1183052063,11.9600200653,11.9754095078,10.4109458923,9.7926979065,7.8648033142,5.3747854233,2.8644704819,3.5115427971,2.2539024353,2.5744485855,1.3455854654,0.1004048586,0.0956081301,-0.2460164726,-0.4099883437,-1.3117340803,-0.9591687918,-0.8293449283,-1.5916290283,-0.9477083683,-1.8411495686,-0.3784119487,-0.2560000122,-0.098466441,-0.317733705,0.0,0.0,0.0,0.0]},"step_mean_q":{"0":[16.3202171326,16.3835010529,16.5813102722,16.8530158997,17.0502052307,17.2890281677,17.7169818878,16.4743728638,16.253238678,15.4064006805,14.7541980743,14.4550418854,13.7304115295,13.2592506409,12.5405883789,11.990983963,11.2798786163,10.6699590683,10.03556633,9.4241409302,8.8045625687,8.1879825592,7.6291193962,7.1031031609,6.7161235809,6.4140553474,6.1051807404,5.6491560936,5.2128210068,4.4304113388,3.8982737064,3.4904940128,2.680713892,2.923324585,2.7569906712,1.4451380968,2.0534405708,2.2137680054,2.4029521942]},"episodes_still_running":{"0":[4096.0,4096.0,4096.0,4096.0,4096.0,4096.0,4096.0,4096.0,4096.0,4096.0,4096.0,4096.0,4096.0,4096.0,4096.0,4096.0,4096.0,4096.0,4096.0,4096.0,4096.0,4096.0,4096.0,4084.0,3864.0,3188.0,2148.0,1328.0,828.0,456.0,304.0,196.0,132.0,72.0,48.0,20.0,8.0,4.0,4.0]},"step_range_q":{"0":[2.1299934387,1.9012107849,1.5612010956,1.8130168915,2.5021724701,2.929353714,3.0076999664,4.5258350372,4.362449646,3.4008216858,3.9260387421,3.5348739624,4.6100311279,4.6368026733,7.1603565216,8.0327653885,9.6539440155,9.8392677307,12.1868782043,10.0363664627,10.4124403,10.3554344177,9.5599193573,10.0973768234,9.4612951279,9.4724683762,10.8184595108,8.7817907333,10.0109376907,8.9522266388,9.3433113098,9.5231151581,8.2841720581,8.184132576,7.0623602867,2.6658284664,2.7395987511,2.2137680054,2.4029521942]},"mean_loss:":{"0":0.3456165493},"rmse":{"0":0.5878916383},"step_rmse":{"0":[0.1780119091,0.135762766,0.0964964852,0.1411345601,0.1383326203,0.2066675574,0.2234188467,0.3117970228,0.4227431417,0.5051822066,0.6070100665,0.5524672866,0.5997825861,0.5595521927,0.6208173037,0.6243093014,0.6920383573,0.7330173254,0.7365633249,0.759124577,0.768441081,0.7375717759,0.7048752904,0.6758797169,0.6331965327,0.5924605727,0.7512711883,0.9667420983,1.1740583181,1.2796275616,1.7394070625,1.7652279139,1.8688460588,1.8541369438,1.3415396214,1.2534408569,1.1317998171,0.3732154369,1.3367228508]},"rmse_by_q":{"0":4.6988725662},"step_rmse_by_q":{"0":[1.0907447338,0.8286554217,0.5819593668,0.8374439478,0.8113253117,1.1953682899,1.2610434294,1.8926184177,2.6009778976,3.2790410519,4.1141514778,3.8219695091,4.3682785034,4.2200889587,4.9504637718,5.2064890862,6.135158062,6.8699164391,7.3395290375,8.055106163,8.7277603149,9.007979393,9.239274025,9.5152740479,9.4280052185,9.23691082,12.3054695129,17.113035202,22.5225143433,28.8828163147,44.619934082,50.5724372864,69.7144927979,63.4256248474,48.6595611572,86.7350234985,55.1172447205,16.858833313,55.6283607483]},"mean_error":{"0":0.3088018},"step_mean_error":{"0":[0.0834668875,0.0618635342,0.0642875433,0.0738124996,0.1008519083,0.113750644,0.1273864061,0.2107493728,0.2814604044,0.3032743335,0.3385562301,0.3420860469,0.3700851202,0.350630939,0.3826916814,0.3827550709,0.4061875045,0.4189416766,0.4203679562,0.4224636555,0.4089389145,0.4025323391,0.3924695849,0.3751032054,0.3478921652,0.3593786657,0.4392034709,0.5879605412,0.7664036155,0.8595737219,1.1825758219,1.2951203585,1.5284115076,1.5798466206,0.9941990376,0.9998677969,1.1292676926,0.3732154369,1.3367228508]},"mean_q_deviation":{"0":9.602191925},"step_mean_q_deviation":{"0":[0.5278396606,0.3868653774,0.3919280469,0.4473768771,0.5968330503,0.6725139618,0.7314738631,1.2853204012,1.755848527,2.0396184921,2.4170260429,2.5277886391,2.9273700714,2.8254988194,3.317789793,3.5443165302,4.0123009682,4.5365085602,5.1192297935,5.900267601,6.3484964371,7.0433297157,7.9221935272,7.8973903656,8.8099336624,12.0477485657,21.3464508057,66.0670089722,134.8167724609,241.1285400391,175.8362579346,683.9373168945,480.0590515137,628.4028320312,428.9316711426,468.6903381348,384.9853820801,14.4266653061,35.7443580627]},"mean_range_deviation":{"0":1.3509684801},"step_mean_range_deviation":{"0":[3.3127903938,3.7041618824,3.8342740536,2.6188623905,3.8019676208,2.286506176,2.1478815079,3.4207158089,3.6360156536,2.9410676956,2.25740695,3.7292275429,3.4583232403,4.177274704,4.1332297325,4.3839159012,4.5784416199,4.4048857689,4.3058805466,4.7301740646,4.4663677216,4.3519659042,4.4505124092,4.1527709961,3.9821751118,4.2691569328,5.4685225487,7.9503507614,10.4555864334,11.4542360306,16.2560405731,18.5429477692,22.2102928162,24.1522884369,15.3837833405,24.6261119843,29.7708511353,14.4266653061,35.7443580627]},"epoch":{"0":165},"mask_name":{"0":"enemy_health"},"map_name":{"0":"8m_vs_9m"}}