{"max_q":{"0":16.5081157684},"min_q":{"0":-0.4888922572},"mean_q":{"0":9.6321401596},"range_q":{"0":16.99700737},"step_max_q":{"0":[15.2229290009,15.5286693573,15.7556781769,16.1263771057,16.2797813416,16.5081157684,16.4166431427,16.1275863647,15.9956226349,15.4767227173,15.3523921967,15.0370292664,14.8572998047,14.178735733,13.7858638763,13.1946983337,13.4817199707,12.722158432,12.668299675,12.0000362396,11.621172905,11.6399116516,11.2345333099,10.6908359528,10.6159763336,10.468916893,10.1577682495,9.9958877563,10.04276371,9.7231998444,9.6559934616,9.6177282333,10.5085678101,9.1912784576,8.9282341003,8.8290348053,8.4437456131,7.8298988342,7.810739994,8.1667671204,7.5614461899,7.4143533707,7.2701063156,7.2598714828,7.0675582886,7.2363085747,6.759062767,6.6778316498,6.7785773277,6.5903654099,6.4470200539,6.3094015121,6.2605628967,5.8725419044,5.7582616806,5.562526226,5.6035575867,5.5631699562,5.4455022812,5.3971977234,5.5945558548,5.2562232018,5.1296777725,4.9650917053,4.9985275269,5.0741724968,4.9950933456,4.5348229408,4.6714863777,4.4788899422,4.3568153381,4.2779746056,4.3464698792,4.111664772,4.1002621651,4.0617489815,3.9453105927,4.0072274208,4.0020942688,3.9583339691,3.8760755062,3.8068492413,3.8788552284,3.8436875343,3.8336184025,3.8227653503,3.8023059368,3.6598725319,3.7641756535,3.6065013409,3.5737137794,3.6280791759,3.5943210125,3.4356658459,3.5034224987]},"step_min_q":{"0":[10.6602535248,10.9852294922,11.3547077179,12.1053972244,12.2639713287,11.8769264221,12.0638895035,11.2654953003,11.1261987686,10.7829494476,9.7107934952,9.6167621613,10.1668701172,9.1455755234,7.8231468201,8.6633033752,6.5149979591,6.1573591232,6.2058291435,6.1747326851,5.4614806175,5.2243628502,5.7389583588,4.7920808792,4.4747896194,4.0259776115,2.8757276535,2.7214255333,1.9754910469,2.0110883713,0.8312615156,0.5884267092,0.5747946501,0.5545121431,0.4905396998,0.5219442844,0.0,0.0,-0.2412679195,-0.229609713,-0.0444649756,-0.3184226751,-0.4214476943,-0.4888922572,-0.2842418551,0.0,0.0,0.0,0.0,0.0,0.0,0.0,0.0,0.0,0.0,0.0,0.0,0.0,0.0,0.0,0.0,0.0,0.0,0.0,0.0,0.0,-0.0205181241,0.0,0.0,0.0,0.0,0.0,0.0,0.0,0.0,0.0,0.0,0.0,0.0,0.0,0.0,0.0,0.0,0.0,0.0,0.0,0.0,0.0,0.0,0.0,0.0,0.0,0.0,0.0,0.0]},"step_mean_q":{"0":[14.7532777786,15.0079402924,15.2385616302,15.4732065201,15.6687784195,15.738451004,15.4729700089,15.1427907944,14.8128538132,14.4905605316,14.1009082794,13.7226886749,13.4531536102,13.0267057419,12.6704015732,12.3256845474,11.94551754,11.5510635376,11.2009391785,10.8465976715,10.4486751556,10.1205692291,9.7954683304,9.4324111938,9.1422147751,8.852853775,8.5656776428,8.3016357422,8.0550765991,7.7839694023,7.5255861282,7.2957687378,7.0213289261,6.7706737518,6.521197319,6.2594928741,6.0082454681,5.7787604332,5.5346517563,5.308576107,5.1120524406,4.9337234497,4.7964115143,4.6805663109,4.5596585274,4.4956655502,4.4181518555,4.3700752258,4.2916750908,4.2602586746,4.1941509247,4.1384468079,4.0657138824,4.0129480362,3.9549498558,3.881531477,3.8140540123,3.8059971333,3.747923851,3.6500527859,3.6760075092,3.6822328568,3.5825715065,3.5225615501,3.4484975338,3.3680615425,3.26039505,3.1232683659,3.250619173,3.4205715656,3.3064441681,3.0687506199,3.0298967361,3.0339901447,3.2430055141,3.1749823093,2.8602018356,2.9656653404,2.969461441,2.9684736729,2.8410162926,2.848461628,2.852568388,2.7654130459,2.6756448746,2.6412920952,2.6732332706,1.8934950829,2.0284433365,1.9164483547,1.8643926382,1.8750635386,1.9072715044,3.4356658459,3.5034224987]},"episodes_still_running":{"0":[4096.0,4096.0,4096.0,4096.0,4096.0,4096.0,4096.0,4096.0,4096.0,4096.0,4096.0,4096.0,4096.0,4096.0,4096.0,4096.0,4096.0,4096.0,4096.0,4096.0,4096.0,4096.0,4096.0,4096.0,4096.0,4096.0,4096.0,4096.0,4096.0,4096.0,4096.0,4096.0,4096.0,4096.0,4096.0,4096.0,4080.0,4076.0,4044.0,4016.0,3916.0,3764.0,3472.0,3196.0,2924.0,2592.0,2252.0,1940.0,1712.0,1412.0,1224.0,1072.0,908.0,780.0,680.0,596.0,548.0,464.0,388.0,340.0,300.0,248.0,240.0,216.0,176.0,144.0,136.0,120.0,104.0,84.0,76.0,56.0,52.0,40.0,32.0,28.0,16.0,16.0,16.0,16.0,16.0,16.0,16.0,16.0,16.0,16.0,16.0,8.0,8.0,8.0,8.0,8.0,8.0,4.0,4.0]},"step_range_q":{"0":[4.5626754761,4.5434398651,4.400970459,4.0209798813,4.0158100128,4.6311893463,4.3527536392,4.8620910645,4.8694238663,4.6937732697,5.6415987015,5.4202671051,4.6904296875,5.0331602097,5.9627170563,4.5313949585,6.9667220116,6.5647993088,6.4624705315,5.8253035545,6.1596922874,6.4155488014,5.4955749512,5.8987550735,6.1411867142,6.4429392815,7.282040596,7.2744622231,8.0672721863,7.7121114731,8.8247318268,9.0293016434,9.9337730408,8.6367664337,8.4376945496,8.3070907593,8.4437456131,7.8298988342,8.0520076752,8.3963766098,7.6059112549,7.732776165,7.6915540695,7.7487635612,7.3517999649,7.2363085747,6.759062767,6.6778316498,6.7785773277,6.5903654099,6.4470200539,6.3094015121,6.2605628967,5.8725419044,5.7582616806,5.562526226,5.6035575867,5.5631699562,5.4455022812,5.3971977234,5.5945558548,5.2562232018,5.1296777725,4.9650917053,4.9985275269,5.0741724968,5.0156116486,4.5348229408,4.6714863777,4.4788899422,4.3568153381,4.2779746056,4.3464698792,4.111664772,4.1002621651,4.0617489815,3.9453105927,4.0072274208,4.0020942688,3.9583339691,3.8760755062,3.8068492413,3.8788552284,3.8436875343,3.8336184025,3.8227653503,3.8023059368,3.6598725319,3.7641756535,3.6065013409,3.5737137794,3.6280791759,3.5943210125,3.4356658459,3.5034224987]},"mean_loss:":{"0":0.0729611367},"rmse":{"0":0.2701131999},"step_rmse":{"0":[0.0990848392,0.0852768123,0.0903700441,0.1107085571,0.1440310031,0.1973455697,0.221331194,0.2517768443,0.2726907432,0.2426545918,0.2465157658,0.3046508133,0.2815500796,0.2689132392,0.3175500631,0.3022370934,0.294405371,0.3033328652,0.341253221,0.3404226899,0.336435318,0.3408519924,0.3484578133,0.3186601102,0.3092091382,0.2793497443,0.2820550799,0.3269111514,0.2886737585,0.2912425697,0.301176846,0.2901593745,0.2713729143,0.2682249248,0.2608292401,0.2598616183,0.2352230996,0.2468658388,0.2231876105,0.2413748652,0.2065555006,0.2302556932,0.2229299694,0.2318704128,0.212158516,0.2540087402,0.2536195815,0.2607866228,0.2684161365,0.317948401,0.2860340178,0.2955573499,0.2985489964,0.3402588069,0.3534725606,0.3606446981,0.4056230485,0.349155724,0.4018341303,0.391543597,0.3697669208,0.3609645665,0.3219636679,0.327670604,0.3994762599,0.4541096389,0.3717894256,0.3951211572,0.4382546246,0.3571574986,0.4377810955,0.4165721238,0.4668144286,0.3937393725,0.4114897251,0.4606106281,0.7590398788,0.488563478,0.4288238883,0.461207509,0.5394946337,0.4271581471,0.4038429558,0.3654919267,0.4166686833,0.3216196895,0.4959464967,0.1943743527,0.0948622823,0.152977258,0.1159088612,0.1158771589,0.0599911474,0.1427941322,0.0121176243]},"rmse_by_q":{"0":2.8042905331},"step_rmse_by_q":{"0":[0.6716123819,0.5682113171,0.5930352211,0.7154855132,0.9192229509,1.2539072037,1.4304376841,1.6626845598,1.8409062624,1.6745700836,1.7482261658,2.2200520039,2.0928182602,2.06432271,2.5062351227,2.4520916939,2.4645676613,2.6260166168,3.0466482639,3.1385204792,3.2198851109,3.3679132462,3.5573370457,3.3783526421,3.3822126389,3.1554765701,3.2928519249,3.9379124641,3.5837492943,3.7415688038,4.0020384789,3.9770913124,3.8649792671,3.9615690708,3.9997138977,4.1514801979,3.9150047302,4.2719511986,4.0325503349,4.5468850136,4.040558815,4.6669764519,4.6478490829,4.9538965225,4.6529474258,5.6500806808,5.7403998375,5.9675545692,6.2543444633,7.4631242752,6.8198313713,7.1417460442,7.3430886269,8.4790239334,8.9374732971,9.2912998199,10.6349582672,9.173830986,10.7215127945,10.7270669937,10.058927536,9.8028717041,8.9869432449,9.3020553589,11.584066391,13.4828195572,11.4032011032,12.6508874893,13.4821891785,10.4414567947,13.2402391434,13.5746498108,15.4069423676,12.9776086807,12.6885299683,14.5075025558,26.5379810333,16.473991394,14.4411344528,15.5368566513,18.9894943237,14.996099472,14.1571702957,13.2165403366,15.5726451874,12.1766042709,18.5523090363,10.2653741837,4.6766052246,7.9823312759,6.2169771194,6.1799058914,3.1453912258,4.1562290192,0.3458796144]},"mean_error":{"0":0.1464715749},