{"max_q":{"0":11.251042366},"min_q":{"0":-0.1897798181},"mean_q":{"0":5.3456082344},"range_q":{"0":11.4408226013},"step_max_q":{"0":[10.3160133362,10.6409254074,10.7878665924,10.9562969208,11.251042366,11.0577220917,10.5342140198,10.3182611465,9.9165525436,9.7567176819,9.4603862762,9.229968071,9.2757434845,9.0501708984,8.5132570267,8.2058925629,8.2214317322,7.8251476288,7.5733885765,7.2243175507,7.3156700134,6.9151954651,6.5478515625,6.6009926796,6.1611852646,5.6871380806,6.1398639679,5.1885380745,5.3677968979,4.8066701889,4.2132863998,3.9238300323,4.0265421867,3.8136854172,3.1516957283,2.7664754391,2.9585547447,2.7376253605,2.4668111801,2.1292436123,1.8585956097,1.7789829969,1.686640501,1.6890215874,1.5772325993,1.2450608015,0.5863808393,0.587485075,0.5104829669,0.5202162266,0.4440594018,0.3698546588,0.1776450276,0.2016111016,0.0497895479,0.0569833517,0.0]},"step_min_q":{"0":[9.4629478455,9.3791694641,9.3749265671,9.6092586517,9.4541530609,9.3068933487,8.9655656815,8.5497913361,8.2554197311,7.3921995163,7.0946760178,6.6223702431,6.1245517731,5.7630901337,5.1810007095,4.7264823914,4.0240154266,3.5807054043,3.4100518227,2.7868287563,2.4948539734,2.2064325809,1.7549501657,1.4115153551,1.3133120537,1.0669509172,0.7215419412,0.3883363008,0.2328929305,-0.0091299415,-0.1085141897,-0.1003693342,-0.0975484848,-0.1204483509,-0.0722467899,-0.1257790327,-0.1897798181,-0.1495156288,-0.1489485502,-0.1422702074,-0.0773515701,-0.0952612162,-0.1398102045,-0.1013666391,-0.1267651916,-0.0730215907,-0.1440571547,-0.0326759219,-0.0783039927,-0.0495311022,-0.064143002,0.0,0.0,0.0,0.0,0.0,-0.0588886738]},"step_mean_q":{"0":[9.9969177246,10.114944458,10.207818985,10.3434314728,10.4489774704,10.2166843414,9.7928390503,9.4913215637,9.1972942352,8.8848209381,8.5261945724,8.1726331711,7.8541994095,7.4941396713,7.1496458054,6.7804002762,6.4051804543,6.0248260498,5.622718811,5.2259030342,4.8345313072,4.4293069839,4.0460147858,3.6531457901,3.2806801796,2.9109201431,2.5643832684,2.2281537056,1.9101924896,1.6204786301,1.3479603529,1.1170790195,0.9212054014,0.7485003471,0.6075065136,0.50685215,0.4324477315,0.3693333566,0.3380890191,0.3081882596,0.2681917846,0.2431742549,0.222668469,0.2226908803,0.2043046057,0.1933166236,0.1836376786,0.1519284546,0.1760465056,0.1177895889,0.1406060606,0.2112642527,0.1776450276,0.2016111016,0.0497895479,0.0569833517,-0.0588886738]},"episodes_still_running":{"0":[4096.0,4096.0,4096.0,4096.0,4096.0,4096.0,4096.0,4096.0,4096.0,4096.0,4096.0,4096.0,4096.0,4096.0,4096.0,4096.0,4096.0,4096.0,4096.0,4096.0,4096.0,4096.0,4096.0,4096.0,4096.0,4096.0,4096.0,4096.0,4096.0,4096.0,4088.0,4052.0,3964.0,3844.0,3600.0,3272.0,2824.0,2376.0,1788.0,1344.0,1032.0,744.0,524.0,336.0,232.0,160.0,104.0,76.0,36.0,28.0,20.0,12.0,4.0,4.0,4.0,4.0,4.0]},"step_range_q":{"0":[0.8530654907,1.2617559433,1.4129400253,1.347038269,1.7968893051,1.750828743,1.5686483383,1.7684698105,1.6611328125,2.3645181656,2.3657102585,2.6075978279,3.1511917114,3.2870807648,3.3322563171,3.4794101715,4.1974163055,4.2444419861,4.1633367538,4.4374885559,4.82081604,4.7087631226,4.792901516,5.1894774437,4.8478732109,4.6201872826,5.4183220863,4.8002018929,5.1349039078,4.81580019,4.3218007088,4.0241994858,4.1240906715,3.9341337681,3.2239425182,2.8922543526,3.1483345032,2.8871409893,2.6157598495,2.2715139389,1.9359471798,1.8742442131,1.8264507055,1.7903882265,1.7039978504,1.3180823326,0.730437994,0.6201609969,0.5887869596,0.5697473288,0.5082024336,0.3698546588,0.1776450276,0.2016111016,0.0497895479,0.0569833517,0.0588886738]},"mean_loss:":{"0":0.0477858447},"rmse":{"0":0.2185997367},"step_rmse":{"0":[0.0979038551,0.0904157385,0.1085471064,0.1435143948,0.2091018111,0.2345687151,0.2398183048,0.2560493648,0.2623307705,0.2717472315,0.2758428454,0.2788063586,0.2952556312,0.2839222848,0.288086921,0.2934524417,0.2958073616,0.2916447222,0.2814306915,0.2880901396,0.2784697711,0.2727277279,0.2492919117,0.2405703664,0.2245791405,0.2167701572,0.2095927894,0.1918669492,0.1712574512,0.1575047672,0.1373741329,0.1283552945,0.1119067743,0.1117690206,0.0974378064,0.0915450007,0.0851959065,0.0806158036,0.0762199983,0.0777005181,0.0684279427,0.0604622662,0.0617396198,0.0656260028,0.0771971717,0.0854478776,0.0842530504,0.0710151345,0.0834593326,0.0559248887,0.0697544515,0.0756734014,0.2837550044,0.2706862092,0.2799029946,0.320458889,0.3213139772]},"rmse_by_q":{"0":4.0893330574},"step_rmse_by_q":{"0":[0.9793404341,0.8938826323,1.0633721352,1.3874930143,2.0011701584,2.2959377766,2.4489150047,2.6977210045,2.8522603512,3.0585560799,3.2352399826,3.4114627838,3.7592072487,3.7885909081,4.0293874741,4.3279519081,4.6182518005,4.8407158852,5.0052423477,5.5127339363,5.7600159645,6.157345295,6.161418438,6.585293293,6.8455057144,7.4467921257,8.1732244492,8.6110286713,8.9654550552,9.7196445465,10.1912584305,11.4902610779,12.1478633881,14.9323940277,16.0389728546,18.0614795685,19.7008571625,21.827381134,22.5443572998,25.2120323181,25.5145549774,24.8637619019,27.7271499634,29.4695491791,37.7853317261,44.2010002136,45.8800468445,46.7424850464,47.4075508118,47.4786338806,49.6098442078,35.8193130493,159.7314605713,134.2615661621,562.1721801758,562.3728027344,-545.6295166016]},"mean_error":{"0":0.155562222},"step_mean_error":{"0":[0.0748663098,0.0705492646,0.0862526745,0.1120371073,0.1627973765,0.186115399,0.1832422167,0.2028312832,0.2052215785,0.2108538747,0.2161964774,0.2162797898,0.2307288647,0.2258816212,0.2244378626,0.2282914817,0.2336022556,0.2320388407,0.224049449,0.2260827124,0.2188489288,0.2118270546,0.1901961863,0.1883835942,0.1718456,0.1663020849,0.1520902812,0.1412228942,0.1229755282,0.1106718555,0.0929452926,0.0828262717,0.0714931116,0.0675067082,0.0616455153,0.0569480807,0.0535853058,0.0497000068,0.0496661812,0.0492114127,0.0457055904,0.0417810604,0.0429672152,0.0470963232,0.0528421625,0.0577419996,0.0618201494,0.0512699708,0.0606396049,0.0407316014,0.059228152,0.0743325055,0.2837550044,0.2706862092,0.2799029946,0.320458889,0.3213139772]},"mean_q_deviation":{"0":9.5752887726},"step_mean_q_deviation":{"0":[0.7563287616,0.7031803727,0.8486257792,1.0878310204,1.56515944,1.8238351345,1.8918368816,2.1430571079,2.2470507622,2.3790898323,2.5349822044,2.6451928616,2.924987793,3.01933074,3.1324141026,3.3545415401,3.6272301674,3.8351356983,3.9706058502,4.3249092102,4.5162014961,4.7762236595,4.6938357353,5.1344671249,5.2413964272,5.7157196999,6.0064067841,6.3841342926,6.6218934059,7.6441316605,9.7147502899,9.8876399994,12.6495389938,16.7170085907,61.3656654358,26.7108688354,26.8820972443,45.5849990845,58.5071678162,50.5114326477,74.3927841187,57.6312065125,42.7093315125,63.4363059998,104.134765625,67.3229064941,45.3725318909,49.1051673889,38.1721687317,139.8724365234,43.4599304199,53.9415054321,61.4986953735,57.3126716614,84.89818573,84.9027633667,122.4401702881]},"mean_range_deviation":{"0":1.3572204113},"step_mean_range_deviation":{"0":[5.9772839546,5.3079886436,5.5350461006,6.5946102142,7.6631507874,8.9021902084,7.777302742,8.0263175964,7.0426678658,7.0080733299,6.9742193222,6.536043644,5.3580002785,6.3571252823,5.6383728981,5.0589737892,5.4702296257,5.3342094421,5.0852713585,4.5330057144,3.9932992458,3.6545403004,3.2021374702,3.0797834396,2.9961953163,3.1015851498,2.713694334,2.3141999245,2.157127142,2.1017639637,2.0220127106,1.7844349146,1.6361858845,1.4742138386,1.705734849,1.7948868275,1.7400374413,1.5397514105,1.7312732935,2.0733315945,2.0963308811,2.190946579,2.4134352207,2.866237402,3.9615228176,5.8691115379,7.1354293823,7.1334786415,8.4502544403,7.7781281471,12.7825784683,23.6955356598,61.4986953735,57.3126716614,84.89818573,84.9027328491,122.4401702881]},"epoch":{"0":175},"mask_name":{"0":"enemy_health_and_shield"},"map_name":{"0":"corridor"}}