{"max_q":{"0":17.4934425354},"min_q":{"0":-1.5200248957},"mean_q":{"0":6.6465797424},"range_q":{"0":19.0134677887},"step_max_q":{"0":[10.2851428986,10.3032999039,10.3842010498,11.0072860718,11.0845088959,11.5798788071,12.1410388947,11.7938995361,13.8397073746,13.7928533554,16.2586593628,14.6027412415,15.978313446,17.2888317108,16.2477703094,17.4934425354,14.1273622513,16.6404933929,15.2088022232,14.7769880295,14.0453863144,13.920753479,16.9298229218,15.5102357864,15.486784935,13.3574638367,13.5628032684,15.9169960022,12.7730484009,11.8767366409,11.3782272339,3.9741337299,2.8364794254,2.9439468384]},"step_min_q":{"0":[7.5891489983,7.3767852783,7.4711227417,7.8578233719,7.0137906075,7.2718443871,6.9912056923,6.0947675705,5.8422365189,5.0501255989,3.8733353615,3.1445963383,2.85587883,1.9673538208,1.4281673431,-0.5933240652,-0.4038547873,0.3654701114,-0.6270893812,-1.1914628744,-1.4549224377,-1.1646201611,-0.9406193495,-0.6478388309,-0.7979006171,-1.3938369751,-0.9013554454,-1.0970516205,-1.5200248957,-1.1241153479,-1.4610528946,0.0,0.0,0.0]},"step_mean_q":{"0":[9.0275268555,9.1379356384,9.2336521149,9.6308937073,9.7906703949,10.1394414902,10.3523254395,9.411866188,9.2642307281,8.5926303864,8.0820217133,7.9205503464,7.2455244064,7.1503624916,6.3137412071,6.0714759827,5.2222633362,4.8357486725,4.2061443329,3.7555344105,3.4203727245,3.1099851131,3.0716016293,2.9009490013,3.0325331688,3.337903738,3.6827602386,3.6235852242,2.9182767868,2.4717190266,2.1287209988,1.7203701735,1.547981739,1.585236907]},"episodes_still_running":{"0":[4096.0,4096.0,4096.0,4096.0,4096.0,4096.0,4096.0,4096.0,4096.0,4096.0,4096.0,4096.0,4096.0,4096.0,4096.0,4096.0,4096.0,4096.0,4096.0,4092.0,4048.0,3944.0,3804.0,3524.0,3236.0,2604.0,2100.0,1544.0,956.0,500.0,208.0,52.0,16.0,8.0]},"step_range_q":{"0":[2.6959939003,2.9265146255,2.9130783081,3.1494626999,4.0707182884,4.30803442,5.1498332024,5.6991319656,7.9974708557,8.7427272797,12.3853244781,11.4581451416,13.1224346161,15.32147789,14.8196029663,18.0867671967,14.5312166214,16.2750225067,15.8358917236,15.9684505463,15.5003089905,15.0853738785,17.8704414368,16.1580753326,16.2846851349,14.7513008118,14.4641590118,17.0140476227,14.2930736542,13.0008516312,12.8392801285,3.9741337299,2.8364794254,2.9439468384]},"mean_loss:":{"0":1.3225528002},"rmse":{"0":1.1500229836},"step_rmse":{"0":[0.2920789421,0.2180567533,0.2180737257,0.3246448636,0.1528912187,0.1138975397,0.1407329142,0.5104657412,0.6910550594,0.8015582561,1.0725911856,1.2924431562,1.6539373398,1.7694710493,1.7125314474,1.7183628082,1.5797160864,1.476604104,1.4158272743,1.3776481152,1.2388498783,1.2574756145,1.1480288506,1.1944901943,1.1338305473,1.2485531569,1.32748878,1.3859937191,1.4881316423,1.5205409527,1.8049941063,1.9851706028,1.4599714279,0.4554927945]},"rmse_by_q":{"0":17.3024768829},"step_rmse_by_q":{"0":[3.2354257107,2.3862802982,2.3617277145,3.3708696365,1.5616010427,1.123311758,1.3594328165,5.4236402512,7.4593892097,9.3284387589,13.271323204,16.3175926208,22.8270206451,24.746591568,27.1238765717,28.3022251129,30.2496433258,30.5351696014,33.6609306335,36.6831436157,36.2197341919,40.4334945679,37.375579834,41.1758422852,37.3888893127,37.4053077698,36.0460281372,38.2492370605,50.9935073853,61.5175476074,84.7924194336,115.3920669556,94.3145065308,28.7334213257]},"mean_error":{"0":0.6924445629},"step_mean_error":{"0":[0.2048561275,0.1655613929,0.1761155725,0.2195794284,0.1205116361,0.0849323943,0.106915608,0.3985259235,0.5210124254,0.5822808743,0.775292635,0.9220091701,1.165471077,1.2319339514,1.1943874359,1.2094676495,1.0941603184,1.0150569677,0.9619377851,0.8932973146,0.8062725663,0.8081214428,0.733546257,0.7554863691,0.7101928592,0.7945335507,0.8950173259,1.0086114407,1.0863633156,1.1128146648,1.3426889181,1.5295363665,0.9782869816,0.4437100887]},"mean_q_deviation":{"0":63.3837356567},"step_mean_q_deviation":{"0":[2.4273612499,1.8739510775,1.948546648,2.468528986,1.2625485659,0.8704041243,1.0810855627,4.0819978714,5.4701023102,6.4025821686,8.9867916107,11.06828022,14.4791755676,16.2362689972,17.8486824036,19.3908786774,19.7220859528,21.2157859802,30.9040374756,62.2124481201,43.2618942261,90.5621795654,71.7808914185,193.3133544922,151.5503082275,222.0623474121,214.8839416504,576.2542114258,1070.6453857422,1371.8236083984,1036.025390625,496.5361633301,171.7857666016,160.5369567871]},"mean_range_deviation":{"0":3.3004317284},"step_mean_range_deviation":{"0":[6.6138138771,5.0816249847,5.4258952141,5.7264156342,3.1182763577,1.9512206316,2.1870503426,6.0611753464,5.7873983383,4.1375956535,6.1724596024,6.5630307198,6.7940363884,7.5548396111,7.3077282906,7.8030166626,7.2436318398,7.3054800034,6.9604701996,6.624973774,6.2058625221,6.1606779099,5.2622485161,3.7834894657,5.6012010574,6.6216878891,6.9420032501,8.0667467117,9.6939649582,11.7115345001,13.4101791382,17.5308303833,25.2011890411,17.6667442322]},"epoch":{"0":70},"mask_name":{"0":"ally_distance"},"map_name":{"0":"5m_vs_6m"}}