{"max_q":{"0":16.3809585571},"min_q":{"0":-1.532341361},"mean_q":{"0":9.7027044296},"range_q":{"0":17.9132995605},"step_max_q":{"0":[15.2654304504,15.5333156586,15.8049726486,16.0268058777,16.2115020752,16.3809585571,16.2548351288,16.1986942291,15.6685447693,15.4474029541,15.1289348602,14.8219213486,14.5077552795,14.1091051102,13.873383522,13.7210245132,13.4092073441,13.0437726974,12.4922866821,12.235865593,11.8566255569,11.7970075607,11.4094934464,11.0352401733,10.8080062866,10.3641853333,10.1652803421,9.9879665375,10.0217247009,9.9347658157,9.6729516983,9.5647296906,9.3806915283,9.2272109985,8.6945934296,8.6064338684,8.7137508392,8.3860530853,8.2856931686,8.3509731293,8.1931304932,8.405374527,8.2456998825,8.2004022598,7.9597024918,7.9398369789,7.9271116257,7.2737145424,7.2347283363,6.8996648788,6.8672609329,6.7768521309,6.8034439087,6.6185808182,6.6020717621,6.4490041733,6.5016126633,6.4459815025,6.3495774269,6.445432663,6.4750685692,6.5718336105,6.5010795593,6.5141000748,6.5146842003,6.4630274773,6.4346704483,6.3396353722,6.3194346428,6.3080239296,6.1515798569,6.2267603874,5.9980430603,5.9339561462,5.8465042114,5.7929978371,5.7177329063,5.6755757332,5.5587129593,5.4382128716,5.3160567284,5.1988677979,5.1433258057,4.7286982536,4.6826243401,4.5804491043,4.5860056877,2.8016834259,2.7038390636,2.7159743309,2.7031066418,2.6747097969,2.5835976601,2.6182389259,2.5266852379]},"step_min_q":{"0":[10.9876909256,11.2421789169,11.4709529877,11.6758346558,11.8413972855,11.9908227921,11.63813591,11.6062431335,11.2632083893,10.9376392365,10.9275960922,10.5911693573,10.1705169678,10.0560302734,9.5398178101,9.3681659698,8.6056604385,8.7919054031,8.2184505463,7.9677457809,7.6748642921,6.8349022865,6.5173454285,5.7936649323,5.6701049805,4.7291278839,4.5333695412,3.5379917622,2.2338113785,2.3773691654,1.2489433289,1.3918960094,1.389342308,1.3107198477,1.3234660625,0.4957239628,0.0,0.0,0.0,0.0,-0.3850824535,-0.4613023996,-0.4217520356,-1.532341361,-1.4618022442,0.0,0.0,0.0,0.0,0.0,0.0,0.0,0.0,0.0,0.0,0.0,0.0,0.0,0.0,0.0,0.0,0.0,0.0,0.0,0.0,0.0,0.0,0.0,0.0,0.0,0.0,0.0,0.0,0.0,0.0,0.0,0.0,0.0,0.0,0.0,0.0,0.0,0.0,0.0,0.0,0.0,0.0,0.0,0.0,0.0,0.0,0.0,0.0,0.0,0.0]},"step_mean_q":{"0":[14.8108377457,15.0746555328,15.3311929703,15.5632047653,15.6822872162,15.7432117462,15.5464744568,15.2698535919,14.8954524994,14.5686378479,14.1856822968,13.8136091232,13.5389547348,13.1290483475,12.7845821381,12.4481534958,12.0542068481,11.6478433609,11.2928848267,10.9265918732,10.515537262,10.1745100021,9.8441953659,9.4927110672,9.1949615479,8.9131937027,8.6256999969,8.3546333313,8.1148853302,7.8465909958,7.5901498795,7.3545293808,7.084833622,6.832508564,6.5878539085,6.3319854736,6.0772175789,5.8557882309,5.6200938225,5.389746666,5.1869978905,5.0059790611,4.8631381989,4.742688179,4.6207113266,4.5391387939,4.4676480293,4.4000148773,4.3201985359,4.2956881523,4.223347187,4.1577091217,4.0973496437,4.0298528671,3.9713220596,3.9245524406,3.8465149403,3.844991684,3.8016169071,3.7325026989,3.6972591877,3.6703629494,3.5807766914,3.562120676,3.5287621021,3.4715828896,3.3993341923,3.3226511478,3.3456082344,3.3878653049,3.3526346684,3.4219250679,3.353484869,3.3356337547,3.4324951172,3.3083109856,3.7569117546,3.8033466339,3.7476613522,3.6684589386,3.5930552483,3.5862770081,3.5134801865,3.4261341095,3.3401989937,3.2922546864,3.2809901237,2.6807961464,2.6355047226,2.6230964661,2.6193900108,2.5861668587,2.5429799557,2.6182389259,2.5266852379]},"episodes_still_running":{"0":[4096.0,4096.0,4096.0,4096.0,4096.0,4096.0,4096.0,4096.0,4096.0,4096.0,4096.0,4096.0,4096.0,4096.0,4096.0,4096.0,4096.0,4096.0,4096.0,4096.0,4096.0,4096.0,4096.0,4096.0,4096.0,4096.0,4096.0,4096.0,4096.0,4096.0,4096.0,4096.0,4096.0,4096.0,4096.0,4096.0,4080.0,4076.0,4044.0,4016.0,3916.0,3764.0,3472.0,3196.0,2924.0,2592.0,2252.0,1940.0,1712.0,1412.0,1224.0,1072.0,908.0,780.0,680.0,596.0,548.0,464.0,388.0,340.0,300.0,248.0,240.0,216.0,176.0,144.0,136.0,120.0,104.0,84.0,76.0,56.0,52.0,40.0,32.0,28.0,16.0,16.0,16.0,16.0,16.0,16.0,16.0,16.0,16.0,16.0,16.0,8.0,8.0,8.0,8.0,8.0,8.0,4.0,4.0]},"step_range_q":{"0":[4.2777395248,4.2911367416,4.3340196609,4.3509712219,4.3701047897,4.3901357651,4.6166992188,4.5924510956,4.40533638,4.5097637177,4.201338768,4.2307519913,4.3372383118,4.0530748367,4.333565712,4.3528585434,4.8035469055,4.2518672943,4.2738361359,4.268119812,4.1817612648,4.9621052742,4.8921480179,5.2415752411,5.1379013062,5.6350574493,5.6319108009,6.4499750137,7.7879133224,7.5573968887,8.4240083694,8.1728334427,7.9913492203,7.9164910316,7.3711271286,8.110710144,8.7137508392,8.3860530853,8.2856931686,8.3509731293,8.578212738,8.8666772842,8.6674518585,9.7327432632,9.4215049744,7.9398369789,7.9271116257,7.2737145424,7.2347283363,6.8996648788,6.8672609329,6.7768521309,6.8034439087,6.6185808182,6.6020717621,6.4490041733,6.5016126633,6.4459815025,6.3495774269,6.445432663,6.4750685692,6.5718336105,6.5010795593,6.5141000748,6.5146842003,6.4630274773,6.4346704483,6.3396353722,6.3194346428,6.3080239296,6.1515798569,6.2267603874,5.9980430603,5.9339561462,5.8465042114,5.7929978371,5.7177329063,5.6755757332,5.5587129593,5.4382128716,5.3160567284,5.1988677979,5.1433258057,4.7286982536,4.6826243401,4.5804491043,4.5860056877,2.8016834259,2.7038390636,2.7159743309,2.7031066418,2.6747097969,2.5835976601,2.6182389259,2.5266852379]},"mean_loss:":{"0":0.2163667381},"rmse":{"0":0.4651523829},"step_rmse":{"0":[0.1411830038,0.1298425943,0.1334383786,0.1796285361,0.2026250511,0.2482877076,0.2707366943,0.2990626097,0.3029194176,0.2843820155,0.3054914176,0.3445047438,0.33981511,0.3278925419,0.3782828748,0.3631496131,0.3530568779,0.3705325723,0.404343009,0.4127747416,0.3976609707,0.3883499205,0.4067795575,0.3910803497,0.4415360093,0.4402213693,0.446172893,0.4671132267,0.4599405229,0.4916667938,0.5284259319,0.520449698,0.5354526639,0.548062861,0.5432736278,0.530246079,0.5395926237,0.5365074277,0.5383911133,0.5499923229,0.502492249,0.5202579498,0.5264156461,0.5464963317,0.5734128952,0.5720973611,0.6029943824,0.6066588759,0.6463511586,0.7020100951,0.6755561233,0.7329556942,0.7482309341,0.8042144179,0.8501609564,0.8972851634,0.8737642169,0.9026714563,0.9867960811,1.080358386,1.0115432739,0.9914263487,1.0209974051,1.062045455,1.1957377195,1.3135870695,1.3109149933,1.3407580853,1.2500394583,0.9246520996,0.9649558067,0.9793592095,0.9959079623,1.020812273,0.8711479902,1.0223925114,1.1745803356,1.2425999641,1.3414086103,1.2257275581,1.3407144547,1.362522006,1.2805991173,1.3736406565,1.3545584679,1.2792462111,1.3480731249,1.7072621584,1.6810836792,1.60244596,1.6764913797,1.6962646246,1.7183153629,0.9602210522,0.9888548851]},"rmse_by_q":{"0":4.7940487862},"step_rmse_by_q":{"0":[0.9532411695,0.8613304496,0.8703718185,1.1541873217,1.292063117,1.5771096945,1.7414668798,1.9585165977,2.0336368084,1.9520150423,2.153519392,2.4939515591,2.5099065304,2.4974586964,2.9588990211,2.9172968864,2.928910017,3.1811258793,3.5805113316,3.7777080536,3.7816512585,3.8168907166,4.1321768761,4.1197962761,4.8019342422,4.9389858246,5.1725993156,5.5910682678,5.6678624153,6.2659926414,6.9619960785,7.076587677,7.5577311516,8.0214004517,8.246594429,8.374089241,8.8789415359,9.1620016098,9.5797529221,10.204419136,9.6875352859,10.3927316666,10.8246078491,11.5229234695,12.4096240997,12.6036539078,13.4969081879,13.7876558304,14.9611444473,16.3422031403,15.9957513809,17.6288356781,18.261341095,19.9564208984,21.4075050354,22.8633766174,22.7157363892,23.4765510559,25.9572753906,28.9446105957,27.3592739105,27.0116710663,28.51329422,29.8149757385,33.885471344,37.8382759094,38.563873291,40.3520584106,37.3635940552,27.2930583954,28.7820167542,28.6201248169,29.6977005005,30.6032485962,25.3794364929,30.9037590027,31.2645168304,32.6712265015,35.7932167053,33.4126014709,37.3140525818,37.9926605225,36.4481658936,40.0930213928,40.5532264709,38.8562355042,41.087387085,63.6848907471,63.7860221863,61.0898628235,64.0031204224,65.5899200439,67.5709381104,36.6743087769,39.1364479065]},"mean_error":{"0":0.2474990487},