{"max_q":{"0":20.2048587799},"min_q":{"0":-1.489331007},"mean_q":{"0":4.5379385948},"range_q":{"0":21.6941890717},"step_max_q":{"0":[17.1589736938,19.395357132,19.9832191467,19.2828826904,19.2903518677,19.1460189819,17.828086853,18.2249145508,18.4258518219,18.7902870178,19.6242542267,17.8619251251,17.6516208649,18.7825241089,17.303943634,19.3307628632,18.7461795807,16.6144580841,17.2160224915,17.0877246857,20.2048587799,17.6786384583,17.6448249817,17.8168792725,19.2942905426,16.6190242767,18.40391922,16.8402748108,17.1781978607,14.6866750717,15.7812385559,16.1001663208,14.7960720062,14.0943775177,14.2212572098,13.3116407394,13.1692123413,13.0899400711,12.8206968307,12.5741300583,13.887336731,11.7278118134,11.9526453018,11.5486497879,12.3043489456,11.8012599945,12.0140256882,13.1214981079,12.0805587769,14.3900127411,14.5062789917,15.0643424988,11.5720949173,12.2210216522,12.5210828781,13.1300582886,14.1860218048,14.3225564957,14.5231294632,11.6139230728,10.7798404694,11.6125507355,8.8872060776,8.224158287,9.9313812256,6.7726559639,6.6349987984,6.7676801682,7.3040747643,7.091565609,4.953851223,4.3443622589,3.9502904415,3.3785226345,3.2236831188,3.2239484787,3.1821095943,3.9968109131,3.7339360714,3.1355662346,3.3484549522,3.1850118637,3.2018325329,3.1904370785,3.285736084,3.041618824,2.3631281853,2.9426681995,2.4923229218,2.3451721668,2.792689085,2.2587065697,2.5181868076,2.9256696701,2.6488070488,2.1361231804,2.2157020569,2.2149391174]},"step_min_q":{"0":[1.3896992207,0.0,0.0,0.0,-0.0774035156,-0.1263832152,-0.0188637078,-0.0488662422,-0.0391635895,-0.2899669707,-0.1445215046,-0.1664467752,-0.3367626965,-0.3653095961,-0.2526367903,-0.3660264015,-0.9068428278,-0.4412696958,-0.5369333029,-0.4682844281,-0.8008387089,-0.5516198874,-0.3364502192,-0.5521430969,-0.6180379391,-0.6715583205,-0.5397068262,-0.4719270766,-0.5939712524,-0.5774607658,-0.5463370085,-0.6124286056,-0.9918005466,-0.486671865,-0.4754014015,-0.4613161683,-0.8748171329,-0.6565515995,-1.489331007,-0.9515455365,-0.7111934423,-1.0049420595,-1.1121435165,-0.3797239065,-0.2813171148,-0.4755920172,-0.3393359482,-0.4021064341,-0.5169461966,-0.4040927887,-0.419550091,-0.6167049408,-0.5927475691,-0.4945861697,-0.4729918838,-0.3463308513,-0.3355771303,-0.4607546031,-0.3190681338,-0.3189063072,-0.3413172066,-0.3617136478,-0.4198930562,-0.3966206908,-0.4106240273,-0.3735825419,-0.3871700764,-0.3777397275,-0.370654434,-0.4897466898,-0.4796359539,-0.5975394249,-0.6200015545,-0.104097724,-0.1123872101,-0.1784214973,-0.1554059982,-0.1343163252,-0.0820780694,-0.1098442078,-0.087511003,-0.1103380322,-0.1576234102,0.0,0.0,0.0,0.0,-0.0777566731,0.0,0.0,0.0,0.0,0.0,0.0,0.0,0.0,0.0,0.0]},"step_mean_q":{"0":[8.6486854553,8.6741781235,8.5527534485,8.4031229019,8.2503948212,8.0457763672,7.8100013733,7.4926013947,7.2247300148,6.9062156677,6.6148014069,6.2880196571,5.9299607277,5.5561561584,5.1319489479,4.6932907104,4.2935667038,3.8909182549,3.5401935577,3.2110836506,2.9254636765,2.6555862427,2.4363749027,2.2675457001,2.1237571239,1.9704806805,1.8337675333,1.7386699915,1.6329885721,1.5550734997,1.4578671455,1.4008969069,1.3590335846,1.3361876011,1.3191049099,1.2665627003,1.2606369257,1.254314065,1.2227247953,1.2144886255,1.2229751348,1.2067588568,1.2477558851,1.3100788593,1.3396958113,1.3783897161,1.3037774563,1.2806147337,1.300003767,1.3084772825,1.3470035791,1.4164294004,1.4736994505,1.429561615,1.4629852772,1.6085951328,1.7395963669,1.7915440798,1.8369609118,1.8443739414,1.7603757381,1.9104120731,1.8844257593,1.8489462137,1.9588545561,1.7882766724,1.8354583979,2.0659444332,2.1400430202,1.9678444862,1.6017231941,1.6583497524,1.7323313951,1.764572978,1.7738708258,1.6328499317,1.7556290627,1.7790791988,1.754783392,1.6535205841,1.6337081194,1.7142608166,1.8289116621,1.698479414,1.5354406834,1.6201580763,1.6853206158,1.7227138281,2.1849546432,2.1337022781,2.2650043964,2.1699304581,2.3274080753,2.5232982635,2.6488070488,2.1361231804,2.2157020569,2.2149391174]},"episodes_still_running":{"0":[4096.0,4095.0,4090.0,4084.0,4080.0,4073.0,4065.0,4058.0,4047.0,4036.0,4021.0,4006.0,3989.0,3959.0,3921.0,3872.0,3806.0,3730.0,3641.0,3570.0,3492.0,3405.0,3308.0,3197.0,3094.0,2981.0,2855.0,2741.0,2624.0,2493.0,2344.0,2199.0,2050.0,1887.0,1743.0,1608.0,1483.0,1348.0,1229.0,1103.0,998.0,908.0,815.0,744.0,678.0,617.0,554.0,515.0,460.0,411.0,363.0,303.0,270.0,240.0,216.0,191.0,170.0,152.0,138.0,117.0,103.0,91.0,81.0,74.0,63.0,55.0,50.0,43.0,41.0,35.0,30.0,29.0,27.0,24.0,23.0,21.0,18.0,18.0,17.0,15.0,15.0,15.0,13.0,11.0,10.0,8.0,7.0,7.0,3.0,3.0,3.0,2.0,2.0,2.0,1.0,1.0,1.0,1.0]},"step_range_q":{"0":[15.7692747116,19.395357132,19.9832191467,19.2828826904,19.3677558899,19.2724018097,17.846950531,18.2737808228,18.4650154114,19.0802536011,19.7687759399,18.0283718109,17.9883842468,19.1478328705,17.5565795898,19.6967887878,19.6530227661,17.055727005,17.7529563904,17.5560092926,21.0056972504,18.2302589417,17.9812755585,18.3690223694,19.9123287201,17.2905826569,18.9436264038,17.3122024536,17.7721691132,15.2641353607,16.3275756836,16.712594986,15.7878723145,14.5810489655,14.6966590881,13.7729568481,14.0440292358,13.7464914322,14.3100280762,13.5256757736,14.5985298157,12.7327537537,13.0647888184,11.9283733368,12.5856657028,12.2768516541,12.3533620834,13.523604393,12.5975046158,14.7941055298,14.9258289337,15.6810474396,12.1648426056,12.7156076431,12.9940748215,13.4763889313,14.5215988159,14.7833108902,14.8421974182,11.9328289032,11.1211576462,11.9742641449,9.3070993423,8.6207790375,10.342004776,7.146238327,7.0221691132,7.1454200745,7.6747293472,7.5813121796,5.4334869385,4.9419016838,4.570291996,3.4826202393,3.3360702991,3.402369976,3.3375155926,4.1311273575,3.8160140514,3.2454104424,3.4359660149,3.2953498363,3.3594560623,3.1904370785,3.285736084,3.041618824,2.3631281853,3.0204248428,2.4923229218,2.3451721668,2.792689085,2.2587065697,2.5181868076,2.9256696701,2.6488070488,2.1361231804,2.2157020569,2.2149391174]},"mean_loss:":{"0":0.6278075576},"rmse":{"0":0.79234308},"step_rmse":{"0":[0.5912917256,0.6462903619,0.6883525848,0.7538546324,0.7992962599,0.8701232672,0.8936719894,0.9033386707,0.9021223783,0.9211947918,0.9280115366,0.9444018006,0.8904694319,0.9276948571,0.9187489152,0.9438214898,0.9645418525,0.9171024561,0.882314086,0.8208453655,0.8149917722,0.7690040469,0.73621279,0.7361444831,0.7648223042,0.7035633326,0.693536222,0.7432966828,0.6731008887,0.6730204821,0.6753057241,0.6532271504,0.611484766,0.5957454443,0.5716331601,0.5667288303,0.5685510635,0.5794239044,0.5471575856,0.545232594,0.5889665484,0.5906909704,0.6321717501,0.5959879756,0.6172536016,0.655656755,0.6457392573,0.6632295847,0.6066552401,0.6400747299,0.6733825803,0.7339353561,0.6663566232,0.6669206023,0.7650028467,0.7937920094,0.8173141479,0.8589618802,0.8632060289,0.7623535395,0.7622464299,0.7672600746,0.760278821,0.7294662595,0.8264293075,0.802716732,0.853064537,1.1544851065,1.0201998949,0.9622413516,0.839687109,0.8329956532,0.7478216887,0.6687464714,0.7371375561,0.6999363899,0.675085187,0.7757748961,0.7425631881,0.6272372603,0.6684818268,0.5379478931,0.5718951821,0.6931865811,0.8558486104,0.4565103054,0.7248398066,0.5070773959,0.385648042,0.3857637048,0.3883053064,0.5216845274,0.2802099586,0.2507959902,0.6226930618,0.2419993877,0.1709530354,0.2185258865]},"mean_error":{"0":0.4966158271},