{"max_q":{"0":18.7196903229},"min_q":{"0":-0.3497853279},"mean_q":{"0":11.9477853775},"range_q":{"0":19.069475174},"step_max_q":{"0":[16.8606929779,17.0637931824,17.5937538147,18.3685626984,18.7196903229,18.4556083679,18.1304016113,17.8255634308,17.0495300293,16.9756832123,16.244430542,15.5892801285,14.8411169052,14.2056751251,13.4080476761,13.6982841492,12.5023479462,11.7494897842,11.3753643036,10.6901435852,10.2852458954,9.6057929993,9.2823047638,8.9211082458,8.5447397232,8.3171129227,7.6661849022,7.4461064339,7.2172908783,6.6001734734,6.5697922707,6.1449384689,5.9218206406,5.975789547,5.628759861,5.4913754463,5.4844055176,5.3308620453,5.3440880775,5.4503583908,4.1459712982,4.172293663,5.0015969276,4.3998670578,4.2181243896,4.5425825119,3.8203158379,4.0569882393,4.0640745163,3.9766373634,3.9322137833,4.2290639877,3.9434123039,4.2289485931,3.9366106987,4.2192912102,3.9278316498,4.2097373009,3.9193515778,4.2003536224,3.9112739563,4.1912441254,3.9038214684,4.1827306747,3.8972363472,4.1751952171,3.891726017,4.1689763069,3.8874158859,4.1642494202,3.8842930794,4.1609516144,3.8821854591,4.1587910652,3.8808021545,4.1573500633,3.8798279762,4.1562380791,3.8790111542,4.15518713,3.8782095909,4.1540846825,3.8773870468,4.1529426575,3.876578331,4.1518406868,3.8758506775,4.150873661,3.8752632141,4.1501111984,3.8748493195,4.1495704651,3.8746023178,4.1492238045,3.8744926453,4.1490187645,3.8744764328,4.1488957405,3.8745145798,4.1488142014,3.8745822906,4.1487517357,3.8746700287,4.1487064362,3.8747811317,4.1486911774,3.8749232292,4.1487174034,3.8751063347,4.1487965584,3.8753314018,4.1489286423,3.8755979538,4.149107933,3.8758969307,4.1493229866,3.8762207031,4.1495642662,3.8765621185,4.1498222351]},"step_min_q":{"0":[13.7538118362,14.0299015045,14.2714281082,13.5639915466,13.6568746567,10.612742424,8.9461297989,9.1006393433,6.3033399582,5.7284250259,5.7530670166,6.7661390305,5.2913737297,4.2810459137,3.226275444,3.2077317238,1.8544285297,1.3763333559,1.0455389023,0.4735248089,0.3503780365,0.1861245632,-0.0521819592,-0.0200414658,-0.3497853279,-0.3331739902,-0.2674064636,-0.2766157389,-0.2523627281,-0.0978688002,-0.0575419664,-0.2309474945,-0.273198247,-0.2980738878,0.0,0.0,0.0,0.0,0.0,0.0,0.0,0.0,0.0,0.0,0.0,0.0,0.0,0.0,0.0,0.0,0.0,0.0,0.0,0.0,0.0,0.0,0.0,0.0,0.0,0.0,0.0,0.0,0.0,0.0,0.0,0.0,0.0,0.0,0.0,0.0,0.0,0.0,0.0,0.0,0.0,0.0,0.0,0.0,0.0,0.0,0.0,0.0,0.0,0.0,0.0,0.0,0.0,0.0,0.0,0.0,0.0,0.0,0.0,0.0,0.0,0.0,0.0,0.0,0.0,0.0,0.0,0.0,0.0,0.0,0.0,0.0,0.0,0.0,0.0,0.0,0.0,0.0,0.0,0.0,0.0,0.0,0.0,0.0,0.0,0.0]},"step_mean_q":{"0":[16.0380001068,16.3466472626,16.7188396454,17.330488205,17.7078113556,17.098197937,16.5448703766,15.8793153763,15.3870038986,14.8645439148,14.2732944489,13.6691207886,12.9609327316,12.3640642166,11.758190155,11.187669754,10.5430488586,9.9448385239,9.4044876099,8.9012241364,8.3931598663,7.909579277,7.4471979141,7.0250725746,6.6523447037,6.3640370369,6.1337957382,5.9222097397,5.6161346436,4.9316930771,3.6863536835,2.2208180428,1.9739525318,1.4793790579,2.8423337936,5.4913754463,5.4844055176,5.3308620453,5.3440880775,5.4503583908,4.1459712982,4.172293663,5.0015969276,4.3998670578,4.2181243896,4.5425825119,3.8203158379,4.0569882393,4.0640745163,3.9766373634,3.9322137833,4.2290639877,3.9434123039,4.2289485931,3.9366106987,4.2192912102,3.9278316498,4.2097373009,3.9193515778,4.2003536224,3.9112739563,4.1912441254,3.9038214684,4.1827306747,3.8972363472,4.1751952171,3.891726017,4.1689763069,3.8874158859,4.1642494202,3.8842930794,4.1609516144,3.8821854591,4.1587910652,3.8808021545,4.1573500633,3.8798279762,4.1562380791,3.8790111542,4.15518713,3.8782095909,4.1540846825,3.8773870468,4.1529426575,3.876578331,4.1518406868,3.8758506775,4.150873661,3.8752632141,4.1501111984,3.8748493195,4.1495704651,3.8746023178,4.1492238045,3.8744926453,4.1490187645,3.8744764328,4.1488957405,3.8745145798,4.1488142014,3.8745822906,4.1487517357,3.8746700287,4.1487064362,3.8747811317,4.1486911774,3.8749232292,4.1487174034,3.8751063347,4.1487965584,3.8753314018,4.1489286423,3.8755979538,4.149107933,3.8758969307,4.1493229866,3.8762207031,4.1495642662,3.8765621185,4.1498222351]},"episodes_still_running":{"0":[4096.0,4096.0,4096.0,4096.0,4096.0,4096.0,4096.0,4096.0,4096.0,4096.0,4096.0,4096.0,4096.0,4096.0,4096.0,4096.0,4096.0,4096.0,4096.0,4096.0,4096.0,4096.0,4096.0,4096.0,4084.0,3952.0,3424.0,2384.0,1164.0,428.0,164.0,84.0,60.0,16.0,8.0,4.0,4.0,4.0,4.0,4.0,4.0,4.0,4.0,4.0,4.0,4.0,4.0,4.0,4.0,4.0,4.0,4.0,4.0,4.0,4.0,4.0,4.0,4.0,4.0,4.0,4.0,4.0,4.0,4.0,4.0,4.0,4.0,4.0,4.0,4.0,4.0,4.0,4.0,4.0,4.0,4.0,4.0,4.0,4.0,4.0,4.0,4.0,4.0,4.0,4.0,4.0,4.0,4.0,4.0,4.0,4.0,4.0,4.0,4.0,4.0,4.0,4.0,4.0,4.0,4.0,4.0,4.0,4.0,4.0,4.0,4.0,4.0,4.0,4.0,4.0,4.0,4.0,4.0,4.0,4.0,4.0,4.0,4.0,4.0,4.0]},"step_range_q":{"0":[3.1068811417,3.0338916779,3.3223257065,4.8045711517,5.0628156662,7.8428659439,9.1842718124,8.7249240875,10.7461900711,11.2472581863,10.4913635254,8.823141098,9.5497436523,9.9246292114,10.1817722321,10.4905529022,10.6479196548,10.3731565475,10.3298254013,10.2166185379,9.9348678589,9.4196681976,9.3344869614,8.9411497116,8.894525528,8.6502866745,7.9335913658,7.7227220535,7.4696536064,6.6980423927,6.6273341179,6.3758859634,6.1950187683,6.2738633156,5.628759861,5.4913754463,5.4844055176,5.3308620453,5.3440880775,5.4503583908,4.1459712982,4.172293663,5.0015969276,4.3998670578,4.2181243896,4.5425825119,3.8203158379,4.0569882393,4.0640745163,3.9766373634,3.9322137833,4.2290639877,3.9434123039,4.2289485931,3.9366106987,4.2192912102,3.9278316498,4.2097373009,3.9193515778,4.2003536224,3.9112739563,4.1912441254,3.9038214684,4.1827306747,3.8972363472,4.1751952171,3.891726017,4.1689763069,3.8874158859,4.1642494202,3.8842930794,4.1609516144,3.8821854591,4.1587910652,3.8808021545,4.1573500633,3.8798279762,4.1562380791,3.8790111542,4.15518713,3.8782095909,4.1540846825,3.8773870468,4.1529426575,3.876578331,4.1518406868,3.8758506775,4.150873661,3.8752632141,4.1501111984,3.8748493195,4.1495704651,3.8746023178,4.1492238045,3.8744926453,4.1490187645,3.8744764328,4.1488957405,3.8745145798,4.1488142014,3.8745822906,4.1487517357,3.8746700287,4.1487064362,3.8747811317,4.1486911774,3.8749232292,4.1487174034,3.8751063347,4.1487965584,3.8753314018,4.1489286423,3.8755979538,4.149107933,3.8758969307,4.1493229866,3.8762207031,4.1495642662,3.8765621185,4.1498222351]},"mean_loss:":{"0":0.3292971551},"rmse":{"0":0.5738441944},"step_rmse":{"0":[0.2040763348,0.2705641687,0.2929830253,0.2333818674,0.2579243779,0.4528294504,0.5641148686,0.6239101291,0.6523994803,0.6909147501,0.7561132312,0.7141085863,0.7769793868,0.8010518551,0.8044393063,0.7686084509,0.6810560226,0.6120176911,0.5721217394,0.5580195785,0.5435118675,0.5300207138,0.4383685589,0.449793309,0.4145517051,0.4056774974,0.3979561329,0.4191735387,0.5031958818,0.6918976307,0.8081004024,1.0745537281,0.2984240651,0.5985025167,0.5982325077,1.0694522858,1.084707737,1.0421175957,1.1273941994,1.1764264107,0.559399128,0.1945381165,1.4706707001,0.8307733536,0.8784012794,1.0345916748,0.5722849369,0.7122073174,0.9040241241,0.6629395485,0.6068401337,0.9187912941,0.7268514633,1.1516647339,0.8451185226,1.1898145676,0.833796978,1.2092466354,0.8468322754,1.2097659111,0.8734412193,1.3061571121,0.9936392307,1.4196443558,1.0326406956,1.4398851395,1.0658862591,1.4872894287,1.1162502766,1.594337225,1.2601885796,1.7814888954,1.403529644,1.9006748199,1.5055704117,2.0161921978,1.6216015816,2.1656365395,1.7601079941,2.3012876511,1.8727719784,2.3905692101,1.8993933201,2.4108672142,1.9131383896,2.4250450134,1.9471373558,2.5156135559,2.0753216743,2.6271557808,2.1022861004,2.5995969772,2.0826730728,2.6089365482,2.107426405,2.658872366,2.1852962971,2.7479100227,2.2436990738,2.7613675594,2.2391250134,2.7610087395,2.2426495552,2.7836794853,2.2936227322,2.8470342159,2.348637104,2.8670926094,2.3341622353,2.855035305,2.3309748173,2.8510756493,2.3468360901,2.8967213631,2.4062724113,2.9359583855,2.4034910202,2.909913063,2.3805193901,2.8930764198]},"rmse_by_q":{"0":4.8029336929},