{"max_q":{"0":23.6351737976},"min_q":{"0":-0.7050323486},"mean_q":{"0":6.7439684868},"range_q":{"0":24.3402061462},"step_max_q":{"0":[23.3875236511,22.6759338379,23.462020874,23.1929244995,23.2721328735,23.1498413086,23.6026611328,23.6351737976,22.5886058807,22.4513778687,23.0013427734,22.7440452576,22.4371967316,23.0765075684,22.1740951538,22.8212337494,22.3615455627,22.3631019592,21.7683792114,21.5412139893,20.5060043335,20.3856754303,20.7865142822,19.6362419128,19.2659568787,18.9213848114,18.0089092255,18.1127128601,17.6043682098,17.2234535217,16.4765472412,16.0895462036,15.7297229767,15.6138086319,15.2269001007,14.4759731293,14.7578783035,13.9103603363,13.7845726013,13.2392692566,12.9604139328,12.8058710098,12.4368591309,12.0682191849,11.7554035187,11.6466960907,11.707403183,11.4668159485,11.3846092224,11.6252212524,10.9500045776,10.424654007,10.3565349579,10.5649833679,10.1775341034,9.9219722748,9.818816185,9.5969314575,9.2810592651,8.9332952499,8.3266115189,8.1721086502,8.1125659943,7.8621301651,7.7575244904,7.8060112,7.6041965485,7.6690073013,7.5548095703,7.6442584991,7.3634376526,7.1496944427,7.1634597778,7.2789468765,6.9212656021,6.8848896027,7.0381746292,6.6710848808,6.6976928711,6.5940327644,6.6178717613,6.716422081,6.5755748749,6.6280050278,6.6836328506,6.7983379364,7.0556058884,6.8009386063,7.0012559891,6.9778022766,6.7913484573,6.5742855072,6.5687980652,6.5475082397,6.4654178619,6.316819191,6.2786006927,6.3441400528,6.2038946152,6.0490961075,6.0735116005,6.1146354675,5.9056863785,6.0024094582,5.7395181656,5.7103633881,5.7961149216,5.6060667038,5.4888153076,5.4761924744,5.6414079666,5.2425994873,5.2379899025,5.1337385178,5.2893643379,4.9723434448,4.9086298943,4.9173984528,4.7120828629,4.9147033691,4.754076004,4.5137796402,4.7898635864,5.2032909393,5.038649559,5.1394147873,5.209821701,4.4524145126,4.8499360085,4.852560997,4.6276268959,4.8353934288,4.7694292068,4.991048336,4.5930323601,4.8700509071,4.7210564613,4.7267518044,4.6066303253,4.2796449661,4.6112017632,4.4966640472,4.1039481163,4.4285392761,4.3140969276,3.9231042862,4.2550954819,4.0839176178,1.9775960445,1.7945392132,1.9041432142,1.6415088177,1.4693496227,1.4408769608,0.9450173378,1.1329274178,1.0886647701]},"step_min_q":{"0":[5.2234663963,5.3748555183,5.6370897293,5.614736557,5.999651432,5.9472484589,5.5344414711,5.3721108437,5.5259852409,4.7974443436,4.6289710999,4.7297420502,0.0,0.0,0.0,0.0,0.0,0.0,0.0,0.0,0.0,0.0,0.0,0.0,0.0,0.0,0.0,0.0,0.0,0.0,0.0,0.0,0.0,0.0,-0.0451203585,-0.0798765421,-0.1799527407,-0.3130337,-0.4608542323,-0.4848217964,-0.4380711317,-0.4288840294,-0.4133563042,-0.4686135054,-0.4122821093,-0.3594282269,-0.4651583433,-0.334292531,-0.5155057907,-0.5950204134,-0.4850972891,-0.6091738939,-0.6079441309,-0.4624611139,-0.3572385907,-0.4493845701,-0.4210062027,-0.5077477098,-0.3504117727,-0.4585818052,-0.5621545315,-0.4934490323,-0.3450923562,-0.4224567413,-0.5308839083,-0.7050323486,-0.3914989233,-0.5179781914,-0.3375998735,-0.280480504,-0.2985559702,-0.4827453494,-0.5431736112,-0.3148089647,-0.2694706917,-0.2622668743,-0.2946698666,-0.2861311436,-0.3879941106,-0.3543697,-0.334844172,-0.5498168468,-0.3700201511,-0.6693527699,-0.444729805,-0.6793267727,-0.4445197582,-0.4099576473,-0.3807976246,-0.4715697765,-0.2045277357,-0.2125849128,-0.3522310257,-0.1049058437,-0.2140356302,-0.3447761536,-0.253177762,-0.3827586174,-0.2608687878,-0.2952152491,-0.6875733137,-0.2326729298,-0.27511096,-0.2737808824,-0.23777771,-0.4386786819,-0.2399401665,-0.1344593763,-0.2592337132,-0.2625033855,-0.3019684553,-0.276402235,-0.371555388,-0.3284860849,-0.3062090874,-0.2678815126,-0.340344429,-0.2842971087,-0.4121724367,-0.3091675043,-0.3508570194,-0.2975468636,-0.3473227024,-0.3367789984,-0.5878477097,-0.2367193699,-0.35524261,-0.0598101616,0.0,0.0,0.0,0.0,0.0,0.0,0.0,0.0,0.0,-0.0194991827,-0.0101778507,-0.0019799471,0.0,0.0,0.0,-0.0231093168,-0.1616219282,-0.0604014397,-0.186494112,-0.206248045,-0.25301826,-0.0868103504,-0.3359370232,-0.2417234182,-0.3106056452,-0.223957181,0.0,0.0,0.0]},"step_mean_q":{"0":[11.7943964005,11.814874649,11.8244524002,11.8858547211,11.9380311966,11.9512224197,11.896396637,11.8946504593,11.836892128,11.7575626373,11.6488876343,11.5420589447,11.4132051468,11.2536382675,11.0565347672,10.8853244781,10.7005367279,10.449886322,10.2163515091,9.9834794998,9.7378025055,9.4706373215,9.1961755753,8.9324035645,8.6497945786,8.3489303589,8.0581731796,7.7695336342,7.4709911346,7.1747341156,6.8957571983,6.6244721413,6.3475084305,6.0842089653,5.82482481,5.5742521286,5.3286070824,5.0983219147,4.8705458641,4.6472148895,4.4328322411,4.2338581085,4.0270462036,3.8284664154,3.6623005867,3.4938602448,3.3522737026,3.2138397694,3.0995178223,2.981982708,2.8889126778,2.793482542,2.7157800198,2.6444690228,2.5887117386,2.5479388237,2.4899716377,2.4573376179,2.4063580036,2.3807685375,2.3445563316,2.3264267445,2.3058474064,2.2712266445,2.2553944588,2.2130560875,2.2039592266,2.2008538246,2.1605427265,2.1634061337,2.1182057858,2.1212148666,2.1233370304,2.1142654419,2.1284878254,2.151473999,2.1337697506,2.1060364246,2.0980722904,2.0450453758,1.9890003204,1.955840826,1.8756812811,1.8909983635,1.8902639151,1.8771395683,1.8202190399,1.822709918,1.7929747105,1.7714459896,1.8558106422,1.8720692396,1.8338198662,1.8497194052,1.8371317387,1.8379056454,1.8223406076,1.8255351782,1.8566473722,1.8765057325,1.8217310905,1.7943049669,1.8497670889,1.8584969044,1.8768856525,1.9544454813,1.9659341574,1.9706546068,1.9613399506,1.935174346,1.7535027266,1.8042997122,1.871111393,1.8409460783,1.7578719854,1.7528896332,1.8020837307,1.8352591991,1.7913439274,1.7761741877,1.8225240707,1.7812497616,1.7700887918,1.7882790565,1.5606894493,1.57538867,1.5181063414,1.5074307919,1.4391340017,1.352886796,1.2506561279,1.2199389935,1.3844174147,1.4734033346,1.3834145069,1.4296929836,1.3300683498,1.3272533417,1.405469656,1.4706997871,1.5945949554,1.7290322781,1.6887966394,1.6809345484,1.8126173019,1.6501333714,2.0697591305,2.0339531898,0.8622888923,0.8538644314,0.7841030955,0.6998926997,0.5793719888,0.6084598899,0.9450173378,1.1329274178,1.0886647701]},"episodes_still_running":{"0":[4096.0,4096.0,4096.0,4096.0,4096.0,4096.0,4096.0,4096.0,4096.0,4096.0,4096.0,4096.0,4095.0,4095.0,4095.0,4095.0,4095.0,4094.0,4094.0,4094.0,4094.0,4094.0,4094.0,4094.0,4094.0,4094.0,4094.0,4094.0,4094.0,4094.0,4094.0,4094.0,4094.0,4094.0,4094.0,4094.0,4092.0,4089.0,4088.0,4086.0,4079.0,4065.0,4060.0,4048.0,4019.0,3997.0,3953.0,3904.0,3841.0,3776.0,3687.0,3585.0,3486.0,3374.0,3234.0,3095.0,2959.0,2812.0,2661.0,2518.0,2382.0,2234.0,2100.0,1963.0,1832.0,1710.0,1575.0,1460.0,1359.0,1270.0,1165.0,1075.0,997.0,927.0,843.0,778.0,717.0,665.0,618.0,586.0,547.0,501.0,475.0,435.0,401.0,368.0,342.0,326.0,296.0,277.0,254.0,237.0,222.0,212.0,194.0,183.0,170.0,161.0,153.0,142.0,131.0,122.0,115.0,106.0,98.0,94.0,83.0,79.0,72.0,70.0,66.0,63.0,58.0,52.0,50.0,45.0,43.0,41.0,36.0,33.0,31.0,27.0,25.0,25.0,22.0,22.0,22.0,19.0,18.0,14.0,14.0,14.0,12.0,12.0,10.0,10.0,10.0,10.0,9.0,8.0,7.0,7.0,6.0,6.0,5.0,5.0,4.0,3.0,2.0,2.0,2.0,2.0,2.0,2.0,1.0,1.0,1.0]},