{"max_q":{"0":14.6343746185},"min_q":{"0":-0.9459867477},"mean_q":{"0":6.901884079},"range_q":{"0":15.5803613663},"step_max_q":{"0":[14.4699840546,14.6238269806,14.6343746185,14.4685897827,14.5995540619,14.038901329,13.7285194397,13.7159919739,13.2557525635,13.5794754028,13.1746139526,13.297044754,13.1597499847,12.4626274109,12.6889743805,11.9082708359,11.9519367218,11.7676362991,11.4033641815,10.7626237869,10.7595386505,10.7013969421,10.2476701736,9.749464035,8.8516483307,9.7686901093,8.5587329865,8.2875137329,8.2699928284,8.0490646362,7.0915455818,7.53729105,7.6499528885,6.8656806946,6.3268942833,5.95362854,5.3465986252,5.1159329414,4.8509588242,6.7027306557,4.4734568596,4.5584182739,4.4839057922,4.2365851402,4.3385515213,4.2311325073,4.1692996025,4.1037378311,3.7698187828,4.0139203072,3.5602908134,3.9333741665,3.8533790112,3.8011345863,3.4473819733,3.7066226006,3.1843717098,3.1846327782,3.1298360825,3.0829863548,2.9821836948,2.9285626411,2.911519289,3.0065259933,2.9367933273,2.7424652576,2.89331007,2.6309435368,2.8068876266,2.6908271313,2.6694631577,2.3056564331,2.3082027435,2.3101532459,2.3115034103,2.3122503757,2.3123908043,2.311937809,2.3109178543,2.309422493,2.3079965115,2.3062508106,2.3040585518,2.3013906479,2.2979359627,2.2941286564,2.2899980545,2.2855746746,2.2808814049,2.2759916782,2.271156311,2.266112566,2.2608766556,2.2554678917,2.2498087883,2.2438964844,2.2368068695,2.2292218208,2.2215309143,2.2137441635,2.2053794861,2.196764946,2.1880431175,2.1784846783,2.168608427,2.1578345299,2.1470580101,2.1363406181,2.1258535385,2.1163535118,2.1078321934,2.0992202759,2.0903184414,2.0819098949,2.0744490623,2.0652432442,2.0555393696,1.6834409237,1.6537952423,1.8369321823,1.7947101593,2.0074317455,1.6299510002]},"step_min_q":{"0":[10.6178951263,10.9668874741,10.6993656158,9.8411798477,9.9619245529,9.3686885834,8.827671051,8.6126117706,7.3952393532,6.5039973259,4.7925825119,4.5877504349,3.7757828236,3.3359105587,2.9149243832,3.0766432285,2.3470728397,2.1585741043,1.2832087278,1.6252974272,1.2317857742,1.0141429901,0.8597196341,0.5592670441,-0.5679873228,-0.8571075201,0.0,-0.026555419,-0.0930020809,0.0,-0.3069252968,-0.0053437948,-0.1377381086,-0.3080224991,-0.2561085224,-0.2682088017,-0.405328989,-0.4550181627,-0.5908596516,-0.1370905638,-0.0871164799,-0.1011651754,-0.1139714718,-0.9459867477,-0.180169642,-0.3807078004,-0.794331789,-0.2634460926,-0.3494297266,-0.2927364111,-0.3513402939,0.0,0.0,0.0,0.0,0.0,0.0,0.0,0.0,0.0,0.0,0.0,0.0,0.0,0.0,0.0,0.0,0.0,0.0,0.0,0.0,0.0,0.0,0.0,0.0,0.0,0.0,0.0,0.0,0.0,0.0,0.0,0.0,0.0,0.0,0.0,0.0,0.0,0.0,0.0,0.0,0.0,0.0,0.0,0.0,0.0,0.0,0.0,0.0,0.0,0.0,0.0,0.0,0.0,0.0,0.0,0.0,0.0,0.0,0.0,0.0,0.0,0.0,0.0,0.0,0.0,0.0,0.0,0.0,0.0,0.0,0.0,0.0]},"step_mean_q":{"0":[13.2904348373,13.3968448639,13.3196849823,13.0465726852,13.0784816742,12.5311155319,12.3318634033,11.9113292694,11.5210409164,11.3374233246,10.7743396759,10.5516414642,10.0383424759,9.7099466324,9.2737388611,8.8645057678,8.4901885986,8.0481061935,7.729455471,7.3533716202,7.0281953812,6.7029953003,6.3338484764,5.9951477051,5.6259908676,5.3337645531,5.0221138,4.714594841,4.4202933311,4.1470475197,3.8628332615,3.6157410145,3.3710474968,3.1437473297,2.9440205097,2.7889482975,2.628852129,2.4967303276,2.3970544338,2.3120045662,2.2735974789,2.2653236389,2.2470979691,2.2030544281,2.1810133457,2.1871006489,2.1779565811,2.1534705162,2.0976862907,1.9804888964,1.9775563478,2.0709815025,2.0510315895,2.1431131363,2.2186424732,2.2854354382,2.4751355648,2.5470943451,2.5225753784,2.6197886467,2.4500257969,2.4890890121,2.2123849392,2.1498329639,2.1620063782,2.5041229725,2.5861783028,2.4594125748,2.5504701138,2.4948129654,2.486010313,2.3056564331,2.3082027435,2.3101532459,2.3115034103,2.3122503757,2.3123908043,2.311937809,2.3109178543,2.309422493,2.3079965115,2.3062508106,2.3040585518,2.3013906479,2.2979359627,2.2941286564,2.2899980545,2.2855746746,2.2808814049,2.2759916782,2.271156311,2.266112566,2.2608766556,2.2554678917,2.2498087883,2.2438964844,2.2368068695,2.2292218208,2.2215309143,2.2137441635,2.2053794861,2.196764946,2.1880431175,2.1784846783,2.168608427,2.1578345299,2.1470580101,2.1363406181,2.1258535385,2.1163535118,2.1078321934,2.0992202759,2.0903184414,2.0819098949,2.0744490623,2.0652432442,2.0555393696,1.6834409237,1.6537952423,1.8369321823,1.7947101593,2.0074317455,1.6299510002]},"episodes_still_running":{"0":[4096.0,4096.0,4096.0,4096.0,4096.0,4096.0,4096.0,4096.0,4096.0,4096.0,4096.0,4096.0,4096.0,4096.0,4096.0,4096.0,4096.0,4096.0,4096.0,4096.0,4096.0,4096.0,4096.0,4096.0,4096.0,4096.0,4092.0,4092.0,4092.0,4080.0,4072.0,4052.0,4044.0,4016.0,3980.0,3908.0,3848.0,3756.0,3644.0,3528.0,3356.0,3168.0,2984.0,2784.0,2468.0,2132.0,1720.0,1428.0,1080.0,852.0,580.0,396.0,276.0,196.0,128.0,80.0,48.0,32.0,32.0,20.0,16.0,16.0,12.0,12.0,12.0,8.0,8.0,8.0,8.0,8.0,8.0,4.0,4.0,4.0,4.0,4.0,4.0,4.0,4.0,4.0,4.0,4.0,4.0,4.0,4.0,4.0,4.0,4.0,4.0,4.0,4.0,4.0,4.0,4.0,4.0,4.0,4.0,4.0,4.0,4.0,4.0,4.0,4.0,4.0,4.0,4.0,4.0,4.0,4.0,4.0,4.0,4.0,4.0,4.0,4.0,4.0,4.0,4.0,4.0,4.0,4.0,4.0,4.0]},"step_range_q":{"0":[3.8520889282,3.6569395065,3.9350090027,4.627409935,4.637629509,4.6702127457,4.9008483887,5.1033802032,5.8605132103,7.0754780769,8.3820314407,8.7092943192,9.3839673996,9.1267166138,9.7740497589,8.8316278458,9.6048641205,9.6090621948,10.1201553345,9.1373262405,9.5277528763,9.687253952,9.3879508972,9.190196991,9.4196357727,10.6257972717,8.5587329865,8.3140687943,8.3629951477,8.0490646362,7.3984708786,7.542634964,7.7876911163,7.1737031937,6.5830030441,6.2218375206,5.7519273758,5.570950985,5.4418182373,6.8398213387,4.5605735779,4.6595835686,4.5978775024,5.182571888,4.5187211037,4.6118402481,4.9636316299,4.3671836853,4.1192483902,4.3066568375,3.9116311073,3.9333741665,3.8533790112,3.8011345863,3.4473819733,3.7066226006,3.1843717098,3.1846327782,3.1298360825,3.0829863548,2.9821836948,2.9285626411,2.911519289,3.0065259933,2.9367933273,2.7424652576,2.89331007,2.6309435368,2.8068876266,2.6908271313,2.6694631577,2.3056564331,2.3082027435,2.3101532459,2.3115034103,2.3122503757,2.3123908043,2.311937809,2.3109178543,2.309422493,2.3079965115,2.3062508106,2.3040585518,2.3013906479,2.2979359627,2.2941286564,2.2899980545,2.2855746746,2.2808814049,2.2759916782,2.271156311,2.266112566,2.2608766556,2.2554678917,2.2498087883,2.2438964844,2.2368068695,2.2292218208,2.2215309143,2.2137441635,2.2053794861,2.196764946,2.1880431175,2.1784846783,2.168608427,2.1578345299,2.1470580101,2.1363406181,2.1258535385,2.1163535118,2.1078321934,2.0992202759,2.0903184414,2.0819098949,2.0744490623,2.0652432442,2.0555393696,1.6834409237,1.6537952423,1.8369321823,1.7947101593,2.0074317455,1.6299510002]},"mean_loss:":{"0":0.173303172},"rmse":{"0":0.4162969887},