{"max_q":{"0":24.4674243927},"min_q":{"0":-1.4950230122},"mean_q":{"0":4.6115193367},"range_q":{"0":25.9624481201},"step_max_q":{"0":[16.4414520264,20.6956329346,24.4674243927,21.0658187866,20.7650928497,19.4130725861,20.6822948456,19.2919025421,20.2503395081,20.8870716095,20.0141010284,19.6212844849,19.174779892,19.0820617676,18.7619285583,18.912563324,19.1373195648,17.7500686646,18.8382453918,17.0500411987,18.3027572632,18.3452568054,17.543548584,17.4525165558,19.3265323639,19.2013664246,15.9263238907,15.7473211288,16.3475608826,15.55605793,15.6179828644,14.8037891388,12.6626873016,11.6699104309,11.0687913895,12.846865654,11.3806734085,11.9583959579,11.0528059006,11.4654035568,10.421916008,8.9651317596,9.5783882141,10.0043373108,8.3932304382,9.6011171341,9.064786911,9.8092746735,9.2320928574,9.1649465561,8.8488435745,8.5861196518,9.2002916336,10.2172994614,11.0939846039,11.6208610535,7.332303524,7.9270143509,7.4074454308,7.5103898048,8.2150058746,8.7101078033,7.837574482,8.3273563385,9.1785440445,8.227768898,6.8408155441,7.0279741287,6.1057262421,6.8008303642,8.5011911392,8.7049465179,7.7410850525,7.0203623772,6.7533669472,7.4751358032,7.1253008842,6.2435264587,6.252392292,7.8008241653,3.2166991234,2.7730846405,2.9541306496,4.115685463,4.4932765961,4.0562772751,2.6419501305,1.727391243,1.5149366856,0.584294796,0.695890069,0.4269346893,0.5441708565,0.1550977826,0.3805319667,0.0726245046,0.2353112698,0.0062606335,0.0356782079]},"step_min_q":{"0":[2.1240475178,0.5424693227,0.0,-1.4950230122,-0.6700273752,-0.8986409903,-0.1769272685,-0.5356051922,-0.3863953352,-0.2673244178,-0.340248704,-0.4795240164,-0.2714225054,-0.5368719101,-1.2677301168,-0.6530388594,-0.8843848109,-0.8682926893,-0.9359611273,-0.6433249712,-1.0307154655,-1.0010704994,-0.6030917168,-0.5810587406,-0.6595847607,-0.7974426746,-0.7611418962,-0.8340722919,-0.9493954182,-0.7883728743,-1.0999222994,-0.8832252026,-0.8573560715,-0.7230157852,-0.8992589116,-0.809007287,-0.8391073942,-0.7331938744,-0.7711508274,-0.748003602,-0.8189870119,-0.8400043249,-0.853294611,-1.1759589911,-0.6228495836,-0.7682596445,-0.5986328125,-0.4870561361,-0.8726274967,-0.8590290546,-0.6258641481,-0.665671587,-0.7902475595,-0.9411512613,-0.8488165736,-0.9017460346,-0.824262023,-0.9014853239,-0.9956003428,-0.3482620716,-0.5625646114,-0.3754833341,-0.7478794456,-0.5561695099,-0.7770049572,-0.9802737236,-1.0066242218,-1.185690999,-1.4010436535,-0.2900363803,-0.1575407386,-0.0980386734,-0.3115880489,-0.3434573412,-0.196111083,0.0,-0.1454834342,-0.6372271776,0.0,-0.3615083098,-0.1486056447,-0.2397481203,-0.3249943256,-0.5867433548,0.0,-0.4296455383,0.0,0.0,0.0,0.0,0.0,0.0,0.0,0.0,0.0,0.0,0.0,0.0,0.0]},"step_mean_q":{"0":[8.1152963638,8.4485015869,8.4485683441,8.2347917557,8.1518878937,7.9557151794,7.8564004898,7.6717600822,7.4718608856,7.2326378822,6.9348425865,6.5884637833,6.2051196098,5.7932753563,5.3885617256,4.996316433,4.6060199738,4.2341709137,3.8523511887,3.4886519909,3.1207456589,2.7661795616,2.4677221775,2.2059950829,2.0206465721,1.8475944996,1.6775739193,1.5570936203,1.4610862732,1.3830229044,1.3180794716,1.279822588,1.2323378325,1.21438241,1.1761336327,1.1418941021,1.1154862642,1.0784285069,1.0892174244,1.058249712,1.0377237797,1.0078636408,0.9986835718,0.9858658314,0.9876785874,0.9954757094,1.0479104519,1.0062857866,1.050237298,1.0940093994,1.0907936096,1.1834725142,1.2474569082,1.2617800236,1.3203847408,1.4265178442,1.3778654337,1.3854496479,1.452470541,1.4371474981,1.4580999613,1.5793184042,1.6395392418,1.6745580435,1.5555405617,1.2787914276,1.4061918259,1.804131031,1.7485733032,1.8298178911,1.8288772106,1.9752891064,2.0797493458,1.8832222223,1.924628973,2.2456171513,2.2274599075,1.8536942005,2.1727354527,2.1918652058,1.7456117868,1.4424386024,1.7203884125,1.5418441296,2.0327858925,1.6892869473,2.2429060936,0.9270138144,1.1990022659,0.584294796,0.695890069,0.4269346893,0.5441708565,0.1550977826,0.3805319667,0.0726245046,0.2353112698,0.0062606335,0.0356782079]},"episodes_still_running":{"0":[4096.0,4096.0,4093.0,4088.0,4082.0,4078.0,4073.0,4065.0,4053.0,4044.0,4035.0,4021.0,3994.0,3941.0,3884.0,3829.0,3775.0,3724.0,3655.0,3598.0,3508.0,3407.0,3273.0,3168.0,3057.0,2935.0,2825.0,2674.0,2558.0,2393.0,2251.0,2104.0,1949.0,1793.0,1666.0,1555.0,1431.0,1303.0,1188.0,1084.0,984.0,889.0,780.0,695.0,633.0,573.0,493.0,450.0,385.0,334.0,299.0,264.0,233.0,212.0,196.0,168.0,141.0,124.0,110.0,100.0,94.0,84.0,77.0,67.0,62.0,55.0,49.0,36.0,35.0,28.0,25.0,21.0,19.0,15.0,14.0,12.0,11.0,11.0,10.0,10.0,8.0,6.0,5.0,5.0,5.0,4.0,2.0,2.0,2.0,1.0,1.0,1.0,1.0,1.0,1.0,1.0,1.0,1.0,1.0]},"step_range_q":{"0":[14.317404747,20.1531639099,24.4674243927,22.560842514,21.4351196289,20.3117141724,20.8592224121,19.827507019,20.6367340088,21.1543960571,20.3543491364,20.1008090973,19.4462032318,19.6189346313,20.0296592712,19.5656013489,20.0217037201,18.6183605194,19.7742061615,17.6933670044,19.3334732056,19.346326828,18.1466407776,18.033575058,19.9861164093,19.9988098145,16.6874656677,16.5813941956,17.296957016,16.3444309235,16.7179050446,15.6870145798,13.5200433731,12.3929262161,11.9680500031,13.6558732986,12.2197809219,12.6915893555,11.8239564896,12.2134075165,11.2409029007,9.8051357269,10.4316825867,11.1802959442,9.0160799026,10.3693771362,9.6634197235,10.296330452,10.1047201157,10.0239753723,9.4747076035,9.2517910004,9.9905395508,11.1584510803,11.9428014755,12.5226068497,8.1565656662,8.828499794,8.4030456543,7.8586521149,8.7775707245,9.0855913162,8.5854539871,8.8835258484,9.9555492401,9.2080421448,7.8474397659,8.2136650085,7.506770134,7.0908665657,8.6587314606,8.8029851913,8.0526733398,7.3638195992,6.9494781494,7.4751358032,7.2707843781,6.8807535172,6.252392292,8.1623325348,3.3653047085,3.0128326416,3.2791249752,4.7024288177,4.4932765961,4.4859228134,2.6419501305,1.727391243,1.5149366856,0.584294796,0.695890069,0.4269346893,0.5441708565,0.1550977826,0.3805319667,0.0726245046,0.2353112698,0.0062606335,0.0356782079]},"mean_loss:":{"0":0.9426587224},"rmse":{"0":0.9709061384},"step_rmse":{"0":[0.7149006128,0.7830502391,0.7836794853,0.7814218402,0.8370563388,0.8688952923,0.8984631896,0.9401859045,0.9911702275,1.0011867285,1.0431088209,1.0688618422,1.094083786,1.0905226469,1.1516245604,1.1652249098,1.1201634407,1.1078281403,1.1552488804,1.1201021671,1.131811142,1.0913389921,1.0578999519,0.9877153039,0.9485842586,0.9285963178,0.9158747792,0.9187139869,0.9106220603,0.9058021307,0.8788484931,0.9007510543,0.8768942356,0.8674148917,0.8339551687,0.8507342339,0.8473098874,0.8530092239,0.8357707858,0.8003113866,0.8202642202,0.8658218384,0.8984114528,0.8785210848,0.8533779979,0.8740902543,0.8632416129,0.8955171108,0.8437463045,0.8810321689,0.8462153077,0.9084352255,0.9920251369,0.9421161413,0.973498702,1.0794440508,1.0214455128,0.9692246914,1.1040331125,0.9155416489,0.887843132,0.9074348211,1.0360733271,0.9607445002,0.8660148978,0.8272285461,0.9268464446,1.2391884327,1.1765816212,1.2387349606,1.1169116497,1.3393999338,1.1638997793,0.9611619115,0.9372875094,0.9064750671,1.1195647717,1.0090852976,1.1420997381,1.1546031237,1.0942670107,0.8157629371,0.8652251363,0.9123668671,1.1454203129,0.8054070473,1.7448967695,1.1048811674,1.0706272125,0.1272954941,0.369981885,0.0477571189,0.1792597771,0.1373950839,0.0068982244,0.2040049434,0.0180914402,0.2052595615,0.1971880794]},"rmse_by_q":{"0":21.0539302826},