{"max_q":{"0":19.6443424225},"min_q":{"0":-3.6572737694},"mean_q":{"0":8.655582428},"range_q":{"0":23.3016166687},"step_max_q":{"0":[12.4847793579,13.9437589645,14.063129425,13.4712257385,13.8642158508,14.7493953705,15.1130828857,15.8517360687,17.0257282257,17.4877948761,18.0887508392,17.6543769836,19.6443424225,17.7583751678,17.6020927429,16.3719978333,16.4941005707,15.6639823914,13.9547042847,15.5149612427,13.0786905289,12.6406917572,12.272977829,13.7685565948,13.4139137268,12.2474584579,12.5988721848,11.7920379639,12.1010189056,11.1842565536,11.5601463318,9.245631218,3.5844841003,2.8890345097,2.4186403751,2.0114252567,1.615998745,1.265422225,0.9083944559,0.9355896711,0.5800845623,0.0,0.0,0.0,0.0,0.0,0.0,0.0,0.0,0.0,0.0,0.0,0.0,0.0,0.0,0.0,0.0,0.0,0.0,0.0,0.0,0.0,0.0,0.0,0.0,0.0,0.0,0.0,0.0,0.0]},"step_min_q":{"0":[8.6515865326,8.4799013138,8.589468956,7.2543172836,6.6500120163,6.5617036819,6.5196094513,4.9375677109,4.8885641098,3.8390643597,3.1163032055,2.8617935181,1.8191254139,0.7850962877,1.1276459694,0.3934919834,0.0390970707,0.0664503574,-1.3763077259,-0.5687046051,-0.5149695873,-0.4799749851,-0.8556125164,-1.1257982254,-0.6124663353,-0.8708405495,-0.6862473488,-0.6541602612,-0.5114836693,-0.5866217613,-0.6744508743,-0.3798053265,-0.2216325998,0.0,0.0,0.0,0.0,-0.0137195587,-0.056289196,-0.1008071899,-1.4778060913,-1.8363845348,-1.3968017101,-1.8477721214,-1.9889547825,-1.5768125057,-1.9647421837,-1.7985875607,-1.9898579121,-1.2573137283,-1.926306963,-1.2900669575,-1.945268631,-1.0049717426,-1.8711986542,-2.2539167404,-1.9766442776,-1.7332088947,-2.1425962448,-1.8003897667,-2.3851521015,-1.0733821392,-2.6913256645,-0.8998003006,-3.0189394951,-1.4108202457,-3.3852598667,-2.1880373955,-3.6572737694,-1.7398865223]},"step_mean_q":{"0":[11.521697998,11.6811542511,12.1444540024,12.3841619492,12.4117021561,12.8850278854,12.1562957764,11.8199119568,11.2516775131,11.0247917175,10.6402988434,10.1017875671,9.5774364471,9.0948629379,8.6279830933,8.0038661957,7.7235536575,6.9971065521,6.5433988571,5.9540605545,5.5754814148,5.2527761459,5.0126371384,4.8996043205,4.7552876472,4.7564764023,4.859161377,4.442630291,3.6422104836,2.8814692497,2.6359038353,1.9514904022,1.1811701059,1.7987835407,1.6174154282,1.3035330772,1.0263377428,0.7629507184,0.5039052367,0.3798932135,-0.3483175039,-1.168730855,-0.7492322922,-1.1656700373,-1.4511250257,-1.1466567516,-1.3338098526,-1.3675028086,-1.3695024252,-1.0605431795,-1.6802936792,-1.0931470394,-1.3907256126,-0.9941818714,-1.6607404947,-1.5197629929,-1.2464529276,-1.05210495,-1.1352607012,-1.2780131102,-1.7786207199,-0.8940908909,-1.8604558706,-0.6882687211,-1.9027057886,-1.1788494587,-1.7532486916,-1.442735076,-2.1171000004,-1.1640866995]},"episodes_still_running":{"0":[4096.0,4096.0,4096.0,4096.0,4096.0,4096.0,4096.0,4096.0,4096.0,4096.0,4096.0,4096.0,4096.0,4096.0,4096.0,4096.0,4096.0,4096.0,4096.0,4068.0,4028.0,3932.0,3872.0,3776.0,3628.0,3324.0,2716.0,2116.0,1368.0,880.0,428.0,160.0,48.0,20.0,12.0,12.0,12.0,12.0,12.0,12.0,12.0,12.0,12.0,12.0,12.0,12.0,12.0,12.0,12.0,12.0,12.0,12.0,12.0,12.0,12.0,12.0,12.0,12.0,12.0,12.0,12.0,12.0,12.0,12.0,12.0,12.0,12.0,12.0,12.0,12.0]},"step_range_q":{"0":[3.8331928253,5.4638576508,5.4736604691,6.2169084549,7.2142038345,8.1876916885,8.5934734344,10.9141683578,12.1371641159,13.648730278,14.9724473953,14.7925834656,17.8252162933,16.9732780457,16.4744472504,15.9785060883,16.4550037384,15.5975322723,15.3310117722,16.0836658478,13.5936603546,13.1206665039,13.1285905838,14.8943548203,14.0263805389,13.1182994843,13.2851200104,12.4461984634,12.6125030518,11.7708778381,12.2345972061,9.6254367828,3.806116581,2.8890345097,2.4186403751,2.0114252567,1.615998745,1.2791417837,0.9646836519,1.0363968611,2.0578906536,1.8363845348,1.3968017101,1.8477721214,1.9889547825,1.5768125057,1.9647421837,1.7985875607,1.9898579121,1.2573137283,1.926306963,1.2900669575,1.945268631,1.0049717426,1.8711986542,2.2539167404,1.9766442776,1.7332088947,2.1425962448,1.8003897667,2.3851521015,1.0733821392,2.6913256645,0.8998003006,3.0189394951,1.4108202457,3.3852598667,2.1880373955,3.6572737694,1.7398865223]},"mean_loss:":{"0":1.3778275251},"rmse":{"0":1.1738089323},"step_rmse":{"0":[0.495705843,0.5173983574,0.6812757254,0.3822655678,0.2988906205,0.2506529391,0.539196074,0.6482476592,0.752294898,1.0479767323,1.2748886347,1.4315261841,1.5877645016,1.7024818659,1.7492369413,1.739921093,1.6376849413,1.5443836451,1.4377613068,1.3534671068,1.2455476522,1.1401194334,1.0787016153,1.0366154909,1.0127429962,1.0621490479,1.1445819139,1.2315570116,1.1720360518,1.2457000017,1.3590937853,1.6638219357,1.9912799597,2.9084165096,3.7849979401,3.6171996593,3.5595133305,3.3048820496,2.6798958778,1.7692924738,1.4815071821,3.1169309616,3.0782136917,2.2428593636,2.9342157841,3.4348695278,2.2420876026,1.9133176804,2.9902112484,1.3670688868,1.8602221012,1.6509605646,1.7620047331,1.3750963211,1.9505786896,2.2513041496,1.2384016514,1.3086612225,1.3427295685,1.4449144602,2.3187191486,0.9704610109,1.9783875942,1.0081862211,2.0257585049,1.8561013937,2.1222882271,2.1342833042,3.4014544487,1.5684940815]},"rmse_by_q":{"0":13.561293602},"step_rmse_by_q":{"0":[4.3023681641,4.4293427467,5.6097683907,3.0867292881,2.4081356525,1.9453037977,4.4355297089,5.4843697548,6.6860690117,9.5056381226,11.9816999435,14.1710195541,16.5781784058,18.7191581726,20.2739944458,21.7385082245,21.2037754059,22.0717468262,21.9726982117,22.7318325043,22.3397331238,21.705083847,21.5196437836,21.157125473,21.2971973419,22.3305873871,23.5551319122,27.7213478088,32.1792526245,43.2314186096,51.5608253479,85.2590408325,168.5853729248,161.6879730225,234.0151977539,277.491973877,346.8169555664,433.171081543,531.825378418,465.734161377,-425.3323974609,-266.6936340332,-410.8490600586,-192.4094543457,-202.2028198242,-299.5551452637,-168.096496582,-139.9132537842,-218.3428955078,-128.9027099609,-110.708152771,-151.0282287598,-126.6967926025,-138.3143615723,-117.4523468018,-148.1352081299,-99.3540649414,-124.3850479126,-118.2750015259,-113.0594406128,-130.3661346436,-108.5416564941,-106.3388595581,-146.4814758301,-106.4672470093,-157.4502410889,-121.0489044189,-147.9331359863,-160.6657409668,-134.7403106689]},"mean_error":{"0":0.7846160531},"step_mean_error":{"0":[0.3494701385,0.3329989016,0.4737671912,0.2817893624,0.2383787781,0.1912726462,0.4343257844,0.5085198879,0.5874298215,0.8219422102,0.9860988855,1.1024961472,1.2415621281,1.3134684563,1.3509802818,1.3145651817,1.2334065437,1.1475625038,1.0410966873,0.9476053119,0.8476459384,0.7616479993,0.713281095,0.6589343548,0.6427192688,0.6724298,0.752022326,0.8113157749,0.7653388381,0.8370128274,0.9540446401,1.0000762939,1.2391372919,2.2253460884,3.2408983707,3.1102035046,3.0760552883,2.8673362732,2.3912937641,1.5767749548,1.387542367,2.8102753162,2.1613740921,2.1221501827,2.6857862473,2.5437777042,2.1211736202,1.789108634,2.3002402782,1.2675122023,1.7818719149,1.3606923819,1.4879665375,1.140434742,1.8609582186,1.8026522398,1.2378201485,1.0027239323,1.2845252752,1.21702075,2.1211423874,0.8206381798,1.920255065,0.8358452916,1.8718752861,1.5663523674,2.0397269726,1.7697559595,3.0707905293,1.3239481449]},"mean_q_deviation":{"0":57.0497703552},