{"max_q":{"0":21.9680576324},"min_q":{"0":-0.8380315304},"mean_q":{"0":5.6029996872},"range_q":{"0":22.8060894012},"step_max_q":{"0":[20.576051712,20.5948886871,20.6736679077,20.4360694885,21.2239532471,21.3734016418,21.301322937,21.5970344543,21.9680576324,20.9385299683,21.4024429321,20.7368049622,21.8219108582,21.2418079376,20.8496723175,20.3009929657,18.9033699036,18.6054401398,19.2988910675,18.380443573,18.9215164185,18.9540576935,17.4205303192,17.5430107117,16.519908905,16.0793094635,16.0678329468,14.8024902344,14.4911670685,14.4602203369,12.870300293,12.2744293213,12.4295778275,12.2918663025,12.2473812103,11.4522132874,11.1263923645,11.0369138718,10.6079053879,11.1264104843,10.7843418121,10.0793743134,10.3541374207,9.937166214,9.8386631012,9.7489423752,9.8918762207,9.2711687088,9.3036460876,9.1455564499,8.5332946777,8.4896173477,8.6289129257,8.019288063,7.8897066116,7.7895526886,7.6601400375,7.020403862,7.1581525803,7.6659603119,6.9983739853,6.4866800308,6.254948616,6.4657554626,6.1222658157,5.9784383774,5.7655239105,5.8058643341,5.7053623199,5.73366642,5.4956502914,5.3974766731,6.1871533394,5.9975366592,5.8602781296,6.0012021065,6.0238304138,5.9667158127,5.8398218155,5.8781433105,5.9239783287,5.5961937904,5.6355276108,5.6216020584,5.6285877228,5.2826633453,5.3505392075,5.2762956619,5.3309230804,4.8806972504,4.9563150406,4.8247213364,4.701239109,4.4811491966,4.5584564209,4.5886764526,4.4496049881,4.4877977371,4.5188169479,4.3579721451,4.3500599861,4.3934392929,4.1783084869,4.1514015198,4.1401672363,4.074259758,4.0937585831,4.0844278336,3.8399083614,3.2110943794,3.3311276436,3.8914022446,3.7299757004,3.9900941849,3.6759607792,3.5486409664,3.6146454811,3.4381752014,3.3403925896,3.1923248768,4.0553021431,3.2294631004,3.4550271034,3.0111808777,1.3417477608,1.3521065712,1.4899350405,1.4389251471,1.5073853731,1.3560395241,1.3842078447,1.4554520845,1.2822574377,1.3165627718,1.3257334232,1.126331687,1.1507078409,1.0831595659,0.9082890749,0.9336468577,0.9623098373,0.879250288]},"step_min_q":{"0":[6.881688118,6.8095121384,6.7990651131,6.5594916344,6.5002479553,5.6541800499,5.1909003258,5.3433756828,5.0678110123,5.0321497917,4.1884541512,4.1609201431,3.8477623463,3.9665191174,3.3732533455,3.2258684635,3.285115242,3.2054095268,2.7928309441,2.4855942726,2.4414041042,2.0321190357,1.8513377905,1.6366862059,0.8952713013,0.9186513424,0.4165222645,0.5677886009,0.2092449665,-0.0945138931,0.2608430386,0.1510155201,-0.0199636817,0.0,-0.0653902888,-0.0734215975,-0.1858696938,-0.2920006514,-0.5483016968,-0.5877887011,-0.505109787,-0.4389982224,-0.5022506714,-0.6351106167,-0.8380315304,-0.4209326506,-0.4973537922,-0.4714978933,-0.5297173262,-0.4992954731,-0.3281816244,-0.7672256231,-0.5008327961,-0.4389731884,-0.4769065976,-0.5068974495,-0.4485558271,-0.4908492565,-0.5622950792,-0.5057470798,-0.5422315598,-0.3669614792,-0.6845686436,-0.4078373909,-0.3296555281,-0.5713311434,-0.6353996992,-0.4998211861,-0.3587229252,-0.3990380764,-0.2217758894,-0.2718360424,-0.1966648102,-0.4889984131,-0.3930590153,-0.400028944,-0.3380703926,-0.2853130102,-0.2279928923,-0.3255791664,-0.2714877129,-0.2368146181,-0.2643544674,-0.2528387308,-0.2295521498,-0.373673439,-0.1710827351,-0.2051609755,-0.236073494,-0.1732977629,-0.1937026978,-0.3420194387,-0.3326933384,-0.2141993046,-0.1074883938,-0.2770453691,-0.2431582212,-0.0827150345,-0.0798404217,-0.1672229767,-0.0891805887,-0.2730065584,-0.028531909,-0.1848524809,-0.0516029596,-0.0150795579,-0.0700625181,-0.0711297989,-0.0282849073,-0.1367714405,-0.1284584403,-0.115668416,-0.1590987444,-0.1501072645,-0.0968159437,-0.2079648972,-0.1981980801,-0.2018450499,0.0,0.0,0.0,0.0,-0.0502285957,-0.0339154601,-0.0638068318,-0.0278351903,-0.0392707586,0.0,-0.0431668758,-0.0155540705,0.0,0.0,-0.0246347189,0.0,0.0,0.0,0.0,0.0,-0.0004473329,0.0,0.0,0.0]},"step_mean_q":{"0":[10.3286876678,10.3335580826,10.3623657227,10.4115028381,10.4785327911,10.4289093018,10.40899086,10.4040279388,10.3383560181,10.2408695221,10.1228208542,9.95570755,9.7757072449,9.5776157379,9.3443746567,9.1317710876,8.9043302536,8.6452665329,8.385933876,8.1337394714,7.8720488548,7.5750164986,7.309407711,7.0351595879,6.7605199814,6.500108242,6.236079216,5.9710769653,5.7339253426,5.4766874313,5.2325558662,5.0147223473,4.7802462578,4.5413603783,4.3321609497,4.1338877678,3.9181637764,3.7371020317,3.5535619259,3.3629930019,3.19424963,3.0399436951,2.88322258,2.7382090092,2.6193153858,2.503872633,2.3952505589,2.3003323078,2.203783989,2.1266615391,2.0522854328,2.0031099319,1.934263587,1.9033787251,1.8666162491,1.8243581057,1.790861249,1.7635947466,1.7452417612,1.7292559147,1.7238476276,1.7045589685,1.6737450361,1.6550177336,1.6395134926,1.6070758104,1.5985194445,1.6000030041,1.6035536528,1.5869930983,1.5701476336,1.5734307766,1.5566772223,1.5669243336,1.5475889444,1.5349093676,1.5059593916,1.5023816824,1.4730503559,1.4669811726,1.4648293257,1.4418017864,1.4288876057,1.4067600965,1.4172466993,1.4241182804,1.4651875496,1.4668188095,1.4600921869,1.4060971737,1.4239249229,1.4143493176,1.4211521149,1.3828088045,1.3946290016,1.3439980745,1.3506305218,1.3219778538,1.2496410608,1.2064813375,1.2795124054,1.2510902882,1.1689804792,1.1431286335,1.1756031513,1.1448383331,1.1154651642,1.0729392767,1.0392490625,1.0226900578,1.0732158422,1.1226197481,1.0982037783,1.1289782524,1.0184810162,0.9870657921,0.9788091779,0.9596946836,0.9268790483,0.7882570624,0.8149894476,0.7083376646,0.6668370366,0.6433502436,0.4882380068,0.5987069011,0.6311495304,0.6093315482,0.5611938834,0.5764879584,0.5205708146,0.4864691496,0.4657836556,0.5033640862,0.5304117203,0.4908078015,0.5939878225,0.5539102554,0.453920871,0.9336468577,0.9623098373,0.879250288]},"episodes_still_running":{"0":[4096.0,4096.0,4096.0,4096.0,4096.0,4096.0,4096.0,4096.0,4096.0,4096.0,4096.0,4096.0,4096.0,4096.0,4096.0,4096.0,4096.0,4096.0,4096.0,4096.0,4096.0,4096.0,4096.0,4096.0,4096.0,4096.0,4096.0,4096.0,4096.0,4096.0,4096.0,4096.0,4096.0,4095.0,4095.0,4093.0,4092.0,4084.0,4079.0,4076.0,4062.0,4045.0,4023.0,3987.0,3930.0,3882.0,3827.0,3742.0,3658.0,3561.0,3444.0,3303.0,3162.0,3010.0,2860.0,2708.0,2550.0,2407.0,2278.0,2112.0,1976.0,1848.0,1746.0,1603.0,1484.0,1375.0,1264.0,1180.0,1085.0,990.0,918.0,846.0,774.0,718.0,669.0,616.0,577.0,526.0,501.0,463.0,431.0,403.0,379.0,343.0,318.0,296.0,276.0,252.0,238.0,222.0,210.0,195.0,188.0,178.0,170.0,159.0,150.0,142.0,130.0,121.0,110.0,100.0,90.0,85.0,76.0,69.0,66.0,61.0,57.0,53.0,50.0,47.0,46.0,44.0,43.0,43.0,41.0,38.0,36.0,31.0,29.0,29.0,28.0,27.0,23.0,19.0,17.0,13.0,13.0,12.0,9.0,8.0,7.0,4.0,4.0,3.0,2.0,2.0,2.0,1.0,1.0,1.0]},