{"max_q":{"0":25.5596237183},"min_q":{"0":-1.1109929085},"mean_q":{"0":8.0343647003},"range_q":{"0":26.6706161499},"step_max_q":{"0":[24.3859672546,24.4345340729,24.8655738831,24.5513648987,24.722454071,24.9327831268,24.4738578796,25.3639564514,25.5596237183,24.6470794678,24.3884887695,24.5116386414,24.5192260742,23.8465766907,23.0835895538,23.1724052429,22.9970054626,23.6902866364,24.0248851776,24.3609962463,22.8034915924,22.7887248993,22.3683509827,21.7583789825,20.7253570557,21.2631206512,20.8562679291,20.9375762939,21.732339859,21.0056190491,20.0568275452,19.1791877747,18.2920913696,19.0377025604,18.903793335,19.2893047333,18.3711967468,17.0725536346,16.8536968231,17.2815647125,16.2596092224,16.6585731506,15.9865922928,14.8321380615,14.1076812744,13.5781841278,12.9081554413,11.5232248306,11.8800525665,11.0953493118,10.9210634232,11.1834697723,11.3084774017,11.6528358459,11.3145065308,11.323554039,11.5762348175,11.6272354126,11.2130689621,11.2255411148,10.7261734009,10.9300441742,11.1186065674,10.5025844574,10.0391378403,10.5647277832,9.6565036774,10.1727218628,10.6112890244,8.9174747467,8.9471797943,8.3980550766,6.9166927338,6.7196311951,7.2413959503,6.9804573059,6.8184976578,6.2052993774,6.6788196564,6.1813926697,5.9863853455,6.017118454,5.8220071793,5.8071584702,5.622428894,5.3854136467,5.2383594513,5.5218482018,5.072863102,5.1308231354,5.0141310692,5.4814891815,4.9800672531,4.9218611717,4.825232029,4.9587659836,4.7622256279,4.5623245239,4.6372737885,4.4941549301,4.4599776268,4.4246664047,4.3492879868,4.4178380966,4.2588882446,4.3081212044,4.0035963058,3.9385111332,3.9552857876,3.8871874809,4.0143718719,3.8869974613,3.9122574329,3.3987607956,3.6607515812,3.282302618,3.2583253384,3.5652737617,3.6927757263,3.9634494781,4.0453214645,4.0822873116,3.1541240215,3.0512516499,2.9523785114,2.6835253239,2.606836319,2.2594845295,2.6201992035,2.4108841419,2.2493934631,2.3391056061,2.3227262497,1.4126126766,1.4341472387,1.2705062628,1.3776524067,1.3320180178,1.4065654278,1.3383078575,1.0321836472,0.5199942589,0.585436821,0.7587905526]},"step_min_q":{"0":[10.8801364899,10.4052448273,9.6929674149,10.0555286407,9.8884935379,9.461640358,8.465423584,7.5699424744,6.8846588135,6.8906855583,6.2814764977,5.8090372086,5.3464589119,4.9103336334,4.5683083534,4.2615008354,3.5274488926,3.3544790745,3.0541911125,2.7570428848,2.5158965588,1.8505747318,1.3618327379,-0.0995359421,0.2284924984,0.0284996033,-0.4039022923,-0.5855095387,-0.267260313,0.0,-0.0462720394,-0.1306583881,-0.1495265961,0.0,-0.1923414469,-0.2554893494,-0.2197549343,-0.3178262711,-0.2171974182,-0.3771431446,-0.252560854,-0.3616602421,-0.4833507538,-0.265917182,-0.3180463314,-0.5566958189,-0.8884180784,-0.7804834843,-1.0110743046,-0.8388756514,-1.0349190235,-0.8884865046,-0.8951742649,-0.8359613419,-0.9431916475,-0.4775567055,-0.5855973363,-0.8221175671,-0.8463392258,-0.8523070812,-0.848982811,-0.4111969471,-0.450509429,-0.4772607684,-0.3948187828,-0.8068873882,-0.5246520042,-0.5327631235,-0.7982993722,-1.1013514996,-0.9585864544,-0.9231770039,-0.9808349013,-0.9154891968,-0.7906605601,-0.9030049443,-0.780610919,-0.5722247958,-0.8432927728,-0.6386829019,-0.5126829147,-0.3644961715,-0.4741575718,-0.6790163517,-0.6555256248,-0.9140873551,-1.1109929085,-0.9380367994,-0.6370331049,-0.1950122714,-0.1478520036,0.0,-0.0332807302,0.0,-0.1302621365,-0.1906057596,0.0,0.0,-0.0333129168,0.0,-0.1183786392,-0.0821707249,-0.087254405,-0.1942769289,-0.2074295878,-0.2121306062,0.0,-0.0364605784,0.0,0.0,-0.0135553479,-0.0322211385,-0.0656347871,-0.3224254251,-0.2936060429,-0.3717559576,-0.0552792549,-0.1056680679,-0.0842297077,0.0,0.0,0.0,0.0,0.0,0.0,0.0,0.0,0.0,0.0,0.0,0.0,0.0,0.0,0.0,0.0,0.0,0.0,0.0,0.0,0.0,0.0,0.0,0.0,0.0]},"step_mean_q":{"0":[13.7075424194,13.7359514236,13.7048721313,13.7606277466,13.7975711823,13.7290229797,13.6241493225,13.5589942932,13.4293899536,13.2730236053,13.0814247131,12.8827123642,12.6755924225,12.4343357086,12.165977478,11.9236278534,11.6716175079,11.3617553711,11.074382782,10.8090209961,10.5168294907,10.1864051819,9.8992385864,9.6200637817,9.3387413025,9.0566740036,8.7831850052,8.5369768143,8.2906599045,8.0274524689,7.799741745,7.5803694725,7.3344268799,7.1112003326,6.9006175995,6.7012066841,6.4720845222,6.2777199745,6.0869951248,5.901143074,5.7059459686,5.5227274895,5.349542141,5.1765108109,4.997033596,4.8570380211,4.7175269127,4.5700778961,4.4327688217,4.3329062462,4.2085242271,4.0944232941,3.992108345,3.8962833881,3.8057017326,3.7459988594,3.6735417843,3.5856847763,3.521062851,3.443185091,3.3809711933,3.3066630363,3.235912323,3.1636314392,3.1076536179,3.0212621689,2.9525671005,2.8735675812,2.8026506901,2.7349908352,2.6957421303,2.6670994759,2.6285538673,2.5595753193,2.5127017498,2.4945905209,2.4214382172,2.3835453987,2.359010458,2.3032076359,2.2081904411,2.1368868351,2.0893158913,2.1110355854,2.0338964462,2.0677061081,2.0570685863,2.0245015621,2.0420701504,1.9953491688,2.1171593666,2.0940756798,2.0600259304,2.1277358532,2.0539491177,2.0429685116,2.1632518768,2.1117889881,2.0720643997,2.0338630676,2.0157887936,1.9103559256,2.0317165852,2.0775010586,1.8657284975,1.7568941116,1.8877094984,1.7839553356,1.8492721319,1.7066289186,1.5829490423,1.6157766581,1.5744336843,1.6686906815,1.7653995752,1.7472012043,2.120218277,2.275919199,2.1951522827,2.3433032036,2.3039200306,2.2958216667,1.8367476463,1.9866997004,2.0640571117,1.6952028275,1.534535408,1.5783557892,1.6236433983,1.5122592449,1.4969142675,1.5047466755,1.4493374825,1.1072205305,1.1632543802,1.0631611347,1.0321832895,0.9202102423,1.0150065422,0.9876563549,0.7480607033,0.5199942589,0.585436821,0.7587905526]},"episodes_still_running":{"0":[4096.0,4096.0,4096.0,4096.0,4096.0,4096.0,4096.0,4096.0,4096.0,4096.0,4096.0,4096.0,4096.0,4096.0,4096.0,4096.0,4096.0,4096.0,4096.0,4096.0,4096.0,4096.0,4096.0,4096.0,4096.0,4096.0,4096.0,4096.0,4095.0,4093.0,4093.0,4093.0,4093.0,4091.0,4091.0,4089.0,4086.0,4082.0,4074.0,4065.0,4059.0,4046.0,4029.0,4015.0,3993.0,3955.0,3915.0,3873.0,3812.0,3747.0,3677.0,3582.0,3477.0,3378.0,3237.0,3076.0,2949.0,2790.0,2644.0,2499.0,2339.0,2177.0,2007.0,1846.0,1690.0,1567.0,1445.0,1312.0,1187.0,1074.0,982.0,882.0,806.0,736.0,671.0,616.0,545.0,487.0,428.0,391.0,341.0,307.0,277.0,242.0,219.0,197.0,181.0,170.0,146.0,130.0,116.0,103.0,95.0,86.0,83.0,75.0,66.0,63.0,55.0,51.0,46.0,39.0,32.0,30.0,28.0,25.0,22.0,20.0,19.0,18.0,18.0,15.0,15.0,12.0,12.0,11.0,9.0,8.0,8.0,7.0,7.0,7.0,6.0,5.0,5.0,4.0,4.0,4.0,4.0,4.0,4.0,4.0,4.0,3.0,3.0,2.0,2.0,2.0,2.0,2.0,2.0,1.0,1.0,1.0]},