{"max_q":{"0":15.6948261261},"min_q":{"0":-0.8039943576},"mean_q":{"0":6.9892630577},"range_q":{"0":16.4988212585},"step_max_q":{"0":[14.460392952,14.8438129425,14.9386863708,14.7191972733,14.7743282318,14.4556884766,14.1934719086,15.6948261261,14.2506885529,13.7704076767,13.2709178925,13.189491272,13.2527866364,13.0771389008,12.9860506058,12.4901819229,11.8969774246,11.4647827148,11.7389068604,11.2656726837,11.23346138,11.046833992,11.0328245163,10.1452217102,9.4940080643,9.0690307617,9.173324585,10.0523109436,8.4206943512,7.9274191856,7.6504559517,7.2495617867,7.5037064552,6.5885334015,6.4618639946,5.8643455505,5.9541845322,5.9219093323,5.688741684,5.1049699783,4.8498883247,6.073094368,4.5167779922,5.2779622078,4.2223668098,4.6177129745,3.928674221,4.2024068832,4.3742976189,3.7163586617,3.6640319824,3.3840787411,3.2351174355,3.424759388,3.2155878544,3.0818991661,3.1355209351,2.909153223,2.9782445431]},"step_min_q":{"0":[10.4733448029,10.8970241547,10.4609375,9.0991306305,8.0286655426,6.712460041,5.4140152931,5.800163269,5.9170398712,5.493698597,5.0112938881,4.0003008842,3.2941863537,2.6003041267,2.4419219494,2.4858140945,2.1041154861,1.9658696651,1.2857964039,1.0104470253,0.5351196527,0.6623393297,0.7344887257,0.5098170042,0.273096323,0.103104949,0.0,-0.1241098642,-0.1673374176,-0.1139142513,-0.1444250345,-0.1856158972,-0.3754878044,-0.1866730452,-0.0761274099,-0.1966011524,-0.3980137706,-0.1692097187,-0.1338785291,-0.467585206,-0.2389760017,-0.2822666168,-0.2126604319,-0.4131084681,-0.8039943576,-0.4186320901,-0.5159674883,-0.2060459852,-0.4230590463,-0.4179344177,-0.1599772573,-0.0549544692,-0.5515567064,0.0,0.0,-0.0869249105,0.0,0.0,0.0]},"step_mean_q":{"0":[13.1464605331,13.3303041458,13.317363739,13.1616392136,13.096818924,12.7215108871,12.5747451782,12.1074533463,11.6884021759,11.4242200851,11.0034227371,10.7246007919,10.2453613281,9.8955478668,9.4093055725,9.0098180771,8.5731554031,8.1706047058,7.7477941513,7.3139629364,6.8940544128,6.4573802948,6.039475441,5.656165123,5.2759027481,4.9022836685,4.5652155876,4.2583441734,3.9615478516,3.695587635,3.4759743214,3.2395956516,3.0616366863,2.8856105804,2.738817215,2.6058280468,2.4951007366,2.4351704121,2.3413057327,2.2992486954,2.2534132004,2.228808403,2.2503561974,2.2367391586,2.2558684349,2.232896328,2.2163789272,2.205750227,2.0692131519,1.9786115885,1.9619516134,2.0158007145,1.8057556152,1.8570488691,1.5092849731,1.4736791849,1.1799103022,1.5983389616,1.7728526592]},"episodes_still_running":{"0":[4096.0,4096.0,4096.0,4096.0,4096.0,4096.0,4096.0,4096.0,4096.0,4096.0,4096.0,4096.0,4096.0,4096.0,4096.0,4096.0,4096.0,4096.0,4096.0,4096.0,4096.0,4096.0,4096.0,4096.0,4096.0,4096.0,4092.0,4092.0,4080.0,4060.0,4024.0,3992.0,3944.0,3880.0,3800.0,3712.0,3604.0,3476.0,3392.0,3244.0,3104.0,2908.0,2648.0,2352.0,2032.0,1668.0,1312.0,1036.0,740.0,524.0,372.0,248.0,172.0,108.0,72.0,48.0,28.0,20.0,8.0]},"step_range_q":{"0":[3.9870481491,3.9467887878,4.4777488708,5.6200666428,6.7456626892,7.7432284355,8.7794570923,9.8946628571,8.3336486816,8.2767086029,8.2596244812,9.1891899109,9.9586000443,10.4768352509,10.544128418,10.0043678284,9.7928619385,9.4989128113,10.4531106949,10.2552261353,10.6983413696,10.3844947815,10.2983360291,9.6354045868,9.2209119797,8.9659261703,9.173324585,10.1764211655,8.5880317688,8.0413331985,7.794880867,7.435177803,7.8791942596,6.7752065659,6.5379915237,6.0609464645,6.3521981239,6.0911188126,5.8226203918,5.5725550652,5.0888643265,6.3553609848,4.7294383049,5.6910705566,5.0263609886,5.036345005,4.4446415901,4.4084529877,4.7973566055,4.1342930794,3.8240091801,3.4390332699,3.7866740227,3.424759388,3.2155878544,3.1688241959,3.1355209351,2.909153223,2.9782445431]},"mean_loss:":{"0":0.2208843529},"rmse":{"0":0.4699833393},"step_rmse":{"0":[0.2879097462,0.2830280066,0.289133966,0.3033925593,0.3581251204,0.4342148304,0.500490725,0.5516261458,0.5934362411,0.6364951134,0.6504482031,0.656619668,0.6062045693,0.6017315984,0.5716641545,0.5626373887,0.5537257791,0.5069628358,0.503128767,0.4971124828,0.5007084012,0.48994115,0.5032913089,0.5043298006,0.4845650792,0.4846762717,0.4721131027,0.4903515577,0.4871016741,0.4790859818,0.4381787479,0.4214652479,0.4421892166,0.4077560902,0.4205970764,0.3884220719,0.3917304873,0.3724301159,0.3719480634,0.3513287604,0.3287291527,0.3402100205,0.3088413179,0.3284071982,0.3305486441,0.3281388581,0.3496385813,0.3512884974,0.3499147892,0.3759328425,0.3614911735,0.4011808932,0.4556950331,0.4599274099,0.5785612464,0.4548205733,0.2303669006,0.3405463994,0.3093593419]},"mean_error":{"0":0.3390136361},"step_mean_error":{"0":[0.2004931271,0.1922496855,0.1919931173,0.1987966299,0.2497607321,0.313480109,0.3709102869,0.4189073443,0.4466103613,0.4940700531,0.4934763014,0.5028942227,0.4671478271,0.4557287693,0.438981086,0.4330159724,0.433037132,0.3957039118,0.389418304,0.3804058731,0.380833298,0.3675227463,0.3790350556,0.3779518306,0.3703935146,0.3639253378,0.3542248309,0.3550364077,0.3568352759,0.3478810191,0.3253645301,0.3058716953,0.3116522431,0.2907634377,0.2936233878,0.2662190199,0.2730000317,0.2591025531,0.2569262683,0.2426267564,0.2323934436,0.2287897021,0.2277660519,0.2362901866,0.2392987758,0.2400086075,0.2531292737,0.2600325644,0.2603544593,0.2804408967,0.2763354778,0.3059026897,0.3672392964,0.3531347811,0.4504156113,0.3602647781,0.2068840563,0.297106564,0.2878154516]},"mean_deviation":{"0":2.1994533539},"step_mean_deviation":{"0":[4.7220439911,3.8120400906,3.4277698994,3.3603224754,3.7985384464,4.1576013565,4.6121277809,5.2429294586,4.8721604347,5.4167189598,5.0579533577,4.4250016212,4.2978434563,4.260972023,4.4131412506,4.4698562622,4.1412329674,3.9279937744,4.0524759293,3.920031786,3.9002866745,3.8210396767,3.9939994812,4.1139655113,4.1387352943,4.2879047394,4.2510447502,4.2522425652,4.4166245461,4.3685717583,4.4564328194,4.5263361931,4.4748806953,4.6222853661,4.6995763779,4.5768709183,4.8965787888,4.8322143555,4.8642439842,4.7231049538,4.6000247002,5.0656328201,5.0293397903,5.3111410141,5.3680019379,5.73260355,6.4594774246,6.6660141945,6.779771328,7.1576061249,6.8665781021,7.640806675,9.5415964127,9.6149778366,11.4312553406,10.0002622604,6.8763575554,9.7336893082,11.1686115265]},"epoch":{"0":150},"mask_name":{"0":"ally_all_except_actions"},"map_name":{"0":"6h_vs_8z"}}