{"max_q":{"0":14.9335708618},"min_q":{"0":-2.1201651096},"mean_q":{"0":7.0639605522},"range_q":{"0":17.053735733},"step_max_q":{"0":[14.2058429718,14.6326942444,14.9335708618,14.5267963409,14.3747768402,14.1682224274,14.0547218323,13.853723526,13.4640865326,13.4204425812,13.0221881866,12.9891777039,12.485212326,12.1363334656,11.9089450836,11.3779716492,11.1334495544,10.9248905182,10.573059082,10.3338794708,10.227306366,9.8048324585,9.150718689,9.0342350006,8.8352279663,8.577044487,8.2889204025,7.9355669022,7.6841993332,7.5556116104,7.4319109917,6.9923009872,7.0139827728,6.5888495445,6.0675578117,6.1656751633,5.8082990646,5.5843777657,5.264790535,5.1656279564,5.2365584373,4.7120962143,4.7145442963,4.6749105453,4.5685586929,4.3083291054,4.032995224,3.86388731,3.8068246841,3.6877691746,3.443801403,3.3944103718,3.4610724449,2.9571115971,2.8629479408,2.8587970734,2.6850907803,2.6775927544,2.6264801025]},"step_min_q":{"0":[11.2353534698,11.259973526,10.7867679596,10.2478523254,9.6748046875,9.1679172516,7.9212331772,8.1829185486,7.7247376442,7.093691349,5.2890353203,5.2893309593,4.9555683136,3.8676898479,3.72184515,3.4242603779,1.6193957329,1.1824800968,1.148635149,0.1568975449,-0.0624916553,-1.6785650253,-1.8713464737,-1.9749395847,-2.0799779892,-2.1201651096,-1.5046753883,-1.772030592,-1.768321991,-1.7941408157,-1.7878558636,-1.5499229431,-1.5135769844,-1.4575622082,-1.179451704,-1.1314764023,-0.8851325512,-0.7057366371,-0.6789267063,-0.6231104136,-0.4453228712,-0.333306551,-0.0954543352,-0.1006906033,-0.1319718361,-0.2945387363,-0.3285951614,0.0,0.0,0.0,0.0,0.0,0.0,0.0,0.0,0.0,0.0,0.0,0.0]},"step_mean_q":{"0":[13.224817276,13.4447250366,13.4153862,13.1811876297,13.0992450714,12.7350435257,12.5568084717,12.1216964722,11.7759609222,11.4608774185,11.0662679672,10.7122373581,10.2907238007,9.9301300049,9.5025882721,9.0782899857,8.6526508331,8.2457141876,7.801835537,7.41264534,6.995721817,6.5690751076,6.1290531158,5.7265644073,5.3522686958,4.9961471558,4.6227316856,4.2897543907,4.0163097382,3.7562541962,3.5393445492,3.2888536453,3.1241595745,2.9665155411,2.8342115879,2.7141802311,2.6086091995,2.5736854076,2.4861001968,2.467872858,2.4336416721,2.3997831345,2.3984384537,2.3863880634,2.3861064911,2.3202457428,2.264367342,2.1699917316,2.0881881714,1.9471195936,1.9509599209,1.9780294895,1.933768034,1.9518975019,1.8684363365,1.9310411215,1.9301922321,2.222704649,2.5663561821]},"episodes_still_running":{"0":[4096.0,4096.0,4096.0,4096.0,4096.0,4096.0,4096.0,4096.0,4096.0,4096.0,4096.0,4096.0,4096.0,4096.0,4096.0,4096.0,4096.0,4096.0,4096.0,4096.0,4096.0,4096.0,4096.0,4096.0,4096.0,4096.0,4092.0,4092.0,4080.0,4060.0,4024.0,3992.0,3944.0,3880.0,3800.0,3712.0,3604.0,3476.0,3392.0,3244.0,3104.0,2908.0,2648.0,2352.0,2032.0,1668.0,1312.0,1036.0,740.0,524.0,372.0,248.0,172.0,108.0,72.0,48.0,28.0,20.0,8.0]},"step_range_q":{"0":[2.970489502,3.3727207184,4.1468029022,4.2789440155,4.6999721527,5.0003051758,6.1334886551,5.6708049774,5.7393488884,6.3267512321,7.7331528664,7.6998467445,7.5296440125,8.2686433792,8.1870994568,7.9537115097,9.5140533447,9.7424106598,9.4244241714,10.176981926,10.2897977829,11.4833974838,11.0220651627,11.0091743469,10.9152059555,10.6972093582,9.7935962677,9.7075977325,9.4525213242,9.3497524261,9.2197666168,8.5422239304,8.5275592804,8.0464115143,7.2470092773,7.2971515656,6.6934318542,6.2901144028,5.9437170029,5.7887382507,5.6818814278,5.0454025269,4.8099985123,4.775601387,4.700530529,4.6028680801,4.3615903854,3.86388731,3.8068246841,3.6877691746,3.443801403,3.3944103718,3.4610724449,2.9571115971,2.8629479408,2.8587970734,2.6850907803,2.6775927544,2.6264801025]},"mean_loss:":{"0":0.861779213},"rmse":{"0":0.9283206463},"step_rmse":{"0":[0.4136817157,0.4139131308,0.4582588077,0.4849113226,0.539210856,0.5888926983,0.6865347624,0.7686848044,0.8543788791,0.9128928781,0.9697911739,1.0193793774,1.0972018242,1.1440315247,1.1483263969,1.1513878107,1.177278161,1.1855992079,1.1853077412,1.2189928293,1.1968789101,1.1667640209,1.154945612,1.135269165,1.1011753082,1.089064002,1.052759409,1.0270018578,0.9981048703,0.9816253185,0.9475041628,0.9034005404,0.8739281893,0.8709424734,0.8406121135,0.8055997491,0.7768033147,0.7580860257,0.7491679192,0.7289438844,0.7190352082,0.6947581768,0.6867353916,0.7106801271,0.7222722769,0.7455742359,0.785564065,0.7973784208,0.8238952756,0.9117070436,0.9546110034,0.932412684,0.9260783792,0.8974518776,0.9850077629,1.097789526,1.1851121187,1.3404167891,1.4946397543]},"mean_error":{"0":0.7041653395},"step_mean_error":{"0":[0.3085743189,0.2976853251,0.3312708139,0.3379660547,0.3906609416,0.4322579801,0.5223703384,0.5678845644,0.6364740729,0.6961963773,0.7340575457,0.7884913683,0.8530462384,0.901823163,0.9071255922,0.9131618738,0.9343851805,0.9464639425,0.9565780759,0.970472753,0.9597047567,0.9307370782,0.9181234837,0.8965606689,0.8679126501,0.8656401634,0.8311476111,0.8092311621,0.793597281,0.7719181776,0.7540675998,0.7166720033,0.7006186843,0.6971151233,0.66558671,0.6337492466,0.6141079664,0.5972935557,0.5839788318,0.5806124806,0.5676862001,0.5464194417,0.5417595506,0.5615011454,0.5722606182,0.5919368863,0.6300718784,0.6315554976,0.659273982,0.7494824529,0.7945565581,0.763045013,0.7956782579,0.7831318378,0.8407978415,0.9437157512,1.0372606516,1.189958334,1.0813188553]},"mean_deviation":{"0":4.56848526},"step_mean_deviation":{"0":[7.2675876617,5.9026794434,5.9143791199,5.7127475739,5.9414486885,5.7329201698,6.495475769,7.1074872017,6.943420887,7.6327233315,7.5238242149,6.9379901886,7.8481779099,8.4318656921,9.1194667816,9.4262170792,8.9357395172,9.3951683044,9.954615593,10.0005912781,9.8287715912,9.6766347885,9.6745271683,9.7589683533,9.6979579926,10.1992969513,9.9745845795,9.6920967102,9.8225183487,9.6934871674,10.3282670975,10.60542202,10.0598831177,11.0820846558,10.6530189514,10.8954963684,11.0147542953,11.1394128799,11.0561494827,11.3025197983,11.2368507385,12.0982723236,11.9626817703,12.6209716797,12.8370733261,14.1384077072,16.0784835815,16.1901187897,17.1678524017,19.1288089752,19.7437000275,19.059261322,20.6732788086,21.3227233887,21.3389015198,26.1957492828,34.4761962891,38.9849510193,41.9603271484]},"epoch":{"0":100},"mask_name":{"0":"everything"},"map_name":{"0":"6h_vs_8z"}}