{"max_q":{"0":14.4896326065},"min_q":{"0":-0.6034268737},"mean_q":{"0":6.9111399651},"range_q":{"0":15.0930595398},"step_max_q":{"0":[13.9530277252,14.2333650589,14.4896326065,14.1989955902,14.2512550354,13.9692268372,13.5816383362,13.5178184509,13.0729732513,13.21281147,12.9008140564,12.8546638489,12.8846054077,12.2875213623,12.3260993958,11.9852352142,12.1411800385,11.6322860718,11.9528684616,11.4378261566,11.3266086578,10.2803115845,9.6846857071,9.6905117035,9.5596752167,8.9015665054,8.8939657211,8.6539812088,8.0445756912,7.9479212761,7.040971756,7.2324213982,7.1454348564,6.608080864,6.4513149261,5.6690793037,5.5241346359,5.5002746582,5.3356075287,4.8618659973,4.8850393295,4.7693710327,4.6919193268,4.5828704834,4.1766290665,4.2874879837,4.115401268,4.0604948997,4.3257551193,3.9549093246,3.9625868797,3.971316576,3.9720721245,3.9851703644,3.9782147408,3.9966027737,3.9378051758,3.9955463409,3.8907325268,2.9925689697,2.8218178749,2.960837841,2.7699303627,3.0175733566,2.8271331787,2.8149461746,2.5413575172,2.2161984444,2.3403337002,2.0247886181,2.2413232327,1.9444916248,1.9438278675,1.9440443516,1.9450154305,1.9466142654,1.9487020969,1.9511282444,1.9537445307,1.956403017,1.9589633942,1.9613025188,1.9633202553,1.9649456739,1.9661407471,1.9668989182,1.9672424793,1.9672150612,1.9668562412,1.9662137032,1.9653980732,1.964476347,1.9635089636,1.962549448,1.9616417885,1.9608216286,1.9601159096,1.9595444202,1.9591219425,1.9588634968,1.958773613,1.9588463306,1.9590797424,1.9594697952,1.9600124359,1.9606997967,1.9615261555,1.9624836445,1.963563323,1.9647586346,1.9660611153,1.9674620628,1.9689555168,1.9705331326,1.9721881151,1.9739141464,1.9757040739,1.8341302872,2.2671897411,2.0417947769,2.0885233879,1.8754661083,2.1263551712]},"step_min_q":{"0":[11.4080715179,11.1302509308,10.2999563217,10.547955513,9.7696866989,9.492515564,8.9979734421,8.7364873886,7.7917165756,7.2038288116,6.6034340858,6.431854248,5.291929245,4.7727575302,4.0335035324,3.3941459656,3.0471076965,2.7511601448,2.0750570297,1.6352969408,1.3345211744,0.501087904,0.099727571,-0.307297349,-0.2178260684,-0.3274851441,-0.2988224626,-0.2297926545,-0.3107792139,-0.3703405857,-0.4538974166,-0.2803965807,-0.3231030703,-0.3889377415,-0.4164524674,-0.3071388602,-0.6034268737,-0.4733192027,-0.3809511662,-0.4638739228,-0.3505054712,-0.482667625,-0.2260155082,-0.2080500424,-0.2435682416,-0.3061819673,-0.0078694224,0.0,0.0,0.0,0.0,0.0,0.0,0.0,0.0,0.0,0.0,0.0,0.0,0.0,0.0,0.0,0.0,0.0,0.0,0.0,0.0,0.0,0.0,0.0,0.0,0.0,0.0,0.0,0.0,0.0,0.0,0.0,0.0,0.0,0.0,0.0,0.0,0.0,0.0,0.0,0.0,0.0,0.0,0.0,0.0,0.0,0.0,0.0,0.0,0.0,0.0,0.0,0.0,0.0,0.0,0.0,0.0,0.0,0.0,0.0,0.0,0.0,0.0,0.0,0.0,0.0,0.0,0.0,0.0,0.0,0.0,0.0,0.0,0.0,0.0,0.0,0.0]},"step_mean_q":{"0":[13.2141571045,13.33867836,13.2140569687,13.0388498306,13.0520381927,12.5448503494,12.3180990219,11.9184265137,11.5027656555,11.2900152206,10.8084659576,10.5205087662,10.0522060394,9.6747379303,9.2875843048,8.8474588394,8.4855365753,8.0681991577,7.7441625595,7.377199173,7.0501394272,6.7355809212,6.3655676842,6.0329823494,5.6636695862,5.3476486206,5.0378928185,4.7442073822,4.4314699173,4.1383829117,3.8884921074,3.6326315403,3.3926281929,3.1653308868,2.9736347198,2.8082883358,2.6562378407,2.5307192802,2.429677248,2.3448114395,2.3172233105,2.3048772812,2.3063297272,2.2751801014,2.2274448872,2.2239170074,2.2173864841,2.1829397678,2.1823441982,2.0281968117,2.0497436523,2.0436177254,2.0225226879,2.0566682816,2.1385602951,2.2011003494,2.4445104599,2.6012859344,2.5797553062,2.5982100964,2.5793919563,2.5305542946,2.4021484852,2.4338245392,2.3440723419,2.3949832916,2.2536242008,2.0874171257,2.1466984749,1.9868769646,2.0937414169,1.9444916248,1.9438278675,1.9440443516,1.9450154305,1.9466142654,1.9487020969,1.9511282444,1.9537445307,1.956403017,1.9589633942,1.9613025188,1.9633202553,1.9649456739,1.9661407471,1.9668989182,1.9672424793,1.9672150612,1.9668562412,1.9662137032,1.9653980732,1.964476347,1.9635089636,1.962549448,1.9616417885,1.9608216286,1.9601159096,1.9595444202,1.9591219425,1.9588634968,1.958773613,1.9588463306,1.9590797424,1.9594697952,1.9600124359,1.9606997967,1.9615261555,1.9624836445,1.963563323,1.9647586346,1.9660611153,1.9674620628,1.9689555168,1.9705331326,1.9721881151,1.9739141464,1.9757040739,1.8341302872,2.2671897411,2.0417947769,2.0885233879,1.8754661083,2.1263551712]},"episodes_still_running":{"0":[4096.0,4096.0,4096.0,4096.0,4096.0,4096.0,4096.0,4096.0,4096.0,4096.0,4096.0,4096.0,4096.0,4096.0,4096.0,4096.0,4096.0,4096.0,4096.0,4096.0,4096.0,4096.0,4096.0,4096.0,4096.0,4096.0,4092.0,4092.0,4092.0,4080.0,4072.0,4052.0,4044.0,4016.0,3980.0,3908.0,3848.0,3756.0,3644.0,3528.0,3356.0,3168.0,2984.0,2784.0,2468.0,2132.0,1720.0,1428.0,1080.0,852.0,580.0,396.0,276.0,196.0,128.0,80.0,48.0,32.0,32.0,20.0,16.0,16.0,12.0,12.0,12.0,8.0,8.0,8.0,8.0,8.0,8.0,4.0,4.0,4.0,4.0,4.0,4.0,4.0,4.0,4.0,4.0,4.0,4.0,4.0,4.0,4.0,4.0,4.0,4.0,4.0,4.0,4.0,4.0,4.0,4.0,4.0,4.0,4.0,4.0,4.0,4.0,4.0,4.0,4.0,4.0,4.0,4.0,4.0,4.0,4.0,4.0,4.0,4.0,4.0,4.0,4.0,4.0,4.0,4.0,4.0,4.0,4.0,4.0]},"step_range_q":{"0":[2.5449562073,3.1031141281,4.1896762848,3.6510400772,4.4815683365,4.4767112732,4.5836648941,4.7813310623,5.2812566757,6.0089826584,6.2973799706,6.4228096008,7.5926761627,7.5147638321,8.2925958633,8.5910892487,9.0940723419,8.8811264038,9.8778114319,9.802529335,9.9920873642,9.7792234421,9.5849580765,9.9978094101,9.7775011063,9.22905159,9.1927881241,8.8837738037,8.3553552628,8.3182621002,7.4948692322,7.5128178596,7.4685378075,6.9970188141,6.867767334,5.9762182236,6.1275615692,5.9735937119,5.7165584564,5.3257398605,5.2355446815,5.2520384789,4.9179348946,4.7909207344,4.4201974869,4.5936698914,4.1232705116,4.0604948997,4.3257551193,3.9549093246,3.9625868797,3.971316576,3.9720721245,3.9851703644,3.9782147408,3.9966027737,3.9378051758,3.9955463409,3.8907325268,2.9925689697,2.8218178749,2.960837841,2.7699303627,3.0175733566,2.8271331787,2.8149461746,2.5413575172,2.2161984444,2.3403337002,2.0247886181,2.2413232327,1.9444916248,1.9438278675,1.9440443516,1.9450154305,1.9466142654,1.9487020969,1.9511282444,1.9537445307,1.956403017,1.9589633942,1.9613025188,1.9633202553,1.9649456739,1.9661407471,1.9668989182,1.9672424793,1.9672150612,1.9668562412,1.9662137032,1.9653980732,1.964476347,1.9635089636,1.962549448,1.9616417885,1.9608216286,1.9601159096,1.9595444202,1.9591219425,1.9588634968,1.958773613,1.9588463306,1.9590797424,1.9594697952,1.9600124359,1.9606997967,1.9615261555,1.9624836445,1.963563323,1.9647586346,1.9660611153,1.9674620628,1.9689555168,1.9705331326,1.9721881151,1.9739141464,1.9757040739,1.8341302872,2.2671897411,2.0417947769,2.0885233879,1.8754661083,2.1263551712]},"mean_loss:":{"0":0.2821537852},"rmse":{"0":0.5311815143},