{"max_q":{"0":29.068447113},"min_q":{"0":-1.5025366545},"mean_q":{"0":7.6351261139},"range_q":{"0":30.5709838867},"step_max_q":{"0":[23.5777492523,26.3397140503,25.4019546509,25.5887088776,24.643529892,24.5368251801,25.5149784088,27.1519813538,26.5628452301,29.068447113,23.220489502,25.6478271484,23.1740913391,24.5252552032,20.9057884216,21.3751869202,20.6383037567,19.7058525085,19.1185760498,18.4846611023,17.5032310486,17.4914627075,17.3680114746,16.3659343719,15.8434295654,14.5669317245,14.3437643051,12.4660930634,12.4075202942,12.2926416397,12.4826965332,12.1588401794,11.7439985275,11.9839706421,11.7084064484,11.0429334641,11.5651807785,11.6137924194,11.2804050446,11.5639667511,10.2899751663,10.2463684082,10.6191835403,10.4983539581,10.1352977753,10.4902305603,10.2522230148,10.020740509,9.3269548416,10.0770778656,9.3695011139,9.1209840775,10.1034088135,8.2701387405,8.4912223816,8.1405506134,8.0108766556,8.4337291718,8.7759819031,8.7199745178,7.9570593834,8.1531476974,7.2175326347,5.0755119324,5.3382058144,5.1318616867,5.3771710396,4.9755501747,5.509223938,5.6296825409,5.9084215164,7.5432519913,7.1524186134,7.6299057007,7.7100229263,7.5349140167,1.3481893539,0.7125140429,0.7937430143]},"step_min_q":{"0":[5.4640145302,4.3359179497,0.0,0.0,-0.1323437691,-0.0983141661,-0.1040203571,-0.3855143785,-0.1455764771,-0.7137694359,-0.5130411386,-0.6167414188,-0.5448879004,-0.4166463614,-0.5190587044,-1.3048981428,-0.9418984652,-0.8927367926,-0.7422360182,-1.2672827244,-0.6120933294,-1.5025366545,-0.9002456665,-0.7956950665,-0.8925732374,-1.0651949644,-0.7701762915,-1.2092779875,-0.8303560019,-0.912497282,-0.840911746,-1.0960161686,-0.9676605463,-0.8338178396,-0.7947350144,-0.7363202572,-0.7251158953,-0.6077390909,-0.6009383202,-0.5325198174,-0.5555645227,-0.58504498,-0.4151308537,-0.5290715694,-0.4749867916,-0.6801276803,-0.913772583,-0.7137401104,-0.5618499517,-0.7354108095,-0.3428432941,-0.314368844,-0.380048871,-0.4616313577,-0.3315758705,-0.3627119064,-0.3726021647,-0.26258111,-0.211173445,-0.1049785614,-0.249868989,-0.4074020386,-0.4884506464,-0.2730116844,-0.1049926281,-0.1525315046,0.0,-0.1204001307,0.0,0.0,0.0,0.0,0.0,0.0,0.0,0.0,0.0,0.0,0.0]},"step_mean_q":{"0":[11.7702665329,11.6750164032,11.5343294144,11.4299240112,11.3157463074,11.1752691269,11.0354013443,10.8068742752,10.5731372833,10.2892894745,10.0041513443,9.6745910645,9.3219890594,8.9381399155,8.524641037,8.1145811081,7.6997990608,7.3272199631,6.9382662773,6.5568099022,6.1966891289,5.8629817963,5.5460801125,5.2513599396,4.9890289307,4.7665691376,4.5495405197,4.3390555382,4.1014723778,3.9118289948,3.6940267086,3.5441920757,3.3791258335,3.2569079399,3.0851659775,2.9531095028,2.8619930744,2.8103661537,2.7334022522,2.6318497658,2.6820838451,2.6843335629,2.5825400352,2.4303355217,2.4631049633,2.4361393452,2.439101696,2.4305796623,2.3073494434,2.3537032604,2.1305346489,2.2429096699,2.1782748699,1.7555001974,1.7547037601,1.8576778173,1.7452709675,1.9301497936,1.917117238,1.8608903885,1.8187441826,1.7135800123,1.9605677128,1.4746381044,1.6062539816,1.499094367,1.8619306087,2.0232987404,3.368537426,3.7148635387,3.269371748,3.9492423534,4.9813480377,5.1890792847,4.8616423607,4.7452721596,1.3481893539,0.7125140429,0.7937430143]},"episodes_still_running":{"0":[4096.0,4096.0,4095.0,4094.0,4092.0,4090.0,4089.0,4083.0,4081.0,4077.0,4064.0,4056.0,4044.0,4030.0,4013.0,3988.0,3957.0,3924.0,3867.0,3804.0,3739.0,3679.0,3595.0,3493.0,3385.0,3235.0,3063.0,2890.0,2693.0,2453.0,2246.0,2049.0,1839.0,1635.0,1451.0,1289.0,1155.0,1008.0,891.0,745.0,638.0,556.0,485.0,422.0,368.0,328.0,294.0,262.0,220.0,200.0,165.0,141.0,122.0,99.0,79.0,64.0,57.0,50.0,41.0,35.0,32.0,29.0,19.0,14.0,12.0,11.0,9.0,7.0,4.0,3.0,3.0,3.0,2.0,2.0,2.0,2.0,1.0,1.0,1.0]},"step_range_q":{"0":[18.113735199,22.0037956238,25.4019546509,25.5887088776,24.7758731842,24.6351394653,25.6189994812,27.5374965668,26.7084217072,29.7822170258,23.7335300446,26.2645683289,23.7189788818,24.9419021606,21.4248466492,22.6800842285,21.5802021027,20.5985889435,19.8608112335,19.7519435883,18.1153240204,18.9939994812,18.2682571411,17.1616287231,16.7360019684,15.6321268082,15.113940239,13.67537117,13.2378759384,13.2051391602,13.3236083984,13.2548561096,12.7116594315,12.8177881241,12.5031414032,11.7792539597,12.2902965546,12.221531868,11.8813438416,12.0964870453,10.8455400467,10.831413269,11.0343141556,11.027425766,10.6102848053,11.1703586578,11.1659955978,10.7344808578,9.8888044357,10.8124885559,9.7123441696,9.4353532791,10.4834575653,8.7317705154,8.8227977753,8.5032625198,8.3834791183,8.6963100433,8.9871549606,8.8249530792,8.2069282532,8.560549736,7.7059831619,5.3485236168,5.443198204,5.2843933105,5.3771710396,5.0959501266,5.509223938,5.6296825409,5.9084215164,7.5432519913,7.1524186134,7.6299057007,7.7100229263,7.5349140167,1.3481893539,0.7125140429,0.7937430143]},"mean_loss:":{"0":1.3072458506},"rmse":{"0":1.1433485746},"step_rmse":{"0":[1.1785209179,1.2062470913,1.192974925,1.2177886963,1.2384963036,1.2357027531,1.2260482311,1.2710781097,1.3002535105,1.3210886717,1.3307020664,1.2976256609,1.287260294,1.2563712597,1.2211877108,1.1829551458,1.15807724,1.1309375763,1.1342778206,1.127933383,1.0970906019,1.0932520628,1.0557857752,1.0472447872,1.0012580156,0.998083353,0.9720321298,0.9399325252,0.9675252438,0.952992022,0.9809084535,0.966850698,0.9802410007,0.9387924075,0.9624377489,0.9524406195,0.9462584257,0.960362494,0.8878433704,0.9137303829,0.8965756297,0.9146091938,0.8526490927,0.8893866539,0.8712666035,0.8907541037,0.9599467516,0.929315269,0.9420411587,0.9455991983,1.0716457367,1.0755906105,1.1333253384,1.1964396238,1.2112407684,0.8358137012,0.7085713744,0.7872177958,1.0380437374,0.8166550994,1.0772434473,1.0025030375,0.9422249198,1.0592085123,1.0831549168,1.1259953976,1.2620744705,1.5974636078,2.1662523746,2.0950427055,1.9718290567,1.6427932978,1.8482147455,1.5836929083,1.1614800692,1.1251353025,0.690564394,0.2937463522,0.4012895823]},"rmse_by_q":{"0":14.9748487473},"step_rmse_by_q":{"0":[10.0126953125,10.3318662643,10.3428201675,10.6543903351,10.9448928833,11.0574769974,11.1101369858,11.7617559433,12.2977075577,12.8394546509,13.3014993668,13.4127187729,13.8088588715,14.0562934875,14.3253860474,14.5781412125,15.0403556824,15.4347438812,16.3481445312,17.2024707794,17.7044639587,18.6466903687,19.036611557,19.9423542023,20.069196701,20.939239502,21.3655014038,21.6621456146,23.5897045135,24.3618011475,26.5539073944,27.2798633575,29.0087165833,28.8246536255,31.1956558228,32.2521286011,33.062915802,34.1721458435,32.4812545776,34.7181816101,33.4283218384,34.0721130371,33.0159111023,36.5952224731,35.3726959229,36.5641670227,39.3565673828,38.2343063354,40.8278503418,40.1749534607,50.2993812561,47.9551467896,52.0285720825,68.1537780762,69.0282211304,44.9923934937,40.5995025635,40.785320282,54.1460762024,43.885181427,59.2300720215,58.5034255981,48.0587806702,71.8283691406,67.4336013794,75.1117095947,67.7831115723,78.9534225464,64.3083953857,56.3962211609,60.3121681213,41.5976829529,37.1027030945,30.5197296143,23.8906936646,23.7106590271,51.2216148376,41.2267456055,50.5566101074]},"mean_error":{"0":0.8198460937},