{"max_q":{"0":34.0753211975},"min_q":{"0":-0.9805007577},"mean_q":{"0":4.1417717934},"range_q":{"0":35.0558204651},"step_max_q":{"0":[23.496181488,28.1106128693,22.6045017242,25.9163990021,23.1436405182,23.5935211182,21.5190486908,21.108247757,22.8503627777,22.229385376,20.80260849,24.0736789703,20.1145801544,23.8482780457,22.6507091522,21.6641635895,18.1802921295,23.0672416687,23.7414894104,23.3947029114,24.9759998322,23.3964004517,24.566444397,27.3078651428,34.0753211975,26.122089386,16.3758640289,15.6476182938,17.3077392578,15.8995428085,15.2712306976,16.3271427155,14.4829950333,13.6291093826,13.1867904663,13.5179519653,12.6699943542,11.9832468033,12.0684146881,11.3612594604,10.0110139847,10.881893158,10.1008768082,10.044675827,9.9342699051,9.9572849274,9.811293602,10.0061607361,10.3637905121,10.8011646271,11.2053890228,11.5180835724,11.7738733292,12.0560503006,8.3636302948,8.037194252,8.0139894485,7.6920938492,7.5590400696,7.0243778229,7.0531134605,7.8567781448,9.1242170334,9.26541996,9.7288656235,6.749792099,6.0289654732,6.1545863152,6.2495179176,6.4633173943,6.7107052803,7.0703072548,6.3183450699,7.3341202736,7.5279374123,7.6218709946,7.7348370552,7.8580641747,7.9888410568,8.1074924469,8.1867332458,8.1646146774,8.1368846893,7.9542512894,7.9149813652,7.7163848877,7.4885048866,7.440574646,7.2085752487,6.9002475739,6.5321626663,6.49395895,6.3252768517,4.576818943,4.3471851349,4.150698185,7.1966118813,5.2213935852,6.0395846367,1.9587692022,1.9371609688,2.1403627396]},"step_min_q":{"0":[2.3057432175,0.0,0.0,-0.1270790398,-0.1324348599,-0.1861085147,-0.1570556313,-0.1051926911,-0.1527163982,-0.2455920279,-0.1028443053,-0.3256888986,-0.318092078,-0.2990524769,-0.6491969228,-0.3519816995,-0.4315283,-0.6468126178,-0.6635729671,-0.6028975844,-0.5770651102,-0.5195756555,-0.5242004991,-0.6122097969,-0.705065012,-0.7278715968,-0.7775439024,-0.7653676271,-0.7220470309,-0.6477752328,-0.6826227307,-0.7069945335,-0.5522335768,-0.6385065317,-0.5465833545,-0.7269895077,-0.7175319791,-0.7292711139,-0.7817599773,-0.6990477443,-0.8021233678,-0.7574577332,-0.6674399376,-0.9805007577,-0.7010769844,-0.6792991161,-0.8039240241,-0.6388787031,-0.5985161662,-0.5235311985,-0.4382011592,-0.4940977097,-0.4568968415,-0.4322992563,-0.5196127295,-0.5128879547,-0.4380654693,-0.4299865961,-0.3487590551,-0.3977344036,-0.4273012877,-0.3494341671,-0.3472349644,-0.5347947478,-0.30857566,-0.4333487451,-0.3373585939,-0.3252237439,-0.1963921487,-0.1823907942,-0.1883641928,-0.216421321,-0.310447067,-0.1152666956,-0.3337271214,-0.2148512155,-0.1516121179,-0.2400422394,-0.3015871048,-0.0950021744,-0.0855364799,-0.2251403034,-0.3335374892,-0.3266216516,-0.3693178892,-0.2719964683,0.0,0.0,0.0,0.0,0.0,-0.0635293126,-0.0002977848,-0.2103397846,-0.3245890737,-0.0839600116,0.0,0.0,0.0,0.0,0.0,0.0]},"step_mean_q":{"0":[8.1188907623,8.3421878815,8.0697803497,7.9067349434,7.6201558113,7.3685746193,7.078353405,6.7838015556,6.5212578773,6.2353825569,5.9291605949,5.595290184,5.2332773209,4.8731637001,4.5325555801,4.1760549545,3.8452448845,3.5344600677,3.2340805531,2.9451246262,2.7034511566,2.4598355293,2.2949650288,2.0983915329,1.9122248888,1.7357506752,1.5817898512,1.4606283903,1.3447430134,1.2469848394,1.1870877743,1.1352170706,1.1065138578,1.0705428123,1.0422642231,1.0376472473,1.0077402592,0.955563128,0.9261802435,0.9186261296,0.9045426846,0.9078589082,0.9016798735,0.8956931829,0.8698162436,0.9010637999,0.9118415117,0.8975048065,0.9237918854,0.9528741241,0.9864774942,0.990208447,0.988284409,0.9854468107,1.0026175976,1.021104455,1.0364328623,1.0649670362,1.1288717985,1.1235305071,1.1946460009,1.2864953279,1.3213076591,1.2795855999,1.3469842672,1.411609292,1.4097620249,1.5882040262,1.544084549,1.4895267487,1.4947602749,1.4529397488,1.5537302494,1.7283856869,1.7153872252,1.8244743347,1.5554590225,1.5522723198,1.4827970266,1.7843621969,1.78769207,1.8715078831,1.9262504578,1.753242135,1.6969344616,1.9808992147,1.9610960484,2.0437121391,1.6218496561,1.5172216892,1.4587466717,2.0379729271,1.9546554089,1.6350189447,1.5601797104,2.1240181923,4.5720930099,3.5935931206,4.0079908371,1.9587692022,1.9371609688,2.1403627396]},"episodes_still_running":{"0":[4096.0,4095.0,4092.0,4083.0,4070.0,4059.0,4044.0,4029.0,4020.0,4008.0,3987.0,3961.0,3934.0,3901.0,3863.0,3815.0,3760.0,3677.0,3585.0,3502.0,3432.0,3330.0,3235.0,3117.0,2990.0,2846.0,2711.0,2580.0,2445.0,2322.0,2184.0,2052.0,1892.0,1769.0,1633.0,1490.0,1383.0,1265.0,1154.0,1059.0,952.0,860.0,781.0,704.0,645.0,589.0,539.0,493.0,443.0,395.0,361.0,318.0,289.0,264.0,233.0,208.0,181.0,158.0,140.0,125.0,109.0,100.0,95.0,81.0,72.0,64.0,55.0,49.0,44.0,39.0,36.0,35.0,31.0,28.0,25.0,24.0,20.0,19.0,17.0,14.0,14.0,10.0,10.0,10.0,10.0,10.0,10.0,10.0,8.0,8.0,8.0,5.0,5.0,5.0,5.0,4.0,2.0,2.0,2.0,1.0,1.0,1.0]},"step_range_q":{"0":[21.1904373169,28.1106128693,22.6045017242,26.0434780121,23.2760753632,23.7796287537,21.6761035919,21.2134399414,23.0030784607,22.4749774933,20.9054527283,24.3993682861,20.4326725006,24.1473312378,23.299905777,22.0161457062,18.6118202209,23.7140541077,24.4050617218,23.9976005554,25.5530643463,23.9159755707,25.0906448364,27.9200744629,34.7803878784,26.8499603271,17.1534080505,16.4129867554,18.0297870636,16.5473175049,15.9538536072,17.0341377258,15.0352287292,14.267616272,13.733373642,14.2449417114,13.3875265121,12.7125177383,12.8501749039,12.0603075027,10.8131370544,11.6393508911,10.7683162689,11.025177002,10.6353473663,10.6365842819,10.6152172089,10.6450395584,10.9623069763,11.3246955872,11.6435899734,12.012181282,12.2307701111,12.4883499146,8.8832426071,8.5500822067,8.4520549774,8.1220808029,7.9077992439,7.4221124649,7.4804148674,8.2062120438,9.4714517593,9.8002147675,10.0374412537,7.1831407547,6.3663239479,6.4798102379,6.445909977,6.6457080841,6.8990693092,7.2867283821,6.6287922859,7.4493870735,7.861664772,7.836722374,7.886449337,8.0981063843,8.2904281616,8.2024946213,8.2722702026,8.389755249,8.4704217911,8.2808732986,8.2842988968,7.9883813858,7.4885048866,7.440574646,7.2085752487,6.9002475739,6.5321626663,6.5574884415,6.3255748749,4.7871589661,4.6717743874,4.2346582413,7.1966118813,5.2213935852,6.0395846367,1.9587692022,1.9371609688,2.1403627396]},"mean_loss:":{"0":0.8011668921},"rmse":{"0":0.8950792551},"step_rmse":{"0":[0.6278953552,0.7029620409,0.7548730373,0.835467577,0.8639205098,0.8785864115,0.9416378736,0.9643699527,1.015493989,1.0857484341,1.0871845484,1.1267702579,1.1063016653,1.0846986771,1.0560705662,1.033031106,1.0068583488,0.9937692285,0.9705825448,0.9248778224,0.9747455716,0.9236108661,0.8799030781,0.9191583991,0.9496307373,0.9069725275,0.8216331601,0.7862186432,0.7552191615,0.7294508219,0.7405397892,0.7499392629,0.7527830005,0.7122869492,0.6742816567,0.6801481843,0.6431877613,0.657310009,0.6473551393,0.6280625463,0.5994291902,0.5993826389,0.5979127288,0.5849507451,0.5883362889,0.5610501766,0.6173115373,0.60305655,0.6061643362,0.6739324331,0.6955092549,0.6452789903,0.6134899855,0.6132574677,0.5156723261,0.5239344835,0.6164533496,0.5408225656,0.6695896387,0.6837956309,0.6388319731,0.6825643778,0.6887477636,0.6325216293,0.7839102149,0.7735304832,0.6982033849,0.82089293,0.849388063,0.8031361103,0.9785736799,0.8670960665,0.8497431278,1.2557257414,1.1268646717,1.1496304274,1.31524086,1.2247531414,1.364158392,1.4750522375,1.3249838352,1.5570992231,1.513869524,1.3463339806,1.4986422062,1.3027344942,1.2629383802,1.1424572468,1.2545808554,1.1650384665,1.0930029154,1.3652938604,1.3133329153,1.0106276274,1.1280297041,1.2104531527,2.412573576,1.5359187126,1.9452110529,0.1660493612,0.2097072601,0.1577014923]},"rmse_by_q":{"0":21.6110229492},