{"max_q":{"0":15.6663246155},"min_q":{"0":-1.5080537796},"mean_q":{"0":8.5864505768},"range_q":{"0":17.1743774414},"step_max_q":{"0":[15.4004402161,15.6663246155,15.4456281662,15.549243927,15.0639314651,15.1926202774,14.976524353,14.8722314835,14.6458654404,14.6715545654,14.0752534866,13.8226184845,13.6759395599,13.2364063263,12.9963378906,12.4852809906,12.0245141983,11.7648744583,11.3274765015,11.0565319061,10.7081184387,10.5594615936,9.8986330032,9.5077810287,9.3424596786,8.8322315216,8.2771320343,8.1695890427,7.7250976562,7.4839859009,7.1034736633,6.8236465454,6.4405326843,6.2093510628,5.8670368195,5.4415178299,5.3643341064,4.9340238571,4.7981824875,4.8345336914,4.3827867508,4.2349395752,4.1673350334,4.133556366,3.6923980713,3.5500502586,3.5520553589,3.3419015408,3.6791195869,3.4466171265,3.2989034653,3.3222570419,3.4205667973,3.5417456627,3.6555111408,3.4486584663,3.4825620651,3.1918110847,2.58568573,2.4705629349,2.8655762672,2.7902970314,2.688808918,2.6794569492,2.6166265011,2.5698189735,2.6354150772,2.5756866932,2.6472001076]},"step_min_q":{"0":[11.7149477005,11.6482343674,11.5449590683,10.974395752,10.4108448029,9.0009622574,8.5779075623,9.3430671692,8.4813175201,7.1886091232,5.9489440918,5.513777256,4.480410099,3.8772037029,2.9765543938,-0.15873909,1.780376792,2.1623795033,1.1872438192,-0.3258259296,0.3353385925,0.3628112078,0.3821743727,0.1573395729,0.0,0.0,-0.0977673531,-0.1264602542,-0.1511297226,-0.1779497862,-0.0445771217,-0.0545802116,-0.2083622217,-0.1479846239,-0.1628624201,-0.4286350012,-0.173124671,-0.2486871481,-1.1932765245,-0.1136735678,-1.5080537796,-0.3559156656,-0.4621443748,-0.6748036742,-0.2372854352,-0.2381254435,-0.2905476689,-0.3601204753,-0.2785758972,-0.1241981983,-0.0588866472,0.0,-0.2344292402,0.0,0.0,0.0,0.0,0.0,-0.0793417692,0.0,0.0,0.0,0.0,0.0,0.0,0.0,0.0,0.0,0.0]},"step_mean_q":{"0":[14.6312456131,14.9388027191,14.7701845169,14.6344871521,14.2669706345,14.2080955505,13.9999427795,13.8022851944,13.3394231796,12.8713665009,12.5696268082,12.0868368149,11.8101482391,11.3811912537,11.060043335,10.6959447861,10.3025054932,9.9654369354,9.5454950333,9.2105369568,8.8026790619,8.4317512512,8.0331144333,7.6369242668,7.2695508003,6.8779420853,6.499247551,6.1362252235,5.7878398895,5.4473309517,5.1321973801,4.8093547821,4.4916238785,4.2093801498,3.9398834705,3.6609728336,3.4452872276,3.2562890053,3.0505049229,2.9043314457,2.7369794846,2.6014027596,2.4872124195,2.2845394611,2.1235771179,2.0068695545,1.9261440039,1.9100850821,1.8815746307,1.9274283648,1.9461303949,1.957116127,1.9263483286,2.1653082371,2.0521879196,2.0815870762,2.0531671047,1.6603987217,1.4559301138,2.0467407703,2.8655762672,2.7902970314,2.688808918,2.6794569492,2.6166265011,2.5698189735,2.6354150772,2.5756866932,2.6472001076]},"episodes_still_running":{"0":[4096.0,4096.0,4096.0,4096.0,4096.0,4096.0,4096.0,4096.0,4096.0,4096.0,4096.0,4096.0,4096.0,4096.0,4096.0,4096.0,4096.0,4096.0,4096.0,4096.0,4096.0,4096.0,4096.0,4096.0,4092.0,4092.0,4092.0,4092.0,4080.0,4076.0,4060.0,4044.0,4040.0,4000.0,3984.0,3968.0,3916.0,3860.0,3692.0,3392.0,2920.0,2444.0,1868.0,1400.0,1056.0,788.0,572.0,448.0,320.0,216.0,156.0,108.0,84.0,56.0,36.0,28.0,28.0,20.0,12.0,8.0,4.0,4.0,4.0,4.0,4.0,4.0,4.0,4.0,4.0]},"step_range_q":{"0":[3.6854925156,4.0180902481,3.9006690979,4.574848175,4.6530866623,6.19165802,6.3986167908,5.5291643143,6.1645479202,7.4829454422,8.1263093948,8.3088417053,9.1955299377,9.3592023849,10.01978302,12.6440200806,10.244137764,9.6024951935,10.1402330399,11.3823575974,10.3727798462,10.1966505051,9.5164585114,9.350440979,9.3424596786,8.8322315216,8.3748989105,8.296049118,7.8762273788,7.6619358063,7.1480507851,6.878226757,6.6488947868,6.3573355675,6.0298991203,5.8701529503,5.5374588966,5.1827111244,5.9914588928,4.9482073784,5.8908405304,4.5908551216,4.6294794083,4.8083600998,3.9296834469,3.7881755829,3.8426029682,3.7020220757,3.9576954842,3.5708153248,3.3577899933,3.3222570419,3.6549959183,3.5417456627,3.6555111408,3.4486584663,3.4825620651,3.1918110847,2.6650276184,2.4705629349,2.8655762672,2.7902970314,2.688808918,2.6794569492,2.6166265011,2.5698189735,2.6354150772,2.5756866932,2.6472001076]},"mean_loss:":{"0":0.1218271628},"rmse":{"0":0.3490374684},"step_rmse":{"0":[0.1754002422,0.1564968526,0.2016340345,0.2130357027,0.2534401119,0.3028411865,0.3371962607,0.3928302824,0.4448266029,0.4682847261,0.5356000066,0.5056489706,0.5572706461,0.516136229,0.5047445893,0.4727697074,0.4317926764,0.431040585,0.3871436715,0.3886764646,0.3601451516,0.3575063646,0.3582053483,0.3270854056,0.3268179893,0.3182081878,0.2980924547,0.3008545339,0.2808904946,0.2745621204,0.2705261111,0.2567656338,0.2786226273,0.2619516551,0.2599214017,0.2517044544,0.2298404127,0.2308672369,0.2568655014,0.2595920265,0.2558706403,0.2112900019,0.2598508298,0.2866483331,0.2737852633,0.3768355846,0.3427039385,0.3786259294,0.4476670325,0.4334721565,0.4052369595,0.4866500795,0.573235631,0.5347340703,0.6524431705,0.754647851,0.8407578468,0.5736714602,0.5665140152,0.6091940999,0.195649147,0.2754297256,0.1923036575,0.2052800655,0.1400504112,0.1613965034,0.1314218044,0.047362566,0.1527104378]},"rmse_by_q":{"0":4.0649795532},"step_rmse_by_q":{"0":[1.1988059282,1.0475863218,1.3651423454,1.4557100534,1.7764115334,2.1314692497,2.408554554,2.8461248875,3.3346765041,3.6381895542,4.2610654831,4.1834683418,4.7185745239,4.5349931717,4.5636763573,4.4200839996,4.1911420822,4.3253555298,4.0557732582,4.2199110985,4.0913128853,4.2400012016,4.4591093063,4.2829470634,4.4957108498,4.6265029907,4.5865688324,4.9029254913,4.8531146049,5.0403056145,5.2711558342,5.3388791084,6.2031602859,6.223045826,6.5971851349,6.8753437996,6.6711535454,7.089887619,8.420425415,8.9380998611,9.3486499786,8.1221561432,10.4474725723,12.5473136902,12.8926458359,18.7772846222,17.7922286987,19.8224639893,23.7921485901,22.4896640778,20.8227043152,24.8656711578,29.7576313019,24.6955165863,31.7925624847,36.2534866333,40.9493141174,34.5502243042,38.9107971191,29.7641067505,6.8275675774,9.8709821701,7.1520013809,7.6612563133,5.3523273468,6.2804617882,4.9867591858,1.8388324976,5.7687530518]},"mean_error":{"0":0.2222117037},"step_mean_error":{"0":[0.1011425033,0.086782828,0.1162464023,0.1144562364,0.1496708393,0.1892894357,0.22503829,0.267891109,0.3010008931,0.313385874,0.3413015604,0.3311854005,0.3479080796,0.3303735852,0.3207435012,0.3054134846,0.2903541327,0.2912870347,0.2664811015,0.2665551305,0.256031394,0.2522311509,0.2493377179,0.2331284881,0.236830011,0.22548908,0.2129714042,0.2109810412,0.1997536719,0.1929700375,0.1906813085,0.180024609,0.1834027767,0.1743599474,0.1717506051,0.174463734,0.1541618407,0.1546146423,0.1643179506,0.1631952673,0.1602193713,0.1417799741,0.1724000126,0.1991834342,0.1922639757,0.2541870177,0.2388132066,0.2751200795,0.3286038339,0.3339568675,0.2972637713,0.3647967577,0.4386175573,0.4147755206,0.5188181996,0.6500515938,0.7113803029,0.5002557635,0.5049616098,0.5933206081,0.195649147,0.2754297256,0.1923036575,0.2052800655,0.1400504112,0.1613965034,0.1314218044,0.047362566,0.1527104378]},"mean_q_deviation":{"0":8.5792140961},