{"max_q":{"0":20.8508377075},"min_q":{"0":-1.0307013988},"mean_q":{"0":5.0446953773},"range_q":{"0":21.8815383911},"step_max_q":{"0":[17.3108482361,17.5409622192,18.987739563,18.1284637451,18.0579185486,18.7628135681,19.0417137146,18.7945327759,18.4176120758,18.4890766144,18.7889404297,20.121088028,20.5540237427,19.0403785706,19.0031108856,19.1212921143,18.7902812958,18.7895870209,18.9761676788,20.0985527039,20.8508377075,19.240480423,19.2091827393,20.6204109192,18.6741466522,18.2620449066,19.3662204742,19.1466159821,18.7953796387,17.1766986847,18.256603241,14.3375644684,13.4964427948,13.4151544571,12.6538286209,12.4033746719,12.4676990509,13.3834075928,12.7746658325,13.5360994339,15.0722446442,16.6248283386,11.2499866486,11.4666595459,12.08182621,14.6243638992,11.2172317505,10.4996395111,11.231511116,10.4404430389,10.125041008,10.2176866531,10.348572731,11.0457515717,10.392827034,12.7412919998,11.2878437042,9.9685077667,10.1737270355,10.2091293335,9.7339363098,10.6937065125,9.8735609055,10.4997406006,10.2512435913,7.8628277779,11.1791009903,10.1695108414,7.4395604134,7.4977588654,6.9825086594,5.7883410454,7.3149242401,6.0574483871,5.1741161346,5.0912160873,4.2140626907,3.3873956203,3.4363069534,1.692045927,1.8998090029,1.6327515841,0.7203265429,1.0041048527,0.3953838944,0.9149321914,0.350081712,0.1029523909,0.4202648103,0.8101401925,0.3730053902,0.414481163,0.3044351637,0.3368973434]},"step_min_q":{"0":[2.2512702942,2.3601586819,0.0,0.0,0.0,-0.072874099,-0.3716154397,-0.0633953586,-0.1918450147,-0.0645739436,-0.0596069917,-0.2601217031,-0.3970682621,-0.3960275054,-0.4503650367,-0.5774136186,-0.4529525638,-0.5956156254,-0.2729635537,-0.3018937409,-0.3686932325,-0.3965030313,-0.5783658028,-0.7670214176,-0.3865844607,-0.5121202469,-0.5221439004,-0.4445836544,-1.0307013988,-0.6047648191,-0.5270996094,-0.646254003,-0.4329478145,-0.5549354553,-0.5531483889,-0.6324964762,-0.6201543808,-0.5414646268,-0.7154598832,-0.6966474652,-0.5761057734,-0.6278222799,-0.6155456305,-0.6484018564,-0.6035805345,-0.6606587768,-0.4622970819,-0.475007534,-0.6872997284,-0.6864054203,-0.5961636305,-0.8054103255,-0.6140748262,-0.6876666546,-0.5141023993,-0.4719696045,-0.6387113333,-0.7815523744,-0.5690715313,-0.6145085692,-0.6770692468,-0.8569405675,-0.207656756,-0.3422507644,-0.3860009313,-0.3654698431,-0.3328924179,-0.1634979248,-0.1253581047,-0.0372311659,-0.032509774,-0.162907362,-0.0597771704,-0.1053952053,-0.0724000931,-0.0720147491,0.0,-0.0883004069,0.0,0.0,-0.2062767595,0.0,0.0,0.0,0.0,0.0,0.0,0.0,0.0,0.0,0.0,0.0,0.0,0.0]},"step_mean_q":{"0":[9.3377571106,9.3931007385,9.3533649445,9.221622467,9.0752267838,8.8783826828,8.6287412643,8.3667182922,8.1285581589,7.8208289146,7.438188076,7.0648870468,6.5932655334,6.1510920525,5.723051548,5.2435569763,4.8516116142,4.4991526604,4.1740803719,3.8480706215,3.5516088009,3.2669947147,3.0062601566,2.7085747719,2.4953472614,2.2994177341,2.1334395409,1.9953484535,1.8623715639,1.7367062569,1.6319576502,1.5163742304,1.4357286692,1.3801882267,1.3540606499,1.3206580877,1.2928880453,1.2435562611,1.221703887,1.1933648586,1.2132223845,1.1968755722,1.1373004913,1.1068103313,1.0665787458,1.0382506847,1.0479147434,1.0339663029,1.0377703905,1.0409930944,1.1068969965,1.0761994123,1.0513570309,1.1609107256,1.2521018982,1.3025763035,1.3055089712,1.2828745842,1.2211723328,1.3702497482,1.4013426304,1.6364297867,1.7261703014,1.5164875984,1.6063462496,1.5282691717,1.5632007122,1.7688791752,1.535970211,1.699952364,1.3992291689,1.1457791328,1.307464838,1.213378191,1.1332217455,1.202255249,1.146694541,1.1288275719,1.1234539747,0.9023215175,0.8458778262,0.9662461877,0.5314807296,0.6483481526,0.3193708062,0.9149321914,0.350081712,0.1029523909,0.4202648103,0.8101401925,0.3730053902,0.414481163,0.3044351637,0.3368973434]},"episodes_still_running":{"0":[4096.0,4096.0,4087.0,4083.0,4079.0,4072.0,4062.0,4058.0,4049.0,4039.0,4027.0,4007.0,3974.0,3938.0,3875.0,3800.0,3729.0,3653.0,3570.0,3487.0,3389.0,3294.0,3212.0,3119.0,3010.0,2904.0,2813.0,2686.0,2571.0,2459.0,2337.0,2202.0,2070.0,1930.0,1795.0,1655.0,1547.0,1429.0,1314.0,1216.0,1111.0,1011.0,913.0,823.0,730.0,639.0,576.0,508.0,456.0,411.0,351.0,308.0,268.0,237.0,208.0,187.0,158.0,137.0,121.0,99.0,84.0,62.0,58.0,52.0,48.0,38.0,34.0,26.0,22.0,20.0,18.0,16.0,16.0,16.0,14.0,12.0,10.0,9.0,7.0,6.0,5.0,4.0,3.0,2.0,2.0,1.0,1.0,1.0,1.0,1.0,1.0,1.0,1.0,1.0]},"step_range_q":{"0":[15.0595779419,15.180803299,18.987739563,18.1284637451,18.0579185486,18.8356876373,19.4133300781,18.8579273224,18.609457016,18.5536499023,18.8485469818,20.3812103271,20.9510917664,19.4364051819,19.4534759521,19.6987056732,19.2432346344,19.3852024078,19.2491321564,20.4004459381,21.2195301056,19.6369838715,19.7875480652,21.3874320984,19.0607318878,18.7741661072,19.8883647919,19.5911998749,19.8260803223,17.781463623,18.7837028503,14.9838180542,13.9293909073,13.9700899124,13.2069768906,13.0358715057,13.0878534317,13.9248723984,13.4901256561,14.2327470779,15.6483507156,17.2526512146,11.8655319214,12.1150617599,12.6854066849,15.2850227356,11.6795291901,10.974647522,11.9188108444,11.1268482208,10.7212047577,11.0230970383,10.962647438,11.7334184647,10.9069290161,13.2132616043,11.9265546799,10.7500600815,10.7427988052,10.8236379623,10.4110059738,11.5506467819,10.0812177658,10.8419914246,10.6372442245,8.2282972336,11.5119934082,10.3330087662,7.5649185181,7.5349898338,7.0150184631,5.9512481689,7.3747014999,6.1628437042,5.2465162277,5.163230896,4.2140626907,3.4756960869,3.4363069534,1.692045927,2.1060857773,1.6327515841,0.7203265429,1.0041048527,0.3953838944,0.9149321914,0.350081712,0.1029523909,0.4202648103,0.8101401925,0.3730053902,0.414481163,0.3044351637,0.3368973434]},"mean_loss:":{"0":0.7041280866},"rmse":{"0":0.8391234279},"step_rmse":{"0":[0.5330378413,0.6112701297,0.7126838565,0.7159250379,0.7410043478,0.8223411441,0.8579315543,0.8691853285,0.9332392216,0.9779530764,0.9795998931,1.0356930494,1.0094333887,0.9997320771,0.9914076924,0.9800809026,0.9878228903,0.9827520847,0.9497814178,0.9461738467,0.922524631,0.8994092941,0.9008225203,0.8750879765,0.8595359921,0.8384391069,0.7553902864,0.7416750789,0.7253351212,0.6764056087,0.7377908826,0.6709489822,0.6536669135,0.6436280608,0.6764981747,0.6455475092,0.6875355244,0.6394348145,0.6757292151,0.6030699611,0.6977034211,0.6542733312,0.6437067986,0.6466225386,0.5979936123,0.6701091528,0.6469185948,0.5752668381,0.6177527308,0.6616311669,0.7175875306,0.7683343887,0.7799543738,0.8831481934,0.9583540559,0.8732417226,0.8339564204,0.7817772031,0.6987344623,0.924728334,0.9396463037,0.9787393212,0.9610790014,0.8647151589,0.8966627717,0.875626564,0.8214605451,1.0758025646,0.5319076777,0.8075082302,0.6096073389,0.8660794497,0.8496842384,0.8931743503,0.8321721554,1.0355571508,0.8854741454,1.0393086672,1.0173507929,0.8773801923,1.0245696306,0.9136855006,0.8676005006,0.5360626578,0.3165818155,0.5925874114,0.1737754047,0.0862718523,0.1788248122,0.3536567092,0.2637023926,0.2060332298,0.1724406183,0.0006780326]},"mean_error":{"0":0.5198290944},