{"max_q":{"0":16.7293148041},"min_q":{"0":-1.6827421188},"mean_q":{"0":6.737247467},"range_q":{"0":18.4120559692},"step_max_q":{"0":[10.3605718613,10.5576181412,10.6205892563,11.0391340256,11.2066469193,11.7276525497,11.9909744263,11.4262371063,13.3177556992,13.6922121048,14.3493289948,16.4730701447,14.5665903091,16.130405426,14.8963527679,15.6461725235,13.8738470078,15.0993032455,16.7293148041,15.1472463608,15.8415498734,14.7727088928,16.0241527557,12.0597991943,13.5565567017,15.6811733246,13.8746852875,11.7907037735,14.5322093964,13.8860330582,12.9477443695,5.1238365173,3.0037064552,0.0]},"step_min_q":{"0":[7.3909368515,7.5052833557,7.5030140877,7.6366510391,7.6672954559,7.3853340149,6.7054190636,6.2865777016,5.7989082336,5.1322097778,4.4009380341,3.6643590927,2.5692679882,2.5033755302,1.0078200102,0.4616601467,-0.1462972164,-0.0105650425,-0.3096202612,-0.3251556158,-1.2311083078,-0.6380554438,-1.219705224,-0.7750333548,-0.7764450312,-1.0951396227,-1.0834810734,-1.2877202034,-1.0589522123,-0.8389766216,-0.8745094538,-1.6827421188,-0.4187885523,-0.8118511438]},"step_mean_q":{"0":[9.072974205,9.2084465027,9.3519229889,9.6374807358,9.9015464783,10.1848278046,10.2855625153,9.4175376892,9.2154045105,8.7123298645,8.298160553,8.0030612946,7.497856617,7.1393661499,6.6096806526,6.184053421,5.3914923668,4.9098157883,4.352104187,3.8708159924,3.5446367264,3.2791800499,3.1423354149,2.9569702148,3.090277195,3.4482016563,3.7167270184,3.6944971085,2.8986785412,2.5304932594,1.9744007587,1.1740971804,0.9660280943,-0.4658905864]},"episodes_still_running":{"0":[4096.0,4096.0,4096.0,4096.0,4096.0,4096.0,4096.0,4096.0,4096.0,4096.0,4096.0,4096.0,4096.0,4096.0,4096.0,4096.0,4096.0,4096.0,4096.0,4092.0,4048.0,3944.0,3804.0,3524.0,3236.0,2604.0,2100.0,1544.0,956.0,500.0,208.0,52.0,16.0,8.0]},"step_range_q":{"0":[2.9696350098,3.0523347855,3.1175751686,3.4024829865,3.5393514633,4.3423185349,5.2855553627,5.1396594048,7.5188474655,8.560002327,9.9483909607,12.8087110519,11.9973220825,13.6270294189,13.8885326385,15.1845121384,14.0201444626,15.1098680496,17.0389347076,15.472401619,17.0726585388,15.4107646942,17.2438583374,12.8348321915,14.3330020905,16.7763137817,14.9581661224,13.0784244537,15.5911617279,14.7250099182,13.8222541809,6.8065786362,3.4224948883,0.8118511438]},"mean_loss:":{"0":1.3657563925},"rmse":{"0":1.1686557531},"step_rmse":{"0":[0.2582228482,0.2705061734,0.1953109503,0.2770816982,0.2092541903,0.1471349001,0.1726995409,0.5733585954,0.7513295412,0.8455481529,1.1383293867,1.3171504736,1.6228330135,1.7874367237,1.7524114847,1.7054386139,1.6486479044,1.5222631693,1.4041656256,1.3783205748,1.2524168491,1.2544387579,1.1930303574,1.2095580101,1.1646229029,1.2578032017,1.1939479113,1.4166249037,1.5621643066,1.6032788754,2.2960560322,2.5392193794,1.7885375023,1.8470402956]},"rmse_by_q":{"0":17.3461894989},"step_rmse_by_q":{"0":[2.8460659981,2.9375874996,2.0884578228,2.8750429153,2.1133487225,1.4446479082,1.6790481806,6.0882005692,8.1529741287,9.7051897049,13.7178525925,16.4580841064,21.6439590454,25.0363502502,26.512802124,27.578004837,30.5786933899,31.004486084,32.2640609741,35.6080131531,35.3327255249,38.254650116,37.9663581848,40.9053153992,37.6866836548,36.4770774841,32.1236381531,38.3441848755,53.8922920227,63.3583526611,116.2912826538,216.2699432373,185.1434173584,-396.4536743164]},"mean_error":{"0":0.714204669},"step_mean_error":{"0":[0.1906088293,0.201700598,0.1415349692,0.1920739412,0.1652160883,0.1122131497,0.1367808878,0.4403763413,0.5658614039,0.6220104694,0.85329777,0.9462417364,1.1671748161,1.2649102211,1.2806062698,1.2358299494,1.1707130671,1.0864449739,0.9703286886,0.9106336832,0.8055766225,0.7995006442,0.751704216,0.7484249473,0.7100886106,0.7902882695,0.798284173,1.0085940361,1.0702776909,1.0257121325,1.7550809383,1.9287834167,1.4002611637,1.607417345]},"mean_q_deviation":{"0":52.9321861267},"step_mean_q_deviation":{"0":[2.209505558,2.2947101593,1.5973575115,2.1386239529,1.7666965723,1.1563456059,1.3378579617,4.4755535126,5.9374828339,6.9446787834,10.1907901764,11.4893274307,15.160533905,16.8045215607,20.4225025177,20.2488117218,22.4848175049,23.7831077576,30.9566268921,46.3025627136,54.1700897217,71.2937316895,75.0494842529,182.5225524902,105.7540206909,178.3065643311,190.7233428955,345.1642150879,855.7563476562,880.2933959961,1182.7314453125,908.6655883789,194.1977539062,357.7944641113]},"mean_range_deviation":{"0":3.4041478634},"step_mean_range_deviation":{"0":[6.1538376808,6.1908559799,4.3605113029,5.0090994835,4.2750177383,2.5779633522,2.797970295,6.6976776123,6.2855801582,4.4199080467,6.7934947014,6.7355232239,6.8039679527,7.7570667267,7.8352489471,7.9730963707,7.7504315376,7.8192672729,7.0211858749,6.7535457611,6.2005057335,6.0949578285,5.3925085068,3.7481255531,5.6003789902,6.5863080025,6.19171381,8.0666074753,9.5504274368,10.7948455811,17.5289669037,22.1068134308,36.0714645386,64.000869751]},"epoch":{"0":65},"mask_name":{"0":"ally_all_except_actions"},"map_name":{"0":"5m_vs_6m"}}