{"max_q":{"0":14.9651908875},"min_q":{"0":-1.0161671638},"mean_q":{"0":6.9577021599},"range_q":{"0":15.9813575745},"step_max_q":{"0":[14.148607254,14.4084320068,14.6163825989,14.8359985352,14.9651908875,14.6766395569,14.7215614319,14.4802064896,14.1817722321,13.9856376648,13.9287071228,13.5355796814,13.3394489288,13.3638973236,13.0498075485,12.7646064758,12.5848178864,12.1258220673,11.9671707153,11.8594503403,11.507478714,11.355682373,11.1866998672,11.2560005188,10.8292865753,10.7320270538,10.5001974106,10.2377376556,10.1637039185,9.9425582886,9.7402667999,9.5111055374,9.3109493256,9.3183193207,8.8773365021,8.6639070511,8.6362018585,8.3433570862,8.3528585434,8.19389534,8.0310659409,7.9152383804,7.8108549118,7.6318011284,7.4621515274,7.2402114868,7.1217484474,6.9629797935,6.947052002,6.8240594864,6.8556575775,6.8853945732,6.9171614647,6.9449858665,6.9864339828,7.0324749947,7.0505561829,7.0298404694,7.1139764786,7.1221351624,7.1524419785,7.1755690575,7.2188372612,7.2404537201,7.2631921768,7.3018302917,7.3372488022,7.3224959373,7.4403853416,7.4663877487,7.5251698494,7.499004364,7.5851688385,7.5417804718,7.6418213844,7.6910657883,7.7147274017,7.765370369,7.9632019997,7.835018158,7.7360005379,7.6867218018,7.6237454414,7.7245602608,7.6516799927,7.7292509079,7.6579399109,7.6429977417,7.6108169556,7.5959348679,7.6286768913,7.6002526283,7.6032266617,7.6308641434,7.6260576248,7.6732130051,7.8617887497,7.6928472519,7.7240171432,7.4903330803,7.4838299751,7.4661922455,7.3008680344,7.3128194809,7.4201726913,7.396446228,7.1737999916,7.0679321289,6.8194646835,6.898352623,6.832877636,6.6879072189,6.8106184006,6.5161905289,6.4077143669,6.3927235603,6.5470123291,6.6524505615,6.8331561089,6.7807483673,6.4986658096,6.1591920853,6.0593223572,5.9185972214,5.9242935181,6.0979261398,6.0414123535,6.0870008469,6.0158839226,6.0075387955,5.9437308311,5.7821731567,5.6276292801,5.5548567772,5.4723467827,5.6047849655,5.6288485527,5.7394857407,5.8278479576,5.8225150108,5.6645679474,5.5949163437,5.3371930122,5.3560647964,5.1435012817,5.0505800247,4.9328975677,4.7889418602,4.6982326508,4.9179120064,4.8473014832,4.7976055145,4.5843410492,4.4956736565,4.4499049187,4.6330795288,4.287958622,4.2240247726,4.1537380219,4.1969871521,4.0433330536,3.9629611969,3.9383637905,4.0213804245,4.1489620209,4.2016673088,4.050409317,3.8896167278,3.9220347404,3.8968863487]},"step_min_q":{"0":[11.4639530182,11.645866394,11.6593322754,11.6865329742,11.5438451767,11.4389886856,10.5868005753,10.5853643417,9.8588104248,9.4949016571,9.090716362,7.8930435181,7.1590108871,6.4930109978,5.9350996017,5.0738816261,4.6799607277,5.0650014877,4.679579258,4.0333127975,3.7518162727,3.4487934113,3.0581469536,2.5222799778,2.3045017719,1.1869449615,0.5638672113,0.4114911556,0.025261879,0.1664947271,0.2213996649,0.3967027068,-0.1270551682,-0.2688213587,-1.0161671638,-0.2607133985,-0.1053968072,-0.3796132207,-0.5655534863,-0.4241135716,-0.3997842073,-0.5897547007,-0.8838793635,-0.9513496161,-0.3765530586,-0.2485181093,-0.5078239441,-0.6086388826,-0.5113235116,-0.4467574656,-0.4138571918,-0.4869978428,-0.5395246744,-0.2806513011,0.0,0.0,0.0,0.0,0.0,0.0,0.0,0.0,0.0,-0.0930369496,-0.0520388484,0.0,0.0,0.0,0.0,0.0,0.0,0.0,0.0,0.0,0.0,0.0,0.0,0.0,0.0,0.0,0.0,0.0,0.0,0.0,0.0,0.0,0.0,0.0,0.0,0.0,0.0,0.0,0.0,0.0,0.0,0.0,0.0,0.0,0.0,0.0,0.0,0.0,0.0,0.0,0.0,0.0,0.0,0.0,0.0,0.0,0.0,0.0,-0.0737728029,-0.1990233809,0.0,0.0,0.0,0.0,0.0,0.0,-0.0022519827,0.0,-0.1247544885,-0.0740284324,-0.1485630274,-0.1783329993,-0.0970958471,-0.0648294389,-0.0592569709,-0.1065483093,-0.0467952639,-0.0175407529,-0.0308468342,-0.0964485407,-0.1104732752,-0.1311103702,-0.1060672551,-0.0787157714,-0.0504728258,-0.1311917901,-0.0522323251,-0.0403183103,-0.2607757449,-0.2141686678,-0.1804665923,-0.0103644431,-0.1072184891,-0.0443310291,-0.0847523287,-0.0407792553,-0.1028959602,-0.1961768121,-0.0282528102,-0.1504234076,-0.0930935591,-0.2195994854,-0.0179582089,-0.0429335833,-0.0710608065,-0.0693231821,-0.1164822578,-0.118727237,-0.141895771,-0.1830688864,-0.1548639685,-0.2941738963,-0.4208639264,-0.0152918398,-0.1788209528,0.0]},"step_mean_q":{"0":[13.6017522812,13.8019886017,13.9704799652,14.1370506287,14.0778207779,13.9789848328,13.9895868301,13.7997055054,13.4393434525,13.2247476578,13.0571813583,12.8135595322,12.4367542267,12.2100419998,11.9942455292,11.7074995041,11.3891324997,11.1341962814,10.9447135925,10.6228542328,10.3317737579,10.1230745316,9.9486227036,9.6852588654,9.4784231186,9.344461441,9.161438942,8.9177913666,8.7238197327,8.5781021118,8.3486289978,8.0962781906,7.8839063644,7.702088356,7.4407434464,7.1972980499,6.9861898422,6.7950248718,6.5623583794,6.3594431877,6.2011370659,6.0556354523,5.9004821777,5.7977395058,5.7217698097,5.6536273956,5.6176915169,5.6419630051,5.6372075081,5.6446962357,5.6438207626,5.6709580421,5.6923360825,5.7051296234,5.7351827621,5.7494487762,5.7793755531,5.8108935356,5.8215179443,5.8360295296,5.8602576256,5.876683712,5.9024734497,5.9210619926,5.93856287,5.966301918,5.9823160172,5.9942822456,6.0149106979,6.0359339714,6.050008297,6.0666003227,6.0761647224,6.0804810524,6.0900068283,6.0971708298,6.1008338928,6.1024041176,6.1044592857,6.0984425545,6.0940709114,6.0835671425,6.0735826492,6.0608224869,6.034661293,6.0103297234,5.9827165604,5.9459834099,5.9042711258,5.8607883453,5.8079781532,5.7609558105,5.7110939026,5.6480937004,5.5829701424,5.5094060898,5.438393116,5.3593192101,5.2699151039,5.1874480247,5.0955600739,5.0124239922,4.9198031425,4.8274621964,4.735273838,4.6379728317,4.5411138535,4.4401106834,4.3612303734,4.2804474831,4.1935400963,4.1145582199,4.0206179619,3.9441633224,3.8633079529,3.778455019,3.7176411152,3.6511917114,3.5687065125,3.5002748966,3.4245328903,3.3705017567,3.307072401,3.2689366341,3.2167789936,3.147441864,3.1017532349,3.0518414974,2.9971604347,2.9355270863,2.9022762775,2.8688387871,2.7865140438,2.745361805,2.6944799423,2.6175894737,2.5737271309,2.5308508873,2.4778921604,2.4463253021,2.4522650242,2.4603142738,2.4276621342,2.3951234818,2.3982729912,2.3602416515,2.3351137638,2.2929806709,2.2612876892,2.2340939045,2.1967177391,2.1358575821,2.0744540691,2.0131218433,2.0159275532,1.983397603,1.9638615847,1.9011924267,1.9803885221,1.8781689405,1.8803123236,1.7727768421,1.7297065258,1.7258921862,1.675044775,1.6820163727,1.6225208044,1.7136750221,1.6344727278,1.5609099865]},"episodes_still_running":{"0":[4096.0,4096.0,4096.0,4096.0,4096.0,4096.0,4096.0,4096.0,4096.0,4096.0,4096.0,4096.0,4096.0,4096.0,4096.0,4096.0,4096.0,4096.0,4096.0,4096.0,4096.0,4096.0,4096.0,4096.0,4096.0,4096.0,4096.0,4096.0,4096.0,4096.0,4096.0,4096.0,4096.0,4096.0,4096.0,4096.0,4096.0,4096.0,4096.0,4096.0,4096.0,4096.0,4096.0,4084.0,4084.0,4084.0,4068.0,4028.0,4024.0,4020.0,4016.0,4004.0,3996.0,3996.0,3980.0,3980.0,3972.0,3960.0,3960.0,3960.0,3952.0,3948.0,3940.0,3936.0,3936.0,3924.0,3924.0,3924.0,3920.0,3912.0,3912.0,3908.0,3908.0,3908.0,3908.0,3904.0,3904.0,3904.0,3904.0,3904.0,3904.0,3904.0,3900.0,3900.0,3900.0,3900.0,3900.0,3900.0,3900.0,3900.0,3896.0,3896.0,3892.0,3888.0,3888.0,3880.0,3876.0,3872.0,3868.0,3856.0,3856.0,3828.0,3816.0,3796.0,3772.0,3740.0,3700.0,3668.0,3600.0,3532.0,3468.0,3376.0,3292.0,3180.0,3100.0,2988.0,2848.0,2732.0,2644.0,2540.0,2404.0,2276.0,2132.0,1980.0,1840.0,1732.0,1624.0,1492.0,1408.0,1340.0,1268.0,1184.0,1104.0,1024.0,972.0,928.0,868.0,824.0,796.0,736.0,672.0,608.0,572.0,552.0,520.0,500.0,464.0,436.0,420.0,404.0,380.0,372.0,348.0,328.0,308.0,288.0,272.0,260.0,236.0,212.0,200.0,184.0,180.0,180.0,180.0,160.0,148.0,128.0,124.0,108.0]},