{"max_q":{"0":23.2987651825},"min_q":{"0":-0.6630253792},"mean_q":{"0":5.5805444717},"range_q":{"0":23.9617900848},"step_max_q":{"0":[20.9941368103,22.9160690308,23.2987651825,21.6300811768,22.2626686096,22.4854030609,23.1907119751,22.8089752197,22.2639598846,21.7758769989,21.5892333984,21.5247764587,20.7441062927,20.5900363922,20.7137126923,20.1776695251,19.7283630371,18.6378631592,18.5286865234,18.5639286041,18.6989555359,17.5166301727,17.1026077271,16.9778881073,16.1771755219,16.0620212555,15.2737579346,14.6983499527,13.8459787369,13.7494430542,13.1819286346,12.7162008286,12.5844430923,12.0005817413,11.996843338,11.780834198,11.3613967896,11.1665678024,10.9262523651,10.2766056061,10.0921726227,10.1946630478,9.9136610031,9.9721708298,10.147190094,10.3277854919,10.1991252899,9.7919368744,9.4300079346,8.9023532867,8.8510322571,8.4490013123,8.5044059753,8.1174144745,7.8012342453,7.8343048096,7.9980382919,7.3678913116,7.2451848984,6.923418045,6.8831195831,6.6582274437,6.1875405312,6.6211986542,6.1838078499,6.1316547394,6.0656251907,6.0573396683,5.7501273155,5.5334892273,5.6015734673,5.4339594841,6.0865974426,5.9880495071,5.8287796974,6.2295618057,5.7129802704,5.6427288055,5.9684271812,5.7162632942,5.5071282387,5.8694047928,5.4984006882,5.2659883499,5.5239500999,5.0794038773,5.5795636177,5.0224428177,4.8483753204,5.0525846481,4.7397603989,4.8990516663,4.6389784813,4.4874796867,4.4700193405,4.4222550392,4.2610902786,4.653673172,4.6487169266,5.2333860397,5.0595989227,4.9828591347,4.964715004,4.6820273399,4.4261546135,3.3110473156,3.5304083824,3.5232739449,3.2446651459,3.1427912712,4.1212334633,4.4783082008,4.1703329086,4.403945446,4.2361750603,3.941151619,3.694160223,3.9119911194,3.7337412834,3.206230402,3.69993186,3.2651948929,3.1559481621,3.0835990906,1.7473597527,1.7016465664,1.7748429775,1.5318593979,1.4320116043,1.4735357761,1.1209015846,1.1129682064,0.996391058,0.9718718529,1.021412611,0.8640079498,0.8039877415,0.7571632862,0.7196917534,0.6632306576,0.6253743172,0.6158454418]},"step_min_q":{"0":[5.7310218811,5.7016744614,5.9088563919,5.867638588,5.9145607948,5.4814624786,5.1730051041,5.1842274666,4.9057402611,4.9963593483,4.5704851151,4.5461153984,4.4110245705,4.1358971596,3.6976881027,3.5030670166,3.1714320183,3.0463209152,2.7001736164,2.4923682213,2.2106416225,1.9709095955,1.2390038967,1.366891861,1.0877122879,1.123603344,0.4874258041,0.4731023312,0.4096431732,0.0793423653,0.0869753361,0.0704820156,0.014223814,0.0,-0.2391672134,-0.1740515232,-0.2359025478,-0.1954255104,-0.3286819458,-0.2948608398,-0.2772996426,-0.3735461235,-0.3002302647,-0.395011425,-0.3972625732,-0.3463897705,-0.3785805702,-0.2990944386,-0.3884305954,-0.4239871502,-0.525056839,-0.3067173958,-0.3991177082,-0.4494783878,-0.3115570545,-0.3354489803,-0.329451561,-0.6630253792,-0.3234689236,-0.3777110577,-0.3713650703,-0.3459913731,-0.3076944351,-0.3613114357,-0.4814302921,-0.3590347767,-0.3055751324,-0.3382344246,-0.3466989994,-0.2382485867,-0.3823804855,-0.4654123783,-0.1761455536,-0.2022182941,-0.2562112808,-0.2921812534,-0.2726943493,-0.2367630005,-0.3696293831,-0.4110190868,-0.2579045296,-0.2204217911,-0.2750322819,-0.3469176292,-0.2230916023,-0.2162163258,-0.1949877739,-0.2098679543,-0.2110338211,-0.1583263874,-0.4222016335,-0.2038638592,-0.3459231853,-0.2119786739,-0.0908403397,-0.1812539101,-0.2251253128,-0.1462337971,-0.219322443,-0.2901074886,-0.1450686455,-0.2332372665,-0.1026396751,-0.0524244308,-0.1311202049,-0.0115668774,0.0,0.0,-0.0789437294,-0.0945835114,-0.2352089882,-0.2726352215,-0.2872600555,-0.0783445835,-0.1142430305,-0.1744589806,-0.1951491833,-0.1966879368,-0.0307130814,0.0,0.0,-0.0797894001,-0.1531305313,-0.0981562138,-0.0821321011,-0.0029640198,-0.0630741119,-0.0889058113,-0.1046142578,-0.124320507,-0.117957592,0.0,0.0,0.0,0.0,0.0,0.0,0.0,0.0,0.0,0.0,0.0]},"step_mean_q":{"0":[10.2503013611,10.3397827148,10.319190979,10.3841438293,10.4279251099,10.4035835266,10.3784074783,10.3576335907,10.2855987549,10.191901207,10.0688524246,9.9053153992,9.7270717621,9.5279846191,9.2977561951,9.0790843964,8.8499584198,8.6013736725,8.3475294113,8.0920543671,7.8275089264,7.5407624245,7.2658572197,6.9969654083,6.7278089523,6.4705677032,6.2097458839,5.9480156898,5.7063369751,5.4544696808,5.2203936577,4.9943037033,4.766076088,4.5292787552,4.3226923943,4.1149764061,3.9084761143,3.7217276096,3.5392901897,3.3473548889,3.1822478771,3.0244967937,2.8737130165,2.7353391647,2.6143324375,2.4999716282,2.3930830956,2.2977359295,2.196819067,2.1224119663,2.049141407,1.9929616451,1.930896759,1.8912174702,1.8578372002,1.8114222288,1.7771519423,1.7482420206,1.7314612865,1.7175426483,1.7127290964,1.6920800209,1.6685669422,1.653690815,1.631297946,1.6056712866,1.5986996889,1.5954415798,1.6109532118,1.5935804844,1.5868752003,1.5865931511,1.5864681005,1.5946793556,1.5778912306,1.5633383989,1.5366005898,1.5257819891,1.4953671694,1.4909398556,1.4916924238,1.4659796953,1.4520932436,1.4255703688,1.4341492653,1.4475702047,1.4709473848,1.491169095,1.4726947546,1.4308999777,1.435433507,1.4511121511,1.4352865219,1.4049588442,1.4184242487,1.3832035065,1.3911745548,1.3548491001,1.284468174,1.264346838,1.3220647573,1.2874517441,1.2192801237,1.1870678663,1.1856640577,1.1422336102,1.130777359,1.0907335281,1.0552186966,1.0606898069,1.1171883345,1.1673645973,1.1475315094,1.1639866829,1.0719668865,1.0354436636,1.0307375193,1.0065319538,0.9636519551,0.760920167,0.7948963642,0.6768776178,0.6484977007,0.6019774675,0.4595904052,0.5530402064,0.5998210311,0.5746535659,0.5034042001,0.5572399497,0.4979835153,0.44753474,0.4013444781,0.4619912505,0.4131407142,0.4094516337,0.510679841,0.464089036,0.4299929142,0.6632306576,0.6253743172,0.6158454418]},"episodes_still_running":{"0":[4096.0,4096.0,4096.0,4096.0,4096.0,4096.0,4096.0,4096.0,4096.0,4096.0,4096.0,4096.0,4096.0,4096.0,4096.0,4096.0,4096.0,4096.0,4096.0,4096.0,4096.0,4096.0,4096.0,4096.0,4096.0,4096.0,4096.0,4096.0,4096.0,4096.0,4096.0,4096.0,4096.0,4095.0,4095.0,4093.0,4092.0,4084.0,4079.0,4076.0,4062.0,4045.0,4023.0,3987.0,3930.0,3882.0,3827.0,3742.0,3658.0,3561.0,3444.0,3303.0,3162.0,3010.0,2860.0,2708.0,2550.0,2407.0,2278.0,2112.0,1976.0,1848.0,1746.0,1603.0,1484.0,1375.0,1264.0,1180.0,1085.0,990.0,918.0,846.0,774.0,718.0,669.0,616.0,577.0,526.0,501.0,463.0,431.0,403.0,379.0,343.0,318.0,296.0,276.0,252.0,238.0,222.0,210.0,195.0,188.0,178.0,170.0,159.0,150.0,142.0,130.0,121.0,110.0,100.0,90.0,85.0,76.0,69.0,66.0,61.0,57.0,53.0,50.0,47.0,46.0,44.0,43.0,43.0,41.0,38.0,36.0,31.0,29.0,29.0,28.0,27.0,23.0,19.0,17.0,13.0,13.0,12.0,9.0,8.0,7.0,4.0,4.0,3.0,2.0,2.0,2.0,1.0,1.0,1.0]},