{"max_q":{"0":24.4040718079},"min_q":{"0":-0.6967227459},"mean_q":{"0":5.9346389771},"range_q":{"0":25.1007938385},"step_max_q":{"0":[24.4040718079,21.6219997406,22.8844852448,22.5127811432,22.0459823608,22.7012557983,23.1823310852,22.6590003967,22.5515422821,22.1613349915,22.0533790588,21.5992355347,21.1359882355,20.6671981812,20.522600174,19.9337291718,20.3006229401,19.332201004,19.6971664429,19.4430561066,19.3024692535,19.15325737,19.1650238037,19.3799991608,18.9831867218,18.7120323181,18.2084846497,17.7509746552,17.7327804565,16.9419994354,17.2294368744,16.7014389038,16.1143283844,14.8702096939,14.3320550919,14.1027507782,13.8399848938,13.2233228683,13.4958524704,13.6853113174,13.146229744,12.9504547119,12.6914625168,12.1913728714,12.2575130463,12.0063705444,11.8124189377,10.9764785767,10.6671600342,11.0078039169,9.9200706482,10.2084569931,10.021607399,9.7659311295,9.1243038177,9.0161876678,9.1246891022,8.8942089081,8.9660177231,8.4375867844,8.3355045319,8.4375915527,8.0184087753,7.844201088,8.0202693939,7.6911115646,7.7656383514,7.6682767868,7.4799728394,7.7769908905,7.8345127106,7.7544736862,7.1632232666,6.8812866211,6.9507980347,7.2036094666,7.3011865616,7.1904039383,6.9462718964,6.7047157288,5.8331542015,6.0974121094,5.9278392792,5.8524098396,5.9007978439,6.047056675,5.9693565369,5.8875341415,6.0000066757,6.0371437073,5.8464078903,5.7707562447,5.9022922516,5.9605765343,5.78008461,5.1680231094,5.1940135956,5.2187013626,5.1231951714,4.9670228958,4.9445242882,5.0506839752,4.9254956245,4.9714870453,4.872179985,4.8404636383,4.9445619583,4.7613668442,5.0042572021,4.842962265,4.6825275421,4.5390396118,4.4513216019,4.5027675629,4.4355859756,4.4306402206,4.6322817802,4.5431985855,4.7248473167,4.3147001266,4.2069396973,4.1788225174,4.0442433357,4.1541991234,4.0350646973,3.9537081718,4.0408873558,3.9327688217,3.8770720959,3.9500966072,3.7220253944,3.6785769463,3.838247776,3.7979440689,3.7746896744,3.8653116226,3.6578772068,3.7027702332,3.9559240341,3.8238611221,3.8414726257,4.0009942055,4.0215444565,3.9794573784,4.364086628,4.3096027374,4.4359936714,4.5574626923,4.1918363571,4.5889582634,4.6050863266,3.6229133606,3.5723068714,3.642455101,3.6675653458,3.6946299076,3.724858284,3.7862563133,3.5682079792,3.7048549652,3.7623558044,3.793489933,3.8238019943,3.8522882462,3.8950767517,4.0814604759,1.2451277971,1.3554930687,1.2942771912]},"step_min_q":{"0":[7.328792572,7.5627880096,7.1002130508,7.6526651382,7.2660322189,6.7312412262,6.0319166183,6.2127962112,5.8127717972,5.3266186714,5.0392007828,4.600071907,4.5962781906,4.3267016411,3.7947711945,3.1390833855,2.5957376957,2.404266119,2.111672163,1.1850075722,1.201710701,1.0895136595,0.7733266354,0.6008930206,0.465837121,0.0,0.0,0.0,0.0,0.0,0.0,-0.088732481,-0.1536836624,-0.2731411457,-0.4666266441,-0.418030262,-0.4477717876,-0.5081152916,-0.3958582878,-0.4873554707,-0.5099372864,-0.5368111134,-0.6967227459,-0.5778620243,-0.6036391258,-0.6695427895,-0.6366724968,-0.6519320011,-0.6669647694,-0.5615875721,-0.6632640362,-0.5454018116,-0.5624153614,-0.5348269939,-0.5391733646,-0.5419147015,-0.5431544781,-0.4887514114,-0.4839251041,-0.5320837498,-0.5199899673,-0.494102478,-0.470757246,-0.4982955456,-0.3191635609,-0.3241951466,-0.3206415176,-0.3211686611,-0.3536682129,-0.3292953968,-0.413238287,-0.4499983788,-0.4994881153,-0.5104289055,-0.3766312599,-0.3996677399,-0.4088003635,-0.3906407356,-0.3906350136,-0.3918614388,-0.3634343147,-0.3773131371,-0.3761911392,-0.1650502682,-0.1399893761,-0.0652360916,-0.0543019772,-0.0469994545,-0.0047955513,-0.1803679466,-0.0732784271,0.0,-0.1128284931,0.0,-0.024463892,-0.0241138935,-0.0645105839,-0.0953640938,-0.1214511395,-0.142021656,-0.0347306728,-0.0611627102,-0.0792996883,0.0,-0.0636444092,-0.0394113064,0.0,0.0,0.0,0.0,0.0,0.0,-0.0587749481,0.0,0.0,0.0,0.0,0.0,0.0,0.0,0.0,0.0,0.0,0.0,0.0,0.0,0.0,0.0,0.0,0.0,0.0,0.0,0.0,0.0,0.0,0.0,0.0,0.0,0.0,0.0,0.0,0.0,0.0,0.0,0.0,0.0,0.0,0.0,0.0,0.0,0.0,0.0,0.0,0.0,0.0,0.0,0.0,0.0,0.0,0.0,0.0,0.0,0.0,0.0,0.0,0.0,0.0,0.0,0.0]},"step_mean_q":{"0":[11.3482303619,11.4409389496,11.4095544815,11.4156799316,11.40321064,11.3290777206,11.2065029144,11.1248378754,11.0337667465,10.9138622284,10.7489509583,10.5615882874,10.3667898178,10.1333789825,9.8925352097,9.63788414,9.3853778839,9.1077327728,8.8373813629,8.5677213669,8.2939081192,8.0080375671,7.7314677238,7.4468531609,7.1693816185,6.8878836632,6.6123714447,6.3351192474,6.063970089,5.7814688683,5.5140576363,5.2537059784,4.9952187538,4.7465114594,4.5081186295,4.2780394554,4.058412075,3.8369421959,3.6412603855,3.4616191387,3.3055508137,3.1669766903,3.0312590599,2.9030199051,2.7864675522,2.694545269,2.6148803234,2.5587546825,2.4822642803,2.4307575226,2.3927016258,2.3608164787,2.3075947762,2.2694685459,2.2285797596,2.1927354336,2.1732177734,2.1476511955,2.1321058273,2.0970554352,2.0655958652,2.0671725273,2.0331404209,2.006636858,1.9988548756,1.9748967886,1.9596809149,1.9444564581,1.9358845949,1.9200931787,1.9147233963,1.8874906301,1.8853290081,1.8956005573,1.8767848015,1.8730894327,1.855404973,1.8459230661,1.8304694891,1.8165127039,1.7900160551,1.791641593,1.7722553015,1.7674465179,1.7750293016,1.7760113478,1.7929034233,1.773548007,1.7956616879,1.7732447386,1.7668973207,1.7508268356,1.7297534943,1.6992653608,1.7112938166,1.7313433886,1.7219574451,1.6836181879,1.6785480976,1.6858696938,1.6887397766,1.6316641569,1.6402152777,1.6220399141,1.639447093,1.6081410646,1.6526259184,1.7056795359,1.6743696928,1.6716996431,1.6266307831,1.6255004406,1.6344172955,1.6909731627,1.6708433628,1.6733951569,1.5942512751,1.6487596035,1.5813419819,1.4607584476,1.4632513523,1.4322289228,1.4499613047,1.4129890203,1.3554645777,1.3209732771,1.2977777719,1.317903161,1.358258009,1.3622572422,1.392007947,1.3343743086,1.3380384445,1.3077088594,1.3241292238,1.3189092875,1.2958239317,1.4167220592,1.3504632711,1.2934683561,1.4087902308,1.3555644751,1.2570306063,1.2254585028,1.5089517832,1.561265111,1.5566757917,1.5236519575,1.5623916388,1.9220743179,1.8972209692,1.6890417337,1.6649780273,1.6471844912,1.748586297,1.7064218521,1.7034605742,1.7104717493,1.6362018585,1.6687680483,1.6980032921,1.7075977325,1.7465845346,1.7568098307,1.7724214792,2.6882226467,1.2451277971,1.3554930687,1.2942771912]},"episodes_still_running":{"0":[4096.0,4096.0,4096.0,4096.0,4096.0,4096.0,4096.0,4096.0,4096.0,4096.0,4096.0,4096.0,4096.0,4096.0,4096.0,4096.0,4096.0,4096.0,4096.0,4096.0,4096.0,4096.0,4096.0,4096.0,4096.0,4095.0,4095.0,4095.0,4095.0,4095.0,4095.0,4095.0,4095.0,4095.0,4095.0,4093.0,4088.0,4086.0,4076.0,4057.0,4022.0,3977.0,3920.0,3871.0,3809.0,3724.0,3627.0,3508.0,3410.0,3284.0,3172.0,3043.0,2935.0,2817.0,2698.0,2581.0,2469.0,2352.0,2210.0,2113.0,2014.0,1895.0,1801.0,1705.0,1614.0,1519.0,1443.0,1365.0,1284.0,1227.0,1160.0,1107.0,1036.0,975.0,929.0,871.0,816.0,767.0,724.0,681.0,643.0,595.0,562.0,526.0,498.0,479.0,445.0,421.0,399.0,378.0,355.0,326.0,306.0,300.0,285.0,263.0,245.0,235.0,217.0,201.0,181.0,175.0,166.0,151.0,142.0,139.0,126.0,115.0,110.0,102.0,95.0,92.0,87.0,79.0,74.0,70.0,66.0,60.0,53.0,51.0,45.0,44.0,40.0,39.0,37.0,35.0,35.0,30.0,29.0,28.0,23.0,22.0,21.0,20.0,19.0,19.0,17.0,15.0,15.0,14.0,12.0,11.0,11.0,11.0,9.0,6.0,6.0,6.0,6.0,5.0,5.0,4.0,4.0,4.0,3.0,3.0,3.0,3.0,3.0,3.0,3.0,3.0,3.0,3.0,3.0,2.0,1.0,1.0,1.0]},