{"max_q":{"0":18.2487030029},"min_q":{"0":-0.725787282},"mean_q":{"0":12.5653991699},"range_q":{"0":18.9744911194},"step_max_q":{"0":[16.6266746521,16.6736774445,16.8884468079,17.1176128387,17.5756587982,17.8881092072,18.2487030029,17.3246173859,17.2620258331,16.3881855011,15.9906787872,15.5415058136,15.0479631424,14.7164068222,14.0032110214,13.5202159882,12.6724758148,12.2801017761,11.5195465088,10.8113193512,10.4293746948,10.008769989,9.3604574203,8.8000564575,8.9320220947,8.0205945969,7.8067874908,7.6641578674,7.3641223907,7.2746200562,7.3248538971,6.8283834457,6.4829072952,6.3819732666,6.1647315025,4.3645968437,4.1840591431,4.0586719513,3.848233223]},"step_min_q":{"0":[14.4604644775,14.7974128723,15.4113864899,15.5006980896,15.7936115265,15.488735199,14.9236011505,13.5217628479,12.2500209808,12.0051078796,10.5276155472,10.1991500854,9.024848938,7.9566287994,4.9564042091,4.3823876381,3.090045929,2.4986908436,2.2565121651,1.6175459623,0.9532450438,0.2385933399,-0.1346954107,-0.1536982059,-0.0976883173,-0.725787282,-0.578619957,-0.3954790831,-0.2308887243,-0.3174139261,-0.1501384974,-0.0488933325,0.0,0.0,0.0,0.0,0.0,0.0,0.0]},"step_mean_q":{"0":[16.3155479431,16.3843841553,16.5555839539,16.8519935608,17.0774898529,17.3218688965,17.755405426,16.5060462952,16.3002510071,15.4662733078,14.8142442703,14.4869966507,13.781671524,13.2960014343,12.5926742554,12.0217418671,11.3436088562,10.7343902588,10.0672225952,9.4631738663,8.8422107697,8.2718572617,7.7579102516,7.2586836815,6.8519477844,6.5073308945,6.197116375,5.8124918938,5.3505616188,4.5946974754,4.182551384,3.6628232002,2.9056162834,2.8856980801,2.9720432758,1.4496643543,2.2069344521,4.0586719513,3.848233223]},"episodes_still_running":{"0":[4096.0,4096.0,4096.0,4096.0,4096.0,4096.0,4096.0,4096.0,4096.0,4096.0,4096.0,4096.0,4096.0,4096.0,4096.0,4096.0,4096.0,4096.0,4096.0,4096.0,4096.0,4096.0,4096.0,4084.0,3864.0,3188.0,2148.0,1328.0,828.0,456.0,304.0,196.0,132.0,72.0,48.0,20.0,8.0,4.0,4.0]},"step_range_q":{"0":[2.1662101746,1.8762645721,1.477060318,1.6169147491,1.7820472717,2.3993740082,3.3251018524,3.802854538,5.0120048523,4.3830776215,5.4630632401,5.3423557281,6.0231142044,6.7597780228,9.0468063354,9.1378288269,9.5824298859,9.781411171,9.2630348206,9.1937732697,9.4761295319,9.7701768875,9.4951524734,8.953754425,9.0297107697,8.7463817596,8.3854074478,8.0596370697,7.5950112343,7.5920338631,7.4749922752,6.8772768974,6.4829072952,6.3819732666,6.1647315025,4.3645968437,4.1840591431,4.0586719513,3.848233223]},"mean_loss:":{"0":0.1879201382},"rmse":{"0":0.4334975779},"step_rmse":{"0":[0.1956401765,0.149871543,0.1051964611,0.158559382,0.1613654494,0.2264753729,0.2090449184,0.2672124803,0.3685642481,0.438641876,0.5232999921,0.4755735397,0.4608508348,0.4252958894,0.5001329184,0.4760676026,0.5153778195,0.5496907234,0.5361426473,0.5639804602,0.5820707083,0.522649467,0.5077881813,0.4216519892,0.3922843039,0.3893445134,0.4339641631,0.5874744058,0.7302163839,0.9531170726,0.8840382099,1.0942466259,1.1467756033,1.1248255968,1.0338816643,0.6544428468,0.2804663479,1.471688509,0.1085581779]},"rmse_by_q":{"0":3.4499309063},"step_rmse_by_q":{"0":[1.1991026402,0.9147218466,0.6354137659,0.9408938885,0.9449014664,1.3074535131,1.1773592234,1.618876338,2.2610955238,2.8361189365,3.5324110985,3.2827615738,3.343940258,3.1986751556,3.9716179371,3.9600551128,4.5433320999,5.1208381653,5.3256263733,5.9597387314,6.5828638077,6.3184051514,6.5454244614,5.8089318275,5.7251501083,5.9831676483,7.002679348,10.1071004868,13.6474714279,20.7438488007,21.1363391876,29.8744049072,39.4675521851,38.9793243408,34.7868995667,45.1444396973,12.7084140778,36.260345459,2.820987463]},"mean_error":{"0":0.2216598094},"step_mean_error":{"0":[0.0905597135,0.0677935779,0.0595868602,0.0857283771,0.0836562216,0.1191021502,0.1242097765,0.1833500117,0.2430433631,0.2565087378,0.2951173484,0.2864430845,0.2943481803,0.2723556161,0.2986036241,0.2795638442,0.2834866345,0.2972624302,0.2737011909,0.2871014476,0.2793088555,0.2547038198,0.2368387431,0.2069605291,0.1893936098,0.2030756176,0.2420684993,0.3332795799,0.3949926198,0.4994106591,0.5829055309,0.7602732182,0.8326627612,0.8684400916,0.7883707881,0.4466480613,0.2291610539,1.471688509,0.1085581779]},"mean_q_deviation":{"0":6.3842086792},"step_mean_q_deviation":{"0":[0.5718178153,0.4233093858,0.3648890257,0.5188004971,0.5022844076,0.7078869939,0.7141261697,1.1207278967,1.5168149471,1.7270780802,2.0997636318,2.1213819981,2.3010942936,2.162715435,2.5643658638,2.4959449768,2.7057509422,3.1245377064,3.202049017,3.7800393105,3.9751522541,4.0360012054,4.3757448196,4.2682132721,4.468316555,5.4372749329,9.6512880325,21.7488250732,37.7848815918,75.6953964233,59.602104187,1258.4638671875,360.7579650879,285.5179443359,235.2979125977,142.1120300293,25.9291534424,56.8882064819,2.9028773308]},"mean_range_deviation":{"0":0.969733417},"step_mean_range_deviation":{"0":[3.5943038464,4.0592312813,3.5539135933,3.0416369438,3.1537156105,2.394077301,2.0943200588,2.9759912491,3.1397294998,2.4875483513,1.967767477,3.1226396561,2.7505867481,3.2447345257,3.2250437737,3.2020070553,3.1953890324,3.1255114079,2.8035550117,3.2145719528,3.0505683422,2.7537226677,2.6856954098,2.2912619114,2.1679089069,2.4123904705,3.0139951706,4.5065770149,5.3886480331,6.6548881531,8.012793541,10.8852481842,12.099937439,13.2764873505,12.1988897324,11.000658989,6.0413661003,56.8882064819,2.9028773308]},"epoch":{"0":110},"mask_name":{"0":"enemy_shield"},"map_name":{"0":"8m_vs_9m"}}