{"max_q":{"0":24.6467151642},"min_q":{"0":-1.4534709454},"mean_q":{"0":6.2357130051},"range_q":{"0":26.1001853943},"step_max_q":{"0":[23.0377197266,24.4195251465,24.6467151642,23.532989502,24.080657959,24.3558254242,23.4530143738,22.8176860809,23.2777061462,22.9859828949,22.4321308136,22.0885620117,21.6041946411,21.1012992859,20.9487495422,21.3630619049,20.3511199951,22.2691669464,21.3562812805,21.53855896,20.2295761108,19.5027580261,18.807466507,18.1266212463,17.8922519684,17.8114280701,17.2210693359,17.3734798431,16.2010765076,16.2914791107,15.987534523,15.0430784225,15.4253644943,15.148724556,15.6762399673,14.415263176,15.0899066925,14.1093845367,14.0986452103,13.1415348053,12.6145420074,12.6074676514,12.4477558136,12.8272724152,11.8144721985,12.0542392731,11.5816249847,11.2753582001,11.1383314133,11.2277908325,10.4121074677,10.2390785217,10.793680191,9.9644060135,10.308889389,10.1700248718,9.4033956528,9.28931427,9.2924747467,9.0737400055,8.8771400452,9.4759740829,8.5924129486,8.7018022537,8.8300247192,8.8572454453,8.0973577499,7.9537963867,8.1412124634,8.7184963226,7.9514579773,7.8559503555,8.0787343979,7.6001820564,7.6948442459,7.591193676,7.3741121292,7.2296504974,7.1615242958,7.0339326859,7.5970263481,7.3254952431,6.9682254791,7.0878820419,7.2912211418,6.9201316833,7.0584344864,7.3597106934,6.6152544022,6.7453784943,6.9463062286,6.3785419464,6.5775651932,6.4741792679,6.2839183807,6.1881690025,6.2845020294,6.0732245445,6.1634674072,6.319712162,6.552965641,6.5051469803,6.2401232719,6.3951044083,6.1818675995,6.0179572105,6.1605091095,6.0929164886,6.1726827621,6.3161344528,5.9224653244,6.3782567978,6.4742107391,6.5087299347,6.3491930962,6.3691124916,6.4612174034,6.2607831955,6.2647600174,6.5143446922,6.3523421288,6.1621284485,6.1908626556,5.992980957,6.1991548538,6.2579517365,5.675786972,5.9331059456,5.7872724533,5.7218551636,5.4963936806,5.8513007164,5.0068798065,5.4670109749,5.0482368469,5.2474732399,4.9255108833,5.3499679565,4.6628270149,5.092400074,4.719420433,1.6253867149,2.011105299,1.8975416422,1.8000471592,1.8867772818,1.5323113203,1.560962081,1.6856325865,1.3881893158,1.226624608,1.3165330887,1.2001763582,1.0785183907,1.1172213554,0.9824364185,0.7778638601,0.786185801,0.9182774425,0.6863170862,0.5188857913,0.4141380787]},"step_min_q":{"0":[6.9334516525,6.6046032906,6.8865294456,6.4290571213,5.8508067131,5.7659726143,5.0879874229,4.8520731926,4.6603517532,4.4137802124,4.1634984016,4.0165519714,3.820350647,3.2904448509,3.113935709,2.8712770939,2.6004748344,2.1386218071,1.8206108809,1.7212451696,1.8309471607,1.6296832561,0.0,0.0,0.0,0.0,0.0,0.0,0.0,0.0,0.0,-0.0794600248,0.0,0.0,-0.2455780506,-0.35066998,-0.415080905,-0.3346440792,-0.2051562667,-0.2723138332,-0.3515539169,-0.4073135257,-0.7858190536,-0.9293956757,-1.2117376328,-1.4534709454,-1.2244155407,-1.1415054798,-1.0528001785,-0.934232235,-0.8783614635,-1.017562151,-0.5338870287,-0.5619330406,-0.6067035198,-0.6404191256,-0.621505022,-0.7888627052,-0.6047140956,-0.5255463123,-0.3822162151,-0.4044718742,-0.4225451946,-0.5285767913,-0.4157583714,-0.3869001865,-0.3903059959,-0.4732055664,-0.4111915827,-0.4394313097,-0.3587973118,-0.5471043587,-0.6311516762,-0.6590538025,-0.3753372431,-0.4539052248,-0.4598257542,-0.3830724955,-0.6295451522,-0.6252553463,-0.5771889091,-0.807102561,-0.6655681133,-0.3239154816,-0.3748633862,-0.3802965879,-0.343326509,-0.6921606064,-0.6113152504,-0.7559225559,-0.2375868559,-0.2755229473,-0.3314160109,-0.2895381451,-0.2781784534,-0.272295475,-0.4008463621,-0.4175338745,-0.3921842575,-0.3458527327,-0.2356365919,-0.2958760262,-0.2149355412,-0.409992218,-0.2089380026,-0.2557072043,-0.3809037805,-0.3589806557,-0.345816493,-0.2981187105,-0.2762835026,-0.2867943048,-0.2997145653,-0.4030094147,-0.4055896997,-0.3255805969,-0.4776493907,-0.3434731364,-0.4466654062,-0.3726443648,-0.3559749126,-0.2573007941,-0.1784534454,-0.1911394,-0.1322065592,-0.0668777823,-0.2071224451,-0.0205527544,-0.1963456273,-0.0278303623,-0.2264329791,-0.1749141216,-0.2495515943,-0.1541101933,-0.4102014303,-0.3338966966,-0.3325508237,-0.106249392,-0.0311224461,0.0,0.0,-0.1409037113,0.0,0.0,0.0,-0.0705879927,-0.1641060114,-0.1720581055,0.0,0.0,0.0,0.0,-0.013371706,0.0,-0.0395266414,-0.0302671194,-0.0635257363,-0.1101790071,-0.0370545387,0.0,0.0,0.0]},"step_mean_q":{"0":[11.5065565109,11.6915588379,11.6321201324,11.6759986877,11.6975307465,11.6884698868,11.6301231384,11.5978069305,11.4907112122,11.3648509979,11.2033205032,11.0347728729,10.8330459595,10.6108846664,10.3585834503,10.1105442047,9.8532142639,9.5763244629,9.2953119278,9.0155153275,8.738571167,8.4292240143,8.1435928345,7.8745326996,7.5938158035,7.3095121384,7.0414643288,6.7811384201,6.5166826248,6.260184288,6.0098810196,5.783645153,5.5417509079,5.3031320572,5.0753083229,4.8739552498,4.6523218155,4.4466428757,4.2418808937,4.0539264679,3.8653998375,3.6842238903,3.5137057304,3.3476989269,3.2112956047,3.0771753788,2.9495792389,2.8437452316,2.7435102463,2.6640334129,2.5788779259,2.5146112442,2.4386537075,2.4100131989,2.3615465164,2.3367245197,2.3149261475,2.2797503471,2.2491753101,2.2476904392,2.2543902397,2.2538414001,2.2301602364,2.2249906063,2.2420170307,2.2773957253,2.2602477074,2.2323522568,2.2238571644,2.2185664177,2.2219173908,2.2314288616,2.2294206619,2.2146937847,2.22184062,2.2175498009,2.2168319225,2.2355387211,2.2924339771,2.271476984,2.2646565437,2.235035181,2.2643105984,2.2936339378,2.2444705963,2.206253767,2.227793932,2.2582304478,2.2846751213,2.2102093697,2.1944262981,2.1702222824,2.1274197102,2.1156949997,2.0748009682,2.0250968933,2.0447402,2.0205419064,2.0181889534,2.0597670078,1.9446394444,1.8717176914,1.9041922092,1.9459375143,1.8934611082,1.9119991064,1.8522603512,1.8249769211,1.7970346212,1.8272750378,1.785394311,1.8635351658,1.8193962574,1.8995124102,1.9030091763,1.960283041,1.951982379,1.9326503277,1.8059335947,1.8723726273,1.9466705322,1.9433525801,1.9776077271,2.0094439983,2.1200306416,2.1570565701,2.0721430779,1.9453850985,2.1589915752,2.0669517517,1.9687751532,1.8777740002,1.818095088,1.9903267622,1.9091870785,1.3882546425,1.3376042843,1.473937273,1.2270965576,1.1989138126,1.1785622835,0.7205172777,0.9574763179,0.902102232,0.8587664366,0.8268668056,0.7100997567,0.7102957964,1.0191215277,0.8984778523,0.8141570091,0.8608085513,0.7273272872,0.69093436,0.6646084189,0.5581509471,0.4575819969,0.4488449097,0.4606306553,0.5404484868,0.4907026589,0.4141380787]},"episodes_still_running":{"0":[4096.0,4096.0,4096.0,4096.0,4096.0,4096.0,4096.0,4096.0,4096.0,4096.0,4096.0,4096.0,4096.0,4096.0,4096.0,4096.0,4096.0,4096.0,4096.0,4096.0,4096.0,4096.0,4095.0,4095.0,4095.0,4095.0,4095.0,4095.0,4094.0,4093.0,4093.0,4093.0,4092.0,4092.0,4091.0,4090.0,4086.0,4078.0,4075.0,4065.0,4054.0,4043.0,4026.0,4001.0,3960.0,3919.0,3871.0,3813.0,3731.0,3634.0,3546.0,3443.0,3335.0,3196.0,3066.0,2931.0,2802.0,2681.0,2554.0,2421.0,2279.0,2142.0,2014.0,1899.0,1766.0,1654.0,1551.0,1467.0,1399.0,1312.0,1220.0,1135.0,1051.0,1000.0,942.0,891.0,831.0,778.0,720.0,687.0,636.0,604.0,564.0,524.0,498.0,469.0,436.0,405.0,377.0,348.0,328.0,314.0,294.0,273.0,257.0,239.0,223.0,210.0,192.0,181.0,166.0,161.0,154.0,144.0,132.0,124.0,119.0,115.0,108.0,101.0,95.0,84.0,83.0,78.0,71.0,64.0,62.0,58.0,55.0,50.0,45.0,43.0,38.0,32.0,28.0,26.0,26.0,23.0,21.0,20.0,19.0,17.0,15.0,14.0,14.0,12.0,11.0,10.0,7.0,7.0,7.0,5.0,4.0,4.0,4.0,4.0,4.0,4.0,3.0,3.0,3.0,3.0,3.0,3.0,3.0,3.0,3.0,3.0,3.0,2.0,2.0,1.0]},