{"max_q":{"0":26.1248245239},"min_q":{"0":-1.1384251118},"mean_q":{"0":5.597671032},"range_q":{"0":27.263250351},"step_max_q":{"0":[23.5207633972,25.3125247955,26.1248245239,24.972618103,25.212310791,24.381187439,24.3586807251,23.4385223389,23.0899391174,23.3034477234,22.7518367767,21.7719726562,21.6355743408,21.1690769196,20.3748283386,20.8248653412,19.2832050323,18.98960495,18.6927032471,19.1744499207,17.8535366058,17.3456268311,16.8228054047,16.2264900208,16.2772369385,15.7827959061,15.4500703812,14.7774105072,14.1813964844,13.4280700684,13.0570888519,12.9641170502,12.2104644775,12.2286367416,11.6170730591,10.9761199951,10.7804603577,10.6554603577,10.6696367264,10.2950735092,10.0022792816,9.9208097458,9.5667190552,9.831448555,9.3982563019,9.3824520111,9.2177743912,8.4833078384,8.7337150574,8.2373428345,7.965678215,7.6664829254,7.8104777336,7.5261106491,7.4034104347,7.5639443398,7.3212018013,7.400636673,7.5227355957,6.7726383209,6.7796301842,6.87196064,6.2486763,6.3058304787,6.3514556885,6.4176654816,6.1695857048,5.9398241043,5.9323849678,5.7311177254,5.9258317947,5.4382591248,5.8035860062,5.8515443802,5.5805621147,5.349149704,5.7859096527,5.623465538,5.2543997765,5.5332269669,5.5770711899,5.2234649658,5.6532306671,5.4715108871,5.2900824547,5.1103420258,4.9791049957,5.148730278,5.0686926842,5.0464925766,4.8592996597,4.8159103394,4.9396800995,4.7471179962,4.669895649,4.7545909882,4.5746417046,4.668419838,4.5579977036,4.4012842178,4.2747235298,4.3499536514,4.1691637039,3.9976100922,4.0423583984,3.4291090965,3.8960945606,3.9501121044,3.2924141884,3.1807808876,3.7525320053,4.4754343033,4.2725830078,4.1160845757,3.8176207542,3.8017780781,3.8295099735,3.59953022,3.6822237968,3.5778303146,3.9666378498,3.6188156605,3.6123719215,3.440615654,1.5829304457,1.5498132706,1.621512413,1.5531331301,1.5445070267,1.3318471909,1.4232470989,1.3938860893,1.1328377724,1.1611574888,1.1480300426,0.9294759035,0.9480880499,0.8059341908,0.7086824179,0.7156381607,0.7236533165,0.6489360332]},"step_min_q":{"0":[5.5785131454,5.5382990837,6.028878212,5.9664769173,6.1726675034,5.5271000862,5.1109008789,5.076564312,4.950401783,4.8177318573,4.1966590881,3.904955864,4.0944318771,3.7348017693,3.6979670525,3.3501319885,3.1754219532,2.962280035,2.6612372398,2.4749929905,2.3659803867,1.8726289272,1.510102272,1.2837467194,0.8720080853,0.7575542927,0.4018111229,0.4154765606,0.1887178421,0.0706262589,0.0323328972,0.0358936787,-0.1174943447,-0.0314426422,-0.2452254295,-0.1723704338,-0.3756241798,-0.423252821,-0.4214348793,-0.4008939266,-0.3972792625,-0.3952717781,-0.4732177258,-0.6714465618,-0.7639802694,-0.4770826101,-0.41076231,-0.3286705017,-0.4132094383,-0.7923178673,-0.4938633442,-0.4933936596,-0.4249958992,-0.4377572536,-0.4050321579,-0.4534237385,-0.4966945648,-0.6818842888,-0.3784160614,-0.7591004372,-0.7372589111,-0.4652986526,-0.5819578171,-0.4417660236,-0.7482206821,-1.1384251118,-0.407554388,-0.4658679962,-0.4094648361,-0.2918508053,-0.3965990543,-0.4171681404,-0.2586135864,-0.3984777927,-0.5832343102,-0.6265199184,-0.9054441452,-0.3644556999,-0.2868249416,-0.424595356,-0.4099261761,-0.3011651039,-0.3535788059,-0.3930528164,-0.4724507332,-0.5290484428,-0.2602832317,-0.2417113781,-0.2633666992,-0.2701468468,-0.1726691723,-0.4242327213,-0.4950444698,-0.1147396564,-0.091429472,-0.0631735325,-0.0799229145,-0.0993454456,-0.1136112213,-0.1325573921,-0.1617250443,-0.1373317242,-0.116243124,-0.1843459606,-0.1471483707,-0.1070222855,-0.1453998089,-0.0846254826,-0.1081049442,-0.1175813675,-0.0943517685,-0.0713737011,-0.2186393738,-0.18922925,-0.1230700016,-0.2204434872,-0.2195091248,-0.2183418274,-0.0287396908,-0.0872535706,-0.0207350254,-0.06204319,0.0,-0.1511728764,-0.0995914936,-0.0485904217,-0.0809056759,0.0,-0.0991172791,-0.1186337471,-0.1105139256,-0.0380685329,0.0,0.0,0.0,0.0,-0.1132745743,-0.1274430752,-0.1069760323,0.0,0.0,0.0]},"step_mean_q":{"0":[10.3633804321,10.4224309921,10.411523819,10.4593334198,10.5143871307,10.4725351334,10.4382400513,10.4176931381,10.3323097229,10.2418022156,10.120265007,9.9522171021,9.765879631,9.5729484558,9.3433876038,9.1215791702,8.8961086273,8.6438388824,8.3772106171,8.115819931,7.8590826988,7.5693354607,7.2969579697,7.0213603973,6.747610569,6.482093811,6.2233486176,5.9548268318,5.7149467468,5.4585075378,5.2146496773,4.9898228645,4.759976387,4.5280151367,4.3229417801,4.1180028915,3.9069075584,3.7237696648,3.5400063992,3.3489844799,3.177942276,3.0221669674,2.8606643677,2.7206623554,2.6024618149,2.4821338654,2.3789455891,2.2824614048,2.1799075603,2.1035277843,2.0327138901,1.9823350906,1.9165309668,1.8840677738,1.8496288061,1.8049020767,1.7700994015,1.7492706776,1.7307940722,1.7200176716,1.7115746737,1.6920616627,1.6676419973,1.6485544443,1.6285721064,1.6001647711,1.5865491629,1.5906550884,1.5998030901,1.591681242,1.5740140676,1.5795029402,1.5630879402,1.5800495148,1.5596342087,1.542296052,1.5219757557,1.5141016245,1.4846714735,1.4694459438,1.477083087,1.4534907341,1.4349653721,1.4127944708,1.4264543056,1.4364211559,1.4609149694,1.4702059031,1.4631744623,1.4141350985,1.4098591805,1.4167916775,1.4350137711,1.3818809986,1.4080713987,1.3668830395,1.3790688515,1.3412812948,1.2671349049,1.2340354919,1.294272542,1.2652204037,1.1736155748,1.1423121691,1.1612249613,1.120452404,1.096970439,1.0552188158,1.0208986998,1.0113871098,1.0819022655,1.122279048,1.0858243704,1.1382733583,1.0359547138,0.9913115501,1.003893733,0.9631296396,0.9233752489,0.7234470844,0.7677053809,0.6672953963,0.6398338079,0.5961052179,0.4780299067,0.5799074769,0.6265689135,0.603836596,0.5346341729,0.6248269081,0.5705973506,0.540636301,0.5484660268,0.6222647429,0.4673111737,0.3583806753,0.4174067378,0.3392455578,0.3008531928,0.7156381607,0.7236533165,0.6489360332]},"episodes_still_running":{"0":[4096.0,4096.0,4096.0,4096.0,4096.0,4096.0,4096.0,4096.0,4096.0,4096.0,4096.0,4096.0,4096.0,4096.0,4096.0,4096.0,4096.0,4096.0,4096.0,4096.0,4096.0,4096.0,4096.0,4096.0,4096.0,4096.0,4096.0,4096.0,4096.0,4096.0,4096.0,4096.0,4096.0,4095.0,4095.0,4093.0,4092.0,4084.0,4079.0,4076.0,4062.0,4045.0,4023.0,3987.0,3930.0,3882.0,3827.0,3742.0,3658.0,3561.0,3444.0,3303.0,3162.0,3010.0,2860.0,2708.0,2550.0,2407.0,2278.0,2112.0,1976.0,1848.0,1746.0,1603.0,1484.0,1375.0,1264.0,1180.0,1085.0,990.0,918.0,846.0,774.0,718.0,669.0,616.0,577.0,526.0,501.0,463.0,431.0,403.0,379.0,343.0,318.0,296.0,276.0,252.0,238.0,222.0,210.0,195.0,188.0,178.0,170.0,159.0,150.0,142.0,130.0,121.0,110.0,100.0,90.0,85.0,76.0,69.0,66.0,61.0,57.0,53.0,50.0,47.0,46.0,44.0,43.0,43.0,41.0,38.0,36.0,31.0,29.0,29.0,28.0,27.0,23.0,19.0,17.0,13.0,13.0,12.0,9.0,8.0,7.0,4.0,4.0,3.0,2.0,2.0,2.0,1.0,1.0,1.0]},