{"max_q":{"0":18.7388916016},"min_q":{"0":-3.8306827545},"mean_q":{"0":11.9241523743},"range_q":{"0":22.5695743561},"step_max_q":{"0":[16.7863559723,17.0686817169,17.5494270325,18.1945819855,18.7388916016,18.4194030762,18.0395488739,17.2089653015,16.5417022705,16.2207756042,15.7594738007,15.1161394119,14.5932264328,14.1101074219,13.2879753113,12.7360925674,12.1839647293,11.6888933182,11.3492584229,10.8664236069,10.4644994736,9.915225029,9.9295902252,9.3179349899,8.8923501968,8.3378658295,7.8757271767,7.9319615364,7.53054142,7.0928592682,6.6752614975,6.1266851425,5.866080761,5.8325209618,4.9205818176,4.9041843414,4.4951019287,4.1669712067,3.8436899185,3.9345421791,3.5447995663,3.4524142742,3.3492109776,3.6058416367]},"step_min_q":{"0":[14.9717273712,15.1943130493,15.474899292,15.41547966,14.3498296738,12.9814558029,13.1281261444,7.8365626335,6.4785475731,6.4174118042,5.7252950668,5.6797065735,3.7417731285,1.3798713684,1.0907036066,1.4073164463,-0.9236367941,-3.0069098473,-3.0430483818,-2.5547423363,-2.7947311401,-3.2140831947,-3.8306827545,-2.461769104,-2.6630074978,-2.7102532387,-2.4981355667,-2.3982791901,-0.7477923036,-0.679307878,-0.8019895554,0.0,0.0,0.0,0.0,0.0,0.0,0.0,0.0,0.0,0.0,0.0,0.0,0.0]},"step_mean_q":{"0":[16.0886631012,16.3524971008,16.7308959961,17.2946586609,17.6488876343,17.1326255798,16.5725898743,15.771905899,15.2407808304,14.7845478058,14.1439762115,13.5569143295,12.9090023041,12.3512544632,11.7220373154,11.1615276337,10.5226697922,9.9503936768,9.4290885925,8.9207172394,8.4151420593,7.9537291527,7.5006260872,7.1288337708,6.7932271957,6.4586977959,6.1971549988,5.9418792725,5.662858963,5.2200293541,4.5209078789,3.7974843979,3.2800822258,4.3566060066,4.9205818176,4.9041843414,4.4951019287,4.1669712067,3.8436899185,3.9345421791,3.5447995663,3.4524142742,3.3492109776,3.6058416367]},"episodes_still_running":{"0":[4096.0,4096.0,4096.0,4096.0,4096.0,4096.0,4096.0,4096.0,4096.0,4096.0,4096.0,4096.0,4096.0,4096.0,4096.0,4096.0,4096.0,4096.0,4096.0,4096.0,4096.0,4096.0,4096.0,4084.0,4076.0,3992.0,3560.0,2600.0,1320.0,572.0,256.0,124.0,60.0,24.0,4.0,4.0,4.0,4.0,4.0,4.0,4.0,4.0,4.0,4.0]},"step_range_q":{"0":[1.8146286011,1.8743686676,2.0745277405,2.7791023254,4.3890619278,5.4379472733,4.9114227295,9.3724021912,10.0631542206,9.8033638,10.0341787338,9.4364328384,10.8514537811,12.7302360535,12.197271347,11.3287763596,13.1076011658,14.6958026886,14.3923072815,13.4211654663,13.2592306137,13.1293087006,13.7602729797,11.7797040939,11.555357933,11.0481185913,10.3738632202,10.3302402496,8.2783336639,7.7721672058,7.4772510529,6.1266851425,5.866080761,5.8325209618,4.9205818176,4.9041843414,4.4951019287,4.1669712067,3.8436899185,3.9345421791,3.5447995663,3.4524142742,3.3492109776,3.6058416367]},"mean_loss:":{"0":0.5934076309},"rmse":{"0":0.770329535},"step_rmse":{"0":[0.3386214077,0.4185957909,0.4261163175,0.5016354322,0.4615367651,0.544187367,0.6364979148,0.68132025,0.7277784348,0.7579767108,0.8033035398,0.8157072663,0.8341125846,0.7902649641,0.8680233955,0.9091064334,0.9480050802,0.9190165401,0.907646358,0.8823914528,0.8866646886,0.849899888,0.8759034276,0.8392240405,0.8140743971,0.7581849694,0.7382848263,0.8038348556,0.9605538249,1.2064228058,1.5549834967,1.7443897724,1.8730697632,0.955119431,0.3637623787,0.8300204277,0.3929653168,0.1214928627,0.2523109913,0.9599967003,0.3896009922,0.1639902592,1.3338160515,0.2718253136]},"mean_error":{"0":0.4749505222},"step_mean_error":{"0":[0.1804936677,0.2646699548,0.256480068,0.3761035204,0.3595672846,0.4067018032,0.4604165256,0.5014420152,0.5254743099,0.534896791,0.5487068892,0.5166817307,0.5190383196,0.4789664745,0.5172387362,0.5282764435,0.5545086861,0.5400390625,0.5451334715,0.5302773714,0.528208971,0.5076787472,0.5050234795,0.4928824902,0.4983398914,0.4826207459,0.4656133652,0.5079732537,0.6104308963,0.7943699956,1.1891989708,1.3915256262,1.4852856398,0.5744857192,0.3637623787,0.8300204277,0.3929653168,0.1214928627,0.2523109913,0.9599967003,0.3896009922,0.1639902592,1.3338160515,0.2718253136]},"mean_deviation":{"0":2.487193346},"step_mean_deviation":{"0":[4.4623446465,5.4649429321,5.3065986633,7.0704379082,6.2841219902,5.9926552773,4.8711309433,4.4838809967,4.8410787582,5.0156259537,4.7727417946,4.3783044815,3.883723259,4.5754308701,4.7154893875,5.1136436462,5.0659370422,5.2475719452,5.1078529358,5.3537259102,5.5372195244,5.2675971985,5.423511982,5.5818333626,5.789276123,6.0199503899,6.0099930763,6.208823204,8.3729791641,11.6353664398,15.7460126877,21.6626415253,20.4301452637,9.8123159409,7.9828128815,20.3727798462,9.5795278549,3.0031766891,7.0254631042,32.273727417,12.34790802,4.9868950844,66.1813735962,8.1530895233]},"epoch":{"0":65},"mask_name":{"0":"ally_all"},"map_name":{"0":"8m_vs_9m"}}