{"max_q":{"0":24.6212501526},"min_q":{"0":-1.1530081034},"mean_q":{"0":6.1457123756},"range_q":{"0":25.7742576599},"step_max_q":{"0":[23.9485645294,24.334022522,24.4841117859,24.0764636993,24.6212501526,23.839635849,23.4730415344,23.2531089783,22.9798088074,22.9395866394,22.2687263489,22.4491844177,22.4046936035,22.2235145569,22.3040790558,22.565290451,21.4573669434,21.602312088,21.0042533875,20.987455368,20.0960845947,19.7241592407,20.1394519806,19.0086364746,18.1808662415,17.6970176697,17.5944347382,17.8394794464,16.8585243225,17.4634838104,17.0683460236,16.6031570435,16.3011665344,16.4131793976,15.387553215,15.155828476,15.0543775558,14.2983589172,14.4301671982,14.4374408722,13.7763357162,13.6566371918,13.4039011002,13.1221265793,12.9972524643,12.6730136871,12.122341156,11.961192131,11.768497467,11.4091262817,11.5126667023,11.3822822571,11.1495981216,10.3998975754,10.5487861633,10.1880903244,9.7876577377,9.4046821594,9.2828512192,9.2234687805,8.9043664932,8.837931633,8.8159742355,8.718711853,8.3751277924,8.3458271027,8.3876438141,8.450963974,8.454875946,8.6179800034,8.5009937286,8.6463212967,8.2340660095,8.4012107849,8.4359321594,8.4864730835,8.4955711365,8.4746484756,8.352555275,8.0137720108,8.329744339,8.1291837692,8.1966810226,8.4370880127,8.146946907,8.1176700592,8.1746015549,8.0505361557,7.9398269653,7.9546775818,7.7550501823,7.6608829498,7.5566930771,7.3923568726,7.4029316902,7.3208031654,7.2915158272,7.1426916122,7.1176919937,6.9476337433,7.0335364342,6.8513269424,6.8104963303,6.6439399719,6.5341625214,6.59958601,6.6797246933,6.8637685776,7.0834965706,7.4172644615,7.4558405876,7.4570498466,7.5876331329,7.6881833076,7.5440058708,7.533094883,7.5349650383,7.156411171,6.9445562363,7.0761175156,6.8264727592,6.7828021049,6.635093689,6.5648193359,6.4439926147,6.3617839813,6.2212805748,6.1007533073,6.1554169655,5.8774499893,5.9141149521,5.7583460808,5.6752943993,5.5044159889,5.6104655266,5.4139175415,5.4027757645,5.2186880112,5.1975016594,4.934855938,4.9130935669,1.7768745422,1.9359018803,2.1465408802,2.2807862759,2.3494973183,2.3861505985,2.409604311,2.2595689297,1.8644171953,1.6636687517,1.6563959122,1.5286738873,1.487238884,1.5329034328,1.3814100027,1.3032484055,1.331022501,1.3921430111,1.1916451454,1.1395773888,1.1120405197]},"step_min_q":{"0":[7.1126537323,6.8857226372,6.6793379784,6.2408928871,5.9946880341,5.464384079,5.0928983688,4.8114261627,4.8583459854,4.6371564865,4.3425250053,4.116350174,3.9563632011,3.4725506306,3.348982811,3.0200316906,2.9279801846,2.5079798698,2.3236396313,2.4398317337,2.1769442558,1.889070034,0.0,0.0,0.0,0.0,0.0,0.0,0.0,0.0,-0.0004998446,-0.1682026386,0.0,0.0,-0.061878562,-0.2645822763,-0.4926675558,-0.2643487453,-0.3763333559,-0.3888753653,-0.4771775007,-0.4677942991,-0.4252963066,-0.3788491488,-0.4926811457,-0.5604096651,-0.5325512886,-0.5650812387,-0.6078213453,-0.6131001711,-0.7274558544,-0.6816871166,-0.7444505692,-0.7462162971,-0.8663295507,-0.9326456785,-0.917137742,-0.8131247759,-0.8244167566,-0.7892529964,-0.7154597044,-0.9123860598,-0.9828162193,-1.0407749414,-0.9024195671,-0.7178400755,-0.7508648634,-0.8470510244,-0.8901897669,-1.1530081034,-0.7026121616,-0.747744441,-0.7910189629,-0.8053072691,-0.8820046186,-0.8746916056,-1.0488423109,-1.1029373407,-0.7758790255,-0.8186640739,-0.8126631975,-0.6595672369,-0.6030925512,-0.5777475834,-0.5775687695,-0.5190218687,-0.5835745335,-0.5584635735,-0.5214320421,-0.4474331141,-0.4808930159,-0.6966429949,-0.6672093868,-0.6466437578,-0.5763062239,-0.4291937351,-0.4321993589,-0.5721855164,-0.791846633,-0.7963922024,-0.4330067635,-0.4430809021,-0.4849284887,-0.4406687021,-0.4673433304,-0.473456502,-0.479118228,-0.5277507305,-0.5067998171,-0.5418936014,-0.5989911556,-0.5960425138,-0.6026833057,-0.5027456284,-0.6699022055,-0.60980618,-0.7907401323,-0.6919635534,-0.8193353415,-0.861610651,-0.7927823067,-0.7205690145,-0.646848917,0.0,0.0,0.0,0.0,0.0,0.0,0.0,0.0,-0.1094670296,-0.0371743441,-0.1270031929,-0.2483379841,-0.1361299753,0.0,0.0,0.0,0.0,0.0,0.0,0.0,0.0,0.0,0.0,0.0,0.0,0.0,0.0,0.0,0.0,0.0,-0.1105314493,0.0,-0.0884531736,-0.1030676365,0.0,0.0,0.0,0.0,0.0]},"step_mean_q":{"0":[11.4280605316,11.592455864,11.554930687,11.6056470871,11.6308994293,11.5977621078,11.5241889954,11.4773426056,11.3642635345,11.2318515778,11.0566501617,10.8719062805,10.6791362762,10.4498233795,10.1911201477,9.9362220764,9.6821327209,9.4019737244,9.1195001602,8.8495693207,8.5710582733,8.2718849182,7.9900054932,7.7249550819,7.4466471672,7.1659965515,6.9027824402,6.6566419601,6.405236721,6.1533784866,5.907535553,5.6836633682,5.4473676682,5.2107930183,4.995554924,4.7962112427,4.5809993744,4.3782739639,4.1803736687,3.9964156151,3.8104765415,3.6329169273,3.4648377895,3.3075962067,3.177867651,3.0436747074,2.9150555134,2.8124666214,2.7101385593,2.6302392483,2.5430185795,2.4749612808,2.3985376358,2.3614535332,2.3108813763,2.2828600407,2.2548086643,2.2155668736,2.1818013191,2.1748681068,2.1760976315,2.1820223331,2.1560599804,2.1535828114,2.1741707325,2.2087802887,2.2105967999,2.1880679131,2.1728713512,2.1823220253,2.1823978424,2.1913423538,2.193800211,2.1751656532,2.1824884415,2.1769959927,2.173828125,2.2053272724,2.2524857521,2.2430944443,2.2318854332,2.2025816441,2.2235126495,2.2298321724,2.2033529282,2.1948006153,2.2029211521,2.2433030605,2.2871620655,2.2432870865,2.2210183144,2.2113599777,2.1851508617,2.1849894524,2.1118752956,2.066381216,2.062882185,2.0486614704,2.0340301991,2.064838171,1.9952155352,1.9703834057,1.9654145241,1.9720028639,1.9554957151,1.9712343216,1.9353681803,1.8952026367,1.8845254183,1.9102965593,1.8539727926,1.8645255566,1.8514391184,1.9046795368,1.8727114201,1.9482862949,1.9367944002,1.9198732376,1.8117619753,1.8620092869,1.9398932457,1.9503085613,1.9365519285,1.9637452364,2.0982737541,2.1266341209,2.1143608093,1.9798982143,2.1671226025,2.1525845528,2.0180799961,1.9226410389,1.9987610579,2.0292077065,1.9652802944,1.5946178436,1.5378684998,1.5563243628,1.413331151,1.3502098322,1.2755148411,0.9073618054,1.0613386631,1.1490544081,1.1594555378,1.1283452511,1.0885962248,1.1170194149,1.3504610062,1.1722985506,1.1207494736,1.1101294756,1.0106960535,0.860036552,0.8770009875,0.7072806358,0.5847433209,0.6190746427,0.5800099969,0.6563988924,0.5913177133,1.1120405197]},"episodes_still_running":{"0":[4096.0,4096.0,4096.0,4096.0,4096.0,4096.0,4096.0,4096.0,4096.0,4096.0,4096.0,4096.0,4096.0,4096.0,4096.0,4096.0,4096.0,4096.0,4096.0,4096.0,4096.0,4096.0,4095.0,4095.0,4095.0,4095.0,4095.0,4095.0,4094.0,4093.0,4093.0,4093.0,4092.0,4092.0,4091.0,4090.0,4086.0,4078.0,4075.0,4065.0,4054.0,4043.0,4026.0,4001.0,3960.0,3919.0,3871.0,3813.0,3731.0,3634.0,3546.0,3443.0,3335.0,3196.0,3066.0,2931.0,2802.0,2681.0,2554.0,2421.0,2279.0,2142.0,2014.0,1899.0,1766.0,1654.0,1551.0,1467.0,1399.0,1312.0,1220.0,1135.0,1051.0,1000.0,942.0,891.0,831.0,778.0,720.0,687.0,636.0,604.0,564.0,524.0,498.0,469.0,436.0,405.0,377.0,348.0,328.0,314.0,294.0,273.0,257.0,239.0,223.0,210.0,192.0,181.0,166.0,161.0,154.0,144.0,132.0,124.0,119.0,115.0,108.0,101.0,95.0,84.0,83.0,78.0,71.0,64.0,62.0,58.0,55.0,50.0,45.0,43.0,38.0,32.0,28.0,26.0,26.0,23.0,21.0,20.0,19.0,17.0,15.0,14.0,14.0,12.0,11.0,10.0,7.0,7.0,7.0,5.0,4.0,4.0,4.0,4.0,4.0,4.0,3.0,3.0,3.0,3.0,3.0,3.0,3.0,3.0,3.0,3.0,3.0,2.0,2.0,1.0]},