{"max_q":{"0":14.8594083786},"min_q":{"0":-1.7885597944},"mean_q":{"0":6.9732370377},"range_q":{"0":16.6479682922},"step_max_q":{"0":[14.1571674347,14.3964490891,14.6211051941,14.8358039856,14.8594083786,14.6865901947,14.7289209366,14.6016130447,14.2950744629,14.0631561279,13.9253902435,13.6905050278,13.316860199,13.2857112885,13.0138549805,12.6703472137,12.3691749573,12.236287117,12.178360939,11.9633998871,11.846529007,11.4372558594,11.9544963837,12.4927406311,11.5685901642,11.2910890579,10.7124385834,10.6340751648,10.3199195862,10.7847604752,9.8627338409,9.7047491074,9.518248558,9.3345947266,8.9242105484,8.933549881,8.6394071579,8.4241962433,8.3754901886,8.3177986145,8.1164360046,7.9681549072,7.8023500443,7.5862154961,7.4649839401,7.2078819275,7.1164598465,7.0529475212,6.9711313248,6.8326663971,6.9103651047,6.912311554,6.9308257103,6.9851560593,6.9894742966,7.0212306976,7.1261043549,7.1026673317,7.1149511337,7.1256422997,7.1431493759,7.1970891953,7.1857018471,7.2627086639,7.2587575912,7.298327446,7.2774219513,7.3348155022,7.4168581963,7.3562793732,7.4249410629,7.4794101715,7.4835205078,7.4810829163,7.4681682587,7.5746665001,7.4565219879,7.6105775833,7.6573762894,7.7451367378,7.5545530319,7.7452702522,7.620206356,7.6274018288,7.5579304695,7.6297369003,7.6445579529,7.6678948402,7.729839325,7.5554037094,7.6274423599,7.6786355972,7.7775044441,7.8028745651,7.7531628609,7.6662964821,7.7851572037,7.8054990768,7.7144203186,7.6196546555,7.562306881,7.5168008804,7.5111703873,7.4760518074,7.5484056473,7.6910991669,7.4416007996,7.2838625908,7.1354517937,6.986366272,7.0284938812,6.8432908058,6.8043270111,6.6394252777,6.5288476944,6.5045518875,6.3647499084,6.3948602676,6.3311014175,6.2347230911,6.1518945694,6.1138076782,6.2172966003,5.9753065109,6.027176857,6.0423598289,6.1305408478,6.2240252495,6.0641746521,6.0975375175,5.9925041199,5.8499865532,5.7288351059,5.6108140945,5.6128902435,5.7185511589,5.7489738464,5.8637218475,5.9131116867,5.7557210922,5.61414814,5.5791559219,5.3072462082,5.2307634354,4.9373092651,5.0643968582,5.0388031006,5.1403627396,5.005821228,4.9655871391,4.8772406578,4.7691507339,4.6309556961,4.6091198921,4.4670124054,4.4750413895,4.1469745636,4.0424251556,4.2175731659,4.2052540779,4.3849201202,4.240831852,4.3317723274,4.5295314789,4.516210556,4.5446181297,4.6042032242,4.6486086845,4.5707798004,4.583234787]},"step_min_q":{"0":[11.5650110245,11.5894136429,11.9423294067,11.467218399,11.6255397797,11.1146678925,10.9170312881,10.8969974518,9.9394073486,9.4650650024,8.7325620651,7.9847450256,7.0054740906,6.3042445183,6.1546678543,5.4395318031,5.2694606781,5.1580467224,4.5329036713,3.4667956829,3.1307005882,2.9154138565,2.7581644058,2.5172162056,2.0073609352,1.8912004232,1.8985937834,1.5988699198,-0.1832594872,-0.1785919666,-0.2115676403,-0.978110075,-0.1703138351,-0.4936301708,-0.7197332382,-0.8870072365,-0.7034261227,-0.2769149542,-1.1718184948,-1.4191124439,-1.2241660357,-1.1937775612,-1.250565052,-1.7593649626,-1.7885597944,-0.7928975224,-0.6076219082,-0.792992115,-0.9494463205,-1.1414222717,-1.1677755117,-0.6473312378,-0.2544813156,-0.2685137987,-0.2280752659,-0.2365077734,0.0,0.0,-0.0219210982,0.0,-0.1208691597,-0.0594184399,-0.1191812754,-0.2853187323,-0.2383904457,0.0,0.0,0.0,0.0,0.0,0.0,0.0,0.0,0.0,0.0,0.0,0.0,0.0,0.0,0.0,0.0,0.0,0.0,0.0,0.0,0.0,0.0,0.0,0.0,0.0,0.0,0.0,0.0,0.0,0.0,0.0,0.0,0.0,0.0,0.0,0.0,0.0,0.0,0.0,0.0,0.0,0.0,0.0,0.0,0.0,0.0,-0.3827927113,0.0,-0.3227394819,-0.1502605677,-0.1360471249,-0.2496130466,-0.3520345688,-0.4266042709,-0.7440184355,-0.644302249,-0.8878631592,-0.7946553826,-0.7948160172,-0.6503942609,-0.7113854885,0.0,0.0,-0.1279470921,-0.1168359518,-0.0493150353,-0.172247529,-0.2727595568,-0.4803581238,-0.2546160221,-0.4056397676,-0.3353697062,-0.3883202076,-0.2799249887,-0.3045082092,-0.382814765,-0.4544844031,-0.7401783466,-0.4333012104,-0.7456747293,-0.5309430361,-0.7172848582,-0.4240710139,-0.0716136396,-0.0376279354,-0.1162748039,-0.4891893864,-0.8816088438,-0.8659608364,-0.8856830597,-0.2736779451,-0.8552126884,-0.1000902057,-0.093539983,-0.0200566053,-0.0522662997,-0.2787353396,-0.144541204,-0.2109244168,-0.2851016223,-0.3509248495,-0.4610718489,0.0,0.0,0.0]},"step_mean_q":{"0":[13.6045436859,13.8008728027,13.979839325,14.1617603302,14.1239614487,14.0023479462,14.0252656937,13.834736824,13.48188591,13.2511234283,13.0919971466,12.8437433243,12.4421043396,12.2063846588,11.9990310669,11.7498979568,11.388250351,11.1287517548,10.9309072495,10.6606788635,10.3641834259,10.1510810852,9.9642009735,9.7468414307,9.5328178406,9.3569602966,9.1967716217,8.9910097122,8.7875986099,8.6058807373,8.3911180496,8.1663999557,7.9328346252,7.729886055,7.482872963,7.2468323708,7.0223464966,6.8178958893,6.6033201218,6.3992648125,6.2228727341,6.0763978958,5.9326696396,5.828561306,5.7369632721,5.6786894798,5.6477637291,5.6670207977,5.6560664177,5.655444622,5.6593499184,5.6794028282,5.7047858238,5.7180919647,5.7502207756,5.7648377419,5.7932591438,5.8259191513,5.8378324509,5.8519306183,5.8743991852,5.89575243,5.9181113243,5.9380049706,5.9507513046,5.9818763733,5.9956068993,6.0051913261,6.0268044472,6.0475687981,6.0587406158,6.0715408325,6.0823769569,6.0878834724,6.0937008858,6.1001014709,6.1021399498,6.1018981934,6.1030302048,6.0922021866,6.0861787796,6.0774512291,6.0656971931,6.0548424721,6.0346236229,6.0083141327,5.976123333,5.940829277,5.9004788399,5.8585906029,5.8074212074,5.7604956627,5.709731102,5.6532950401,5.5887846947,5.514737606,5.446928978,5.3744006157,5.2822604179,5.2067832947,5.1149725914,5.0334291458,4.936727047,4.843556881,4.7439894676,4.6486988068,4.5553488731,4.4518280029,4.3658137321,4.287173748,4.1942873001,4.1127748489,4.0153331757,3.9366261959,3.8484368324,3.7689671516,3.6987829208,3.6174426079,3.5375607014,3.474416256,3.4044013023,3.3498589993,3.2901866436,3.2562949657,3.1961462498,3.121172905,3.0889215469,3.0466082096,2.9874870777,2.9328873158,2.9011809826,2.8784422874,2.8208043575,2.7836971283,2.7210719585,2.6589961052,2.6097753048,2.5381836891,2.4991827011,2.465719223,2.4901299477,2.4900648594,2.4384102821,2.4171690941,2.4292123318,2.3694882393,2.3646614552,2.3802583218,2.3625452518,2.3886330128,2.3397483826,2.2391657829,2.2126920223,2.1317152977,2.1235628128,2.1093063354,2.0650384426,2.0422654152,2.0515322685,2.0002250671,2.0101599693,1.8391479254,1.7944054604,1.7389187813,1.6775017977,1.6597055197,1.6374613047,1.7432279587,1.7133038044,1.7346662283]},"episodes_still_running":{"0":[4096.0,4096.0,4096.0,4096.0,4096.0,4096.0,4096.0,4096.0,4096.0,4096.0,4096.0,4096.0,4096.0,4096.0,4096.0,4096.0,4096.0,4096.0,4096.0,4096.0,4096.0,4096.0,4096.0,4096.0,4096.0,4096.0,4096.0,4096.0,4096.0,4096.0,4096.0,4096.0,4096.0,4096.0,4096.0,4096.0,4096.0,4096.0,4096.0,4096.0,4096.0,4096.0,4096.0,4084.0,4084.0,4084.0,4068.0,4028.0,4024.0,4020.0,4016.0,4004.0,3996.0,3996.0,3980.0,3980.0,3972.0,3960.0,3960.0,3960.0,3952.0,3948.0,3940.0,3936.0,3936.0,3924.0,3924.0,3924.0,3920.0,3912.0,3912.0,3908.0,3908.0,3908.0,3908.0,3904.0,3904.0,3904.0,3904.0,3904.0,3904.0,3904.0,3900.0,3900.0,3900.0,3900.0,3900.0,3900.0,3900.0,3900.0,3896.0,3896.0,3892.0,3888.0,3888.0,3880.0,3876.0,3872.0,3868.0,3856.0,3856.0,3828.0,3816.0,3796.0,3772.0,3740.0,3700.0,3668.0,3600.0,3532.0,3468.0,3376.0,3292.0,3180.0,3100.0,2988.0,2848.0,2732.0,2644.0,2540.0,2404.0,2276.0,2132.0,1980.0,1840.0,1732.0,1624.0,1492.0,1408.0,1340.0,1268.0,1184.0,1104.0,1024.0,972.0,928.0,868.0,824.0,796.0,736.0,672.0,608.0,572.0,552.0,520.0,500.0,464.0,436.0,420.0,404.0,380.0,372.0,348.0,328.0,308.0,288.0,272.0,260.0,236.0,212.0,200.0,184.0,180.0,180.0,180.0,160.0,148.0,128.0,124.0,108.0]},