{"max_q":{"0":15.2998771667},"min_q":{"0":-0.253869772},"mean_q":{"0":7.0026569366},"range_q":{"0":15.5537471771},"step_max_q":{"0":[14.7255163193,15.1526708603,15.2998771667,14.660651207,14.6292991638,14.3686523438,14.4804515839,14.0825481415,13.728761673,13.9524765015,13.7744112015,13.3854999542,12.9618606567,13.509344101,13.1067123413,12.1924676895,11.7393436432,11.3013553619,10.9118099213,10.8892889023,10.6126766205,10.1003131866,9.5057821274,9.2585582733,9.6437177658,9.9718379974,9.6175909042,8.5027828217,9.0861778259,7.3466062546,7.2089037895,6.8629980087,6.3991174698,6.3246555328,6.1713647842,5.7793946266,5.4923257828,5.4640426636,5.4092550278,4.8509674072,4.9398188591,4.355225563,4.4378108978,4.2039718628,4.0315289497,4.1177706718,4.0175614357,3.9136278629,3.8252382278,3.880746603,3.5442624092,3.6023349762,3.6524059772,3.3818874359,3.7026786804,3.0994837284,3.3310632706,2.7581162453,3.1492698193,2.8468255997,2.8281109333,1.332701683,1.3425437212,1.3488409519,1.3526966572,1.354804039,1.3556549549,1.3555918932,1.3548541069,1.3504931927,1.342564702,1.3344775438,1.3263214827,1.3181664944,1.3100652695,1.3020572662,1.2941718102,1.2864289284,1.2788646221,1.2714072466,1.2640322447,1.2568277121,1.2497925758,1.2434797287,1.2373220921,1.2311115265,1.2250133753,1.2150850296,1.2050080299,1.1950483322,1.1851992607,1.1754542589,1.165805459,1.1572740078,1.149286747,1.1413567066,1.1334793568,1.125556469,1.1176693439,1.1092886925,1.1011352539,1.0932828188,1.0854697227,1.0776935816,1.0699521303,1.062243104,1.0545651913,1.0468399525,1.0387735367,1.0307154655,1.0227319002,1.0147907734,1.0068888664,0.998884201,0.9908843637,0.9799189568,0.9681176543,0.9563444853,0.9445976019,0.9399430156,0.9423868656,0.9448640943,0.947373271,0.949914515,0.9524862766,0.9550880194,0.9577193856,0.9603789449,0.9630667567,0.9657818675,0.9685233235,0.9712904096,0.9740830064,0.9768999219,0.9797410965,0.9826050401,0.9854916334,0.9884003997,0.9907072186,0.9927799702,0.994872272,0.9969836473,0.999115169,1.0012645721,1.0034315586,1.0056167841,1.007818222,1.0100365877,1.0122697353,1.0154476166]},"step_min_q":{"0":[10.6753845215,10.648399353,10.1506710052,9.0074596405,9.0127706528,7.9842801094,7.9797644615,7.5887327194,6.4720811844,6.3026280403,6.1347179413,5.4762759209,4.674580574,4.5078091621,3.4068837166,3.5135946274,2.9155817032,2.6682243347,2.1867227554,1.4841990471,1.6165679693,1.2925213575,0.7492508888,0.2822697163,0.2512831688,0.107840538,0.1704251766,0.0093309879,0.0,-0.052993536,-0.2117836475,-0.0992691517,-0.2216858864,-0.1873351336,-0.2121425867,-0.0671420097,-0.0768830776,-0.1376152039,-0.1193045378,-0.1518387794,-0.1757302284,-0.1049510241,-0.1128203869,-0.253869772,-0.1238709688,-0.1009868383,-0.1850113869,-0.1880723238,-0.1267625093,-0.1360197067,-0.1607791185,-0.0345678329,0.0,0.0,0.0,0.0,0.0,0.0,0.0,0.0,0.0,0.0,0.0,0.0,0.0,0.0,0.0,0.0,0.0,0.0,0.0,0.0,0.0,0.0,0.0,0.0,0.0,0.0,0.0,0.0,0.0,0.0,0.0,0.0,0.0,0.0,0.0,0.0,0.0,0.0,0.0,0.0,0.0,0.0,0.0,0.0,0.0,0.0,0.0,0.0,0.0,0.0,0.0,0.0,0.0,0.0,0.0,0.0,0.0,0.0,0.0,0.0,0.0,0.0,0.0,0.0,0.0,0.0,0.0,0.0,0.0,0.0,0.0,0.0,0.0,0.0,0.0,0.0,0.0,0.0,0.0,0.0,0.0,0.0,0.0,0.0,0.0,0.0,0.0,0.0,0.0,0.0,0.0,0.0,0.0,0.0,0.0,0.0,0.0,0.0]},"step_mean_q":{"0":[13.2475605011,13.4359550476,13.3966360092,13.1856365204,13.1234083176,12.7004470825,12.55372715,12.1088409424,11.667766571,11.43546772,10.9607067108,10.6930656433,10.1834926605,9.8431930542,9.3887214661,9.016866684,8.6164283752,8.194814682,7.8165483475,7.3689289093,6.9806275368,6.5537443161,6.1480360031,5.7687878609,5.4039382935,5.0461268425,4.7239189148,4.3914675713,4.12377882,3.8759043217,3.5993084908,3.3515026569,3.1645958424,2.9884939194,2.825160265,2.6945443153,2.596467495,2.5471189022,2.4631266594,2.42730093,2.3566486835,2.3634197712,2.3489699364,2.3311264515,2.3530297279,2.3639371395,2.2949585915,2.3330087662,2.1802666187,2.016217947,1.9249690771,1.8729197979,1.8941493034,1.7276365757,2.1020855904,1.9053083658,1.9516918659,1.2667227983,1.6137005091,1.5239070654,1.5255581141,0.8820916414,0.8871501088,0.8905411959,0.8928445578,0.8948658109,0.8964899778,0.8977097869,0.8981976509,0.8968812823,0.8937234879,0.8904572725,0.8871503472,0.8838618994,0.8806078434,0.8773597479,0.8741861582,0.8711018562,0.8681251407,0.8652204871,0.8623764515,0.85963732,0.857002914,0.8547506332,0.8524749279,0.8501242995,0.847838223,0.8438214064,0.8400893211,0.8358815312,0.8315716982,0.8272998929,0.8230856061,0.8194394112,0.8160743713,0.8127461076,0.8094520569,0.8061437607,0.8028617501,0.7993412018,0.7959189415,0.7924755812,0.7887537479,0.7851718068,0.7816118598,0.7780027986,0.7743791342,0.7707359791,0.766926229,0.7631245255,0.7593637705,0.7556275129,0.7519142628,0.7481529713,0.744397521,0.7391620874,0.7335112095,0.7278771996,0.7222585082,0.7201882601,0.7216694951,0.723169446,0.7246872783,0.7262231112,0.7277758121,0.7293450832,0.7309309244,0.7325322628,0.7341490984,0.7357807159,0.737426877,0.7390869856,0.7407609224,0.7424479723,0.7441481948,0.745860815,0.7475852966,0.7493219376,0.7507581711,0.7520779967,0.753408432,0.7547489405,0.7560999393,0.757460475,0.7588304877,0.7602100372,0.7615978718,0.7629947662,0.7643992305,0.7662766576]},"episodes_still_running":{"0":[4096.0,4096.0,4096.0,4096.0,4096.0,4096.0,4096.0,4096.0,4096.0,4096.0,4096.0,4096.0,4096.0,4096.0,4096.0,4096.0,4096.0,4096.0,4096.0,4096.0,4096.0,4096.0,4096.0,4096.0,4096.0,4096.0,4096.0,4096.0,4092.0,4080.0,4068.0,4040.0,3988.0,3920.0,3844.0,3772.0,3668.0,3516.0,3400.0,3264.0,3132.0,2948.0,2740.0,2448.0,2120.0,1792.0,1408.0,1072.0,776.0,572.0,392.0,268.0,200.0,124.0,76.0,52.0,32.0,16.0,12.0,12.0,12.0,8.0,8.0,8.0,8.0,8.0,8.0,8.0,8.0,8.0,8.0,8.0,8.0,8.0,8.0,8.0,8.0,8.0,8.0,8.0,8.0,8.0,8.0,8.0,8.0,8.0,8.0,8.0,8.0,8.0,8.0,8.0,8.0,8.0,8.0,8.0,8.0,8.0,8.0,8.0,8.0,8.0,8.0,8.0,8.0,8.0,8.0,8.0,8.0,8.0,8.0,8.0,8.0,8.0,8.0,8.0,8.0,8.0,8.0,8.0,8.0,8.0,8.0,8.0,8.0,8.0,8.0,8.0,8.0,8.0,8.0,8.0,8.0,8.0,8.0,8.0,8.0,8.0,8.0,8.0,8.0,8.0,8.0,8.0,8.0,8.0,8.0,8.0,8.0,8.0]},"step_range_q":{"0":[4.0501317978,4.5042715073,5.1492061615,5.6531915665,5.616528511,6.3843722343,6.5006871223,6.4938154221,7.2566804886,7.6498484612,7.6396932602,7.9092240334,8.2872800827,9.0015354156,9.6998291016,8.6788730621,8.82376194,8.6331310272,8.7250871658,9.405090332,8.9961090088,8.8077917099,8.7565307617,8.9762887955,9.3924350739,9.8639974594,9.4471654892,8.4934520721,9.0861778259,7.399600029,7.4206876755,6.962266922,6.6208033562,6.5119905472,6.3835072517,5.8465366364,5.5692090988,5.6016578674,5.5285596848,5.0028061867,5.1155490875,4.4601764679,4.5506315231,4.4578418732,4.1553997993,4.2187576294,4.2025728226,4.1017003059,3.952000618,4.0167665482,3.7050414085,3.6369028091,3.6524059772,3.3818874359,3.7026786804,3.0994837284,3.3310632706,2.7581162453,3.1492698193,2.8468255997,2.8281109333,1.332701683,1.3425437212,1.3488409519,1.3526966572,1.354804039,1.3556549549,1.3555918932,1.3548541069,1.3504931927,1.342564702,1.3344775438,1.3263214827,1.3181664944,1.3100652695,1.3020572662,1.2941718102,1.2864289284,1.2788646221,1.2714072466,1.2640322447,1.2568277121,1.2497925758,1.2434797287,1.2373220921,1.2311115265,1.2250133753,1.2150850296,1.2050080299,1.1950483322,1.1851992607,1.1754542589,1.165805459,1.1572740078,1.149286747,1.1413567066,1.1334793568,1.125556469,1.1176693439,1.1092886925,1.1011352539,1.0932828188,1.0854697227,1.0776935816,1.0699521303,1.062243104,1.0545651913,1.0468399525,1.0387735367,1.0307154655,1.0227319002,1.0147907734,1.0068888664,0.998884201,0.9908843637,0.9799189568,0.9681176543,0.9563444853,0.9445976019,0.9399430156,0.9423868656,0.9448640943,0.947373271,0.949914515,0.9524862766,0.9550880194,0.9577193856,0.9603789449,0.9630667567,0.9657818675,0.9685233235,0.9712904096,0.9740830064,0.9768999219,0.9797410965,0.9826050401,0.9854916334,0.9884003997,0.9907072186,0.9927799702,0.994872272,0.9969836473,0.999115169,1.0012645721,1.0034315586,1.0056167841,1.007818222,1.0100365877,1.0122697353,1.0154476166]},"mean_loss:":{"0":0.1646004021},"rmse":{"0":0.4057097435},