{"max_q":{"0":23.7624015808},"min_q":{"0":-0.6123014688},"mean_q":{"0":5.8966789246},"range_q":{"0":24.3747024536},"step_max_q":{"0":[21.5338344574,20.8877353668,21.2204532623,23.1196632385,22.3399772644,22.491394043,23.0830860138,22.2700748444,23.3162841797,23.7624015808,23.2930526733,22.1741905212,21.919927597,21.1347923279,20.8105831146,20.7191181183,21.0349216461,20.0792827606,20.4803657532,19.4110355377,18.4505119324,19.3436374664,18.0082015991,18.2457618713,18.3122406006,17.6036891937,16.926700592,16.8552761078,17.1749477386,16.9486465454,15.7629070282,16.7944869995,15.8712558746,16.2310180664,15.287194252,16.2826328278,14.8746109009,14.7309341431,14.1445064545,13.7231941223,13.569196701,13.5833854675,12.9439487457,12.4947509766,12.1707286835,11.7188472748,11.3647212982,11.03150177,11.463312149,10.5383558273,10.7143135071,10.0432491302,10.0689315796,9.0612707138,8.7787466049,8.6865129471,8.6186952591,8.218421936,8.1032085419,8.0433692932,8.242307663,8.0464515686,7.7599420547,8.0688476562,7.4117832184,7.4421834946,7.3220844269,7.0978164673,6.8937711716,7.0802431107,7.0501389503,6.8220052719,6.7500796318,6.5562944412,6.5788836479,6.2094573975,6.4036507607,6.5544338226,6.2156939507,6.1005682945,6.2692027092,6.1910605431,6.2707037926,6.3859224319,6.2556247711,5.9201307297,6.0495696068,6.2024784088,5.7599153519,6.1607923508,5.7969388962,5.945977211,5.8752045631,6.0161933899,6.1809954643,5.9481229782,5.6923856735,5.8861680031,5.8929615021,5.7404441833,5.9334578514,5.6053328514,5.4858427048,5.6075692177,5.5742082596,5.5074062347,5.4683427811,5.1815943718,5.2144055367,4.9765744209,5.1603431702,4.81838274,4.8153204918,4.8253898621,4.6293005943,4.5526299477,4.4792742729,4.5362963676,4.378800869,4.4528989792,4.2585244179,4.4486951828,4.2605042458,4.3589687347,4.3472614288,4.3815250397,4.1836233139,4.425579071,4.314098835,4.411406517,4.5123291016,4.4852848053,4.6245222092,4.3036799431,4.5361099243,4.6786322594,4.4673480988,4.4404830933,4.3533763885,3.8940863609,3.8508343697,3.9311609268,3.5350279808,3.4598350525,3.4346916676,3.5481228828]},"step_min_q":{"0":[6.6069302559,5.8911809921,5.9791259766,5.9397644997,5.929268837,5.5717711449,4.8894066811,4.7195205688,4.3435978889,4.2534708977,3.9697077274,3.9242312908,3.9692628384,3.5084302425,3.5323531628,3.0280106068,0.0,0.0,0.0,0.0,0.0,0.0,0.0,0.0,0.0,0.0,0.0,0.0,0.0,0.0,0.0,0.0,0.0,0.0,-0.0717927814,0.0,-0.1646424532,-0.1544244289,-0.473497808,-0.1433136463,-0.3240236044,-0.3073762953,-0.2722815275,-0.3342447281,-0.1969711035,-0.2958542109,-0.3582584858,-0.4026120901,-0.4509197474,-0.5106396675,-0.4298013151,-0.3401192129,-0.3276205659,-0.4618926346,-0.3487867117,-0.328194797,-0.4707556069,-0.3656773567,-0.2958245873,-0.3733136654,-0.3707045317,-0.5236318111,-0.5107555389,-0.4926299453,-0.3591018021,-0.4788137376,-0.4920902848,-0.5242525935,-0.4493670464,-0.3551186323,-0.3247919381,-0.3992341757,-0.3506603241,-0.345564276,-0.4033743143,-0.3360293508,-0.5070878863,-0.398689419,-0.3890565038,-0.5423011184,-0.5530475378,-0.6123014688,-0.3316438198,-0.4620693326,-0.3704776466,-0.3766247332,-0.3169362247,-0.3163699508,-0.5483115911,-0.2419270575,-0.3061080575,-0.2202448249,-0.2616661191,-0.279951036,-0.3038341701,-0.2409266531,-0.3248491585,-0.3414304852,-0.3238062561,-0.2850092053,-0.2148662806,-0.2521815598,-0.2624036074,-0.2680315375,-0.3211495876,-0.2261581421,-0.1584948301,-0.2335407138,-0.2395870537,-0.2514295578,-0.47042799,-0.2900344133,-0.2697651386,-0.167255193,-0.1667413414,-0.2083366662,-0.2004264742,-0.4341952801,-0.250369221,-0.0734262392,-0.010904124,-0.1051296294,-0.0894604772,-0.1518107057,-0.1511776149,-0.1165444255,-0.1355759054,-0.1083953381,-0.1474636495,-0.0518180132,-0.0496137589,-0.118593134,-0.0556614995,-0.2291951627,-0.2144630253,-0.2610563636,-0.266078651,-0.2049582005,-0.1660562754,-0.2194835246,-0.2188575417,-0.2612009943,-0.2037345618,0.0,0.0,0.0]},"step_mean_q":{"0":[10.8051204681,10.8573226929,10.8382873535,10.8950710297,10.969039917,10.9732952118,10.9267635345,10.8998355865,10.843621254,10.7720623016,10.6327924728,10.4622545242,10.3011026382,10.1144666672,9.901219368,9.6820354462,9.4699764252,9.2287168503,8.9912643433,8.7568292618,8.5091743469,8.2484903336,7.9919214249,7.7251105309,7.4574146271,7.1947846413,6.9255003929,6.6775045395,6.4168920517,6.1687793732,5.9176273346,5.683986187,5.4514145851,5.2193398476,5.0062036514,4.7935647964,4.5717744827,4.3678336143,4.1718139648,3.9832317829,3.7987179756,3.6253609657,3.4706287384,3.3076219559,3.1517207623,3.0167732239,2.885340929,2.7778725624,2.6743273735,2.579641819,2.497297287,2.4056897163,2.3524549007,2.305341959,2.2546949387,2.2136127949,2.1733810902,2.150239706,2.1145234108,2.0972971916,2.0820412636,2.0637292862,2.0444247723,2.040730238,2.0439968109,2.0609176159,2.0507159233,2.0428171158,2.05809021,2.0200300217,2.0061314106,2.0047380924,1.9747309685,1.9648373127,1.9533865452,1.9540252686,1.9778978825,1.9842151403,1.9594043493,1.9491081238,1.9371900558,1.947930932,1.9722622633,1.9765973091,1.959733367,1.9666495323,1.9974921942,1.9933789968,1.9912091494,1.965839982,1.9150395393,1.9305434227,1.9145220518,1.8484703302,1.8234386444,1.8160756826,1.7887542248,1.7935568094,1.7555012703,1.7490956783,1.7388935089,1.7296346426,1.6988823414,1.6532194614,1.6200509071,1.6378321648,1.5746325254,1.5581048727,1.4953540564,1.5497813225,1.6430652142,1.732704401,1.6677429676,1.6882184744,1.7387565374,1.6777790785,1.6315486431,1.6258339882,1.7418984175,1.5999846458,1.6024651527,1.5342478752,1.7214730978,1.5840274096,1.5557380915,1.7206568718,1.6127631664,1.7142726183,1.6851181984,1.4589648247,1.363973856,1.3646225929,1.4598072767,1.4262266159,1.612457037,1.3322774172,1.1368533373,1.1680933237,1.1946018934,1.0131465197,1.0037797689,1.0344302654,0.9556735754,1.2789827585,1.243530035,3.5481228828]},"episodes_still_running":{"0":[4096.0,4096.0,4096.0,4096.0,4096.0,4096.0,4096.0,4096.0,4096.0,4096.0,4096.0,4096.0,4096.0,4096.0,4096.0,4096.0,4095.0,4095.0,4095.0,4095.0,4095.0,4094.0,4094.0,4094.0,4094.0,4094.0,4094.0,4094.0,4094.0,4094.0,4094.0,4093.0,4093.0,4093.0,4092.0,4090.0,4090.0,4088.0,4087.0,4084.0,4077.0,4059.0,4044.0,4029.0,4006.0,3980.0,3945.0,3896.0,3833.0,3774.0,3693.0,3608.0,3507.0,3405.0,3287.0,3149.0,3015.0,2872.0,2754.0,2616.0,2488.0,2371.0,2240.0,2101.0,1976.0,1837.0,1729.0,1614.0,1513.0,1430.0,1343.0,1266.0,1199.0,1134.0,1068.0,995.0,931.0,872.0,816.0,760.0,705.0,658.0,611.0,579.0,546.0,513.0,483.0,456.0,420.0,385.0,354.0,328.0,315.0,296.0,278.0,259.0,240.0,222.0,207.0,188.0,177.0,171.0,163.0,152.0,140.0,125.0,114.0,105.0,95.0,85.0,76.0,66.0,63.0,54.0,48.0,43.0,38.0,35.0,31.0,27.0,26.0,23.0,19.0,15.0,15.0,13.0,13.0,11.0,11.0,10.0,10.0,10.0,9.0,8.0,7.0,6.0,6.0,6.0,6.0,5.0,5.0,5.0,4.0,3.0,3.0,1.0]},