{"max_q":{"0":18.868806839},"min_q":{"0":-1.0164661407},"mean_q":{"0":11.9754600525},"range_q":{"0":19.8852729797},"step_max_q":{"0":[16.7345371246,17.2382583618,17.6379375458,18.4662265778,18.868806839,18.5457305908,18.2253551483,17.6996994019,16.9546718597,16.419588089,16.0507144928,15.521697998,14.6183481216,14.1596298218,13.82035923,13.5500965118,12.9550170898,12.4003295898,11.4230766296,11.1135921478,10.610707283,10.0773677826,9.9314289093,8.9410123825,8.6362018585,8.1733818054,7.7546625137,8.1270942688,7.3202047348,7.2658939362,6.7591304779,6.3722553253,6.1837263107,6.0763835907,4.6834416389,5.2175145149,5.4388341904,3.8756000996,3.4543633461,2.4693589211,2.3068020344,0.9950010777,2.7325630188,3.4058754444]},"step_min_q":{"0":[14.7462244034,14.4130954742,14.8378915787,14.6867084503,13.7554759979,13.4905166626,11.9878406525,6.9558115005,7.1295428276,6.2824039459,4.6083469391,4.4570055008,3.2985396385,2.2185118198,3.0529484749,2.0308101177,1.6782667637,0.7774353027,0.2560777664,-0.46423769,0.3802976608,-0.1858487129,-1.0164661407,-0.0635817051,-0.6407790184,-0.4231100082,-0.8815181255,-0.4502198696,-0.8712995052,-0.5034925938,-0.5779075623,-0.2354319096,-0.6596801281,0.0,0.0,0.0,0.0,0.0,0.0,0.0,0.0,0.0,0.0,0.0]},"step_mean_q":{"0":[16.1385612488,16.3903770447,16.7537765503,17.3596687317,17.7578964233,17.1463394165,16.6101837158,15.9281978607,15.4187469482,14.9292287827,14.3216495514,13.7216033936,13.0579328537,12.4294528961,11.8164978027,11.2504701614,10.6306114197,10.0070257187,9.4733037949,8.9349575043,8.4100284576,7.9328904152,7.4464840889,7.0658974648,6.7112202644,6.3963599205,6.1649928093,5.9575538635,5.6707472801,5.1572794914,4.2328824997,3.2788636684,2.8431601524,4.9798769951,4.6834416389,5.2175145149,5.4388341904,3.8756000996,3.4543633461,2.4693589211,2.3068020344,0.9950010777,2.7325630188,3.4058754444]},"episodes_still_running":{"0":[4096.0,4096.0,4096.0,4096.0,4096.0,4096.0,4096.0,4096.0,4096.0,4096.0,4096.0,4096.0,4096.0,4096.0,4096.0,4096.0,4096.0,4096.0,4096.0,4096.0,4096.0,4096.0,4096.0,4084.0,4076.0,3992.0,3560.0,2600.0,1320.0,572.0,256.0,124.0,60.0,24.0,4.0,4.0,4.0,4.0,4.0,4.0,4.0,4.0,4.0,4.0]},"step_range_q":{"0":[1.9883127213,2.8251628876,2.8000459671,3.7795181274,5.1133308411,5.0552139282,6.2375144958,10.7438879013,9.8251285553,10.1371841431,11.4423675537,11.0646924973,11.31980896,11.9411182404,10.7674102783,11.5192861557,11.2767505646,11.6228942871,11.1669988632,11.577829361,10.2304096222,10.2632160187,10.94789505,9.0045938492,9.2769813538,8.5964918137,8.6361808777,8.5773143768,8.1915044785,7.7693862915,7.3370380402,6.6076869965,6.8434066772,6.0763835907,4.6834416389,5.2175145149,5.4388341904,3.8756000996,3.4543633461,2.4693589211,2.3068020344,0.9950010777,2.7325630188,3.4058754444]},"mean_loss:":{"0":0.228891626},"rmse":{"0":0.4784261882},"step_rmse":{"0":[0.3031709194,0.2981964946,0.3325869441,0.2582220435,0.2641595304,0.4000362456,0.5122994184,0.5259115696,0.5492979884,0.554802835,0.5712099671,0.5677658319,0.5969029069,0.5161839128,0.5414538383,0.5026879907,0.5353642702,0.5734947324,0.5219527483,0.5301929116,0.5109043717,0.4461953938,0.457097888,0.4424550533,0.4601889253,0.369709909,0.3666039705,0.3943782747,0.4473744631,0.6042585969,0.8890446424,1.0880961418,1.738188982,1.8704823256,0.1266222,1.1433506012,1.3366975784,0.1698782444,0.1370155811,0.5051865578,0.8483965397,2.2934229374,0.7171680927,0.0718591213]},"mean_error":{"0":0.2880274653},"step_mean_error":{"0":[0.1468104869,0.184226498,0.1960073262,0.17965056,0.2007986307,0.3045734763,0.3783586621,0.3814660311,0.3897406757,0.3866399527,0.3907987475,0.3622663021,0.3614379168,0.3283704519,0.3396540284,0.3206362426,0.3267861009,0.3224113584,0.3039753139,0.296178937,0.2813937068,0.2522836328,0.2399383783,0.2223975509,0.2226840258,0.2081691623,0.210118264,0.2397913933,0.2721888423,0.3665167987,0.5587188601,0.6611220837,1.168356061,1.2307198048,0.1266222,1.1433506012,1.3366975784,0.1698782444,0.1370155811,0.5051865578,0.8483965397,2.2934229374,0.7171680927,0.0718591213]},"mean_deviation":{"0":1.5083255768},"step_mean_deviation":{"0":[3.6295955181,3.8039348125,4.0554113388,3.3772833347,3.5093379021,4.487818718,4.002972126,3.4110591412,3.5905950069,3.6254498959,3.399230957,3.0698049068,2.7044723034,3.1368300915,3.0965101719,3.1037149429,2.9854857922,3.1328785419,2.8482220173,2.9902479649,2.9498529434,2.6176564693,2.5767290592,2.5186247826,2.5869479179,2.5965895653,2.7121412754,2.9309072495,3.7334794998,5.3684768677,7.3979153633,10.292049408,16.0707702637,21.0209083557,2.7787408829,28.0634403229,32.5853996277,4.199213028,3.8151245117,16.9836559296,26.8888473511,69.7423095703,35.5844955444,2.1553320885]},"epoch":{"0":270},"mask_name":{"0":"ally_shield"},"map_name":{"0":"8m_vs_9m"}}