{"max_q":{"0":15.4558486938},"min_q":{"0":-0.2638497353},"mean_q":{"0":7.0502181053},"range_q":{"0":15.7196979523},"step_max_q":{"0":[14.7184066772,15.4558486938,15.0448789597,14.7584114075,14.8739824295,14.685338974,14.5006351471,14.0499782562,14.7107849121,13.9510583878,13.4287643433,13.0828847885,13.4241771698,12.7868318558,12.5584878922,12.2892589569,12.1948823929,11.6960887909,11.4135971069,11.0744142532,10.3587083817,10.3087940216,10.0697574615,9.6667890549,9.0779752731,8.8188142776,8.4317436218,8.1683006287,7.700978756,7.2100944519,7.0651307106,6.8086967468,6.6021714211,6.1550474167,6.8803272247,5.7953157425,5.4523348808,5.2260570526,4.9025726318,4.7811441422,4.6505174637,4.2753715515,4.1386318207,4.2683582306,4.2160301208,4.1235909462,3.8227367401,3.9000492096,3.6644263268,3.6297974586,3.5800294876,3.5829639435,3.4945337772,3.5039486885,3.1352667809,3.1690325737,3.2885322571,3.0730688572,2.9414227009]},"step_min_q":{"0":[11.042678833,10.4290809631,10.0851583481,9.2814884186,8.7423410416,7.2630996704,6.9043416977,6.093670845,6.5191020966,6.1363191605,5.797273159,4.0893888474,3.4750523567,3.291074276,2.7368617058,2.6491241455,2.1906173229,1.9483863115,1.8253316879,1.3640375137,1.0157988071,0.8632735014,0.8197644949,0.6489198804,0.4417200089,0.3639176488,0.0,0.0,0.0,-0.0275424719,-0.025936842,-0.0805157423,-0.0733414888,-0.1963435411,-0.1105267406,-0.1611227989,-0.235158205,-0.0897288322,-0.1504489779,-0.1666093469,-0.2638497353,-0.1183924675,-0.1566185951,-0.1681097746,-0.1528246999,-0.1076571941,-0.1214075685,-0.0867199302,-0.0923385024,-0.1777243614,-0.1186515689,-0.0929264426,-0.1741483808,0.0,0.0,-0.1035752296,-0.1674236059,0.0,0.0]},"step_mean_q":{"0":[13.2746276855,13.4544487,13.4391536713,13.2187080383,13.1999492645,12.7881317139,12.618103981,12.1116142273,11.734837532,11.4579906464,11.0138492584,10.7338886261,10.2487316132,9.9363241196,9.4751653671,9.0615730286,8.6530647278,8.2248268127,7.838552475,7.3931069374,6.9867162704,6.5473046303,6.1343874931,5.7358465195,5.3598685265,4.98823452,4.6440720558,4.3216557503,4.0331263542,3.7599411011,3.5397741795,3.3007142544,3.1163909435,2.9304797649,2.7894074917,2.6435952187,2.5373263359,2.4687128067,2.3751978874,2.3358128071,2.3016896248,2.263958931,2.2908525467,2.2778215408,2.3163797855,2.2777807713,2.2812421322,2.2545845509,2.1348721981,2.0449609756,2.0491030216,2.070915699,1.8537884951,1.8981152773,1.5416330099,1.5090366602,1.1826597452,1.6020361185,1.7801007032]},"episodes_still_running":{"0":[4096.0,4096.0,4096.0,4096.0,4096.0,4096.0,4096.0,4096.0,4096.0,4096.0,4096.0,4096.0,4096.0,4096.0,4096.0,4096.0,4096.0,4096.0,4096.0,4096.0,4096.0,4096.0,4096.0,4096.0,4096.0,4096.0,4092.0,4092.0,4080.0,4060.0,4024.0,3992.0,3944.0,3880.0,3800.0,3712.0,3604.0,3476.0,3392.0,3244.0,3104.0,2908.0,2648.0,2352.0,2032.0,1668.0,1312.0,1036.0,740.0,524.0,372.0,248.0,172.0,108.0,72.0,48.0,28.0,20.0,8.0]},"step_range_q":{"0":[3.6757278442,5.0267677307,4.9597206116,5.4769229889,6.1316413879,7.4222393036,7.5962934494,7.9563074112,8.1916828156,7.8147392273,7.6314911842,8.9934959412,9.9491252899,9.4957580566,9.8216266632,9.6401348114,10.0042648315,9.7477025986,9.588265419,9.7103767395,9.3429098129,9.445520401,9.2499933243,9.0178689957,8.6362552643,8.4548969269,8.4317436218,8.1683006287,7.700978756,7.237637043,7.0910673141,6.8892126083,6.6755127907,6.3513908386,6.9908537865,5.9564385414,5.6874933243,5.3157858849,5.053021431,4.9477534294,4.9143671989,4.393764019,4.2952504158,4.4364681244,4.3688549995,4.2312479019,3.944144249,3.9867691994,3.7567648888,3.8075218201,3.6986811161,3.6758904457,3.6686820984,3.5039486885,3.1352667809,3.2726078033,3.4559559822,3.0730688572,2.9414227009]},"mean_loss:":{"0":0.1601121575},"rmse":{"0":0.4001401663},"step_rmse":{"0":[0.218562454,0.2360669822,0.2495878935,0.2953877449,0.3508878648,0.3835738897,0.4496810734,0.5046461821,0.519251585,0.5740215182,0.5786072612,0.5887342691,0.5519648194,0.5509087443,0.5350777507,0.5047673583,0.4732502401,0.4623185694,0.4562069476,0.4421533644,0.4282585084,0.4159648418,0.4108596444,0.4086486995,0.3932016194,0.3986309171,0.395190537,0.3852521479,0.3686282337,0.3738169074,0.3592421412,0.3356005549,0.3282096386,0.3060519993,0.3130524158,0.2998028994,0.2765561938,0.2740984559,0.2478421926,0.2502616048,0.2482728064,0.2508814037,0.2549486756,0.2602724135,0.265706718,0.2487143874,0.2802640796,0.3072218299,0.286329478,0.3265077174,0.3030008376,0.3210349679,0.3303143084,0.3802189529,0.422426939,0.4955423176,0.3488613963,0.2176027298,0.3031051457]},"mean_error":{"0":0.2816825807},"step_mean_error":{"0":[0.132686764,0.1425777823,0.1622282863,0.1931557655,0.2403879166,0.278596431,0.3347350359,0.3762833774,0.3882047534,0.4333776236,0.4319226742,0.4490205646,0.4241201878,0.4126540422,0.410135597,0.381408602,0.3659673929,0.3567481637,0.3515611291,0.3336727321,0.3208350241,0.314172864,0.3025034666,0.2996878028,0.2925809026,0.2915849388,0.2942169011,0.279302299,0.2653023303,0.2645682096,0.2581302822,0.240888685,0.2277522981,0.215237841,0.2084086835,0.2027649283,0.1920949817,0.1930250823,0.1736691296,0.1764043272,0.175228864,0.1746538132,0.179105103,0.1818175763,0.1849289685,0.1834148467,0.1975670755,0.2295460105,0.2131507248,0.2486629635,0.2416564226,0.2498323768,0.2662377357,0.2950984538,0.3171147108,0.3565485775,0.3094069064,0.1672332585,0.2950634658]},"mean_deviation":{"0":1.8275008202},"step_mean_deviation":{"0":[3.1250581741,2.8271160126,2.8963603973,3.264973402,3.6559898853,3.6949486732,4.1623020172,4.7094593048,4.2350025177,4.7513198853,4.4270510674,3.9509632587,3.9019815922,3.8582320213,4.1231536865,3.9371333122,3.4998297691,3.5412960052,3.6585159302,3.4384529591,3.2858171463,3.2663743496,3.1875648499,3.2620697021,3.2692658901,3.435562849,3.5308904648,3.3451814651,3.2837021351,3.3223581314,3.5355429649,3.5647075176,3.2701976299,3.4216501713,3.3356759548,3.4859602451,3.4454510212,3.5998814106,3.2879822254,3.4339830875,3.4685020447,3.8670101166,3.9548494816,4.0867495537,4.1483664513,4.380862236,5.0416135788,5.8844823837,5.5505609512,6.3465476036,6.0048484802,6.2402882576,6.9173774719,8.0347938538,8.0481643677,9.897108078,10.2839860916,5.4788308144,11.4498691559]},"epoch":{"0":230},"mask_name":{"0":"ally_shield"},"map_name":{"0":"6h_vs_8z"}}