{"max_q":{"0":16.9680480957},"min_q":{"0":-0.5751559734},"mean_q":{"0":9.7150669098},"range_q":{"0":17.5432033539},"step_max_q":{"0":[15.2735290527,15.5471191406,15.7416467667,16.0947818756,16.3917312622,16.9680480957,16.6018638611,16.5148582458,16.2338809967,16.5013980865,16.3728179932,15.6700248718,15.0151157379,14.9701156616,14.4980888367,13.7224054337,13.0023365021,12.9727210999,12.5752124786,12.2424430847,11.7911090851,11.4150810242,11.0906829834,10.9007472992,10.86627388,10.4799365997,10.1115589142,10.1069316864,9.9255504608,9.7815618515,9.5794420242,9.4022512436,9.1396493912,8.7933149338,8.4479026794,8.3092498779,8.3285703659,8.3799266815,8.2237558365,8.0130815506,8.2841730118,7.835334301,7.90747118,7.9028139114,8.0233097076,7.2450971603,7.106575489,6.9726457596,7.0611758232,6.4272933006,6.2859349251,6.2341942787,6.1011400223,5.9249587059,5.8723216057,5.7444820404,5.603269577,5.5932240486,5.4254956245,5.3679265976,5.2657022476,5.0937328339,5.1709671021,5.0521831512,4.8086700439,4.6465988159,4.6590471268,4.5134220123,4.5162606239,4.2633304596,4.3057160378,4.3114390373,4.1263036728,3.6228628159,3.571269989,3.5699520111,3.4809308052,3.391828537,3.2025895119,2.8822519779,2.860424757,2.2839581966,2.2567634583,2.222340107,2.2144534588,2.1337046623,2.1230123043,2.1785478592,2.2000799179,2.5136115551,1.8802227974,2.4994359016,1.8384795189]},"step_min_q":{"0":[6.5600547791,7.0331835747,7.4354820251,7.6238207817,7.0112266541,7.4737586975,7.7822256088,8.9184913635,7.2881546021,7.0127220154,7.3281650543,7.6900172234,7.5550246239,7.629858017,5.5958089828,4.5044636726,3.6924748421,3.1757540703,1.9520812035,1.8069117069,1.5075773001,1.1862754822,1.2120501995,1.4585187435,1.2865867615,-0.0740933418,-0.5751559734,1.5100095272,1.9862120152,1.7692645788,0.8334308863,0.9969260693,0.525767684,0.1843492985,-0.0321557522,0.0,0.0,0.0,0.0,0.0,0.0,0.0,0.0,0.0,0.0,0.0,0.0,0.0,0.0,0.0,0.0,0.0,0.0,0.0,0.0,0.0,0.0,0.0,0.0,0.0,0.0,0.0,0.0,-0.0293409228,0.0,0.0,0.0,0.0,0.0,0.0,0.0,0.0,0.0,0.0,0.0,0.0,0.0,0.0,0.0,0.0,0.0,0.0,0.0,0.0,0.0,0.0,0.0,0.0,0.0,0.0,0.0,0.0,0.0]},"step_mean_q":{"0":[14.8316993713,15.0980758667,15.311378479,15.5417957306,15.7567253113,15.8275279999,15.5911808014,15.2209300995,14.8872966766,14.5702285767,14.1702241898,13.8184537888,13.5508337021,13.1098613739,12.7722587585,12.4302215576,12.0405845642,11.6357975006,11.3011169434,10.9206418991,10.5110292435,10.1917095184,9.8585624695,9.5261688232,9.2377843857,8.9680604935,8.6722955704,8.4210529327,8.1754465103,7.9004468918,7.647400856,7.3876442909,7.1247148514,6.8626284599,6.6055192947,6.3654847145,6.1072192192,5.8594436646,5.6406373978,5.4158759117,5.2023267746,5.0259160995,4.8671712875,4.7646622658,4.6675004959,4.6144928932,4.5526456833,4.5020804405,4.4550142288,4.3949360847,4.3540959358,4.3043541908,4.2460064888,4.1820158958,4.1311230659,4.0994672775,4.0424919128,3.9615132809,3.9059348106,3.8434343338,3.7577073574,3.6869745255,3.6247477531,3.5041337013,3.4700288773,3.3700554371,3.2690849304,3.160425663,3.1862869263,3.0328624249,2.9288830757,3.074028492,2.952930212,2.8727710247,2.5318341255,2.5901756287,2.3469390869,2.3131580353,2.144695282,2.0620207787,2.0800907612,1.8020875454,1.8020346165,1.8993725777,1.8378022909,1.7794843912,2.1152997017,2.1344907284,2.2000799179,2.5136115551,1.8802227974,2.4994359016,1.8384795189]},"episodes_still_running":{"0":[4096.0,4096.0,4096.0,4096.0,4096.0,4096.0,4096.0,4096.0,4096.0,4096.0,4096.0,4096.0,4096.0,4096.0,4096.0,4096.0,4096.0,4096.0,4096.0,4096.0,4096.0,4096.0,4096.0,4096.0,4096.0,4096.0,4096.0,4096.0,4096.0,4096.0,4096.0,4096.0,4096.0,4096.0,4096.0,4088.0,4084.0,4072.0,4048.0,4012.0,3940.0,3820.0,3608.0,3276.0,2948.0,2556.0,2244.0,1920.0,1672.0,1452.0,1252.0,1080.0,944.0,820.0,724.0,612.0,544.0,484.0,412.0,352.0,332.0,292.0,244.0,204.0,168.0,148.0,132.0,112.0,88.0,72.0,64.0,52.0,52.0,48.0,36.0,32.0,28.0,24.0,20.0,20.0,20.0,16.0,16.0,12.0,12.0,12.0,8.0,8.0,4.0,4.0,4.0,4.0,4.0]},"step_range_q":{"0":[8.7134742737,8.5139350891,8.3061647415,8.4709606171,9.3805046082,9.4942893982,8.8196382523,7.5963668823,8.9457263947,9.4886760712,9.0446529388,7.9800076485,7.460091114,7.3402576447,8.9022798538,9.2179412842,9.3098621368,9.7969665527,10.6231307983,10.4355316162,10.2835321426,10.228805542,9.8786325455,9.4422283173,9.5796871185,10.5540294647,10.686715126,8.5969219208,7.9393386841,8.0122976303,8.7460107803,8.4053249359,8.6138820648,8.6089658737,8.48005867,8.3092498779,8.3285703659,8.3799266815,8.2237558365,8.0130815506,8.2841730118,7.835334301,7.90747118,7.9028139114,8.0233097076,7.2450971603,7.106575489,6.9726457596,7.0611758232,6.4272933006,6.2859349251,6.2341942787,6.1011400223,5.9249587059,5.8723216057,5.7444820404,5.603269577,5.5932240486,5.4254956245,5.3679265976,5.2657022476,5.0937328339,5.1709671021,5.0815238953,4.8086700439,4.6465988159,4.6590471268,4.5134220123,4.5162606239,4.2633304596,4.3057160378,4.3114390373,4.1263036728,3.6228628159,3.571269989,3.5699520111,3.4809308052,3.391828537,3.2025895119,2.8822519779,2.860424757,2.2839581966,2.2567634583,2.222340107,2.2144534588,2.1337046623,2.1230123043,2.1785478592,2.2000799179,2.5136115551,1.8802227974,2.4994359016,1.8384795189]},"mean_loss:":{"0":0.0807295144},"rmse":{"0":0.284129411},"step_rmse":{"0":[0.0803000331,0.07857766,0.0792153552,0.1028353423,0.1339756399,0.1658125371,0.1897819936,0.2124772817,0.2243442833,0.247823447,0.2498363405,0.2566105127,0.263092339,0.3167470992,0.3290558457,0.3282572031,0.330042392,0.3591534793,0.3691526949,0.3624458909,0.3613762558,0.3964101672,0.4011145532,0.3844600618,0.3864965141,0.3654817045,0.3208732903,0.3016637862,0.2875136435,0.2739904523,0.2596130371,0.2462944984,0.2095923424,0.2043213993,0.20043917,0.2162994295,0.1975644231,0.2046699971,0.2282865047,0.2276451886,0.2565298378,0.2717349529,0.2435838878,0.2590047717,0.2787252665,0.2974447608,0.2717895806,0.2939194441,0.2909967899,0.304490298,0.3043960035,0.3575876355,0.3603046834,0.3755581379,0.361184448,0.3914054334,0.4140089154,0.42318964,0.4497059584,0.4660719931,0.4865469038,0.5551898479,0.5711000562,0.5789229274,0.5934117436,0.5707688928,0.547761023,0.5216082335,0.4715174139,0.4243427515,0.5089128613,0.5159691572,0.6028898954,0.470015198,0.5671390295,0.7201807499,0.6022952199,0.6351563931,0.757973969,0.722309351,0.9066000581,1.0225647688,1.1147662401,1.2368459702,1.0630176067,1.2172101736,1.4762897491,1.3986667395,1.3064579964,1.5934996605,1.49990201,1.7957193851,1.6539406776]},"mean_error":{"0":0.141885072},"step_mean_error":{"0":[0.0512093343,0.0397815853,0.0373229012,0.060294129,0.0800303593,0.1111307889,0.1396645755,0.1391877532,0.1472856104,0.1623287499,0.1544350237,0.166869998,0.1699197888,0.180719614,0.1842709482,0.1852229536,0.1822484732,0.1997218132,0.1975679994,0.1877770722,0.1897675395,0.1876694113,0.1834817678,0.1750782728,0.1721907109,0.1695824414,0.1555362791,0.1489365846,0.1423325837,0.1403382123,0.1292058229,0.1263936013,0.1165450439,0.1131463051,0.1132036075,0.112843506,0.1083317101,0.1113198847,0.1100666896,0.1087846234,0.1090800315,0.1124993041,0.1077599451,0.1148169562,0.1173966751,0.1236624047,0.1183490977,0.1279849261,0.1310153753,0.1415733844,0.1514792591,0.1793147624,0.1804811805,0.1926129609,0.1924663186,0.2112067044,0.2373329848,0.2469438612,0.2603051364,0.2838471234,0.2887069583,0.3426404893,0.3461921513,0.372448504,0.3801282346,0.3813561499,0.3755528331,0.3472768366,0.3515355885,0.3042205572,0.3964678943,0.3684865236,0.4393911362,0.3494541645,0.4020350277,0.5861170292,0.5233698487,0.5287464261,0.6124652624,0.5140277743,0.6832875013,0.8782919645,0.9401425123,1.1712841988,0.9781740308,1.1062288284,1.4674086571,1.395185113,1.3064579964,1.5934996605,1.49990201,1.7957193851,1.6539406776]},"mean_deviation":{"0":0.8114557862},