{"max_q":{"0":23.7812404633},"min_q":{"0":-1.2646450996},"mean_q":{"0":5.8891963959},"range_q":{"0":25.0458850861},"step_max_q":{"0":[22.6595001221,23.7812404633,22.5898971558,23.7441520691,22.9790267944,23.1799945831,22.5464363098,22.9113197327,22.3203525543,22.740436554,22.1690120697,21.3840827942,21.5744056702,20.8179893494,19.9122924805,20.3608016968,20.9538002014,20.1151103973,19.50415802,19.5720863342,19.471282959,20.1108932495,19.0794124603,18.2719345093,17.8530158997,17.3453769684,17.074962616,17.4233474731,17.0306568146,16.6234397888,16.1696662903,16.2936916351,15.7139348984,15.2988300323,14.9892091751,15.0709018707,13.492814064,13.3590373993,12.5354328156,12.0216159821,12.071606636,11.5900859833,11.1042098999,11.5547885895,11.4701480865,10.9852275848,10.9499950409,10.5583400726,10.4026565552,10.2473640442,10.2193660736,10.3418636322,9.8345909119,9.8237476349,9.4147634506,9.1786355972,9.170135498,8.9446735382,8.4516582489,8.9792251587,8.4205741882,7.938398838,8.4734601974,7.6819367409,7.173034668,6.9257383347,7.0780982971,6.8338603973,6.7626609802,6.8824691772,7.145447731,6.8675308228,6.502948761,6.8576726913,6.8605213165,6.793223381,6.5331773758,6.2763147354,6.3997974396,6.6427307129,6.2516279221,6.2765641212,6.4393033981,6.1655583382,6.339307785,6.1612386703,6.0272359848,6.2620940208,6.151266098,5.8272008896,6.0566720963,5.7496891022,5.9547328949,5.7438869476,5.9005088806,5.7167315483,5.6161746979,5.4849696159,5.4313774109,5.6093139648,5.4248819351,5.2168464661,5.5657043457,5.1995334625,5.2838363647,5.4201307297,5.498418808,5.0606155396,5.2094612122,5.3347625732,4.9155321121,5.0633192062,4.9032659531,4.788523674,4.9002256393,4.7646274567,4.7859420776,4.7943410873,4.685716629,4.5973005295,4.8056139946,4.862493515,4.4691619873,4.5388507843,4.631500721,4.4194545746,4.4402151108,4.7663049698,4.111635685,4.2924518585,4.0144715309,3.7755084038,3.6356172562,3.98483181,3.6596534252,3.6044659615,3.7916045189,3.5051598549,3.7300899029,3.8422119617,3.5809419155,3.7726187706,3.9098701477,3.681371212,3.8053121567,3.7701668739,3.585283041,3.6560711861,3.5887982845,3.7776162624,3.6105046272,3.8032102585,4.0183515549,4.0881667137,4.2110099792,4.3437595367,4.4577937126,4.6075782776,4.844162941,4.6518816948,4.5354261398,4.6579618454,4.6450605392,4.5620956421,4.5995807648,4.7780280113,0.0,0.0,0.0]},"step_min_q":{"0":[6.882891655,6.6272025108,6.5823054314,6.4419159889,6.0781860352,6.0471973419,6.1614618301,5.6443872452,6.0414390564,5.6471576691,5.2248506546,4.7634553909,4.3770861626,4.1450715065,3.8888020515,3.4788587093,3.1885156631,2.6528475285,2.5040562153,2.1733551025,1.9763730764,1.6826761961,1.6695827246,1.5479100943,1.5971112251,0.0,0.0,0.0,0.0,0.0,0.0,0.0,0.0,-0.0724304914,-0.2178211212,-0.2653253078,-0.2901465893,-0.1996904612,-0.3779704571,-0.2225697935,-0.3860067725,-0.5737353563,-0.3858082294,-0.4555638731,-0.4511054754,-0.3777458668,-0.4472911358,-0.4248154163,-0.4109966755,-0.4345169067,-0.350378871,-0.4931620359,-0.6171421409,-0.5958604813,-0.396785289,-0.5013520122,-0.4435193539,-0.6261516809,-0.4204406738,-0.6579264998,-0.5813628435,-1.2646450996,-0.6549735069,-0.5705165863,-0.3295161724,-0.4601536989,-0.6669944525,-0.5546767712,-0.4615818262,-0.4991284013,-0.3850605488,-0.4603993893,-0.4808484316,-0.5166991949,-0.3773492575,-0.462168932,-0.3966709971,-0.3355389237,-0.3871327639,-0.3771575689,-0.3279577494,-0.4302384853,-0.2937431335,-0.3244650364,-0.3285853267,-0.2557420135,-0.3213107586,-0.3209549189,-0.3064806461,-0.3990495801,-0.351885587,-0.2466612458,-0.2481767535,-0.3752071857,-0.3816416264,-0.3797668219,-0.3095460534,-0.2978284955,-0.2710750699,-0.2141598463,-0.196559906,-0.1696674824,-0.3117875457,-0.2837052345,-0.3822445869,-0.3110467196,-0.2554308772,-0.2189401984,-0.2850543261,-0.3410100043,-0.4590494037,-0.4128032029,-0.4381549358,-0.2525569797,-0.2462900877,-0.2516753674,-0.2629196346,-0.1843533516,-0.1710992157,-0.1626915038,-0.1118203998,-0.1805926561,-0.1123085618,-0.2051107287,-0.232927978,-0.1682860851,-0.2392692566,-0.252935648,-0.2514662743,-0.2278183699,-0.2352205515,-0.1053138375,-0.2734770775,-0.1553816795,-0.0896916389,-0.1153791547,-0.0271198153,-0.2918800116,-0.0961984396,-0.2959051132,-0.115245223,-0.0886458158,-0.1046753526,-0.2879420519,-0.0622861087,-0.1184549332,-0.1110134125,-0.1328326464,0.0,0.0,0.0,0.0,0.0,-0.1106075048,-0.0083233118,-0.1459535956,-0.3612613082,-0.355263412,-0.3491466641,-0.5484566092,-0.5431024432,-0.5326769948,-0.6759512424,-0.6697514057,-0.7672609091,-0.2498160601,-0.2022700906,-0.0583347678,-0.2060546279]},"step_mean_q":{"0":[11.2492904663,11.2791423798,11.300655365,11.3278675079,11.3539505005,11.3080997467,11.208990097,11.133682251,10.9979372025,10.8570652008,10.6723499298,10.4685554504,10.2924213409,10.0560131073,9.7969264984,9.5470676422,9.3068065643,9.0264148712,8.7437858582,8.4777240753,8.203666687,7.9101448059,7.6387777328,7.3601055145,7.0781869888,6.7948513031,6.5226612091,6.2575817108,5.9995641708,5.7122626305,5.4573602676,5.2020659447,4.9567575455,4.7174715996,4.4882903099,4.2667412758,4.0532946587,3.8376712799,3.6412770748,3.4631967545,3.3090877533,3.1639692783,3.0317685604,2.9051446915,2.7817816734,2.6881380081,2.607460022,2.544216156,2.4597387314,2.4072678089,2.3480405807,2.3174805641,2.2600576878,2.2089021206,2.172324419,2.129067421,2.1027610302,2.0712656975,2.0718467236,2.0244522095,2.0037744045,2.0083143711,1.9693274498,1.9631896019,1.9644126892,1.938071847,1.9285508394,1.9243506193,1.9197024107,1.8941093683,1.9065433741,1.8616703749,1.878786087,1.8834781647,1.8478536606,1.8535865545,1.8378018141,1.849455595,1.8603394032,1.8825697899,1.8457171917,1.8614661694,1.8358360529,1.826515317,1.8480145931,1.8489735126,1.8391071558,1.8067220449,1.8343826532,1.7904616594,1.8084136248,1.8105615377,1.7929950953,1.7647782564,1.7880569696,1.7865271568,1.7986009121,1.7806030512,1.8246876001,1.8548660278,1.8218148947,1.7618238926,1.7621551752,1.7673165798,1.7918159962,1.7870903015,1.8154014349,1.8635824919,1.8241357803,1.8244154453,1.7959825993,1.7968505621,1.806412816,1.9122111797,1.8765419722,1.896746397,1.8521181345,1.8975528479,1.8445131779,1.7424118519,1.7380278111,1.6855336428,1.6777050495,1.7095489502,1.5473020077,1.4882222414,1.505564332,1.4034748077,1.4322146177,1.4847518206,1.4692727327,1.3668004274,1.2730848789,1.3125026226,1.320021987,1.2845672369,1.3649126291,1.38623631,1.4127320051,1.4909774065,1.4548562765,1.4725227356,1.4814623594,1.3909429312,1.8816808462,1.2730526924,1.2189401388,1.1043621302,1.1581948996,1.4939029217,1.449755311,1.1892571449,1.1744331121,1.1341023445,1.5038285255,1.4534698725,1.4498997927,1.3859835863,1.4747728109,1.3114687204,1.3252902031,1.2864151001,1.2992693186,1.2627507448,1.2983757257,2.2641060352,-0.2022700906,-0.0583347678,-0.2060546279]},"episodes_still_running":{"0":[4096.0,4096.0,4096.0,4096.0,4096.0,4096.0,4096.0,4096.0,4096.0,4096.0,4096.0,4096.0,4096.0,4096.0,4096.0,4096.0,4096.0,4096.0,4096.0,4096.0,4096.0,4096.0,4096.0,4096.0,4096.0,4095.0,4095.0,4095.0,4095.0,4095.0,4095.0,4095.0,4095.0,4095.0,4095.0,4093.0,4088.0,4086.0,4076.0,4057.0,4022.0,3977.0,3920.0,3871.0,3809.0,3724.0,3627.0,3508.0,3410.0,3284.0,3172.0,3043.0,2935.0,2817.0,2698.0,2581.0,2469.0,2352.0,2210.0,2113.0,2014.0,1895.0,1801.0,1705.0,1614.0,1519.0,1443.0,1365.0,1284.0,1227.0,1160.0,1107.0,1036.0,975.0,929.0,871.0,816.0,767.0,724.0,681.0,643.0,595.0,562.0,526.0,498.0,479.0,445.0,421.0,399.0,378.0,355.0,326.0,306.0,300.0,285.0,263.0,245.0,235.0,217.0,201.0,181.0,175.0,166.0,151.0,142.0,139.0,126.0,115.0,110.0,102.0,95.0,92.0,87.0,79.0,74.0,70.0,66.0,60.0,53.0,51.0,45.0,44.0,40.0,39.0,37.0,35.0,35.0,30.0,29.0,28.0,23.0,22.0,21.0,20.0,19.0,19.0,17.0,15.0,15.0,14.0,12.0,11.0,11.0,11.0,9.0,6.0,6.0,6.0,6.0,5.0,5.0,4.0,4.0,4.0,3.0,3.0,3.0,3.0,3.0,3.0,3.0,3.0,3.0,3.0,3.0,2.0,1.0,1.0,1.0]},