{"max_q":{"0":24.7421150208},"min_q":{"0":-0.5404320359},"mean_q":{"0":5.5905237198},"range_q":{"0":25.2825469971},"step_max_q":{"0":[24.0758113861,24.5748329163,23.9757232666,22.6737098694,24.0690765381,23.6908359528,24.7421150208,23.3906459808,22.7385616302,23.1147994995,22.1462497711,21.4728050232,21.8310928345,21.1679496765,20.93019104,20.2569046021,18.9263744354,19.2018508911,18.6470794678,18.0332756042,17.5704116821,17.2466583252,17.1609687805,16.6280670166,16.6811714172,15.5478773117,15.488861084,14.8420162201,14.122428894,13.736240387,13.0513334274,12.7066135406,12.2305145264,12.6760177612,12.0238399506,12.4804763794,11.3810901642,11.3220252991,11.2525167465,10.8566417694,10.6721105576,9.5573406219,9.5673084259,9.9327840805,9.4446201324,9.031414032,9.0871009827,8.9581298828,8.5815820694,8.576385498,7.9542355537,7.7471351624,7.8727941513,7.7127895355,7.5086913109,7.3080768585,7.1113219261,7.0457487106,7.1888504028,6.6356334686,6.6787185669,6.7507195473,6.414814949,6.1430802345,6.2771377563,6.3232712746,6.0334086418,5.9580125809,5.9526686668,5.4496440887,5.6982469559,5.7622933388,6.9175868034,6.2379426956,6.0556025505,6.6753106117,6.3669033051,6.1476721764,6.4643173218,6.0966672897,6.1432118416,6.3188095093,5.8665933609,5.8231077194,6.4711112976,5.4506664276,6.0704460144,5.5926904678,5.5678825378,5.5699806213,5.046664238,5.7285180092,5.0921835899,5.0470051765,5.2123832703,4.7531094551,5.0172600746,4.6518936157,4.3633151054,5.1442060471,4.748333931,4.757856369,4.6204633713,4.5213317871,4.4368400574,3.5561339855,3.5086221695,3.5409095287,3.0852050781,2.7754936218,3.7506408691,4.4608211517,3.8985376358,3.9059925079,3.6479382515,3.5338845253,3.6301679611,3.6112074852,3.4307470322,3.0560245514,3.7134280205,2.9224255085,3.1479673386,2.9045240879,1.5864927769,1.6089653969,1.6628483534,1.4485926628,1.5558415651,1.4105372429,1.4443686008,1.4743258953,1.2777986526,1.2905082703,1.3616155386,1.1083483696,1.1302796602,1.0936129093,0.8864763975,0.9165639281,0.9403527975,0.8835194111]},"step_min_q":{"0":[5.9615421295,6.0548028946,5.9862852097,5.8451452255,5.8588762283,5.5495262146,5.3324933052,5.4099617004,5.2026586533,4.7864093781,4.1544589996,3.9872412682,3.9902901649,4.0834183693,3.8114111423,3.5816497803,3.3933618069,3.13205266,2.9529311657,2.4450719357,2.4501760006,1.8144990206,1.476130724,1.3440436125,0.752928257,0.6946406364,0.4556141496,0.5404781103,0.5015062094,0.3170969486,0.1289675832,0.1121847034,-0.0037317276,0.0,-0.1197229028,-0.1450821757,-0.173543632,-0.1120921969,-0.1733382344,-0.3599560261,-0.2595831156,-0.3345069289,-0.2523792386,-0.307186842,-0.3821520805,-0.439008534,-0.3706326485,-0.3662890792,-0.3167377114,-0.3461173773,-0.4274480939,-0.449809134,-0.3491228819,-0.4731259346,-0.4740345478,-0.4838731289,-0.3686316609,-0.5404320359,-0.5365601778,-0.3988149166,-0.4139003754,-0.3765186071,-0.4797048569,-0.3519873023,-0.3477193117,-0.419575572,-0.3895227313,-0.3725194335,-0.3390042782,-0.3271805048,-0.3466427326,-0.3202834725,-0.2069610953,-0.2695379853,-0.2465924621,-0.2380293012,-0.3240553737,-0.3090845346,-0.3653939962,-0.3710679412,-0.3957043886,-0.3565038443,-0.367097795,-0.3170380592,-0.2313562036,-0.3167626858,-0.3340210319,-0.2787842155,-0.2360852957,-0.2164066434,-0.2989571691,-0.1705441475,-0.3126400709,-0.1930420995,-0.188159883,-0.2332053185,-0.1492979527,-0.1441556215,-0.1280665994,-0.1941907406,-0.2733659744,-0.2375211716,-0.2252076268,-0.198826611,-0.2234133482,-0.1120597124,-0.0650451183,-0.1313656569,-0.0794930458,-0.1050809026,-0.2092648149,-0.2114937901,-0.20769912,-0.2284050584,-0.1433890462,-0.1599861979,-0.1503971219,-0.2033513784,-0.1511039138,-0.0805029273,-0.0040374398,-0.0549793243,-0.0307176113,-0.1445351243,-0.2465930581,-0.2272344232,-0.1303840876,-0.0014427304,-0.1631788015,-0.1836357713,-0.1895291805,-0.0853239298,0.0,0.0,0.0,0.0,-0.1295758486,-0.1197152138,-0.1017223597,0.0,0.0,0.0]},"step_mean_q":{"0":[10.3477449417,10.3782224655,10.3607721329,10.4388904572,10.5073137283,10.4633646011,10.4412765503,10.427148819,10.3548412323,10.2637252808,10.1553621292,9.9848451614,9.8120002747,9.6103219986,9.3756666183,9.1570367813,8.9354496002,8.6790781021,8.4115819931,8.1532440186,7.8848648071,7.5839557648,7.3167695999,7.0396485329,6.7590174675,6.4827027321,6.2292814255,5.9566640854,5.7117900848,5.4593009949,5.2104053497,4.9896039963,4.7533130646,4.5177316666,4.3069787025,4.1029338837,3.8897352219,3.6983673573,3.5210268497,3.3252842426,3.1589317322,3.0042572021,2.844946146,2.7018711567,2.5855035782,2.4635469913,2.3554093838,2.2545735836,2.158993721,2.0849525928,2.0126378536,1.9586837292,1.8926166296,1.8596663475,1.8264330626,1.779876709,1.741590023,1.7196851969,1.7001811266,1.6884353161,1.6750311852,1.6619224548,1.6311348677,1.6099336147,1.5891458988,1.5502694845,1.5461373329,1.5445444584,1.5502195358,1.5381085873,1.5269254446,1.5288065672,1.5187447071,1.5243904591,1.5050787926,1.4841936827,1.4627871513,1.4499697685,1.4198040962,1.4152634144,1.4159562588,1.3930344582,1.368920207,1.3377879858,1.3583393097,1.3654799461,1.3944040537,1.4069881439,1.3988918066,1.3467814922,1.3579806089,1.3589346409,1.3653384447,1.3369104862,1.3422840834,1.3099998236,1.3222711086,1.2795221806,1.2055567503,1.185238719,1.2385691404,1.2119785547,1.1293393373,1.1161664724,1.1213567257,1.0908358097,1.0456464291,1.0069117546,0.9796004295,0.9736022353,1.0237669945,1.1024188995,1.0458505154,1.0631201267,0.9811551571,0.9286561012,0.9091664553,0.8842832446,0.8752695918,0.696601212,0.7234408855,0.6108672023,0.6226084828,0.5669407845,0.4203391969,0.501555264,0.5090231299,0.5128139853,0.4781174362,0.5322383046,0.4698702991,0.4950321317,0.4854900539,0.5606857538,0.4909537435,0.4147308767,0.5003519058,0.4869488478,0.3923770189,0.9165639281,0.9403527975,0.8835194111]},"episodes_still_running":{"0":[4096.0,4096.0,4096.0,4096.0,4096.0,4096.0,4096.0,4096.0,4096.0,4096.0,4096.0,4096.0,4096.0,4096.0,4096.0,4096.0,4096.0,4096.0,4096.0,4096.0,4096.0,4096.0,4096.0,4096.0,4096.0,4096.0,4096.0,4096.0,4096.0,4096.0,4096.0,4096.0,4096.0,4095.0,4095.0,4093.0,4092.0,4084.0,4079.0,4076.0,4062.0,4045.0,4023.0,3987.0,3930.0,3882.0,3827.0,3742.0,3658.0,3561.0,3444.0,3303.0,3162.0,3010.0,2860.0,2708.0,2550.0,2407.0,2278.0,2112.0,1976.0,1848.0,1746.0,1603.0,1484.0,1375.0,1264.0,1180.0,1085.0,990.0,918.0,846.0,774.0,718.0,669.0,616.0,577.0,526.0,501.0,463.0,431.0,403.0,379.0,343.0,318.0,296.0,276.0,252.0,238.0,222.0,210.0,195.0,188.0,178.0,170.0,159.0,150.0,142.0,130.0,121.0,110.0,100.0,90.0,85.0,76.0,69.0,66.0,61.0,57.0,53.0,50.0,47.0,46.0,44.0,43.0,43.0,41.0,38.0,36.0,31.0,29.0,29.0,28.0,27.0,23.0,19.0,17.0,13.0,13.0,12.0,9.0,8.0,7.0,4.0,4.0,3.0,2.0,2.0,2.0,1.0,1.0,1.0]},