{"max_q":{"0":27.8513641357},"min_q":{"0":-1.7829613686},"mean_q":{"0":7.9922552109},"range_q":{"0":29.6343250275},"step_max_q":{"0":[25.0834388733,25.3969039917,25.4710006714,25.7225131989,27.1426353455,27.8513641357,27.1160354614,26.3778972626,24.7362194061,24.8938312531,25.0587234497,23.854013443,23.9532318115,24.3345584869,24.793264389,22.8383483887,22.281337738,21.1174049377,20.8680305481,21.3394565582,21.2070426941,21.4438495636,21.1996593475,22.7657756805,20.675907135,19.730178833,20.2160778046,18.9157791138,18.8849983215,17.9190559387,16.4066123962,16.3284854889,17.8744125366,17.0154685974,17.8889656067,17.92710495,17.6650562286,15.8606719971,16.9523468018,16.4411773682,15.752322197,15.818157196,15.1187515259,14.9447116852,13.5649871826,12.4674911499,12.2664709091,11.9308729172,11.6645126343,11.0485038757,10.8832931519,10.6573390961,10.1207027435,9.8765735626,10.1620864868,10.3109397888,10.2993440628,10.3797073364,9.8563604355,9.0429325104,9.5008029938,9.2089595795,8.7654476166,8.6210193634,9.2892475128,9.0048036575,8.4953508377,8.184047699,8.5439987183,8.2154903412,7.5445308685,7.745306015,7.8875627518,7.253367424,7.5005073547,7.3614096642,6.845459938,6.6439561844,6.8027935028,6.3604640961,6.059463501,6.1520214081,5.6637334824,5.5980353355,5.5930862427,5.2230305672,5.2537293434,5.1427936554,5.011361599,5.0706496239,5.0792293549,5.5358657837,5.4388809204,5.4133009911,5.2156233788,5.171192646,5.2410268784,4.9005470276,5.0198659897,4.9729351997,4.7705783844,4.7104377747,4.5402345657,4.6150627136,4.2570829391,4.2172198296,3.9791367054,3.9736711979,3.6108202934,3.5398163795,3.5861451626,3.4245991707,3.3929800987,3.122556448,3.2978291512,3.566904068,3.5228629112,4.2393856049,3.9771289825,4.2627677917,4.2943677902,4.2737970352,3.6750962734,3.7015941143,3.4450190067,2.8255114555,2.6489248276,2.4336371422,2.2839217186,2.5198097229,2.505320549,2.5615959167,2.4063460827,1.923849225,1.9668178558,2.1369686127,2.2387375832,2.1619262695,2.0799262524,1.8711731434,1.5461835861,1.7375900745,2.2371189594,2.6996176243]},"step_min_q":{"0":[10.2249240875,10.0556192398,9.606344223,9.2492799759,8.9137172699,8.5928678513,8.1139030457,7.4667153358,6.7482533455,6.4669175148,5.9650678635,5.8096828461,5.3346238136,4.8592104912,4.2238674164,3.4204216003,3.0818901062,2.6935167313,2.4394080639,2.2880764008,2.0580646992,1.0673317909,0.9327352047,-0.1243765354,0.4817353487,0.1244459152,-0.1745111942,-0.3133798838,-0.3179332018,0.0,-0.1460632086,-0.5282413363,-0.36412853,-0.1218774319,-0.3083909154,-0.2579876184,-0.5722653866,-0.68552953,-0.6094302535,-0.7349582314,-0.4164757729,-0.3837649822,-0.52794981,-0.4128613472,-0.4584802389,-0.5306274891,-0.5002753735,-0.7105913162,-0.9393785,-0.961540699,-0.7872115374,-1.0053753853,-1.1695610285,-1.0579326153,-1.1009848118,-1.1887331009,-1.1397927999,-1.6722152233,-1.0627830029,-1.3585928679,-1.034861207,-1.030501008,-1.0732154846,-1.0890922546,-1.0908155441,-0.8866186142,-0.6354785562,-0.6372163892,-0.8125159144,-1.0845553875,-1.0250715017,-0.5533393621,-0.5099902153,-0.6118786931,-0.4109666944,-0.4311775565,-0.5033934712,-0.4735603333,-0.6015287042,-0.6610395908,-0.5168928504,-0.6460517049,-0.8743821979,-0.9071138501,-0.7615686655,-1.0156435966,-1.6327826977,-1.7829613686,-1.4684514999,-0.3168319464,-0.3102594018,-0.3681525588,-0.3003417253,-0.2639968395,-0.1693480015,-0.0970236659,-0.0421181917,0.0,-0.0650824904,-0.0651041865,-0.0252773762,0.0,0.0,-0.0893452168,-0.0927001834,-0.0239040852,-0.0864697695,-0.3484046459,-0.2028650045,-0.1747854352,-0.2061145902,-0.2453647852,-0.2228465676,-0.4250488281,-0.4893816113,-0.4504276514,-0.0769863129,-0.1295655966,-0.1234340072,0.0,0.0,0.0,0.0,0.0,0.0,0.0,0.0,0.0,0.0,0.0,0.0,0.0,0.0,0.0,0.0,0.0,0.0,0.0,0.0,0.0,0.0,0.0,0.0,0.0]},"step_mean_q":{"0":[13.6436319351,13.6477212906,13.608092308,13.6551189423,13.6971225739,13.6312198639,13.5258512497,13.4682588577,13.3402938843,13.1926145554,13.0021123886,12.8069343567,12.6074895859,12.3766145706,12.1092243195,11.8680429459,11.6152067184,11.2945432663,11.0192050934,10.7530269623,10.4619970322,10.1462535858,9.8702354431,9.5800981522,9.2996263504,9.0262203217,8.7609519958,8.5060920715,8.2585086823,7.9974808693,7.7704558372,7.5540599823,7.3066897392,7.0813298225,6.8786449432,6.6698932648,6.4438438416,6.2562890053,6.0645747185,5.8761510849,5.6803369522,5.4991912842,5.3218359947,5.1551861763,4.9788222313,4.8450660706,4.6975512505,4.5483074188,4.4207921028,4.309401989,4.1908278465,4.0733613968,3.9682095051,3.8681077957,3.7760157585,3.7197880745,3.6442112923,3.5713191032,3.4950909615,3.4137232304,3.3491880894,3.2721502781,3.203350544,3.1269364357,3.0733497143,2.9969837666,2.9284832478,2.8467261791,2.7790811062,2.7110180855,2.6701936722,2.6357903481,2.6110055447,2.547819376,2.4971559048,2.4673709869,2.4031143188,2.3487813473,2.3293550014,2.2737686634,2.2082719803,2.1200325489,2.0769758224,2.1077551842,2.0760371685,2.0607161522,2.0696465969,2.0385422707,2.0700602531,2.0342504978,2.1655039787,2.1396298409,2.1070230007,2.1717369556,2.1065719128,2.0722823143,2.1680309772,2.1140990257,2.0542855263,2.0233063698,1.9906922579,1.8806225061,2.0500600338,2.0231671333,1.8691226244,1.691950202,1.884863615,1.7278848886,1.7394013405,1.5782321692,1.540371418,1.4965111017,1.4930489063,1.5911048651,1.697424531,1.7127075195,2.0613105297,2.2095265388,2.1405968666,2.3388736248,2.3303189278,2.3495826721,2.0142457485,2.2153229713,2.2088582516,2.0065205097,1.7960498333,1.8769299984,1.7635850906,1.689558506,1.7113034725,1.6809595823,1.6491994858,1.4568833113,1.5290542841,2.047894001,2.0467305183,1.7961056232,1.8234188557,1.7832303047,1.5458674431,1.7375900745,2.2371189594,2.6996176243]},"episodes_still_running":{"0":[4096.0,4096.0,4096.0,4096.0,4096.0,4096.0,4096.0,4096.0,4096.0,4096.0,4096.0,4096.0,4096.0,4096.0,4096.0,4096.0,4096.0,4096.0,4096.0,4096.0,4096.0,4096.0,4096.0,4096.0,4096.0,4096.0,4096.0,4096.0,4095.0,4093.0,4093.0,4093.0,4093.0,4091.0,4091.0,4089.0,4086.0,4082.0,4074.0,4065.0,4059.0,4046.0,4029.0,4015.0,3993.0,3955.0,3915.0,3873.0,3812.0,3747.0,3677.0,3582.0,3477.0,3378.0,3237.0,3076.0,2949.0,2790.0,2644.0,2499.0,2339.0,2177.0,2007.0,1846.0,1690.0,1567.0,1445.0,1312.0,1187.0,1074.0,982.0,882.0,806.0,736.0,671.0,616.0,545.0,487.0,428.0,391.0,341.0,307.0,277.0,242.0,219.0,197.0,181.0,170.0,146.0,130.0,116.0,103.0,95.0,86.0,83.0,75.0,66.0,63.0,55.0,51.0,46.0,39.0,32.0,30.0,28.0,25.0,22.0,20.0,19.0,18.0,18.0,15.0,15.0,12.0,12.0,11.0,9.0,8.0,8.0,7.0,7.0,7.0,6.0,5.0,5.0,4.0,4.0,4.0,4.0,4.0,4.0,4.0,4.0,3.0,3.0,2.0,2.0,2.0,2.0,2.0,2.0,1.0,1.0,1.0]},