{"max_q":{"0":23.8679637909},"min_q":{"0":-1.5089416504},"mean_q":{"0":5.2590384483},"range_q":{"0":25.3769054413},"step_max_q":{"0":[18.7521438599,20.8526611328,20.1264209747,20.6875419617,23.5257415771,19.2913894653,19.790348053,21.056678772,20.0283718109,20.5384082794,19.9100189209,23.1493034363,19.254776001,21.3513145447,23.8679637909,19.4550361633,21.9230937958,19.5141601562,20.0664768219,19.2932872772,21.3430423737,18.6725406647,19.4402809143,17.8750019073,19.6554756165,21.0128517151,18.9545192719,18.3426322937,19.0089263916,15.3615875244,15.0078735352,15.5382041931,15.6529226303,14.8533210754,16.319442749,16.6929664612,15.0799789429,15.1290302277,10.9889154434,12.8774023056,11.6864833832,13.0685529709,11.5422010422,11.4719238281,10.7072305679,10.4319725037,9.8804960251,10.203578949,9.8613243103,10.2910671234,10.5535068512,10.438419342,10.5799026489,7.761941433,7.7046279907,10.2720594406,8.7206993103,11.4209833145,10.3890542984,10.6529369354,7.9654092789,7.4594845772,7.2656517029,7.4674949646,7.2735395432,6.3092670441,5.4826483727,6.7768387794,5.7279977798,5.0986671448,4.7075538635,5.2102661133,5.9805893898,4.8754572868,4.9845747948,5.0686683655,5.1038980484,5.1240935326,5.1538858414,6.5772647858,3.7137610912,3.6797916889,3.5979478359,3.89392519,5.386900425,5.4784197807,5.4984879494,5.4703330994,5.5295257568,0.1958168,0.2095990926,0.0886505842,0.0516491681,0.0,0.0,0.0,0.0,0.0]},"step_min_q":{"0":[1.8485753536,1.6584405899,0.0,-0.154252857,-0.1546221375,-0.0659742057,-0.0158272907,-0.2336966693,-0.3134813905,-0.5394337177,-0.1513651311,-0.5883481503,-0.432985723,-0.2262332439,-0.4067619741,-0.7620109916,-0.4700387716,-0.6011097431,-0.8328363895,-1.5089416504,-0.629366219,-0.6163351536,-0.7523901463,-0.6929339767,-0.6703068018,-0.6906633377,-0.7417709231,-0.6956740618,-0.8507093191,-0.6888474226,-0.7725146413,-0.9484987259,-0.8740183711,-0.8165937662,-0.679320097,-0.9150782824,-0.6901862621,-0.7808995843,-0.6544882655,-0.8411133885,-0.900087595,-0.9809636474,-0.7772461772,-0.6311415434,-0.6973553896,-0.7004823089,-0.7372049689,-0.7071107626,-0.7122096419,-0.6140006781,-0.6883993745,-0.9699491262,-0.6544076204,-0.6328300238,-0.6987426877,-0.7203925848,-0.6288465858,-0.6391907334,-0.5920639038,-0.6014819145,-0.5210465193,-0.6647853851,-0.4158232212,-0.5630836487,-0.971564889,-0.6252988577,-0.7373441458,-0.7675147057,-0.9902901053,-0.292625457,-0.5015379786,-0.2554681301,-0.5050698519,-0.253133148,-0.1293317378,-0.3236432672,-0.4572235048,-0.6086393595,0.0,0.0,0.0,-0.2471450716,-0.0935615897,0.0,-0.1822393835,-0.2159245759,-0.104033947,-0.3433605433,-0.3721042275,-0.5053699017,-0.2858854532,-0.338168025,-0.7018595338,-0.0511530861,-0.1050290316,-0.1762545854,-0.2748192847,-0.1512593329]},"step_mean_q":{"0":[9.1593036652,9.2857084274,9.2512521744,9.1744403839,9.0617952347,8.8967494965,8.7700176239,8.6130237579,8.4679613113,8.2327413559,7.9702615738,7.7062005997,7.355389595,6.980383873,6.6092553139,6.172267437,5.7852191925,5.3641352654,4.9665427208,4.5580921173,4.1705422401,3.7820446491,3.3806321621,3.0320146084,2.7215807438,2.4325487614,2.2498333454,2.1035637856,1.9681434631,1.8376382589,1.7274736166,1.6574126482,1.5725393295,1.5116842985,1.4565017223,1.419051528,1.3753094673,1.3391284943,1.2886023521,1.2626773119,1.2336562872,1.2336524725,1.1991631985,1.1488685608,1.1257110834,1.1474767923,1.1018867493,1.0533790588,1.0818456411,1.1473101377,1.1297473907,1.1503572464,1.1427315474,1.087233901,1.1440111399,1.1429829597,1.1717444658,1.1173155308,1.1195191145,1.1741296053,1.0880916119,1.1372100115,1.0924413204,1.1070895195,1.1064466238,1.1200649738,1.1373776197,1.1525927782,1.2581031322,1.2213618755,1.1355981827,1.3489582539,1.4529999495,1.3326877356,1.3049968481,1.3539050817,1.2948684692,1.2990125418,1.6874736547,1.8498373032,1.2363147736,1.238194108,1.078638196,1.1238671541,1.4171066284,1.391651988,1.3033169508,1.345386982,1.3339726925,-0.1367920041,-0.0381431803,-0.1247587204,-0.3251051903,-0.0511530861,-0.1050290316,-0.1762545854,-0.2748192847,-0.1512593329]},"episodes_still_running":{"0":[4096.0,4096.0,4093.0,4084.0,4080.0,4077.0,4068.0,4065.0,4062.0,4053.0,4042.0,4039.0,4027.0,4014.0,3989.0,3952.0,3903.0,3851.0,3805.0,3754.0,3678.0,3611.0,3533.0,3439.0,3318.0,3208.0,3080.0,2946.0,2784.0,2641.0,2484.0,2336.0,2183.0,2035.0,1890.0,1736.0,1604.0,1482.0,1360.0,1231.0,1123.0,1015.0,907.0,825.0,761.0,687.0,628.0,568.0,504.0,449.0,404.0,352.0,309.0,275.0,243.0,214.0,193.0,169.0,152.0,134.0,122.0,107.0,100.0,88.0,82.0,72.0,67.0,58.0,51.0,40.0,38.0,33.0,29.0,25.0,21.0,19.0,19.0,17.0,12.0,10.0,9.0,7.0,7.0,7.0,6.0,6.0,6.0,4.0,4.0,3.0,2.0,2.0,2.0,1.0,1.0,1.0,1.0,1.0]},"step_range_q":{"0":[16.9035682678,19.1942214966,20.1264209747,20.8417949677,23.6803646088,19.3573627472,19.8061752319,21.2903747559,20.3418540955,21.0778427124,20.061384201,23.737651825,19.6877613068,21.5775470734,24.2747249603,20.2170467377,22.3931331635,20.1152706146,20.899312973,20.8022289276,21.9724082947,19.2888755798,20.1926708221,18.5679359436,20.3257827759,21.7035140991,19.6962909698,19.0383071899,19.8596363068,16.0504341125,15.7803878784,16.4867019653,16.5269412994,15.6699151993,16.9987621307,17.608045578,15.7701654434,15.9099302292,11.643404007,13.7185153961,12.5865707397,14.0495166779,12.3194475174,12.1030654907,11.4045858383,11.1324548721,10.6177005768,10.9106893539,10.5735340118,10.9050674438,11.2419061661,11.4083681107,11.2343101501,8.3947715759,8.4033708572,10.9924516678,9.3495454788,12.0601739883,10.9811182022,11.2544193268,8.4864559174,8.1242694855,7.6814746857,8.0305786133,8.2451047897,6.934566021,6.2199926376,7.5443534851,6.7182879448,5.391292572,5.2090916634,5.4657344818,6.4856591225,5.1285905838,5.1139063835,5.392311573,5.5611214638,5.7327327728,5.1538858414,6.5772647858,3.7137610912,3.9269368649,3.6915094852,3.89392519,5.5691399574,5.6943445206,5.6025218964,5.8136935234,5.9016299248,0.7011867166,0.4954845309,0.4268186092,0.753508687,0.0511530861,0.1050290316,0.1762545854,0.2748192847,0.1512593329]},"mean_loss:":{"0":0.893772006},"rmse":{"0":0.9453951716},"step_rmse":{"0":[0.7649338245,0.7913646698,0.8177992105,0.8526151776,0.8854390979,0.9178982973,0.9531817436,0.9817804694,1.0222115517,1.0480899811,1.0570386648,1.0922675133,1.126974225,1.1109193563,1.1345882416,1.109726429,1.1111409664,1.1044076681,1.0614644289,1.0717711449,1.0688236952,1.0576651096,1.0360752344,0.9593874812,0.9567803144,0.9512399435,0.9159247279,0.8756656647,0.8733004928,0.8947845101,0.8690032363,0.8319256306,0.8116874099,0.7884602547,0.7591295242,0.7726989985,0.7355158329,0.6556433439,0.6525611281,0.6557337642,0.6250473261,0.6314402819,0.6209267974,0.6439356208,0.6264454126,0.6513677239,0.612618804,0.5906025171,0.6144887209,0.6255915761,0.7056258321,0.634303689,0.6307668686,0.6190667748,0.5729510784,0.5895386338,0.6078119278,0.5786799192,0.5841189623,0.5818359852,0.5591107607,0.6156514287,0.5920445919,0.6036445498,0.6092098355,0.5500313044,0.6718183756,0.6958761811,0.7638086081,0.8386745453,0.8560270667,1.052883625,0.9088546038,0.783016324,0.8395341635,0.9142306447,0.8479400873,0.817606926,0.9999051094,0.5102752447,0.41489923,0.4345889091,0.4740752876,0.4082414806,0.2502840757,0.2852077186,0.4218837321,0.8439206481,0.7872108817,0.3895448744,0.2973259985,0.3964774311,0.3879094422,0.5097266436,0.3733438849,0.3928564191,0.1321434081,0.1611537039]},"rmse_by_q":{"0":17.9765796661},