{"max_q":{"0":18.1876811981},"min_q":{"0":-1.157212019},"mean_q":{"0":12.4387216568},"range_q":{"0":19.3448925018},"step_max_q":{"0":[16.7321376801,16.9668560028,17.3426742554,17.8746070862,18.0486793518,18.1876811981,17.3375759125,17.5609283447,16.454082489,16.0262527466,15.6884822845,15.2397556305,14.3617343903,14.1130008698,13.2173128128,13.3391399384,12.0899200439,11.6843671799,11.2458944321,10.4313812256,9.9900274277,9.6688079834,9.2396001816,9.3281478882,8.6038627625,9.093419075,9.4971323013,8.7917251587,9.7193107605,7.8533830643,9.1940603256,6.6472764015,6.4955759048,7.5711183548,5.0629296303,1.7296755314,1.4629845619,0.0,0.0,0.0,0.0,0.0,0.0,0.0,0.0,0.0,0.0,0.0,0.0,0.0,0.0,0.0,0.0,0.0,0.0,0.0,0.0,0.0,0.0,0.0,0.0,0.0,0.0,0.0,0.0,0.0,0.0,0.0,0.0,0.0,0.0,0.0,0.0,0.0,0.0,0.0,0.0,0.0,0.0,0.0,0.0,0.0,0.0,0.0,0.0,0.0,0.0,0.0,0.0,0.0,0.0,0.0,0.0,0.0,0.0,0.0,0.0,0.0,0.0,0.0,0.0,0.0,0.0,0.0,0.0,0.0,0.0,0.0,0.0,0.0,0.0,0.0,0.0,0.0,0.0,0.0,0.0,0.0,0.0,0.0]},"step_min_q":{"0":[14.7970180511,15.9780044556,15.681016922,16.5613708496,14.7444515228,15.7333297729,14.5905609131,14.0158109665,12.7770318985,9.7731389999,8.7104415894,7.8518977165,5.9794764519,6.2586565018,7.2725687027,3.926081419,3.2026395798,3.603656292,3.0409636497,2.1119885445,1.4590097666,0.9250241518,0.0,0.0,0.0,-0.6744246483,0.0,-0.0734765008,-1.0794516802,-0.364574492,-0.1036898121,-0.0643776134,-0.2652106583,-0.2025497556,-0.9435843825,-0.4971049428,-0.6102526188,-0.6968883872,-0.737051487,-0.7606137395,-0.4189895093,-0.7907904983,-0.4388952851,-0.8237777352,-0.468347311,-0.8463578224,-0.499717176,-0.8709795475,-0.5322398543,-0.8952996731,-0.5638064146,-0.9199652076,-0.594997704,-0.9450847507,-0.6262014508,-0.9701302648,-0.6576507688,-0.9951491952,-0.6893845797,-1.0202076435,-0.7339171767,-0.9991089702,-1.157212019,-0.9681212306,-1.1440422535,-0.9573733211,-1.1302884817,-0.9532591701,-1.1200582981,-0.9517381787,-1.1129438877,-0.9513908029,-1.1081318855,-0.9515317082,-1.1049208641,-0.9518272281,-1.1027897596,-0.9521310925,-1.101377368,-0.9523916841,-1.1004393101,-0.9525974393,-1.0998142958,-0.9527531266,-1.0993964672,-0.9528680444,-1.0991159678,-0.9529514909,-1.0989272594,-0.9530113339,-1.0987993479,-0.9530542493,-1.0987125635,-0.9530848861,-1.0986539125,-0.9531063437,-1.0986139774,-0.9531216025,-1.0985865593,-0.9531324506,-1.0985677242,-0.9531398416,-1.098555088,-0.9531454444,-1.098546505,-0.9531490207,-1.0985403061,-0.9531516433,-1.0985363722,-0.9531536698,-1.0985331535,-0.9531548619,-1.0985316038,-0.9531558156,-1.0985304117,-0.9531565309,-1.0985293388,-0.9531568885,-1.0985287428,-0.9531573653]},"step_mean_q":{"0":[16.4076042175,16.6236114502,16.9864597321,17.3637580872,17.492603302,17.7948875427,16.5768756866,16.3131046295,15.5796222687,14.9083337784,14.4888324738,13.7528095245,13.2724590302,12.5756025314,11.994430542,11.3288459778,10.7052755356,10.0982551575,9.5315332413,8.9974803925,8.4447088242,7.9327220917,7.3981614113,6.9757790565,6.6450176239,6.3693404198,6.0942745209,5.6912741661,5.2892360687,4.7634315491,4.1522884369,3.2366118431,3.001273632,2.5708494186,1.6282202005,0.6162853241,0.4263659716,-0.6968883872,-0.737051487,-0.7606137395,-0.4189895093,-0.7907904983,-0.4388952851,-0.8237777352,-0.468347311,-0.8463578224,-0.499717176,-0.8709795475,-0.5322398543,-0.8952996731,-0.5638064146,-0.9199652076,-0.594997704,-0.9450847507,-0.6262014508,-0.9701302648,-0.6576507688,-0.9951491952,-0.6893845797,-1.0202076435,-0.7339171767,-0.9991089702,-1.157212019,-0.9681212306,-1.1440422535,-0.9573733211,-1.1302884817,-0.9532591701,-1.1200582981,-0.9517381787,-1.1129438877,-0.9513908029,-1.1081318855,-0.9515317082,-1.1049208641,-0.9518272281,-1.1027897596,-0.9521310925,-1.101377368,-0.9523916841,-1.1004393101,-0.9525974393,-1.0998142958,-0.9527531266,-1.0993964672,-0.9528680444,-1.0991159678,-0.9529514909,-1.0989272594,-0.9530113339,-1.0987993479,-0.9530542493,-1.0987125635,-0.9530848861,-1.0986539125,-0.9531063437,-1.0986139774,-0.9531216025,-1.0985865593,-0.9531324506,-1.0985677242,-0.9531398416,-1.098555088,-0.9531454444,-1.098546505,-0.9531490207,-1.0985403061,-0.9531516433,-1.0985363722,-0.9531536698,-1.0985331535,-0.9531548619,-1.0985316038,-0.9531558156,-1.0985304117,-0.9531565309,-1.0985293388,-0.9531568885,-1.0985287428,-0.9531573653]},"episodes_still_running":{"0":[4096.0,4096.0,4096.0,4096.0,4096.0,4096.0,4096.0,4096.0,4096.0,4096.0,4096.0,4096.0,4096.0,4096.0,4096.0,4096.0,4096.0,4096.0,4096.0,4096.0,4096.0,4096.0,4092.0,3948.0,3280.0,2432.0,1432.0,848.0,488.0,288.0,168.0,88.0,56.0,44.0,24.0,8.0,8.0,4.0,4.0,4.0,4.0,4.0,4.0,4.0,4.0,4.0,4.0,4.0,4.0,4.0,4.0,4.0,4.0,4.0,4.0,4.0,4.0,4.0,4.0,4.0,4.0,4.0,4.0,4.0,4.0,4.0,4.0,4.0,4.0,4.0,4.0,4.0,4.0,4.0,4.0,4.0,4.0,4.0,4.0,4.0,4.0,4.0,4.0,4.0,4.0,4.0,4.0,4.0,4.0,4.0,4.0,4.0,4.0,4.0,4.0,4.0,4.0,4.0,4.0,4.0,4.0,4.0,4.0,4.0,4.0,4.0,4.0,4.0,4.0,4.0,4.0,4.0,4.0,4.0,4.0,4.0,4.0,4.0,4.0,4.0]},"step_range_q":{"0":[1.9351196289,0.9888515472,1.6616573334,1.3132362366,3.304227829,2.4543514252,2.7470149994,3.5451173782,3.6770505905,6.2531137466,6.9780406952,7.387857914,8.3822574615,7.854344368,5.9447441101,9.4130582809,8.8872804642,8.0807113647,8.2049312592,8.319393158,8.5310173035,8.7437839508,9.2396001816,9.3281478882,8.6038627625,9.7678432465,9.4971323013,8.8652019501,10.7987623215,8.2179574966,9.297750473,6.7116541862,6.7607865334,7.7736682892,6.0065140724,2.2267804146,2.0732371807,0.6968883872,0.737051487,0.7606137395,0.4189895093,0.7907904983,0.4388952851,0.8237777352,0.468347311,0.8463578224,0.499717176,0.8709795475,0.5322398543,0.8952996731,0.5638064146,0.9199652076,0.594997704,0.9450847507,0.6262014508,0.9701302648,0.6576507688,0.9951491952,0.6893845797,1.0202076435,0.7339171767,0.9991089702,1.157212019,0.9681212306,1.1440422535,0.9573733211,1.1302884817,0.9532591701,1.1200582981,0.9517381787,1.1129438877,0.9513908029,1.1081318855,0.9515317082,1.1049208641,0.9518272281,1.1027897596,0.9521310925,1.101377368,0.9523916841,1.1004393101,0.9525974393,1.0998142958,0.9527531266,1.0993964672,0.9528680444,1.0991159678,0.9529514909,1.0989272594,0.9530113339,1.0987993479,0.9530542493,1.0987125635,0.9530848861,1.0986539125,0.9531063437,1.0986139774,0.9531216025,1.0985865593,0.9531324506,1.0985677242,0.9531398416,1.098555088,0.9531454444,1.098546505,0.9531490207,1.0985403061,0.9531516433,1.0985363722,0.9531536698,1.0985331535,0.9531548619,1.0985316038,0.9531558156,1.0985304117,0.9531565309,1.0985293388,0.9531568885,1.0985287428,0.9531573653]},"mean_loss:":{"0":0.1904338747},"rmse":{"0":0.4363873005},