{"max_q":{"0":21.2206268311},"min_q":{"0":0.0},"mean_q":{"0":4.8356995583},"range_q":{"0":21.2206268311},"step_max_q":{"0":[16.0517444611,17.0356521606,18.8709602356,19.5375061035,18.7168693542,18.6503257751,18.5897197723,18.3539333344,19.5867881775,21.2206268311,19.6887359619,19.0733108521,18.9635372162,19.0954971313,19.391242981,19.340675354,20.4125862122,17.4944190979,18.2100982666,16.8828353882,15.1695747375,15.3503646851,15.9392108917,16.3074951172,15.5525894165,15.2436504364,15.1901760101,16.2268352509,16.5769691467,14.0698804855,13.6522960663,12.7363214493,13.5466127396,12.3459892273,12.5383796692,12.9440660477,12.0359363556,10.6847171783,11.2512550354,11.0659885406,11.2772350311,11.3369808197,10.498290062,10.471198082,8.0118217468,8.7514610291,8.1590566635,8.5461626053,8.6521625519,7.1435632706,8.0307998657,8.0136470795,7.9158716202,7.7018203735,8.0561733246,7.693189621,7.3441143036,7.8664102554,6.5266427994,6.7169685364,6.4674568176,7.3462629318,6.6855545044,6.520026207,5.8815774918,3.1877856255,3.1900191307,3.1937651634,3.2526113987,3.2930955887,3.2173068523,3.327568531,3.3110275269,3.2983529568,1.9200258255,1.9168028831,1.9137649536,1.9395105839,1.0380883217,0.9818320274,0.9731864929,1.0226180553,1.0053896904,1.0727953911,1.0304982662,1.1533136368,1.0475246906,1.148260355,1.1020290852,1.0499300957,1.1379983425,1.1494400501,1.216575861,1.148840189]},"step_min_q":{"0":[4.3250508308,2.8391461372,0.0,0.0,0.0,0.0,0.0,0.0,0.0,0.0,0.0,0.0,0.0,0.0,0.0,0.0,0.0,0.0,0.0,0.0,0.0,0.0,0.0,0.0,0.0,0.0,0.0,0.0,0.0,0.0,0.0,0.0,0.0,0.0,0.0,0.0,0.0,0.0,0.0,0.0,0.0,0.0,0.0,0.0,0.0,0.0,0.0,0.0,0.0,0.0,0.0,0.0,0.0,0.0,0.0,0.0,0.0,0.0,0.0,0.0,0.0,0.0,0.0,0.0,0.0,0.0,0.0,0.0,0.0,0.0,0.0,0.0,0.0,0.0,0.0,0.0,0.0,0.0,0.0,0.0,0.0,0.0,0.0,0.0,0.0,0.0,0.0,0.0,0.0,0.0,0.0,0.0,0.0,0.0]},"step_mean_q":{"0":[9.1688785553,9.1445350647,9.170135498,9.0204811096,8.8624038696,8.5775308609,8.3492774963,8.0723800659,7.8063817024,7.5073890686,7.1251893044,6.7109394073,6.2416014671,5.8112411499,5.3767127991,4.9308714867,4.5480623245,4.2065577507,3.8560752869,3.5270802975,3.2505118847,2.9708795547,2.7495908737,2.4999525547,2.2901763916,2.1161599159,1.976593256,1.8650954962,1.7479146719,1.6391842365,1.5596171618,1.4796663523,1.4216593504,1.3752983809,1.3586976528,1.3289908171,1.3204317093,1.2750309706,1.2678030729,1.2473281622,1.2628370523,1.2521528006,1.2471669912,1.22309196,1.2043324709,1.174484849,1.1883839369,1.148429513,1.1733663082,1.164616704,1.1820602417,1.1677129269,1.1356452703,1.1447540522,1.1574623585,1.15340662,1.1462672949,1.0640170574,1.0051404238,1.0155130625,1.021890521,0.9645581841,0.985527575,0.9775830507,0.973172009,0.8993093371,0.9303449392,0.9181127548,0.8736017346,0.9191991091,0.8418986797,0.8497071266,0.8530196548,0.841504693,0.6724919677,0.7063415051,0.7389827371,0.7819727659,0.6806864142,0.6363040805,0.616302073,0.5871140957,0.6975080967,0.9789704084,0.9168633223,1.1533136368,1.0475246906,1.148260355,1.1020290852,1.0499300957,1.1379983425,1.1494400501,1.216575861,1.148840189]},"episodes_still_running":{"0":[4096.0,4096.0,4087.0,4083.0,4079.0,4072.0,4062.0,4058.0,4049.0,4039.0,4027.0,4007.0,3974.0,3938.0,3875.0,3800.0,3729.0,3653.0,3570.0,3487.0,3389.0,3294.0,3212.0,3119.0,3010.0,2904.0,2813.0,2686.0,2571.0,2459.0,2337.0,2202.0,2070.0,1930.0,1795.0,1655.0,1547.0,1429.0,1314.0,1216.0,1111.0,1011.0,913.0,823.0,730.0,639.0,576.0,508.0,456.0,411.0,351.0,308.0,268.0,237.0,208.0,187.0,158.0,137.0,121.0,99.0,84.0,62.0,58.0,52.0,48.0,38.0,34.0,26.0,22.0,20.0,18.0,16.0,16.0,16.0,14.0,12.0,10.0,9.0,7.0,6.0,5.0,4.0,3.0,2.0,2.0,1.0,1.0,1.0,1.0,1.0,1.0,1.0,1.0,1.0]},"step_range_q":{"0":[11.7266941071,14.1965065002,18.8709602356,19.5375061035,18.7168693542,18.6503257751,18.5897197723,18.3539333344,19.5867881775,21.2206268311,19.6887359619,19.0733108521,18.9635372162,19.0954971313,19.391242981,19.340675354,20.4125862122,17.4944190979,18.2100982666,16.8828353882,15.1695747375,15.3503646851,15.9392108917,16.3074951172,15.5525894165,15.2436504364,15.1901760101,16.2268352509,16.5769691467,14.0698804855,13.6522960663,12.7363214493,13.5466127396,12.3459892273,12.5383796692,12.9440660477,12.0359363556,10.6847171783,11.2512550354,11.0659885406,11.2772350311,11.3369808197,10.498290062,10.471198082,8.0118217468,8.7514610291,8.1590566635,8.5461626053,8.6521625519,7.1435632706,8.0307998657,8.0136470795,7.9158716202,7.7018203735,8.0561733246,7.693189621,7.3441143036,7.8664102554,6.5266427994,6.7169685364,6.4674568176,7.3462629318,6.6855545044,6.520026207,5.8815774918,3.1877856255,3.1900191307,3.1937651634,3.2526113987,3.2930955887,3.2173068523,3.327568531,3.3110275269,3.2983529568,1.9200258255,1.9168028831,1.9137649536,1.9395105839,1.0380883217,0.9818320274,0.9731864929,1.0226180553,1.0053896904,1.0727953911,1.0304982662,1.1533136368,1.0475246906,1.148260355,1.1020290852,1.0499300957,1.1379983425,1.1494400501,1.216575861,1.148840189]},"mean_loss:":{"0":3.7999134064},"rmse":{"0":1.949336648},"step_rmse":{"0":[2.7323627472,2.243802309,2.2807791233,2.1876590252,2.1679990292,2.1613006592,2.1373081207,2.1131072044,2.1206338406,2.1364943981,2.1051089764,2.185243845,2.1196496487,2.1235282421,2.1392962933,2.0506632328,2.0111458302,1.9951354265,1.9761775732,1.9547364712,1.8714072704,1.8414583206,1.7985635996,1.7405751944,1.7192716599,1.7296727896,1.6803079844,1.589428544,1.5764679909,1.5443785191,1.5503191948,1.4800101519,1.4277855158,1.4143061638,1.4401923418,1.4176483154,1.4420329332,1.4195539951,1.4313908815,1.3930065632,1.4652432203,1.4331965446,1.409209013,1.4280076027,1.5283908844,1.4733818769,1.4987316132,1.471054554,1.5679394007,1.6035737991,1.6613156796,1.6690827608,1.6844359636,1.7629264593,1.8593027592,1.9420822859,1.8348267078,1.8125311136,1.8952741623,2.1434407234,2.1887774467,2.2561557293,2.2324223518,1.6786541939,1.9485197067,2.0256054401,1.9720363617,2.0039675236,2.10445714,2.1209611893,1.6505388021,0.9608048797,1.2643026114,0.965618372,0.8484752774,0.9585457444,0.9274300337,0.7540633678,0.7350412607,0.507340014,0.5195395947,0.4873333573,0.7630834579,0.863281548,0.7178119421,0.8309688568,0.5236675739,0.9590361118,0.5029394627,0.113866806,0.5012905598,0.5289256573,0.739700079,0.8126208782]},"mean_error":{"0":1.3717063665},"step_mean_error":{"0":[2.188585043,1.7655670643,1.7454543114,1.659068346,1.6312680244,1.6358424425,1.6293234825,1.5923179388,1.5872263908,1.5846209526,1.5640599728,1.6104632616,1.5656604767,1.5639892817,1.5578924417,1.5058171749,1.4693090916,1.4218925238,1.3998662233,1.3669707775,1.3057602644,1.2792043686,1.2426811457,1.1860547066,1.1501070261,1.1233267784,1.0882220268,1.0358757973,1.0152631998,0.9839963317,0.9703160524,0.9288319945,0.8912058473,0.8820220232,0.8889621496,0.8751822114,0.8861382008,0.8835273385,0.9008421898,0.8766300678,0.9035363793,0.9017831683,0.8957744837,0.907587111,0.9636419415,0.9164341688,0.9468554258,0.9215357304,0.9794253111,1.0072315931,1.026569128,1.0461665392,1.0513893366,1.0897824764,1.1334495544,1.1769915819,1.1427108049,1.1167182922,1.1340765953,1.2718621492,1.3334680796,1.4154714346,1.3604432344,1.1236897707,1.2717996836,1.3198727369,1.235662818,1.2927613258,1.2566610575,1.3122030497,1.0775475502,0.7580919862,0.8300347924,0.7357656956,0.6384680867,0.7855815887,0.7323465347,0.5498973727,0.6363371611,0.3695529401,0.339209646,0.3725219965,0.7058852315,0.8521729708,0.6643558741,0.8309688568,0.5236675739,0.9590361118,0.5029394627,0.113866806,0.5012905598,0.5289256573,0.739700079,0.8126208782]},"mean_deviation":{"0":5.718380928},