{"max_q":{"0":15.0048027039},"min_q":{"0":-1.0259048939},"mean_q":{"0":6.9518771172},"range_q":{"0":16.030708313},"step_max_q":{"0":[14.0798282623,14.3310127258,14.6452980042,14.8608217239,15.0048027039,14.6773338318,14.6920623779,14.532125473,14.2360134125,14.0185585022,13.9030542374,13.8143024445,13.3311634064,13.3636512756,13.2400512695,12.9374504089,12.630771637,12.3193445206,12.0368394852,11.9079475403,11.5959224701,11.494890213,11.1989784241,11.0651016235,10.8400688171,10.6668968201,10.4395780563,10.2851963043,10.0512809753,9.9011878967,9.6029863358,9.5001659393,9.3283233643,9.2171850204,8.9700813293,8.7808589935,8.4954853058,8.347413063,8.0674533844,7.8606882095,7.735326767,7.4980182648,7.5025091171,7.2045331001,7.0633664131,7.0618619919,7.0707912445,6.8392100334,6.9419932365,6.9066615105,6.9395599365,6.9569606781,6.9729690552,6.9588794708,6.9546866417,6.9973282814,7.0466456413,6.9873371124,7.0496106148,7.0217618942,7.0556778908,7.1010303497,7.1197328568,7.1686525345,7.2019958496,7.2513666153,7.222618103,7.3431043625,7.5321073532,7.4535689354,7.5401315689,7.4604892731,7.4990262985,7.4540042877,7.4561214447,7.4687504768,7.4213695526,7.5590286255,7.6533551216,7.7969346046,7.6651582718,7.6141576767,7.5213346481,7.5790925026,7.4599370956,7.5065393448,7.6817541122,7.728430748,7.4580097198,7.4931364059,7.5691289902,7.5446500778,7.399184227,7.4815454483,7.3107476234,7.439909935,7.727768898,7.5299506187,7.5984897614,7.4595236778,7.3379292488,7.2933483124,7.3711252213,7.3972244263,7.5205287933,7.2762522697,6.9375677109,6.8918156624,6.721414566,6.7308502197,6.7906799316,6.6362276077,6.8163900375,6.4901118279,6.4989700317,6.4485917091,6.3694610596,6.3131408691,6.3861913681,6.5583062172,6.3759098053,6.2586288452,6.0373010635,5.9035329819,6.1075639725,6.09308815,6.0529356003,6.1679825783,6.0600814819,6.0511364937,5.9092626572,5.7261633873,5.6269464493,5.602388382,5.5547862053,6.0211057663,6.2212944031,6.0883612633,6.014125824,5.8910646439,5.8741002083,5.7854938507,5.5784640312,5.6165509224,5.3804960251,5.3623199463,5.2741923332,5.2113742828,4.927573204,4.8673963547,5.0323691368,5.1610059738,4.9754562378,4.6565694809,4.5782065392,4.6980495453,4.3372426033,4.3383154869,4.1166667938,4.0301704407,3.9387407303,3.8253648281,4.2775125504,4.5593032837,4.6333780289,4.6689662933,4.4258804321,4.2366008759,4.1714138985,4.0836191177]},"step_min_q":{"0":[11.5901403427,11.7214698792,11.6841392517,12.0462970734,11.7654542923,11.4543762207,10.8492803574,10.6913375854,9.4360523224,9.3791770935,8.556016922,8.8370227814,8.3924274445,6.9638528824,6.75730896,6.0507307053,5.9121322632,5.9940090179,5.1265745163,3.5643393993,4.4660797119,3.55975914,3.7453660965,3.3734045029,3.0221369267,1.4400353432,1.5678200722,1.5298422575,0.7632602453,0.778773129,0.858709693,-0.3525781631,-0.1729531288,0.0852504969,-0.2695478201,0.1190932989,-0.2319155931,-1.0259048939,-0.035469234,-0.3780618906,-0.878061533,-0.7417325974,-0.8917859793,-0.9551135302,-0.756872654,-0.6368765831,-0.9135411382,-0.4277078509,-0.7259175181,-0.5531927347,-0.1452102065,-0.1749183536,0.0,-0.1236585975,0.0,-0.0412752032,0.0,0.0,0.0,0.0,0.0,0.0,0.0,-0.175657928,-0.1129337549,0.0,0.0,0.0,0.0,0.0,0.0,0.0,0.0,0.0,0.0,0.0,0.0,0.0,0.0,0.0,0.0,0.0,0.0,0.0,0.0,0.0,0.0,0.0,0.0,0.0,0.0,0.0,0.0,0.0,0.0,0.0,0.0,0.0,0.0,0.0,0.0,0.0,0.0,0.0,0.0,0.0,0.0,0.0,0.0,0.0,0.0,0.0,-0.0066994429,-0.0624697804,-0.3771319389,-0.26943326,0.0,-0.1418765187,-0.1261157393,0.0,-0.0390251279,-0.0846247673,-0.2840521336,-0.52271384,-0.5380785465,-0.4576254487,-0.0550371408,-0.0640662313,-0.0146303773,-0.094125092,-0.1843390465,-0.0532183051,-0.0684220195,-0.1760124564,-0.1163023114,-0.3942288756,-0.1902216971,-0.1313855052,-0.287792623,-0.2646967173,-0.2545813322,-0.0964916945,-0.1501957178,-0.1752624512,-0.3003733754,-0.6529986262,-0.2481552362,-0.2149133682,-0.263654232,-0.1882364452,-0.2610583305,-0.3256050348,-0.2766097188,-0.2659753561,-0.2786815166,-0.2759260535,-0.2724318504,-0.417506665,-0.2997330725,-0.221127212,0.0,0.0,-0.1494096518,-0.1863187551,-0.1870625019,-0.2905529141,-0.3624686003,-0.1134217083,-0.1215777397,0.0]},"step_mean_q":{"0":[13.5650177002,13.7773761749,13.9349241257,14.0896453857,14.0324420929,13.9400501251,13.9707164764,13.7892818451,13.4505786896,13.2212791443,13.0480918884,12.7933006287,12.4079971313,12.1702823639,11.9694728851,11.6861124039,11.3646907806,11.1098976135,10.9146051407,10.5778808594,10.304681778,10.1069164276,9.9349899292,9.6710720062,9.485291481,9.3454732895,9.1632785797,8.9313211441,8.7523441315,8.6001911163,8.369020462,8.1238298416,7.905819416,7.7146997452,7.4597668648,7.2136936188,6.9967522621,6.7961444855,6.578959465,6.3677654266,6.204387188,6.0604963303,5.9015130997,5.7909898758,5.7215003967,5.657283783,5.6214852333,5.640771389,5.6376476288,5.6383886337,5.644431591,5.6698489189,5.6985116005,5.7120695114,5.7418079376,5.7544436455,5.783741951,5.8129124641,5.8216848373,5.8396091461,5.8620347977,5.8804249763,5.9051542282,5.9252581596,5.9412126541,5.9714608192,5.9868545532,5.9997720718,6.0204458237,6.0414757729,6.0583453178,6.0706934929,6.0805807114,6.0842614174,6.0927262306,6.1012892723,6.1005439758,6.100543499,6.1019654274,6.095720768,6.0897498131,6.0802583694,6.066444397,6.0572400093,6.0322937965,6.0078496933,5.97960186,5.9461011887,5.9017448425,5.8628287315,5.8042554855,5.7583909035,5.7042622566,5.6394762993,5.5718717575,5.4973812103,5.422249794,5.346367836,5.2610359192,5.1807470322,5.0903730392,5.0021915436,4.9120726585,4.8200316429,4.7288894653,4.6291708946,4.5388493538,4.4405765533,4.3632364273,4.2806758881,4.185795784,4.105202198,4.0139269829,3.9286351204,3.852871418,3.7598698139,3.7016313076,3.6231329441,3.5436754227,3.4773175716,3.4050374031,3.3595860004,3.2990808487,3.2577738762,3.2141549587,3.1440968513,3.0961484909,3.0479755402,2.995023489,2.9388110638,2.912655592,2.8801643848,2.7945604324,2.7359416485,2.6752083302,2.6167914867,2.5658228397,2.5054428577,2.4758644104,2.4259576797,2.4354782104,2.4209434986,2.4019744396,2.3507888317,2.3591499329,2.2798807621,2.2556557655,2.2064864635,2.2104437351,2.1808745861,2.1386296749,2.0615992546,2.0181317329,1.9604890347,1.936196804,1.9144613743,1.8817510605,1.8501478434,1.8765413761,1.8373038769,1.8736797571,1.7084300518,1.6777794361,1.6107386351,1.5480697155,1.5422642231,1.5145244598,1.604958415,1.5213741064,1.4622774124]},"episodes_still_running":{"0":[4096.0,4096.0,4096.0,4096.0,4096.0,4096.0,4096.0,4096.0,4096.0,4096.0,4096.0,4096.0,4096.0,4096.0,4096.0,4096.0,4096.0,4096.0,4096.0,4096.0,4096.0,4096.0,4096.0,4096.0,4096.0,4096.0,4096.0,4096.0,4096.0,4096.0,4096.0,4096.0,4096.0,4096.0,4096.0,4096.0,4096.0,4096.0,4096.0,4096.0,4096.0,4096.0,4096.0,4084.0,4084.0,4084.0,4068.0,4028.0,4024.0,4020.0,4016.0,4004.0,3996.0,3996.0,3980.0,3980.0,3972.0,3960.0,3960.0,3960.0,3952.0,3948.0,3940.0,3936.0,3936.0,3924.0,3924.0,3924.0,3920.0,3912.0,3912.0,3908.0,3908.0,3908.0,3908.0,3904.0,3904.0,3904.0,3904.0,3904.0,3904.0,3904.0,3900.0,3900.0,3900.0,3900.0,3900.0,3900.0,3900.0,3900.0,3896.0,3896.0,3892.0,3888.0,3888.0,3880.0,3876.0,3872.0,3868.0,3856.0,3856.0,3828.0,3816.0,3796.0,3772.0,3740.0,3700.0,3668.0,3600.0,3532.0,3468.0,3376.0,3292.0,3180.0,3100.0,2988.0,2848.0,2732.0,2644.0,2540.0,2404.0,2276.0,2132.0,1980.0,1840.0,1732.0,1624.0,1492.0,1408.0,1340.0,1268.0,1184.0,1104.0,1024.0,972.0,928.0,868.0,824.0,796.0,736.0,672.0,608.0,572.0,552.0,520.0,500.0,464.0,436.0,420.0,404.0,380.0,372.0,348.0,328.0,308.0,288.0,272.0,260.0,236.0,212.0,200.0,184.0,180.0,180.0,180.0,160.0,148.0,128.0,124.0,108.0]},