{"max_q":{"0":15.0780601501},"min_q":{"0":-0.7310777903},"mean_q":{"0":6.9691529274},"range_q":{"0":15.809138298},"step_max_q":{"0":[14.7999305725,15.0780601501,14.979683876,14.5465583801,14.467956543,14.3961048126,14.1920719147,13.9354143143,13.8680725098,14.1333942413,13.7638626099,13.8935346603,13.3941259384,12.688126564,12.991350174,12.5665512085,12.3615341187,12.1273889542,11.8244562149,11.5853672028,11.1948852539,10.5370998383,10.3179035187,10.2562885284,9.8781719208,9.4899978638,9.4900989532,9.0320425034,8.7079658508,8.5579662323,8.5483837128,7.3768606186,6.7291650772,6.5858268738,6.5329108238,5.9806451797,5.875793457,5.8272180557,5.3244385719,5.0530586243,4.9709644318,4.762485981,4.3834776878,4.2640810013,4.0391097069,4.1073012352,4.0275440216,3.8910713196,3.6407184601,3.5822005272,3.4676575661,3.4054498672,3.4046392441,3.3150844574,3.6373195648,3.4583876133,3.358247757,3.4128930569,3.5051133633,3.2299323082,3.2148199081,1.1549657583,1.1645011902,1.1793091297,1.1983747482,1.2207598686,1.2455769777,1.2719428539,1.2990345955,1.3286943436,1.3584218025,1.3804700375,1.3997919559,1.4155272245,1.4201072454,1.4212523699,1.4196699858,1.4162064791,1.4096624851,1.4004654884,1.3891050816,1.3797929287,1.3704589605,1.3597909212,1.3480625153,1.3359236717,1.3234784603,1.311075449,1.3002523184,1.2894899845,1.2785437107,1.2676737309,1.2573711872,1.2468025684,1.2364699841,1.2266559601,1.2168035507,1.2068111897,1.1965836287,1.1855733395,1.1747862101,1.1642459631,1.154055357,1.144204855,1.1346812248,1.1254208088,1.1167120934,1.1083927155,1.1027144194,1.0987328291,1.0946788788,1.0906642675,1.0868717432,1.0825110674,1.0779811144,1.0737378597,1.0685039759,1.0633827448,1.0583757162,1.0559815168,1.0562572479,1.0566083193,1.0570265055,1.0575039387,1.0580323935,1.0586056709,1.0592185259,1.0598651171,1.0605410337,1.0612419844,1.0619645119,1.0627051592,1.0634618998,1.0642315149,1.0650122166,1.0658023357,1.0666007996,1.0674055815,1.0682162046,1.069031477,1.0698504448,1.0706726313,1.0716729164,1.0728092194,1.0740134716,1.0752577782,1.0765278339,1.0778151751,1.0791145563,1.0804219246]},"step_min_q":{"0":[10.9620380402,11.0244655609,9.8676738739,8.9787998199,8.279838562,7.9107379913,8.1958007812,8.0741319656,6.9389915466,6.1720175743,5.0463953018,5.1518697739,4.6047449112,4.2979679108,4.0324115753,3.3156514168,2.9183893204,2.7002925873,2.2857787609,1.9963555336,1.8181474209,1.4053711891,0.9940496683,0.7055022717,0.5440275669,0.321267128,0.2592358589,0.1503791809,-0.0604891777,0.0,0.0,-0.1469757557,-0.3272342682,-0.3870184422,-0.2540789843,-0.3653831482,-0.5116903782,-0.7058719397,-0.7310777903,-0.300768733,-0.3851798773,-0.5370378494,-0.4119821787,-0.3454024792,-0.4121088982,-0.4384350777,-0.5508899689,-0.4061636925,-0.2174090743,-0.2215818167,-0.169498086,-0.2419861555,-0.0445944667,0.0,0.0,0.0,0.0,-0.0184545517,-0.0472774506,-0.0749430656,-0.0900948048,-0.102229476,-0.1119010448,-0.1229659319,-0.1353878975,-0.1469609737,-0.157413125,-0.1668257713,-0.1771900654,-0.1883376837,-0.2008743286,-0.2140539885,-0.2263901234,-0.2378748655,-0.2495758533,-0.2605606318,-0.2704547644,-0.2797899246,-0.2887802124,-0.2980765104,-0.3095300198,-0.3203446865,-0.3311599493,-0.3408468962,-0.3500742912,-0.3589897156,-0.367210269,-0.3745926619,-0.3816453218,-0.3848785162,-0.3839161396,-0.3824216127,-0.3802170753,-0.3774923086,-0.3746671677,-0.3721815348,-0.3692238331,-0.365788579,-0.3618956804,-0.3579610586,-0.3537855148,-0.3490338326,-0.333622694,-0.3166097403,-0.2995507717,-0.2825202942,-0.2655949593,-0.2488515377,-0.2323687077,-0.2162168026,-0.2004628181,-0.185162425,-0.1703612804,-0.1560919285,-0.1423742771,-0.1292179823,-0.116620183,-0.1045651436,-0.0930258036,-0.0819712877,-0.0713649988,-0.0611650944,-0.0513291359,-0.0418143272,-0.0325775146,-0.0235785246,-0.0147770643,-0.0061388016,0.0,0.0,0.0,0.0,0.0,0.0,0.0,0.0,0.0,0.0,0.0,0.0,0.0,0.0,0.0,0.0,0.0,0.0,0.0,0.0,0.0,0.0]},"step_mean_q":{"0":[13.1778383255,13.3511781693,13.3330221176,13.1286458969,13.0685901642,12.6716632843,12.5049285889,12.0745029449,11.6635742188,11.3798456192,10.9918813705,10.6680421829,10.2167072296,9.8305053711,9.3867359161,8.9870519638,8.5768089294,8.1824302673,7.7879333496,7.3553142548,6.9542884827,6.5423955917,6.1328163147,5.7599525452,5.3893485069,5.0335683823,4.710062027,4.3668465614,4.0958895683,3.8264615536,3.5643417835,3.3066802025,3.1199235916,2.9518051147,2.7986345291,2.6699352264,2.5807154179,2.5276134014,2.4503045082,2.4002766609,2.3178915977,2.3128564358,2.2805998325,2.2601203918,2.2770140171,2.2875978947,2.1975374222,2.2126812935,2.0673651695,1.8984267712,1.8097630739,1.7759950161,1.7997822762,1.7119716406,1.8575228453,1.7678300142,1.8333070278,1.4627865553,1.5431970358,1.4370700121,1.425493598,0.5263681412,0.5263000727,0.5281715989,0.5314934254,0.5368994474,0.5440819263,0.5525585413,0.5609222651,0.5701783299,0.578773737,0.5832080245,0.5867009163,0.5888261795,0.585265696,0.5803458691,0.5746076107,0.5682082772,0.5604411364,0.551194489,0.5397875309,0.5297241211,0.5196495056,0.5094720125,0.498994112,0.4884669781,0.4781340957,0.4682413936,0.4593034983,0.4523057342,0.4473137856,0.4426260591,0.4385770559,0.4346551299,0.4309014082,0.4272372127,0.4237898588,0.4205113053,0.4173439741,0.4138061404,0.4105003476,0.4076060653,0.4102163315,0.4137975574,0.4175652266,0.4214502573,0.425558567,0.4297705889,0.4351728559,0.4412580132,0.4471080303,0.4527509212,0.4582552314,0.4632095695,0.4678034186,0.4722599387,0.4759418964,0.4794088006,0.4826749563,0.4870051146,0.4924461246,0.4977216125,0.5028486848,0.5078448057,0.5127274394,0.5175135732,0.5222207308,0.5268631577,0.5314555764,0.536011219,0.5405413508,0.5450568199,0.5495661497,0.5540774465,0.5585969687,0.5631301999,0.5676826835,0.5722569227,0.5768562555,0.5814831257,0.5861379504,0.5908221006,0.595623374,0.6005208492,0.6054801345,0.6104858518,0.6155298948,0.6206061244,0.6257104278,0.6308377385]},"episodes_still_running":{"0":[4096.0,4096.0,4096.0,4096.0,4096.0,4096.0,4096.0,4096.0,4096.0,4096.0,4096.0,4096.0,4096.0,4096.0,4096.0,4096.0,4096.0,4096.0,4096.0,4096.0,4096.0,4096.0,4096.0,4096.0,4096.0,4096.0,4096.0,4096.0,4092.0,4080.0,4068.0,4040.0,3988.0,3920.0,3844.0,3772.0,3668.0,3516.0,3400.0,3264.0,3132.0,2948.0,2740.0,2448.0,2120.0,1792.0,1408.0,1072.0,776.0,572.0,392.0,268.0,200.0,124.0,76.0,52.0,32.0,16.0,12.0,12.0,12.0,8.0,8.0,8.0,8.0,8.0,8.0,8.0,8.0,8.0,8.0,8.0,8.0,8.0,8.0,8.0,8.0,8.0,8.0,8.0,8.0,8.0,8.0,8.0,8.0,8.0,8.0,8.0,8.0,8.0,8.0,8.0,8.0,8.0,8.0,8.0,8.0,8.0,8.0,8.0,8.0,8.0,8.0,8.0,8.0,8.0,8.0,8.0,8.0,8.0,8.0,8.0,8.0,8.0,8.0,8.0,8.0,8.0,8.0,8.0,8.0,8.0,8.0,8.0,8.0,8.0,8.0,8.0,8.0,8.0,8.0,8.0,8.0,8.0,8.0,8.0,8.0,8.0,8.0,8.0,8.0,8.0,8.0,8.0,8.0,8.0,8.0,8.0,8.0,8.0]},