{"max_q":{"0":22.7364215851},"min_q":{"0":-0.8007230759},"mean_q":{"0":3.8992826939},"range_q":{"0":23.5371437073},"step_max_q":{"0":[17.6624031067,17.4542484283,18.4367694855,18.5094585419,19.9530715942,21.5273952484,20.9952220917,21.2376842499,22.1126346588,20.8855781555,22.7364215851,22.2049980164,20.5813922882,20.5138263702,19.1809768677,17.7690677643,17.5478191376,16.8552780151,17.4514312744,17.5261936188,17.3158016205,16.3526210785,17.7167072296,15.4951915741,14.9529275894,15.6582212448,14.5184774399,14.6318883896,14.9080066681,13.3345832825,13.9926624298,13.5117530823,12.5277490616,12.5328092575,11.9100456238,12.3591089249,12.515039444,11.6756763458,11.7644319534,11.9877490997,12.6204595566,10.1113586426,9.7593574524,9.3071269989,9.481054306,9.195649147,9.0338134766,8.8403129578,8.8861265182,8.5752916336,9.6931715012,9.2938966751,9.9013986588,8.9920530319,8.9588832855,9.2994127274,9.5477228165,9.360124588,9.6410636902,9.4894189835,9.7751207352,9.7015428543,9.3705291748,9.9301548004,9.5392456055,9.0256710052,10.2228317261,10.1233444214,9.4572734833,8.6537656784,9.1489601135,8.8744411469,8.6840114594,8.8195400238,8.5840969086,8.3076782227,7.948870182,8.3374767303,8.5234575272,8.5765390396,9.0126199722,8.6371593475,9.2467365265,10.0592393875,9.322593689,9.415148735,9.2601766586,9.6961717606,9.6625642776,10.4190587997,10.3480758667,9.8663730621,10.2226953506,10.2728633881,9.6599082947,10.3090076447,10.071931839,11.1542644501,10.9036130905,11.2685279846,8.4826040268,10.1595373154,10.3596038818,9.3263454437,9.0862388611,9.1142511368,9.0773544312,8.9820365906,9.3456525803,9.9034452438,10.3638353348,10.0989227295,10.1940965652,5.7727322578,5.2134208679,5.6644358635,5.6121048927,5.9833779335,5.6536793709,5.7663455009,5.5800304413,4.9662890434,5.2547292709,4.2240133286,4.2004170418,4.7788624763,4.7276887894,4.8528661728,5.3001117706,4.8076224327,4.8572459221,5.2545509338,4.9195919037,5.6602683067,5.439496994,5.5222053528,5.6593365669,6.1130094528,4.9040541649,4.7533130646,4.3471632004,4.5859060287,5.0875091553,5.0133428574,5.6518707275,5.023771286,5.0776834488,5.1702289581,5.8194684982,5.6282939911,5.90518713,5.6496052742,5.4460096359,5.8033671379,5.6320986748,5.4973316193,5.6518144608,4.5015001297,5.6159648895,5.7159175873,5.8754472733,5.524189949,5.2886881828,5.6969351768,5.7255887985,5.1559839249,4.7852520943,4.8267993927,4.4706678391,4.642308712,4.4809012413,5.373811245,4.5095276833,5.1612443924,4.670674324,4.6410827637,4.657643795,4.3745179176,4.1054081917,4.0153126717,3.9705367088,4.6150093079,4.9157166481,4.5154995918,4.1370677948,3.7640140057,4.0082530975,3.2555959225,3.5135409832,3.2540409565,3.5895388126,3.2712159157,3.6912817955,3.255399704,3.5854988098,3.2274162769,3.55367589,3.2920722961,3.4965417385,3.2784354687]},"step_min_q":{"0":[1.9464371204,2.1407580376,2.1417477131,1.3475447893,1.0689586401,1.2426477671,1.0284273624,0.9838955402,0.7199707031,0.3565066159,0.280181706,0.3041056991,0.3436690569,0.0478543043,0.010006547,-0.1718519628,-0.2134408653,-0.1639963984,-0.1932089776,-0.2128195912,-0.5488038659,-0.2512486279,-0.3325012624,-0.3810268641,-0.3449093997,-0.5927895308,-0.3782703876,-0.474648118,-0.4355636239,-0.3634089828,-0.4100265503,-0.5302866697,-0.6165772676,-0.5177079439,-0.5994984508,-0.4450858235,-0.4347025156,-0.4286712408,-0.6062700748,-0.4955026209,-0.4921833873,-0.4442630112,-0.6277192831,-0.4227159321,-0.7797762752,-0.4159488082,-0.5128798485,-0.8007230759,-0.6059663296,-0.5913028717,-0.5578092337,-0.3161111474,-0.5783863068,-0.4881573617,-0.5149105191,-0.3974792063,-0.3932633996,-0.4291318357,-0.5356304049,-0.3141928613,-0.3429358602,-0.3390238285,-0.6467291713,-0.5373830795,-0.4355905056,-0.4660909772,-0.6068557501,-0.2936403453,-0.4013603032,-0.5316390395,-0.5118724108,-0.5160571337,-0.3053141534,-0.6381829381,-0.2250431776,-0.3306533098,-0.2660010457,-0.4421517849,-0.2388359904,-0.4854747653,-0.3548541069,-0.7982262969,-0.7253522873,-0.2468358278,-0.614484787,-0.6312280893,-0.4071106315,-0.6034473181,-0.3152485192,-0.4393292964,-0.4175315797,-0.3251215518,-0.3215821087,-0.328971684,-0.238545984,-0.34271878,-0.2423428893,-0.1706037819,-0.1713563502,-0.2503246367,-0.3453985453,-0.4027365446,-0.3551806211,-0.3500217497,-0.3858616948,-0.2855892479,-0.3717855215,-0.2280184627,-0.2053082585,-0.2270674258,-0.2310092896,-0.2593355179,-0.2916546464,-0.4201813936,-0.0406552255,-0.1148770601,-0.1221498922,-0.2553623915,-0.3316562772,-0.4855731726,-0.2200180143,-0.0952801108,-0.1792840958,-0.0409673154,-0.1462193578,-0.2299901992,-0.5727685094,-0.1213815957,-0.0552495718,-0.5128980279,-0.0626138449,-0.4293364286,0.0,-0.0742407143,0.0,0.0,-0.0128659904,0.0,0.0,-0.0436231792,0.0,0.0,-0.0308527648,0.0,0.0,-0.0600769222,0.0,0.0,-0.048614949,0.0,0.0,-0.0472623706,0.0,0.0,-0.0347116888,0.0,0.0,-0.0342366397,0.0,0.0,-0.0480426252,0.0,0.0,-0.0281230807,0.0,0.0,-0.0293273032,0.0,0.0,-0.0536617935,0.0,0.0,-0.0272056162,0.0,0.0,-0.0180320442,0.0,0.0,-0.0260999203,0.0,0.0,-0.0628083944,0.0,0.0,-0.0239276588,0.0,0.0,0.0,0.0,0.0,-0.0711039901,0.0,0.0,-0.0048819482,0.0,0.0,-0.0093855262,0.0,0.0,0.0]},"step_mean_q":{"0":[7.4204673767,7.4181108475,7.4586472511,7.4220089912,7.3565645218,7.2696638107,7.1745872498,7.0277967453,6.8303275108,6.6397743225,6.3638334274,6.0463938713,5.7358779907,5.4214658737,5.0982747078,4.7615623474,4.4724225998,4.1815896034,3.8908307552,3.6407492161,3.3755741119,3.1371130943,2.9251396656,2.7290868759,2.5657353401,2.4120364189,2.310366869,2.2162220478,2.1404035091,2.0707530975,2.0255467892,1.9986649752,1.9514273405,1.9262974262,1.872887969,1.83027637,1.8067171574,1.7558957338,1.7213656902,1.7131304741,1.6609121561,1.6122665405,1.5927715302,1.5678784847,1.516902566,1.5416544676,1.5081185102,1.4886394739,1.4878371954,1.4609504938,1.4548494816,1.4614036083,1.4132189751,1.3906517029,1.3644747734,1.3753290176,1.3740539551,1.3473250866,1.3560073376,1.3206657171,1.2759182453,1.2783530951,1.2369275093,1.1891623735,1.2029409409,1.1999943256,1.2027249336,1.1971321106,1.2032762766,1.1141648293,1.1041830778,1.0600503683,1.0561193228,1.0465101004,1.0057113171,1.0215946436,0.9801158309,0.9497647882,1.0407757759,1.0068074465,1.040527463,1.0316529274,1.0837894678,1.0799697638,1.128490448,1.1813964844,1.187204361,1.1619400978,1.1315875053,1.126342535,1.1574743986,1.1443303823,1.1812978983,1.1314866543,1.1694265604,1.2140009403,1.3105518818,1.1824641228,1.2025192976,1.1986781359,1.1633831263,1.1566804647,1.1887378693,1.136252284,1.1756640673,1.1434158087,1.1128213406,1.1017626524,1.1092524529,1.1021020412,1.1381450891,1.1264234781,1.1081733704,0.9360653162,0.9917498231,1.008931756,0.9973323941,1.0004992485,0.9839365482,0.975700438,1.0132077932,0.9582045674,0.962864995,0.9433166981,0.9309203625,0.8699944615,0.8991950154,0.8907403946,0.8732776046,0.8214275241,0.8163095117,0.8311618567,0.8232883215,0.8364254236,0.8477345705,0.8431995511,0.8424592018,0.8634422421,0.8397414088,0.8056886792,0.7950200438,0.8126704097,0.8283481002,0.8859804273,0.8942063451,0.8910360932,0.8844763041,0.8828283548,0.9205627441,0.924551785,0.9023293853,0.9663680792,0.9231109023,0.9244166017,0.9352425933,0.9284960032,0.917460084,0.911413312,0.9213858247,0.9268679619,0.9544433355,0.9130066037,0.9320982099,0.9613723755,0.9235510826,0.927986145,0.899074614,0.9149873853,0.9204005003,1.0084588528,0.9594936371,0.9806504846,0.9773586392,0.9541917443,0.9995749593,0.9559831619,1.0052518845,0.9735265374,0.9389519095,0.927990973,0.9195578098,0.9502677917,0.9104724526,0.8898951411,0.8826962709,0.8905956745,0.8822069764,0.8211445808,0.8767139316,0.8054286838,0.8520120978,0.7986517549,0.8410805464,0.8668234944,0.878439784,0.824360013,0.8346371055,0.8174496293,0.8161225319,0.8551777601]},