{"max_q":{"0":14.9985218048},"min_q":{"0":-0.2610918283},"mean_q":{"0":7.0054068565},"range_q":{"0":15.2596139908},"step_max_q":{"0":[14.1456718445,14.8552265167,14.9985218048,14.5408163071,14.6904354095,14.7130975723,14.6679019928,14.5597896576,14.0155258179,14.8326950073,13.3848781586,12.9959745407,12.8369541168,12.3596458435,12.6653261185,12.6795568466,12.3164730072,12.0035715103,11.4472351074,11.1885480881,10.5728178024,10.4566478729,10.169968605,9.779419899,10.029132843,9.3315210342,9.0411787033,8.7723493576,8.8493013382,8.6234750748,8.4639968872,7.9665155411,6.641251564,6.5577859879,6.2192134857,5.9694161415,6.0120124817,5.5778779984,5.1123828888,5.0035014153,4.9335660934,4.839015007,4.9485492706,4.8317298889,4.4794521332,4.2576260567,4.4871234894,4.9374475479,4.9831147194,4.8645339012,4.0119247437,3.4390845299,3.2832684517,3.4275827408,3.3768663406,3.3284566402,3.2296352386,3.1680538654,3.1110022068,2.8321533203,2.9466524124,0.8840010166,0.886636436,0.8902035356,0.8940336108,0.8978071809,0.901294589,0.9044268131,0.9072191119,0.9097439051,0.9120935202,0.9143432975,0.9165551066,0.9187661409,0.9209961295,0.9232442975,0.9255007505,0.9277478456,0.9299665689,0.9321399331,0.9342538714,0.9362986088,0.9382712245,0.9401702881,0.9419999719,0.9437639117,0.9454703331,0.9471251369,0.9487351179,0.9503068328,0.9518410563,0.9533423185,0.9548165202,0.9562646747,0.9576895237,0.959089756,0.9604676962,0.9618228674,0.9631553292,0.9644657373,0.9657542706,0.9670222998,0.9682699442,0.9694976807,0.9707033038,0.9718851447,0.9730501175,0.9741988182,0.9753320217,0.9764499068,0.9775542021,0.9786446095,0.9797224402,0.980787456,0.9818411469,0.9828829765,0.9839146137,0.9849358201,0.9859472513,0.9869483113,0.9879406095,0.9889246821,0.9898999929,0.9908670187,0.9918256998,0.9927776456,0.993732214,0.9946807027,0.9956228733,0.9965587258,0.9974874854,0.9984105229,0.9993267059,1.0002373457,1.0011421442,1.0020411015,1.0029345751,1.0038223267,1.0047045946,1.0055813789,1.0064525604,1.007319212,1.008179903,1.0090357065,1.009885788,1.0107314587,1.0115714073,1.0124067068,1.0132362843,1.014062047]},"step_min_q":{"0":[11.0689239502,11.0779266357,10.6566438675,9.7292728424,9.7234449387,8.8999900818,8.2799129486,8.5586385727,6.8657779694,6.4751896858,5.5384407043,5.6770248413,4.84106493,4.1113305092,2.1220860481,2.6617279053,2.1029117107,1.7980840206,1.8308169842,1.506236434,1.256157279,1.0444464684,0.5961548686,0.4425546527,0.1734085083,-0.1331279874,-0.0298027396,-0.2127602696,-0.1510298252,-0.1655157804,-0.2505063415,-0.1911591887,-0.1356284022,-0.1582233906,-0.1572158933,-0.2610918283,-0.153986454,-0.1935350895,-0.1284742951,-0.0890756249,-0.0970759392,-0.0640313029,0.0,-0.0480821133,-0.0542522669,-0.0192679167,-0.0068386793,0.0,0.0,0.0,0.0,0.0,0.0,0.0,0.0,0.0,0.0,0.0,0.0,0.0,0.0,0.0,0.0,0.0,0.0,0.0,0.0,0.0,0.0,0.0,0.0,0.0,0.0,0.0,0.0,0.0,0.0,0.0,0.0,0.0,0.0,0.0,0.0,0.0,0.0,0.0,0.0,0.0,0.0,0.0,0.0,0.0,0.0,0.0,0.0,0.0,0.0,0.0,0.0,0.0,0.0,0.0,0.0,0.0,0.0,0.0,0.0,0.0,0.0,0.0,0.0,0.0,0.0,0.0,0.0,0.0,0.0,0.0,0.0,0.0,0.0,0.0,0.0,0.0,0.0,0.0,0.0,0.0,0.0,0.0,0.0,0.0,0.0,0.0,0.0,0.0,0.0,0.0,0.0,0.0,0.0,0.0,0.0,0.0,0.0,0.0,0.0,0.0,0.0,0.0]},"step_mean_q":{"0":[13.2651205063,13.4946212769,13.4544706345,13.276925087,13.1928710938,12.8635797501,12.6545982361,12.2148628235,11.7911100388,11.4867200851,11.0471010208,10.7284326553,10.2685241699,9.8547496796,9.4451065063,9.0255088806,8.6304397583,8.2157526016,7.8271789551,7.392832756,6.9840183258,6.5737838745,6.1428394318,5.7595305443,5.3807859421,5.0196919441,4.6859555244,4.3643770218,4.0824217796,3.8158245087,3.5403079987,3.2992360592,3.1182122231,2.9313929081,2.7677435875,2.6437683105,2.5582056046,2.496432066,2.4291188717,2.3852498531,2.318731308,2.3251903057,2.2870109081,2.253821373,2.2672615051,2.2770292759,2.1686944962,2.1986682415,2.0202560425,1.8548600674,1.753572464,1.6415224075,1.5760831833,1.5160477161,1.6466885805,1.8071142435,1.7158396244,1.277126193,1.4774082899,1.3788814545,1.417154789,0.6581531167,0.6646211147,0.6715962887,0.6787448525,0.6859025359,0.69295609,0.6998721361,0.7066603899,0.7133572698,0.7200092673,0.7266452312,0.7332837582,0.7399293184,0.7465748787,0.7532019615,0.759786129,0.7662991285,0.7727122903,0.7790000439,0.7851406336,0.7911157608,0.7969127297,0.8025222421,0.807941258,0.8131655455,0.8182498217,0.8232221603,0.8280053139,0.8326045275,0.8370236754,0.8412690759,0.8453484774,0.8492635489,0.8530230522,0.8566354513,0.8601075411,0.8634459972,0.8666568995,0.8697465062,0.8727213144,0.8755881786,0.8783526421,0.8810204268,0.8835960031,0.8860833645,0.8884906173,0.8908227086,0.8930845261,0.8952796459,0.8974094987,0.8994811177,0.9014985561,0.9034655094,0.9053850174,0.9072595835,0.9090931416,0.9108873606,0.9126458168,0.9143693447,0.916061461,0.9177235961,0.9193582535,0.9209666252,0.9225504398,0.9241117239,0.9256563783,0.9271816015,0.9286881089,0.9301772118,0.9316496849,0.9331066608,0.9345487952,0.935977459,0.9373936653,0.9387975931,0.9401899576,0.9415718317,0.9429436922,0.9443059564,0.9456595182,0.9470050335,0.9483420849,0.9496728182,0.9510002136,0.9523214102,0.9536361694,0.9549450874,0.9562485218,0.9575468898]},"episodes_still_running":{"0":[4096.0,4096.0,4096.0,4096.0,4096.0,4096.0,4096.0,4096.0,4096.0,4096.0,4096.0,4096.0,4096.0,4096.0,4096.0,4096.0,4096.0,4096.0,4096.0,4096.0,4096.0,4096.0,4096.0,4096.0,4096.0,4096.0,4096.0,4096.0,4092.0,4080.0,4068.0,4040.0,3988.0,3920.0,3844.0,3772.0,3668.0,3516.0,3400.0,3264.0,3132.0,2948.0,2740.0,2448.0,2120.0,1792.0,1408.0,1072.0,776.0,572.0,392.0,268.0,200.0,124.0,76.0,52.0,32.0,16.0,12.0,12.0,12.0,8.0,8.0,8.0,8.0,8.0,8.0,8.0,8.0,8.0,8.0,8.0,8.0,8.0,8.0,8.0,8.0,8.0,8.0,8.0,8.0,8.0,8.0,8.0,8.0,8.0,8.0,8.0,8.0,8.0,8.0,8.0,8.0,8.0,8.0,8.0,8.0,8.0,8.0,8.0,8.0,8.0,8.0,8.0,8.0,8.0,8.0,8.0,8.0,8.0,8.0,8.0,8.0,8.0,8.0,8.0,8.0,8.0,8.0,8.0,8.0,8.0,8.0,8.0,8.0,8.0,8.0,8.0,8.0,8.0,8.0,8.0,8.0,8.0,8.0,8.0,8.0,8.0,8.0,8.0,8.0,8.0,8.0,8.0,8.0,8.0,8.0,8.0,8.0,8.0]},"step_range_q":{"0":[3.0767478943,3.777299881,4.3418779373,4.8115434647,4.9669904709,5.8131074905,6.3879890442,6.0011510849,7.1497478485,8.3575057983,7.8464374542,7.3189496994,7.9958891869,8.2483158112,10.5432395935,10.0178289413,10.213561058,10.2054872513,9.6164178848,9.6823120117,9.316660881,9.4122009277,9.5738134384,9.3368654251,9.8557243347,9.4646492004,9.0709810257,8.9851093292,9.000330925,8.7889909744,8.7145032883,8.1576747894,6.7768797874,6.71600914,6.3764295578,6.2305078506,6.1659989357,5.7714128494,5.2408571243,5.0925769806,5.0306420326,4.9030461311,4.9485492706,4.8798122406,4.5337042809,4.2768940926,4.4939622879,4.9374475479,4.9831147194,4.8645339012,4.0119247437,3.4390845299,3.2832684517,3.4275827408,3.3768663406,3.3284566402,3.2296352386,3.1680538654,3.1110022068,2.8321533203,2.9466524124,0.8840010166,0.886636436,0.8902035356,0.8940336108,0.8978071809,0.901294589,0.9044268131,0.9072191119,0.9097439051,0.9120935202,0.9143432975,0.9165551066,0.9187661409,0.9209961295,0.9232442975,0.9255007505,0.9277478456,0.9299665689,0.9321399331,0.9342538714,0.9362986088,0.9382712245,0.9401702881,0.9419999719,0.9437639117,0.9454703331,0.9471251369,0.9487351179,0.9503068328,0.9518410563,0.9533423185,0.9548165202,0.9562646747,0.9576895237,0.959089756,0.9604676962,0.9618228674,0.9631553292,0.9644657373,0.9657542706,0.9670222998,0.9682699442,0.9694976807,0.9707033038,0.9718851447,0.9730501175,0.9741988182,0.9753320217,0.9764499068,0.9775542021,0.9786446095,0.9797224402,0.980787456,0.9818411469,0.9828829765,0.9839146137,0.9849358201,0.9859472513,0.9869483113,0.9879406095,0.9889246821,0.9898999929,0.9908670187,0.9918256998,0.9927776456,0.993732214,0.9946807027,0.9956228733,0.9965587258,0.9974874854,0.9984105229,0.9993267059,1.0002373457,1.0011421442,1.0020411015,1.0029345751,1.0038223267,1.0047045946,1.0055813789,1.0064525604,1.007319212,1.008179903,1.0090357065,1.009885788,1.0107314587,1.0115714073,1.0124067068,1.0132362843,1.014062047]},"mean_loss:":{"0":0.3434787393},"rmse":{"0":0.5860705972},