{"max_q":{"0":22.1953620911},"min_q":{"0":-0.560199976},"mean_q":{"0":5.8845005035},"range_q":{"0":22.7555618286},"step_max_q":{"0":[21.1946678162,20.4694919586,21.9986839294,22.1807537079,21.6735420227,21.5282058716,21.747718811,21.427192688,20.9764728546,21.3244838715,22.1953620911,21.0073604584,21.3165512085,20.8709850311,21.2659034729,20.7759742737,19.9546127319,20.455242157,20.1459598541,19.024143219,18.5314903259,19.0039367676,17.6197719574,17.7805976868,17.8131484985,17.1100387573,16.9305686951,16.4772167206,17.0053672791,16.050157547,15.5195837021,15.2977371216,15.4603729248,15.2714328766,14.9655246735,15.0628175735,15.0746459961,14.6508684158,14.0692625046,13.5471687317,13.3032245636,13.3323154449,12.847574234,12.8694896698,12.041759491,11.765417099,12.0324344635,11.1673765182,11.8284044266,11.2589941025,10.9417057037,10.9511785507,11.070640564,9.8528594971,8.9307451248,9.5870285034,9.1296987534,8.9603099823,8.9489984512,9.6402664185,8.62931633,8.643819809,9.1998615265,9.0065898895,8.4390602112,8.4174222946,7.7065443993,7.8318853378,7.6583738327,7.3986487389,7.7334136963,7.0477480888,6.8676581383,6.5747876167,6.9197263718,7.0746574402,6.4342570305,6.5324931145,6.2007989883,6.260948658,6.4717760086,6.25578022,6.3516654968,6.3015208244,6.2157087326,6.1257228851,6.3202533722,6.1184353828,5.8314208984,6.1900167465,5.9681072235,6.1324439049,5.8827371597,5.7432599068,5.7243824005,5.6858673096,5.642580986,5.6594743729,5.6440238953,5.441069603,5.5852618217,5.4611949921,5.4355778694,5.4139184952,5.1899585724,5.2511415482,5.154800415,4.9082651138,4.9988183975,4.5848317146,4.6341085434,4.7004270554,4.5798830986,4.4569926262,4.3817009926,4.7398805618,4.773121357,4.5896091461,4.4653148651,4.5738458633,4.5645503998,4.656056881,4.4545640945,4.5768289566,4.7228164673,4.5718641281,4.6178927422,4.507853508,4.4832744598,4.552259922,4.6799826622,4.6118679047,4.2883667946,4.3706188202,4.3814840317,4.6412496567,4.331864357,4.2285785675,4.4776983261,3.8562531471,3.7422761917,3.9260399342,3.1742134094,3.3432154655,3.4180505276,3.2792184353]},"step_min_q":{"0":[6.7186813354,6.6560616493,6.2201223373,5.7319808006,5.6396374702,5.5460662842,4.748087883,4.7911672592,4.407148838,4.0670161247,3.8888354301,3.7735826969,3.2871751785,3.4973781109,3.3673744202,2.8313279152,0.0,0.0,0.0,0.0,0.0,0.0,0.0,0.0,0.0,0.0,0.0,0.0,0.0,0.0,0.0,0.0,0.0,-0.2269210815,-0.2167094946,-0.3460427523,-0.2062510252,-0.1185672283,-0.3682886362,-0.560199976,-0.2056224346,-0.2673648596,-0.2519313097,-0.4548236132,-0.2742604017,-0.3249934912,-0.3532887697,-0.3025883436,-0.3711433411,-0.3039780855,-0.3600540161,-0.2979522943,-0.2769514322,-0.2781057358,-0.4605443478,-0.2971411943,-0.3353768587,-0.2758847475,-0.2789162397,-0.3512005806,-0.309191227,-0.3764064312,-0.3339753151,-0.2877080441,-0.5240678787,-0.2285914421,-0.2581522465,-0.3010411263,-0.5569936037,-0.4878473282,-0.297516346,-0.2528481483,-0.4537147284,-0.3448667526,-0.3097320795,-0.3641415834,-0.3051887751,-0.3324364424,-0.4978518486,-0.4537949562,-0.3266602755,-0.3824408054,-0.3290592432,-0.2685323954,-0.4977684021,-0.3681943417,-0.3854265213,-0.1925824881,-0.3382321596,-0.373232007,-0.3748316765,-0.1918506622,-0.1680737734,-0.186689496,-0.1791772842,-0.2565118074,-0.1938130856,-0.2975354195,-0.1555855274,-0.1672158241,-0.2198073864,-0.2862670422,-0.284126997,-0.3440732956,-0.3619728088,-0.2341058254,-0.2782002687,-0.3353779316,-0.286703229,-0.2454377413,-0.4442015886,-0.3602720499,-0.1996362209,-0.2026720047,-0.19313097,-0.1889551878,-0.219409585,-0.2854325771,-0.2613316774,-0.1181463003,-0.1173548698,0.0,0.0,0.0,-0.0043088198,0.0,0.0,0.0,0.0,-0.0824751854,0.0,-0.1150567532,0.0,-0.0675791502,-0.0767133236,-0.0888390541,-0.1385048628,-0.1152808666,-0.0945522785,-0.1235500574,-0.0301380157,-0.1060963869,-0.0458388329,0.0,0.0,0.0]},"step_mean_q":{"0":[10.8643894196,10.939822197,10.8590545654,10.9178237915,11.00020504,11.0106191635,10.9706821442,10.9414434433,10.8657445908,10.7822189331,10.6345300674,10.468372345,10.288517952,10.0962705612,9.866859436,9.6454524994,9.4356708527,9.1909399033,8.9439439774,8.7182035446,8.4683732986,8.2036533356,7.9536929131,7.683701992,7.414355278,7.1460804939,6.8769593239,6.6223039627,6.3685817719,6.1228876114,5.8712530136,5.6425700188,5.4126849174,5.1818013191,4.9621405602,4.7618756294,4.5408916473,4.3284330368,4.1424980164,3.9503772259,3.7645010948,3.591480732,3.4412839413,3.2820851803,3.1281943321,2.9936485291,2.8666276932,2.757134676,2.6554532051,2.5588033199,2.4805486202,2.3946521282,2.3372220993,2.2857482433,2.2422559261,2.2054057121,2.1734304428,2.1429214478,2.1111540794,2.0962429047,2.0799646378,2.0632350445,2.0523605347,2.0428442955,2.0527238846,2.0736076832,2.0688178539,2.0558757782,2.0799636841,2.0424616337,2.0336971283,2.0258424282,2.0054080486,1.9921228886,1.9814963341,1.9871348143,2.0060214996,2.0058050156,1.9874594212,1.9813892841,1.9719859362,1.9858099222,2.012332201,2.016903162,1.9977605343,2.009021759,2.0303840637,2.0227851868,2.0319447517,2.0102517605,1.9494211674,1.9755859375,1.9531236887,1.8947016001,1.8660770655,1.859995842,1.8351862431,1.8180787563,1.8013591766,1.7772520781,1.7518777847,1.7282391787,1.7413734198,1.6704543829,1.6379165649,1.6610620022,1.6161514521,1.5926206112,1.5445483923,1.5813862085,1.6800795794,1.7817912102,1.6906815767,1.7382752895,1.777353406,1.7498149872,1.6814079285,1.6908934116,1.7639068365,1.6667121649,1.6888062954,1.6202567816,1.7923728228,1.7020987272,1.672046423,1.8147500753,1.7638024092,1.8604701757,1.7951102257,1.5960791111,1.5262316465,1.4558210373,1.5467057228,1.6779488325,1.8613122702,1.5578283072,1.3795329332,1.3185153008,1.4149376154,1.1883796453,1.1311298609,1.1457210779,0.9243026972,1.3055028915,1.3539091349,3.2792184353]},"episodes_still_running":{"0":[4096.0,4096.0,4096.0,4096.0,4096.0,4096.0,4096.0,4096.0,4096.0,4096.0,4096.0,4096.0,4096.0,4096.0,4096.0,4096.0,4095.0,4095.0,4095.0,4095.0,4095.0,4094.0,4094.0,4094.0,4094.0,4094.0,4094.0,4094.0,4094.0,4094.0,4094.0,4093.0,4093.0,4093.0,4092.0,4090.0,4090.0,4088.0,4087.0,4084.0,4077.0,4059.0,4044.0,4029.0,4006.0,3980.0,3945.0,3896.0,3833.0,3774.0,3693.0,3608.0,3507.0,3405.0,3287.0,3149.0,3015.0,2872.0,2754.0,2616.0,2488.0,2371.0,2240.0,2101.0,1976.0,1837.0,1729.0,1614.0,1513.0,1430.0,1343.0,1266.0,1199.0,1134.0,1068.0,995.0,931.0,872.0,816.0,760.0,705.0,658.0,611.0,579.0,546.0,513.0,483.0,456.0,420.0,385.0,354.0,328.0,315.0,296.0,278.0,259.0,240.0,222.0,207.0,188.0,177.0,171.0,163.0,152.0,140.0,125.0,114.0,105.0,95.0,85.0,76.0,66.0,63.0,54.0,48.0,43.0,38.0,35.0,31.0,27.0,26.0,23.0,19.0,15.0,15.0,13.0,13.0,11.0,11.0,10.0,10.0,10.0,9.0,8.0,7.0,6.0,6.0,6.0,6.0,5.0,5.0,5.0,4.0,3.0,3.0,1.0]},