{"max_q":{"0":16.2563915253},"min_q":{"0":-0.7782358527},"mean_q":{"0":9.7001495361},"range_q":{"0":17.0346279144},"step_max_q":{"0":[14.8427009583,15.0530719757,15.400762558,15.7121829987,16.1459560394,16.2563915253,16.0945625305,15.8894481659,15.4526033401,15.175822258,14.7636079788,14.4931030273,14.0174188614,13.8246479034,13.4246358871,12.9216165543,12.6153097153,12.2421655655,11.8845148087,11.5981750488,11.2282810211,10.9459676743,10.5733823776,10.34055233,10.1135635376,9.774140358,9.8592472076,9.5638790131,9.3495130539,9.032998085,8.840420723,8.5852060318,8.3343915939,8.2017841339,8.1548633575,8.1764230728,7.9070048332,7.740044117,7.6810054779,7.5941061974,7.5270371437,7.4503474236,7.3600668907,7.2884488106,7.2066888809,7.1212806702,7.0197429657,6.9445075989,6.7990541458,6.4600625038,6.6421179771,6.4040613174,6.3658509254,5.9403429031,5.8491196632,5.8148560524,5.5151495934,5.3608951569,5.3283448219,5.3383154869,5.2090983391,5.2019805908,4.853957653,4.9419522285,4.6976590157,4.4834322929,4.66497612,4.5854344368,4.4377541542,4.1640944481,4.0187444687,3.9511642456,3.9697470665,3.9122822285,3.7699897289,3.5717246532,3.4410831928,3.5499625206,2.5756793022,2.6870548725,2.6621539593,2.3154616356,1.9520139694,2.0402753353,2.0481028557,2.0986218452,2.1394574642,2.1729738712,2.2011594772,1.9302103519,2.2360508442,1.9532344341,2.2720139027]},"step_min_q":{"0":[14.8089723587,15.0084981918,15.18151474,15.0050458908,15.1637659073,15.0667743683,14.4957580566,14.3685216904,13.8944683075,13.3752975464,13.0125265121,12.4078044891,11.8272228241,11.3506383896,9.5375967026,8.8884897232,8.0580034256,7.3873691559,6.4672932625,6.2210216522,5.9684462547,6.153854847,5.8985714912,6.187743187,6.2828068733,5.9991993904,5.4964671135,4.8191194534,4.829656601,3.5379383564,3.1635274887,1.962833643,1.8417050838,1.2622725964,1.1534143686,0.0,0.0,0.0,0.0,0.0,0.0,0.0,0.0,0.0,0.0,0.0,0.0,0.0,0.0,0.0,0.0,0.0,0.0,0.0,0.0,0.0,0.0,0.0,0.0,0.0,0.0,0.0,0.0,-0.5558198094,-0.5945448279,-0.7782358527,-0.7630522847,-0.7399629951,-0.6916444302,-0.6286725402,-0.5570052862,-0.4807888865,-0.509237349,-0.390864253,-0.3097385764,-0.2210860252,-0.1343412697,-0.050273329,0.0,0.0,0.0,0.0,0.0,0.0,0.0,0.0,0.0,0.0,0.0,0.0,0.0,0.0,0.0]},"step_mean_q":{"0":[14.8112735748,15.0506086349,15.2820854187,15.5337095261,15.7155170441,15.8131494522,15.5625610352,15.3205099106,14.922451973,14.552157402,14.203994751,13.8696231842,13.5319509506,13.1639881134,12.8132648468,12.4223880768,12.0476703644,11.6688232422,11.2736949921,10.8825979233,10.5120820999,10.1376438141,9.8044500351,9.4856891632,9.1793174744,8.9115028381,8.640039444,8.3683519363,8.1202735901,7.8619732857,7.6008491516,7.3534765244,7.1020536423,6.84659338,6.5936641693,6.3621578217,6.1092877388,5.8617334366,5.6364145279,5.4060406685,5.1916093826,5.0138144493,4.8673844337,4.7606105804,4.6542925835,4.6027870178,4.5272154808,4.4731183052,4.4270224571,4.3672466278,4.3458433151,4.3054952621,4.2473607063,4.1934638023,4.1472711563,4.0782833099,4.0043430328,3.9347524643,3.8559627533,3.7929666042,3.7381591797,3.6789312363,3.5960583687,3.4411034584,3.3925948143,3.2676584721,3.1738123894,2.97961092,2.7798326015,2.5901436806,2.4533462524,2.4918136597,2.4792642593,2.4289400578,2.2145624161,2.1622028351,1.9291554689,1.9813188314,1.5450099707,1.5988343954,1.6336711645,1.4042963982,1.3229259253,1.4687385559,1.4718170166,1.4945878983,1.3177666664,1.3485777378,2.2011594772,1.9302103519,2.2360508442,1.9532344341,2.2720139027]},"episodes_still_running":{"0":[4096.0,4096.0,4096.0,4096.0,4096.0,4096.0,4096.0,4096.0,4096.0,4096.0,4096.0,4096.0,4096.0,4096.0,4096.0,4096.0,4096.0,4096.0,4096.0,4096.0,4096.0,4096.0,4096.0,4096.0,4096.0,4096.0,4096.0,4096.0,4096.0,4096.0,4096.0,4096.0,4096.0,4096.0,4096.0,4088.0,4084.0,4072.0,4048.0,4012.0,3940.0,3820.0,3608.0,3276.0,2948.0,2556.0,2244.0,1920.0,1672.0,1452.0,1252.0,1080.0,944.0,820.0,724.0,612.0,544.0,484.0,412.0,352.0,332.0,292.0,244.0,204.0,168.0,148.0,132.0,112.0,88.0,72.0,64.0,52.0,52.0,48.0,36.0,32.0,28.0,24.0,20.0,20.0,20.0,16.0,16.0,12.0,12.0,12.0,8.0,8.0,4.0,4.0,4.0,4.0,4.0]},"step_range_q":{"0":[0.0337285995,0.0445737839,0.219247818,0.7071371078,0.9821901321,1.189617157,1.5988044739,1.5209264755,1.5581350327,1.8005247116,1.7510814667,2.0852985382,2.1901960373,2.4740095139,3.8870391846,4.0331268311,4.5573062897,4.8547964096,5.4172215462,5.3771533966,5.2598347664,4.7921128273,4.6748108864,4.1528091431,3.8307566643,3.7749409676,4.3627800941,4.7447595596,4.5198564529,5.495059967,5.6768932343,6.6223726273,6.4926862717,6.9395112991,7.0014491081,8.1764230728,7.9070048332,7.740044117,7.6810054779,7.5941061974,7.5270371437,7.4503474236,7.3600668907,7.2884488106,7.2066888809,7.1212806702,7.0197429657,6.9445075989,6.7990541458,6.4600625038,6.6421179771,6.4040613174,6.3658509254,5.9403429031,5.8491196632,5.8148560524,5.5151495934,5.3608951569,5.3283448219,5.3383154869,5.2090983391,5.2019805908,4.853957653,5.4977722168,5.2922039032,5.2616682053,5.4280285835,5.3253974915,5.1293983459,4.7927670479,4.5757498741,4.4319529533,4.4789843559,4.3031463623,4.0797281265,3.7928106785,3.5754244328,3.600235939,2.5756793022,2.6870548725,2.6621539593,2.3154616356,1.9520139694,2.0402753353,2.0481028557,2.0986218452,2.1394574642,2.1729738712,2.2011594772,1.9302103519,2.2360508442,1.9532344341,2.2720139027]},"mean_loss:":{"0":0.2420550883},"rmse":{"0":0.4919909537},"step_rmse":{"0":[0.4269733429,0.4264470637,0.4243686497,0.4149799943,0.3983281255,0.4211835563,0.4722975194,0.4417828321,0.4080156684,0.4007431865,0.3734587431,0.3885360062,0.378624022,0.4027856886,0.4016868174,0.3917339742,0.3850776255,0.3884707093,0.3858783841,0.4072915018,0.390625149,0.4271511436,0.4442920983,0.4628169537,0.4715598822,0.4957181215,0.5053004026,0.4936224222,0.5013630986,0.5183891654,0.5205328465,0.5339385867,0.527498126,0.5429129004,0.5500640273,0.5315048099,0.5479593277,0.5434986949,0.548614502,0.5422509313,0.5424892306,0.5520772338,0.5534294248,0.5630658269,0.5429869294,0.5515526533,0.5687573552,0.5791071057,0.5795778632,0.6010472775,0.605992198,0.6090495586,0.6129796505,0.6377052665,0.65068537,0.6411375999,0.6467863917,0.6813164353,0.7239101529,0.7962167263,0.8184466362,0.8406788707,0.8100453019,0.8515847325,0.8080838323,0.947663784,1.1170392036,1.2398090363,1.2176066637,1.2603675127,1.2625340223,1.2646005154,1.2885699272,1.2724199295,1.3638461828,1.3944985867,1.4038277864,1.4588176012,1.5072927475,1.3015332222,1.2343733311,1.0725580454,0.8020454645,1.077701211,1.0652922392,1.0324877501,0.9349942207,0.9142998457,1.3075375557,1.0100984573,1.8557300568,1.2495179176,2.0874750614]},"mean_error":{"0":0.3246969283},"step_mean_error":{"0":[0.2132791281,0.2172288001,0.2220225185,0.218507573,0.2145890146,0.2370011061,0.2868356705,0.2661469281,0.2479409724,0.238543123,0.2351867855,0.2405774295,0.2250719517,0.2575998008,0.2508057058,0.2486798167,0.2542795539,0.2656401098,0.2666272521,0.2816129327,0.2720231414,0.2810898721,0.2916717231,0.2986292243,0.3068955541,0.3159470856,0.3300843239,0.3248918056,0.3303942084,0.3508368731,0.3632954061,0.3790017366,0.38204059,0.3962131441,0.4096220732,0.4022015631,0.4131043553,0.4096775651,0.4112175703,0.4070515633,0.4037565291,0.40841043,0.4105959237,0.4093970358,0.407176286,0.4136083126,0.4176649749,0.4144983292,0.4275231659,0.4402012825,0.4376784861,0.4332854748,0.4408235848,0.4593910277,0.4506528974,0.4652004838,0.4615958631,0.4910799265,0.5260234475,0.5657196641,0.5644804239,0.5964719057,0.5520038009,0.5947476029,0.5663765669,0.6414244771,0.7210907936,0.8608351946,0.8166177869,0.842317462,0.8007223606,0.7335834503,0.7585493922,0.671194315,0.7732406259,0.757352829,0.8893824816,0.9628260732,1.1700719595,1.0715391636,1.099946022,1.030307889,0.7789262533,0.9821720719,1.0255975723,0.8620727658,0.6698756218,0.6817123294,1.3075375557,1.0100984573,1.8557300568,1.2495179176,2.0874750614]},"mean_deviation":{"0":1.8569761515},