{"max_q":{"0":24.7375259399},"min_q":{"0":-0.9070879221},"mean_q":{"0":6.7729721069},"range_q":{"0":25.644613266},"step_max_q":{"0":[23.8431663513,24.5391521454,24.3479251862,24.1877307892,24.1461811066,24.3995780945,24.7375259399,24.6973419189,23.8022346497,23.5668373108,23.5245494843,23.6488990784,22.9134750366,23.1755828857,23.1438331604,23.20470047,22.7191162109,23.0118427277,22.7102222443,22.5013599396,21.6072120667,21.1731567383,20.7114810944,19.7044067383,19.3505249023,18.9229431152,18.1541919708,18.3020210266,17.6988105774,16.7798576355,16.6748695374,16.2864685059,15.5471916199,15.6230783463,15.282125473,14.3912353516,14.6420354843,14.6422138214,13.9494600296,13.9036712646,12.9628486633,12.6503677368,12.5551013947,12.3053474426,12.0469608307,11.7215366364,11.7218742371,11.1079387665,11.0534381866,11.0188798904,10.6300048828,10.381860733,10.3168172836,9.9552679062,9.915435791,9.4787845612,9.2744922638,9.3979349136,8.6091308594,8.4252271652,8.5701675415,8.0795402527,8.4206609726,8.2660312653,8.1634979248,8.2005376816,8.3687982559,8.2691030502,8.175989151,8.0839967728,8.0549993515,7.9749612808,7.9953746796,7.7494192123,7.8828072548,7.7982754707,7.6969432831,7.5340819359,7.418923378,7.3901023865,7.3498921394,7.2404165268,7.087846756,6.9261436462,6.9107017517,6.7574396133,6.549870491,6.5833692551,6.7492423058,6.4225287437,6.5361714363,6.3852295876,6.2053833008,6.3011837006,6.3499927521,5.9906253815,6.0207848549,6.1686959267,5.9058837891,6.0627260208,5.9886407852,5.8533349037,5.7382521629,5.7516546249,5.893029213,6.0388116837,5.5755653381,5.4622607231,5.5739603043,5.5426511765,5.4149971008,5.4112558365,5.3949556351,5.1067056656,5.3163127899,5.1713647842,5.1368761063,5.3942508698,5.5038843155,5.2901077271,5.0836482048,5.1330757141,4.9665617943,5.3044657707,5.5798406601,5.3688211441,5.2782797813,5.5592446327,5.4061670303,5.2129030228,5.5018787384,5.3649654388,5.1757659912,5.649479866,5.0265197754,5.6035604477,5.2125968933,5.2361087799,5.0418429375,5.2369098663,5.0116100311,4.8015546799,4.9605722427,4.7283697128,4.5478014946,4.5823707581,4.4225721359,4.2602558136,2.2195234299,2.026922226,2.2836837769,1.867244482,1.4710013866,1.3813788891,1.3893663883,1.1311120987,1.0604865551]},"step_min_q":{"0":[5.3550391197,5.4627013206,5.0015711784,4.7455635071,4.8899517059,4.8636116982,4.5459327698,4.6688876152,4.5897779465,3.9778122902,3.7094361782,3.8205356598,0.0,0.0,0.0,0.0,0.0,0.0,0.0,0.0,0.0,0.0,0.0,0.0,0.0,0.0,0.0,0.0,0.0,0.0,0.0,0.0,0.0,0.0,-0.0980603695,-0.1736595631,-0.0811175108,-0.1615102291,-0.3489650488,-0.3696247339,-0.4367631674,-0.4436426163,-0.5809293985,-0.5727250576,-0.5630725622,-0.5164579153,-0.3878457546,-0.4515773058,-0.5003176928,-0.5099625587,-0.5021750927,-0.4873316288,-0.483689785,-0.48262918,-0.5384556055,-0.5038095713,-0.656260848,-0.3995177746,-0.3877017498,-0.6366419792,-0.6529643536,-0.705796957,-0.5272654295,-0.5140314102,-0.5309934616,-0.680998683,-0.8182121515,-0.6783125401,-0.9070879221,-0.3694028854,-0.5068736076,-0.7124050856,-0.4683746099,-0.6721031666,-0.689412117,-0.5442109108,-0.7377967834,-0.7948653698,-0.7210088968,-0.7373771667,-0.6736523509,-0.6008812189,-0.52425313,-0.7830584049,-0.5627211332,-0.6175022125,-0.7548930645,-0.6964119673,-0.6506398916,-0.6916003227,-0.2916646004,-0.2314761877,-0.3919702768,-0.3424999714,-0.3967884481,-0.4472200871,-0.4359334111,-0.5911710262,-0.5650333166,-0.5558832884,-0.0591393113,-0.141361475,-0.1551317573,-0.2206037343,-0.3937451839,-0.4519392848,-0.3562283516,-0.3941404819,-0.4573410153,-0.3792261481,-0.4215290546,-0.3290701509,-0.4607458115,-0.3227576017,-0.3224252462,-0.2942523956,-0.3629318178,-0.3414319754,-0.1242369413,-0.0564017296,-0.0478844643,-0.0995043516,-0.0583482385,-0.0718212277,-0.0667977333,-0.1664245129,-0.1195323318,-0.1775217205,-0.1673724204,0.0,-0.1476715207,-0.1689742208,0.0,0.0,0.0,0.0,0.0,-0.03094697,-0.0377200246,-0.0143768191,0.0,0.0,0.0,0.0,-0.0763148665,-0.1380112171,0.0,0.0,0.0,0.0,-0.0677727759,-0.3133497834,-0.1729412079,-0.1343132555,0.0,0.0,0.0]},"step_mean_q":{"0":[11.7654047012,11.8107738495,11.8355731964,11.9087743759,11.9573297501,11.9575490952,11.914068222,11.9192371368,11.8555965424,11.7695474625,11.6549196243,11.5468826294,11.4165019989,11.2582378387,11.0649604797,10.8847541809,10.7012586594,10.4590625763,10.2234210968,9.9932785034,9.7494535446,9.4816570282,9.2146320343,8.9434423447,8.6681051254,8.3644552231,8.078707695,7.7914662361,7.5035409927,7.2047495842,6.921582222,6.657225132,6.3753037453,6.1128339767,5.8609580994,5.6109843254,5.3657245636,5.1390810013,4.9070043564,4.6803183556,4.4632730484,4.2656159401,4.0598635674,3.8641226292,3.6953577995,3.5274281502,3.3942911625,3.2572529316,3.1385989189,3.0159752369,2.9240374565,2.8360285759,2.7533926964,2.6881055832,2.6360054016,2.5862693787,2.532022953,2.4994602203,2.4525930882,2.4220187664,2.3992137909,2.3761446476,2.3591856956,2.3290359974,2.2998673916,2.2539672852,2.2533426285,2.2492859364,2.2025814056,2.2088816166,2.1632380486,2.1680877209,2.1659240723,2.1588785648,2.1821370125,2.2055096626,2.1869859695,2.1743063927,2.1732759476,2.1154148579,2.0740089417,2.0357084274,1.9689611197,1.9828686714,1.9886214733,1.9684665203,1.9300444126,1.8984521627,1.9028704166,1.8906241655,1.9772874117,2.0024819374,1.9584964514,1.9761561155,1.9878395796,1.993232131,1.992530942,2.0054264069,2.0245914459,2.0715036392,2.0204355717,1.9785903692,2.0535168648,2.0638825893,2.0490050316,2.0850841999,2.1160788536,2.1334898472,2.1108083725,2.0896453857,1.8824555874,1.9162529707,1.9822087288,1.9829908609,1.8973864317,1.8955093622,1.9254604578,1.9941333532,1.996560216,1.967972517,1.9918409586,2.013119936,1.9802062511,1.9776474237,1.8022383451,1.7728289366,1.7014288902,1.7450890541,1.5830016136,1.6234439611,1.5260961056,1.5397150517,1.600625515,1.7178664207,1.7095420361,1.7341457605,1.5795923471,1.5186946392,1.6090847254,1.6011704206,1.7101873159,1.7381994724,1.9333491325,1.8725496531,1.9996483326,1.9340289831,2.4367542267,2.3728270531,1.1862165928,1.0937943459,1.1079554558,0.7769473791,0.6490300894,0.6235328317,1.3893663883,1.1311120987,1.0604865551]},"episodes_still_running":{"0":[4096.0,4096.0,4096.0,4096.0,4096.0,4096.0,4096.0,4096.0,4096.0,4096.0,4096.0,4096.0,4095.0,4095.0,4095.0,4095.0,4095.0,4094.0,4094.0,4094.0,4094.0,4094.0,4094.0,4094.0,4094.0,4094.0,4094.0,4094.0,4094.0,4094.0,4094.0,4094.0,4094.0,4094.0,4094.0,4094.0,4092.0,4089.0,4088.0,4086.0,4079.0,4065.0,4060.0,4048.0,4019.0,3997.0,3953.0,3904.0,3841.0,3776.0,3687.0,3585.0,3486.0,3374.0,3234.0,3095.0,2959.0,2812.0,2661.0,2518.0,2382.0,2234.0,2100.0,1963.0,1832.0,1710.0,1575.0,1460.0,1359.0,1270.0,1165.0,1075.0,997.0,927.0,843.0,778.0,717.0,665.0,618.0,586.0,547.0,501.0,475.0,435.0,401.0,368.0,342.0,326.0,296.0,277.0,254.0,237.0,222.0,212.0,194.0,183.0,170.0,161.0,153.0,142.0,131.0,122.0,115.0,106.0,98.0,94.0,83.0,79.0,72.0,70.0,66.0,63.0,58.0,52.0,50.0,45.0,43.0,41.0,36.0,33.0,31.0,27.0,25.0,25.0,22.0,22.0,22.0,19.0,18.0,14.0,14.0,14.0,12.0,12.0,10.0,10.0,10.0,10.0,9.0,8.0,7.0,7.0,6.0,6.0,5.0,5.0,4.0,3.0,2.0,2.0,2.0,2.0,2.0,2.0,1.0,1.0,1.0]},