{"max_q":{"0":26.2562675476},"min_q":{"0":-2.3093671799},"mean_q":{"0":8.5793523788},"range_q":{"0":28.5656356812},"step_max_q":{"0":[24.2697105408,24.5819015503,24.2829647064,24.0285720825,24.9126243591,26.2562675476,25.6011428833,26.0277080536,25.7358894348,25.6505050659,25.0826377869,24.0228729248,24.2238960266,23.9440193176,23.2172889709,23.138338089,22.4952316284,22.0291309357,21.2663764954,20.7327766418,20.3856697083,19.7543830872,19.1331539154,18.9985313416,17.9081459045,17.6229629517,17.3994235992,16.4654808044,16.0304088593,16.1962375641,15.1892118454,15.258398056,14.6770572662,14.734213829,14.7256526947,14.3372879028,13.7459058762,13.8118228912,13.5394306183,12.6271629333,12.6512718201,12.2087726593,11.7104034424,11.9694900513,11.9292488098,11.7707509995,11.3327484131,11.0171136856,10.9104785919,10.395357132,10.3383111954,10.2906360626,10.044383049,10.095416069,9.7283716202,9.1792125702,8.9255962372,9.079618454,8.5500106812,8.7152805328,8.5312156677,8.2643098831,9.3341617584,9.3084602356,8.7479000092,9.0310659409,8.5320606232,8.7202959061,8.1776418686,7.5062680244,7.2157125473,7.1473932266,7.2646412849,7.3411664963,6.8699417114,6.8574438095,7.1079001427,6.5817341805,6.5791835785,7.3515238762,6.235935688,6.642742157,6.1544790268,6.2345371246,6.2319154739,5.7136826515,5.900575161,6.1167182922,6.1533441544,6.2358093262,6.1206674576,6.2450532913,5.90812397,6.0256433487,5.7646484375,5.3415141106,5.6961431503,5.3543605804,4.9910473824,5.178393364,4.8163766861,4.9298348427,4.5907678604,4.5043916702,4.546022892,4.5915613174,4.2564601898,4.3044881821,4.3600187302,4.2320175171,4.3063263893,4.3046240807,4.1769266129,4.1466841698,4.1334228516,3.8338637352,3.8748521805,3.8717319965,3.8049552441,0.7796478271,0.7252265215,0.68045187,0.3533399105,0.3490087986,0.3387182951,0.2423923016,0.2335863113,0.1933822632,0.1938853264,0.0,0.0,0.0,0.0,0.0,0.0,0.1199045181,0.1217362881,0.104126215,0.0884959698,0.0942940712,0.1274020672,0.0,0.0]},"step_min_q":{"0":[9.8857727051,9.4017343521,9.0205125809,8.7096920013,7.6772203445,6.9482769966,6.4212555885,6.4726271629,5.5852694511,5.3172521591,4.7511897087,4.8510322571,4.2513442039,4.1213297844,4.1857309341,0.0,0.0,0.0,0.0,0.0,0.0,0.0,0.0,0.0,0.0,0.0,0.0,0.0,0.0,-0.4002652168,0.0,-0.042589426,-0.1534097195,-0.4273696542,-0.2939661741,-0.5401000977,-0.7093414068,-0.8069816828,-0.9100044966,-1.1632241011,-1.1656858921,-0.9002702236,-0.6536875963,-0.7018139362,-0.7752034664,-0.8864645958,-1.1498165131,-1.2992773056,-1.1832674742,-1.1361219883,-1.2725837231,-0.5867817402,-0.6048463583,-0.6762548685,-2.0585536957,-2.3093671799,-2.2557225227,-1.0228927135,-0.9156148434,-0.7868278027,-0.853158474,-0.9296021461,-0.9473618269,-0.4884473085,-0.5216075182,-0.7472150326,-0.7355968952,-0.6877641678,-0.6524510384,-0.6025262475,-0.6750603914,-0.6284145713,-0.841889441,-0.6034983397,-0.6446033716,-0.8496963978,-0.8682562113,-0.6399958134,-0.677046001,-0.6330324411,-0.6557579041,-0.7270110846,-0.6871535182,-0.6597354412,-0.8880361319,-0.5170499086,-0.4130573273,-0.1140035987,-0.1119388342,-0.3048767447,-0.3462846875,-0.5078687668,-0.411452651,-0.4598145485,-0.5272851586,-0.7161029577,-0.1331653595,-0.119015336,-0.0399382114,-0.2529352903,-0.456759572,-0.4724986553,-0.0555659533,0.0,0.0,0.0,0.0,-0.0365173817,0.0,0.0,-0.0768641233,-0.2245662212,-0.246331811,-0.1819967628,0.0,0.0,0.0,0.0,0.0,0.0,0.0,0.0,0.0,0.0,0.0,0.0,0.0,0.0,0.0,-0.2091577053,-0.2236446142,-0.1598293781,-0.1360491514,-0.1740771532,-0.2081791162,0.0,0.0,0.0,0.0,0.0,0.0,-0.1166255474,-0.1245617867]},"step_mean_q":{"0":[14.2133769989,14.3206319809,14.2844247818,14.3680057526,14.4248371124,14.384062767,14.2957525253,14.2417507172,14.1214122772,13.9893913269,13.7866125107,13.5784225464,13.3842906952,13.1461868286,12.8601846695,12.6060571671,12.3622484207,12.0563516617,11.7644548416,11.4797582626,11.1791362762,10.8608789444,10.580034256,10.2903718948,9.9986686707,9.7146625519,9.4323921204,9.1692876816,8.9123392105,8.6428642273,8.3939332962,8.161980629,7.9148240089,7.6701030731,7.4476065636,7.2304153442,7.0024952888,6.7980113029,6.5907521248,6.3964490891,6.1972537041,6.0076928139,5.8249955177,5.656566143,5.4798731804,5.3303198814,5.1815333366,5.0301680565,4.8879165649,4.7569847107,4.645781517,4.546453476,4.425406456,4.3150148392,4.2053542137,4.1129484177,4.0295786858,3.9329309464,3.8511154652,3.7737574577,3.709643364,3.6260578632,3.5557146072,3.509083271,3.4239194393,3.3892476559,3.3142945766,3.270270586,3.17105937,3.1252830029,3.0552902222,3.0115334988,2.9386014938,2.8694674969,2.8056883812,2.766481638,2.7220256329,2.673199892,2.6345179081,2.6376857758,2.6457808018,2.5701088905,2.6108515263,2.6124305725,2.5330269337,2.5378878117,2.6168248653,2.6078691483,2.5608589649,2.4644143581,2.2443826199,2.2549088001,2.22189188,2.0683677197,1.9945350885,1.9914706945,2.0900387764,1.9430608749,1.9414497614,1.672521472,1.7059226036,1.9085298777,1.8994665146,1.9442501068,2.1143934727,2.2203762531,2.0572571754,2.0492215157,1.9457924366,1.8793575764,1.8238611221,1.9154863358,1.6282519102,1.5453380346,2.1612102985,2.0856451988,2.1419374943,2.0858898163,2.5191910267,0.7796478271,0.7252265215,0.68045187,0.3533399105,0.3490087986,0.3387182951,0.2423923016,0.2335863113,0.1933822632,0.1938853264,-0.2091577053,-0.2236446142,-0.1598293781,-0.1360491514,-0.1740771532,-0.2081791162,0.1199045181,0.1217362881,0.104126215,0.0884959698,0.0942940712,0.1274020672,-0.1166255474,-0.1245617867]},"episodes_still_running":{"0":[4096.0,4096.0,4096.0,4096.0,4096.0,4096.0,4096.0,4096.0,4096.0,4096.0,4096.0,4096.0,4096.0,4096.0,4096.0,4095.0,4095.0,4095.0,4095.0,4095.0,4095.0,4095.0,4095.0,4095.0,4095.0,4095.0,4095.0,4095.0,4095.0,4095.0,4095.0,4095.0,4094.0,4094.0,4093.0,4088.0,4084.0,4079.0,4072.0,4061.0,4048.0,4032.0,4017.0,4001.0,3978.0,3952.0,3916.0,3866.0,3815.0,3758.0,3676.0,3594.0,3505.0,3401.0,3304.0,3185.0,3054.0,2923.0,2777.0,2600.0,2442.0,2285.0,2091.0,1928.0,1773.0,1637.0,1502.0,1391.0,1250.0,1139.0,1036.0,931.0,845.0,758.0,667.0,597.0,522.0,460.0,407.0,361.0,312.0,271.0,234.0,205.0,178.0,150.0,129.0,111.0,97.0,87.0,75.0,68.0,64.0,54.0,48.0,41.0,33.0,29.0,24.0,22.0,19.0,17.0,16.0,14.0,13.0,12.0,10.0,10.0,8.0,8.0,8.0,7.0,6.0,6.0,3.0,3.0,3.0,3.0,2.0,1.0,1.0,1.0,1.0,1.0,1.0,1.0,1.0,1.0,1.0,1.0,1.0,1.0,1.0,1.0,1.0,1.0,1.0,1.0,1.0,1.0,1.0,1.0,1.0]},