{"max_q":{"0":23.8535900116},"min_q":{"0":-0.8590669632},"mean_q":{"0":6.2320208549},"range_q":{"0":24.7126579285},"step_max_q":{"0":[22.1909103394,22.6035079956,22.9218788147,23.2210235596,23.0262527466,22.7926177979,23.8535900116,23.3492469788,22.5376873016,22.5415878296,22.3871822357,21.6295204163,21.3175506592,20.9211788177,20.483455658,21.2072353363,20.4765625,20.1916122437,20.2433738708,19.9227409363,19.3903884888,18.9593448639,18.8602218628,18.1402015686,17.7872409821,17.7242069244,17.0896835327,17.4299716949,17.3536624908,17.1658725739,17.3591384888,15.4668254852,14.9012928009,14.8278093338,14.2844762802,13.9186992645,13.4595031738,13.3492679596,13.4989204407,13.2122859955,13.1097688675,12.8213443756,12.2248325348,12.8953723907,12.5818758011,12.8407449722,10.6862716675,10.612739563,10.1660041809,10.6140213013,10.0850315094,9.7669734955,9.5934734344,9.4795646667,8.8324546814,9.3469552994,8.6124582291,8.9985952377,8.4862394333,8.6711034775,8.2586917877,8.2146568298,8.0037631989,7.4890546799,7.8018417358,8.8473892212,7.7136192322,7.9300775528,8.0122156143,8.1051301956,7.8725624084,7.9731264114,8.3559627533,8.7819185257,8.8626499176,8.5160694122,8.5368833542,8.5312232971,7.4689130783,7.5665302277,7.5273284912,6.7776236534,6.6036567688,6.7182264328,6.5377035141,6.5439720154,6.3679156303,6.4798974991,7.0673160553,7.0529966354,6.4584813118,7.3198633194,7.1181097031,6.9149265289,6.5155158043,6.2523031235,6.3176407814,6.0137548447,5.9265079498,6.2667150497,6.072136879,5.8580536842,6.1601104736,6.4151411057,6.1920080185,6.3598451614,6.3542547226,6.127658844,6.567155838,6.6885714531,6.5456218719,6.9760599136,7.0078406334,6.0247411728,5.3801927567,5.3073205948,5.4330053329,5.2179689407,5.2586555481,4.9643993378,5.0646762848,5.0624876022,4.9931211472,4.0949549675,4.090816021,4.3565759659,3.9419054985,3.9327950478,2.5940814018,2.4249095917,2.1384789944,2.1252131462,2.1307544708,2.1084032059,2.16918993,2.2304947376,2.2902495861,2.3436033726,2.3924751282,2.4194972515,2.1171617508,2.1018123627,2.1720600128,1.9764052629,1.9580146074,2.0244987011,1.7885086536,1.7470582724,1.6802421808,1.4177362919,1.2818962336,1.2377943993,0.356169343,0.1707414389,0.2392232418,0.0,0.0367090702,0.131988287,0.0,0.0118610859,0.0,0.0,0.0,0.0,0.0]},"step_min_q":{"0":[7.1391062737,7.0929841995,6.3733563423,6.0070204735,5.8907790184,5.9192166328,5.1117405891,5.1974816322,5.131755352,5.3423705101,4.4547171593,4.0977230072,4.1727833748,3.9589562416,3.6580986977,2.9873621464,2.8310675621,2.6801354885,2.1514892578,1.8608427048,2.0375952721,1.8227243423,1.9614784718,1.6958670616,1.6000370979,1.4376688004,1.2616920471,1.1418144703,0.0,0.0,0.0,0.0,0.0,0.0,0.0,0.0,-0.1676182747,-0.3558282852,-0.5152368546,-0.4554798603,-0.5582735538,-0.5411379337,-0.5900943279,-0.6055147648,-0.2627596855,-0.4196372032,-0.2060422897,-0.2598922253,-0.28383708,-0.2579917908,-0.3113896847,-0.3466858864,-0.3427538872,-0.5789356232,-0.4698190689,-0.4551999569,-0.8063113689,-0.8590669632,-0.7722747326,-0.8097484112,-0.7181847095,-0.6200885773,-0.5071151257,-0.5712990761,-0.6630692482,-0.7314021587,-0.6592459679,-0.7029249668,-0.4231934547,-0.6247518063,-0.8358545303,-0.4600448608,-0.3210887909,-0.3780534267,-0.3508424759,-0.4026787281,-0.2705647945,-0.2579715252,-0.382758379,-0.4395177364,-0.4194319248,-0.3114044666,-0.3849191666,-0.4192197323,-0.3593826294,-0.5274777412,-0.5603983402,-0.467031002,-0.5039489269,-0.3691868782,-0.3895838261,-0.4179928303,-0.4632613659,-0.5392196178,-0.5306341648,-0.2810254097,-0.3428997993,-0.2683470249,-0.2904307842,-0.2283115387,-0.3593168259,-0.3308575153,-0.336991787,-0.2512319088,-0.2859060764,-0.3283174038,-0.3567326069,-0.3227753639,-0.3807370663,-0.3105273247,-0.3026242256,-0.417331934,-0.392888546,-0.426579237,-0.1017864943,-0.1636221409,-0.3166575432,-0.2340664864,-0.2228393555,-0.1770870686,-0.1412446499,-0.2080788612,-0.2126512527,-0.2343199253,-0.258275032,-0.2966969013,-0.3520746231,-0.3983359337,-0.406683445,-0.3218967915,-0.3126175404,-0.1510834694,-0.1102070808,-0.1732389927,-0.2141141891,-0.0410158634,-0.0964736938,-0.1102609634,-0.1183257103,-0.0698949099,-0.1242109537,-0.1092485189,-0.1318341494,-0.2319819927,-0.1945297718,-0.2020261288,-0.2436549664,-0.2070233822,-0.2212319374,0.0,0.0,0.0,0.0,0.0,0.0,-0.0203676224,0.0,0.0,-0.0172262192,0.0,-0.0092999935,-0.117536068,-0.1776129007,-0.1490314007,-0.159530282]},"step_mean_q":{"0":[11.547996521,11.6847953796,11.6346874237,11.7601585388,11.8374595642,11.8749246597,11.8885192871,11.9021692276,11.8786888123,11.8071832657,11.6618022919,11.4915084839,11.3150062561,11.1028308868,10.861079216,10.6184167862,10.3768844604,10.1190252304,9.8412418365,9.5679311752,9.2753601074,8.9773101807,8.6759281158,8.3763542175,8.0648546219,7.7462072372,7.4448976517,7.1602640152,6.878692627,6.5932264328,6.3152689934,6.0517916679,5.7853851318,5.5313267708,5.2928476334,5.0620584488,4.8285412788,4.6114401817,4.4020943642,4.1977138519,4.0070061684,3.8196365833,3.6315250397,3.4647219181,3.310983181,3.1658837795,3.0266885757,2.8958108425,2.7839336395,2.6880400181,2.587338686,2.4943675995,2.4185264111,2.3500006199,2.2867364883,2.2432999611,2.1994256973,2.1717391014,2.1261978149,2.0972278118,2.0707950592,2.0430395603,2.0254466534,2.0040333271,1.9731856585,1.975140214,1.9595054388,1.9541473389,1.9465720654,1.9278715849,1.9154393673,1.8993117809,1.8713970184,1.8631328344,1.8619110584,1.8535767794,1.8319054842,1.8405308723,1.867184639,1.8568638563,1.8457732201,1.8694638014,1.8694757223,1.8720133305,1.8843821287,1.8836259842,1.8439432383,1.8286639452,1.8746761084,1.8466784954,1.8070485592,1.7961616516,1.7429323196,1.7377886772,1.7308086157,1.7285654545,1.7105261087,1.6338348389,1.5911144018,1.6761386395,1.6599895954,1.723092556,1.7057572603,1.7508240938,1.7162927389,1.6905913353,1.7255904675,1.7586853504,1.7787168026,1.773653388,1.7179181576,1.6347122192,1.6117290258,1.5035406351,1.5013799667,1.4075273275,1.328345418,1.3078705072,1.25872159,1.1611732244,1.2343093157,1.2062133551,1.200586915,1.0004943609,1.0362634659,1.0198212862,0.9844397306,0.9501751065,0.7237506509,0.7672865987,0.8196007013,0.7927826643,0.8284965158,0.7886898518,0.7531590462,0.7731849551,0.782058835,0.7206434608,0.6865302324,0.7273843288,0.7375054955,0.7290760875,0.643257618,0.5796981454,0.5696032643,0.5457456708,0.5377022028,0.4334644377,0.4090390801,0.9417374134,0.8703737855,0.7507460117,0.356169343,0.1707414389,0.2392232418,-0.0203676224,0.0367090702,0.131988287,-0.0172262192,0.0118610859,-0.0092999935,-0.117536068,-0.1776129007,-0.1490314007,-0.159530282]},"episodes_still_running":{"0":[4096.0,4096.0,4096.0,4096.0,4096.0,4096.0,4096.0,4096.0,4096.0,4096.0,4096.0,4096.0,4096.0,4096.0,4096.0,4096.0,4096.0,4096.0,4096.0,4096.0,4096.0,4096.0,4096.0,4096.0,4096.0,4096.0,4096.0,4096.0,4095.0,4095.0,4095.0,4095.0,4094.0,4094.0,4093.0,4093.0,4093.0,4090.0,4090.0,4088.0,4086.0,4075.0,4067.0,4057.0,4037.0,4014.0,3985.0,3946.0,3893.0,3840.0,3786.0,3712.0,3628.0,3534.0,3422.0,3291.0,3158.0,3023.0,2900.0,2772.0,2641.0,2511.0,2405.0,2265.0,2123.0,2006.0,1891.0,1771.0,1664.0,1570.0,1468.0,1366.0,1277.0,1194.0,1111.0,1037.0,978.0,917.0,857.0,812.0,763.0,721.0,666.0,625.0,585.0,539.0,513.0,491.0,456.0,430.0,405.0,384.0,360.0,342.0,320.0,290.0,270.0,257.0,241.0,219.0,211.0,196.0,186.0,173.0,158.0,149.0,135.0,125.0,118.0,108.0,103.0,98.0,91.0,84.0,76.0,69.0,65.0,63.0,61.0,58.0,53.0,46.0,42.0,38.0,36.0,35.0,34.0,34.0,27.0,26.0,22.0,20.0,17.0,13.0,12.0,11.0,10.0,9.0,9.0,8.0,7.0,6.0,6.0,6.0,6.0,6.0,5.0,5.0,5.0,2.0,2.0,2.0,1.0,1.0,1.0,1.0,1.0,1.0,1.0,1.0,1.0,1.0,1.0,1.0,1.0]},