{"max_q":{"0":11.1949720383},"min_q":{"0":-0.1628119648},"mean_q":{"0":5.3806080818},"range_q":{"0":11.3577842712},"step_max_q":{"0":[10.0542259216,10.3723173141,10.7746315002,10.7984046936,11.1949720383,10.8783159256,10.5045375824,10.2413902283,10.0054855347,9.6727294922,9.4367637634,9.1316919327,8.8192834854,8.7129211426,8.5049858093,8.1087779999,7.9000439644,8.0817394257,7.6912589073,7.3576850891,7.440071106,6.9265551567,6.8056645393,6.3455548286,7.0878710747,5.9775319099,7.2109375,5.4540023804,5.5225811005,4.8100795746,4.2042307854,4.4654321671,4.3240818977,3.875108242,2.8931622505,2.6344733238,2.6770226955,2.8035931587,2.3099124432,1.9197961092,1.9143663645,1.6101756096,1.5638692379,1.5052537918,1.2012841702,0.9533305168,0.7575614452,0.6121839285,0.6525390744,0.2805186212,0.2489154786,0.17916888,0.3133740723,0.1718684286,0.0284404233,0.0406684056,0.0]},"step_min_q":{"0":[9.6824264526,9.4453315735,9.5376987457,9.4171619415,9.5816431046,9.6101818085,9.1101369858,8.6506137848,8.2787399292,7.9613542557,7.5164337158,6.9646539688,6.4870643616,5.9587073326,5.6065540314,4.9877157211,4.68272686,3.8726434708,3.5086302757,2.8000710011,2.2780060768,2.3139543533,1.8549222946,1.5643681288,1.4076982737,1.0651431084,0.7520710826,0.4175751507,0.2764242291,-0.0094698966,-0.0806049407,-0.1628119648,-0.0633886755,-0.0683813095,-0.1073137522,-0.0621165335,-0.1296744645,-0.1157805324,-0.0913619101,-0.0548630804,-0.0872285068,-0.1341183484,-0.0692754686,-0.0630496442,-0.0663044304,-0.0743019283,-0.0478047132,-0.0315683484,0.0,0.0,-0.0534493774,0.0,0.0,0.0,0.0,0.0,-0.0390334055]},"step_mean_q":{"0":[9.9972867966,10.1065444946,10.1992340088,10.355676651,10.4702510834,10.2627754211,9.8675346375,9.5314674377,9.2199764252,8.9244003296,8.5667629242,8.2210664749,7.8976974487,7.5320711136,7.2057437897,6.8472781181,6.4700870514,6.0862932205,5.67993927,5.28495121,4.8822245598,4.4795370102,4.0963077545,3.7073991299,3.3341331482,2.9518809319,2.6022956371,2.2617163658,1.9405418634,1.6473814249,1.3717393875,1.1405460835,0.9380679727,0.766079545,0.6265814304,0.524265945,0.4434679449,0.3821443021,0.3506638706,0.3189443946,0.2806559801,0.249192372,0.2319841385,0.2344657779,0.2199643552,0.204382807,0.1853348464,0.1790274382,0.222692281,0.1091517732,0.1245687455,0.1228097752,0.3133740723,0.1718684286,0.0284404233,0.0406684056,-0.0390334055]},"episodes_still_running":{"0":[4096.0,4096.0,4096.0,4096.0,4096.0,4096.0,4096.0,4096.0,4096.0,4096.0,4096.0,4096.0,4096.0,4096.0,4096.0,4096.0,4096.0,4096.0,4096.0,4096.0,4096.0,4096.0,4096.0,4096.0,4096.0,4096.0,4096.0,4096.0,4096.0,4096.0,4088.0,4052.0,3964.0,3844.0,3600.0,3272.0,2824.0,2376.0,1788.0,1344.0,1032.0,744.0,524.0,336.0,232.0,160.0,104.0,76.0,36.0,28.0,20.0,12.0,4.0,4.0,4.0,4.0,4.0]},"step_range_q":{"0":[0.371799469,0.9269857407,1.2369327545,1.3812427521,1.6133289337,1.2681341171,1.3944005966,1.5907764435,1.7267456055,1.7113752365,1.9203300476,2.1670379639,2.3322191238,2.75421381,2.898431778,3.1210622787,3.2173171043,4.2090959549,4.1826286316,4.5576143265,5.1620650291,4.6126008034,4.9507422447,4.7811865807,5.6801729202,4.9123888016,6.4588665962,5.036427021,5.2461566925,4.8195495605,4.2848358154,4.6282439232,4.3874707222,3.9434895515,3.0004758835,2.6965899467,2.8066971302,2.9193737507,2.4012744427,1.9746592045,2.0015947819,1.7442939281,1.6331447363,1.5683034658,1.2675886154,1.0276324749,0.8053661585,0.6437522769,0.6525390744,0.2805186212,0.302364856,0.17916888,0.3133740723,0.1718684286,0.0284404233,0.0406684056,0.0390334055]},"mean_loss:":{"0":0.0686816573},"rmse":{"0":0.2620718479},"step_rmse":{"0":[0.2025251687,0.1759877056,0.1608912498,0.1937996894,0.2444645017,0.2660418153,0.2852599323,0.2905064225,0.2963781357,0.3120677471,0.3422742188,0.3357369006,0.3598945737,0.346429646,0.3330972195,0.3556392789,0.3540683091,0.3465034068,0.3276712596,0.3253971636,0.3144791722,0.3054990172,0.2914555967,0.277864337,0.2791269124,0.2476200461,0.2652125061,0.2412665933,0.2147239894,0.1984629631,0.1683390737,0.1518637538,0.1485462189,0.1406548768,0.1220791116,0.1066133231,0.0974333733,0.0952987596,0.093542479,0.089639388,0.0911872834,0.0898286551,0.0793750808,0.0951568559,0.0959248319,0.0914434567,0.0943660066,0.0819910467,0.0642440766,0.1034877151,0.119409278,0.1316622347,0.1480259597,0.3004288673,0.3012521267,0.3367738426,0.3014587164]},"rmse_by_q":{"0":4.8706731796},"step_rmse_by_q":{"0":[2.0258014202,1.7413241863,1.577483654,1.8714344501,2.3348486423,2.5922989845,2.8908936977,3.0478668213,3.2145216465,3.496792078,3.9953737259,4.0838608742,4.5569558144,4.5993943214,4.6226625443,5.1938781738,5.4723882675,5.6931762695,5.7689218521,6.1570515633,6.4413094521,6.819879055,7.1150803566,7.4948587418,8.3717985153,8.388551712,10.1914825439,10.6674108505,11.065155983,12.0471773148,12.2719430923,13.3150043488,15.8353357315,18.3603496552,19.4833583832,20.3357315063,21.9707813263,24.9378986359,26.6758232117,28.1050205231,32.4907684326,36.0479164124,34.2157363892,40.5845413208,43.6092605591,44.741268158,50.9164924622,45.798034668,28.8488121033,94.8108444214,95.8581390381,107.2082672119,47.2361869812,174.8016662598,1059.2392578125,828.0969848633,-772.3095703125]},"mean_error":{"0":0.1904025972},"step_mean_error":{"0":[0.1612090468,0.1406571865,0.1270765811,0.1523896158,0.1925534904,0.2069700956,0.217384696,0.2269430459,0.2300502807,0.2444345057,0.2691050172,0.2672513723,0.2822411656,0.276589632,0.2635325193,0.278734982,0.280017674,0.272877574,0.258278966,0.2551159263,0.2471309602,0.2398969829,0.2263272405,0.2139754295,0.2105425447,0.1918432713,0.1892671436,0.1767657995,0.1606080532,0.1444348246,0.1263503879,0.1052917764,0.0972952992,0.0892423838,0.079715237,0.0707673952,0.0638247579,0.0623262897,0.0597984865,0.0599539056,0.0606241226,0.0593380146,0.0521493442,0.0641115606,0.0628378689,0.0601953156,0.0619625002,0.0594095625,0.0576249696,0.0757449269,0.0994470567,0.1200157031,0.1480259597,0.3004288673,0.3012521267,0.3367738426,0.3014587164]},"mean_q_deviation":{"0":15.0285186768},"step_mean_q_deviation":{"0":[1.6226543188,1.3991191387,1.2505098581,1.4817533493,1.8565651178,2.0376815796,2.2589278221,2.409984827,2.5269801617,2.7716078758,3.1740903854,3.2977089882,3.6054105759,3.7253460884,3.7369754314,4.1440696716,4.3955335617,4.5505304337,4.6092948914,4.9061641693,5.16020298,5.4131202698,5.6328678131,5.9093084335,6.4859619141,6.673766613,7.6295390129,8.0158147812,8.8188648224,9.9809494019,11.2647008896,16.0666389465,16.5697669983,23.0215587616,131.5796966553,35.5284309387,77.8855285645,65.1833343506,69.7606506348,69.3845825195,191.1711730957,75.5179672241,48.4300842285,149.2475585938,113.8189926147,63.2442779541,52.3465042114,71.747795105,53.2710952759,161.5780181885,58.2503318787,67.106338501,32.0819129944,63.610118866,91.3736495972,89.2252655029,114.8740997314]},"mean_range_deviation":{"0":1.6611893177},"step_mean_range_deviation":{"0":[12.870839119,10.5827713013,8.1548166275,8.9697971344,9.0638217926,9.8997030258,9.2264022827,8.9804534912,7.8947248459,8.1241807938,8.6809806824,8.076420784,6.5542221069,7.7842316628,6.620516777,6.1768093109,6.5571331978,6.27302742,5.8621821404,5.1151275635,4.5093564987,4.1388158798,3.8104388714,3.4981708527,3.6708912849,3.5779361725,3.3770284653,2.8966362476,2.8172433376,2.742954731,2.7487361431,2.2684385777,2.2266926765,1.9488781691,2.2057249546,2.2304432392,2.0725357533,1.9309252501,2.0844671726,2.5259246826,2.7805838585,3.1116113663,2.9291884899,3.901768446,4.71089077,6.1184754372,7.1518602371,8.2659864426,8.0301589966,14.4642915726,21.4625930786,38.25831604,32.0819129944,63.610118866,91.3736495972,89.2252349854,114.8740997314]},"epoch":{"0":75},"mask_name":{"0":"enemy_distance"},"map_name":{"0":"corridor"}}