{"max_q":{"0":18.8566608429},"min_q":{"0":-0.8218022585},"mean_q":{"0":11.9754505157},"range_q":{"0":19.6784629822},"step_max_q":{"0":[16.6014995575,16.9510498047,17.2971744537,18.346118927,18.8566608429,18.5193901062,18.3426895142,17.8184890747,16.9426269531,16.5487823486,15.9413175583,15.4329566956,14.8671655655,14.0020904541,13.4360427856,12.9472465515,12.3841161728,11.8879308701,11.1545848846,10.8969917297,10.0121898651,9.8665313721,9.2646617889,8.891954422,8.7034769058,7.9479708672,7.7631492615,7.5470919609,7.0365424156,6.6931533813,6.8358755112,6.4030485153,6.1897492409,6.0546827316,5.4705877304,5.3026504517,5.291873455,4.5878052711,4.2822761536,4.3527359962,4.4945492744,4.0619096756,4.4570884705,5.4736666679]},"step_min_q":{"0":[13.7473144531,13.8764591217,14.096496582,13.7818918228,13.4768848419,12.7732000351,10.9088249207,5.1397080421,5.5737318993,5.0325374603,3.2404420376,3.541431427,3.0550386906,1.8801400661,2.2955377102,1.9507491589,1.5615754128,0.0787086487,-0.1177847385,-0.230912447,0.1601216793,-0.2876179218,-0.222137332,-0.0601804256,-0.5792417526,-0.8218022585,-0.4684823751,-0.6684746742,-0.2413160801,-0.2991193533,-0.0141884089,-0.1212743521,-0.5608365536,0.0,0.0,0.0,0.0,0.0,0.0,0.0,0.0,0.0,0.0,0.0]},"step_mean_q":{"0":[16.0594577789,16.3174095154,16.6790771484,17.3039951324,17.7597045898,17.2270469666,16.6659812927,15.9648141861,15.4433679581,14.9704360962,14.3322257996,13.7192630768,13.0475177765,12.4417390823,11.8201913834,11.2509202957,10.6252288818,10.0339546204,9.4758491516,8.9281177521,8.4153594971,7.9370803833,7.4506492615,7.0375533104,6.6994113922,6.3773593903,6.1651301384,5.9681138992,5.7105574608,5.2279620171,4.4529151917,3.3613960743,2.8227171898,4.3676080704,5.4705877304,5.3026504517,5.291873455,4.5878052711,4.2822761536,4.3527359962,4.4945492744,4.0619096756,4.4570884705,5.4736666679]},"episodes_still_running":{"0":[4096.0,4096.0,4096.0,4096.0,4096.0,4096.0,4096.0,4096.0,4096.0,4096.0,4096.0,4096.0,4096.0,4096.0,4096.0,4096.0,4096.0,4096.0,4096.0,4096.0,4096.0,4096.0,4096.0,4084.0,4076.0,3992.0,3560.0,2600.0,1320.0,572.0,256.0,124.0,60.0,24.0,4.0,4.0,4.0,4.0,4.0,4.0,4.0,4.0,4.0,4.0]},"step_range_q":{"0":[2.8541851044,3.074590683,3.2006778717,4.5642271042,5.379776001,5.7461900711,7.4338645935,12.6787815094,11.368894577,11.5162448883,12.7008752823,11.8915252686,11.8121271133,12.1219501495,11.140504837,10.9964971542,10.8225402832,11.8092222214,11.2723693848,11.1279039383,9.8520679474,10.1541490555,9.4867992401,8.9521350861,9.2827186584,8.7697734833,8.231631279,8.2155666351,7.2778587341,6.9922728539,6.8500638008,6.5243229866,6.750585556,6.0546827316,5.4705877304,5.3026504517,5.291873455,4.5878052711,4.2822761536,4.3527359962,4.4945492744,4.0619096756,4.4570884705,5.4736666679]},"mean_loss:":{"0":0.2157008648},"rmse":{"0":0.464436084},"step_rmse":{"0":[0.2012196332,0.2633003294,0.2810659111,0.2224411964,0.2421698123,0.3803557754,0.5093955994,0.5140719414,0.5322861671,0.5418093801,0.5519849658,0.571390152,0.5898837447,0.5341567397,0.5175662041,0.5249611735,0.5089545846,0.5241776109,0.5443447232,0.4794598818,0.440459758,0.4243175089,0.4816455841,0.4528769851,0.4349299967,0.3811420798,0.3494196236,0.4078427851,0.4971992075,0.6293480396,0.9281256199,1.0378024578,1.7362505198,0.9171748757,0.9137682915,1.2284865379,1.1897368431,0.5423269272,0.6908972263,1.3781905174,1.3393507004,0.7734856606,2.4416935444,2.1396503448]},"mean_error":{"0":0.2685523927},"step_mean_error":{"0":[0.1049058661,0.1816208363,0.1839858145,0.1655331552,0.1838083863,0.2897917032,0.3685516119,0.3733615577,0.3716868758,0.3718739152,0.3768016696,0.3498420417,0.3558097184,0.3178400099,0.3064879477,0.3105585575,0.2986939549,0.2901123464,0.2890684009,0.2613866925,0.2347490191,0.2226276994,0.2205585539,0.214081347,0.2013821304,0.189282462,0.1892794818,0.2158100605,0.2584741414,0.3108949065,0.4350044131,0.5470811129,1.2390899658,0.6785512567,0.9137682915,1.2284865379,1.1897368431,0.5423269272,0.6908972263,1.3781905174,1.3393507004,0.7734856606,2.4416935444,2.1396503448]},"mean_deviation":{"0":1.4063395262},"step_mean_deviation":{"0":[2.5935876369,3.7501327991,3.8066852093,3.1118876934,3.2124013901,4.2700128555,3.8992152214,3.3385891914,3.4242694378,3.4869916439,3.2774820328,2.9645228386,2.6623592377,3.0362355709,2.7941460609,3.0061643124,2.7288386822,2.8190283775,2.7085454464,2.6389825344,2.460875988,2.309951067,2.3686065674,2.4244449139,2.3394811153,2.3610069752,2.4431607723,2.6377894878,3.5453617573,4.5537672043,5.7598309517,8.5167121887,17.0437164307,11.5897741318,20.0527648926,30.1530952454,29.0028572083,13.405755043,19.237657547,46.3328094482,42.449016571,23.5214691162,121.1521148682,64.176361084]},"epoch":{"0":230},"mask_name":{"0":"nothing"},"map_name":{"0":"8m_vs_9m"}}