{"max_q":{"0":23.8913707733},"min_q":{"0":-2.1329214573},"mean_q":{"0":6.1914181709},"range_q":{"0":26.0242919922},"step_max_q":{"0":[23.516784668,23.5324363708,23.2964229584,23.8913707733,23.0606594086,22.7763748169,23.3040904999,23.2184829712,22.2537784576,22.1855278015,21.8379631042,20.8996505737,21.2809505463,20.9747009277,20.5537719727,21.2547550201,20.7780342102,20.7696838379,19.8023033142,20.2822990417,19.2622013092,18.716424942,18.0562286377,17.9380722046,17.3999290466,17.7051239014,18.2134094238,17.4303855896,17.6846961975,16.8162879944,16.8276519775,15.7594985962,15.7980241776,15.625161171,15.4957027435,15.084649086,15.2638101578,14.7269115448,14.5533466339,13.8443965912,13.8055267334,13.7024726868,13.0671367645,13.1069507599,12.2561817169,11.8527431488,11.8594169617,11.5226478577,11.1992387772,11.4296751022,11.3043289185,10.9422149658,10.8496685028,10.2284965515,10.1600227356,9.6697187424,8.9670877457,9.2252807617,9.0409240723,8.5130500793,8.713306427,8.4126091003,8.1238689423,7.8233509064,8.0469579697,8.2685852051,8.0822563171,7.8381848335,8.0091896057,8.1648750305,7.968079567,7.9996581078,7.6279296875,7.5867385864,7.9158873558,7.3118638992,7.4440116882,7.4158778191,7.1959867477,6.9631681442,7.0325174332,6.7658481598,6.5742797852,6.7244491577,6.6456336975,6.6000113487,6.4738273621,6.4445066452,6.3706245422,6.2882466316,6.0745649338,6.0208716393,5.9073519707,6.0256128311,6.0689806938,5.9925847054,6.010784626,5.946393013,5.7509775162,5.7955555916,5.8689012527,5.8441734314,5.7926912308,5.9735488892,5.7133569717,6.0444288254,6.036034584,6.1038532257,6.1433048248,6.1358547211,6.1935911179,6.2090892792,6.2777404785,6.527050972,6.3031625748,6.1775417328,6.1452674866,6.1029787064,6.0142197609,6.0748677254,5.9535894394,5.8825216293,5.8098230362,5.7641353607,5.6791324615,5.6891889572,5.479414463,5.4635419846,5.4737558365,5.3344907761,5.2224531174,5.2158250809,4.967561245,4.9686751366,4.9228110313,4.9809126854,4.7418336868,4.7110090256,4.6821966171,4.5199837685,4.4203515053,2.6841578484,2.7684502602,2.4708862305,2.1583132744,2.0594496727,1.5402802229,1.5329773426,1.8334172964,1.4111337662,1.3536493778,1.516707778,0.9890137911,0.9990129471,1.0259194374,0.8156138659,0.7520806789,0.733363986,0.9419641495,0.7037017345,0.4675063193,0.4321177006]},"step_min_q":{"0":[7.0108337402,6.8054943085,6.9199981689,6.5270285606,6.1413354874,5.9160647392,5.4278483391,5.0989518166,4.6196122169,4.5578680038,4.4552845955,3.9103236198,4.075594902,3.9215524197,3.6044788361,3.3014154434,2.8533601761,2.8220124245,2.4403338432,2.3600668907,2.337199688,1.9946801662,0.0,0.0,0.0,0.0,0.0,0.0,0.0,0.0,0.0,-0.2446219921,0.0,-0.2302844524,-0.3691008091,-0.6893119812,-0.835963726,-0.4692309499,-0.4347170591,-0.4146435261,-0.6031739712,-0.8092809916,-0.3991324902,-0.7991981506,-0.9745361805,-1.1155247688,-0.7390108109,-0.5607955456,-0.8860852718,-0.5840411186,-0.6041584015,-0.7037088871,-0.922544241,-0.7132787704,-0.6175655127,-0.6675078869,-0.8269958496,-0.9950437546,-0.5618284941,-0.9520015717,-0.8831725121,-0.7004611492,-0.4274692535,-0.5336346626,-0.4557230473,-0.3679909706,-0.6286066175,-0.6008272171,-0.5516555309,-0.5328562856,-0.9142813683,-1.7177844048,-1.7479286194,-2.1329214573,-0.542011261,-0.4595969915,-0.3411604166,-0.3760179281,-0.4087591171,-0.3093261719,-0.3443567753,-0.4717423916,-0.3876976967,-0.5437425375,-0.4754908085,-0.2089986801,-0.3239582777,-0.4370183945,-0.8048875332,-1.0355052948,-0.431871295,-0.5495582819,-0.4123426676,-0.4212628007,-0.4224587083,-0.2636641264,-0.2967176437,-0.2342731953,-0.2676727772,-0.1631275415,-0.3501583338,-0.2576315403,-0.4126501083,-0.4961338043,-0.5887422562,-0.7288227081,-0.8179858923,-0.1482784748,-0.2807689309,-0.3246461153,-0.3343214989,-0.3798402548,-0.2380914688,-0.3349910975,-0.3096408248,-0.299305439,-0.3547269106,-0.2472497225,-0.3374925852,-0.3204945922,-0.3231322765,-0.3509813547,-0.1502773762,-0.1241233349,-0.1454901695,-0.1068062186,-0.1003931761,-0.2293845415,-0.069688797,-0.2422995567,-0.3102089167,-0.4566639662,-0.1819797754,-0.3093419075,-0.4314720631,-0.2551956773,-0.2363976836,-0.1984390616,0.0,0.0,0.0,0.0,0.0,0.0,0.0,-0.0152674913,0.0,-0.0387452245,0.0,0.0,0.0,0.0,0.0,0.0,-0.0221073031,-0.0059460402,-0.0150206089,-0.0401130319,0.0,0.0,0.0,0.0]},"step_mean_q":{"0":[11.429069519,11.5989274979,11.5592660904,11.6137075424,11.6536178589,11.6479740143,11.5850315094,11.5569152832,11.4397754669,11.3078308105,11.1388101578,10.9564714432,10.756526947,10.5284042358,10.2721643448,10.0116977692,9.7591457367,9.4800977707,9.2029056549,8.9327602386,8.6604213715,8.3522167206,8.0727682114,7.8023161888,7.5257468224,7.2460031509,6.9843530655,6.7251462936,6.4700422287,6.2113175392,5.9704594612,5.7401499748,5.5010871887,5.2612104416,5.0419549942,4.8299894333,4.6180510521,4.4098792076,4.2103757858,4.0196695328,3.8339247704,3.6564507484,3.486492157,3.3256626129,3.1923680305,3.0597167015,2.934461832,2.8291044235,2.7257096767,2.6522314548,2.5732657909,2.5051445961,2.4265632629,2.4010059834,2.3485984802,2.3246243,2.3022768497,2.2670724392,2.241764307,2.2347173691,2.245316267,2.2383084297,2.2247035503,2.2110934258,2.2332835197,2.2701830864,2.2575666904,2.218944788,2.1958873272,2.1982011795,2.2067129612,2.2169518471,2.2035770416,2.1927764416,2.2042636871,2.2020087242,2.1883356571,2.2082016468,2.2597024441,2.2479765415,2.2225203514,2.2065312862,2.2266633511,2.2614336014,2.2128589153,2.1638317108,2.1933774948,2.2233328819,2.2400004864,2.1740407944,2.1527664661,2.1280658245,2.1024577618,2.0796592236,2.0213034153,1.9800760746,1.9959642887,1.9878315926,1.9902890921,2.0141777992,1.9128932953,1.8667602539,1.8586064577,1.9029939175,1.8514406681,1.8744597435,1.834492445,1.7952759266,1.7800391912,1.8029271364,1.8002129793,1.8272181749,1.790661931,1.8756130934,1.8595117331,1.931637764,1.9213299751,1.9077291489,1.7371842861,1.8460230827,1.9263937473,1.8963084221,1.8752959967,1.9475110769,2.0350039005,2.026116848,2.0580904484,1.8710366488,2.0930924416,2.0602650642,1.9281806946,1.7345918417,1.7880686522,1.8977384567,1.8423540592,1.3208931684,1.2754114866,1.3979029655,1.1951657534,1.1601502895,1.2487735748,1.0253278017,1.1404438019,1.0780665874,0.9983664155,0.9580473304,0.8351216316,0.8305543661,1.2772769928,0.9648010731,0.958973825,0.9478051066,0.6861203313,0.6163852811,0.6014407277,0.5165635943,0.4405142367,0.423573643,0.4092602432,0.4670587778,0.360147357,0.4321177006]},"episodes_still_running":{"0":[4096.0,4096.0,4096.0,4096.0,4096.0,4096.0,4096.0,4096.0,4096.0,4096.0,4096.0,4096.0,4096.0,4096.0,4096.0,4096.0,4096.0,4096.0,4096.0,4096.0,4096.0,4096.0,4095.0,4095.0,4095.0,4095.0,4095.0,4095.0,4094.0,4093.0,4093.0,4093.0,4092.0,4092.0,4091.0,4090.0,4086.0,4078.0,4075.0,4065.0,4054.0,4043.0,4026.0,4001.0,3960.0,3919.0,3871.0,3813.0,3731.0,3634.0,3546.0,3443.0,3335.0,3196.0,3066.0,2931.0,2802.0,2681.0,2554.0,2421.0,2279.0,2142.0,2014.0,1899.0,1766.0,1654.0,1551.0,1467.0,1399.0,1312.0,1220.0,1135.0,1051.0,1000.0,942.0,891.0,831.0,778.0,720.0,687.0,636.0,604.0,564.0,524.0,498.0,469.0,436.0,405.0,377.0,348.0,328.0,314.0,294.0,273.0,257.0,239.0,223.0,210.0,192.0,181.0,166.0,161.0,154.0,144.0,132.0,124.0,119.0,115.0,108.0,101.0,95.0,84.0,83.0,78.0,71.0,64.0,62.0,58.0,55.0,50.0,45.0,43.0,38.0,32.0,28.0,26.0,26.0,23.0,21.0,20.0,19.0,17.0,15.0,14.0,14.0,12.0,11.0,10.0,7.0,7.0,7.0,5.0,4.0,4.0,4.0,4.0,4.0,4.0,3.0,3.0,3.0,3.0,3.0,3.0,3.0,3.0,3.0,3.0,3.0,2.0,2.0,1.0]},