{"max_q":{"0":16.3305130005},"min_q":{"0":-0.7600091696},"mean_q":{"0":8.9694786072},"range_q":{"0":17.0905227661},"step_max_q":{"0":[12.9597730637,13.886724472,13.9008369446,15.133972168,14.9927330017,15.1679954529,15.3417129517,15.8772659302,16.3305130005,16.3279285431,15.7728948593,15.9131317139,15.0888757706,15.194319725,15.7852182388,14.5730314255,13.5285692215,13.0466508865,13.2219114304,12.3073825836,12.2710180283,11.5850515366,11.4381532669,11.4185600281,10.7173299789,10.1384572983,10.8512544632,10.2213134766,9.6004199982,9.3706970215,8.8821783066,8.6824560165,8.5264673233,1.0461139679]},"step_min_q":{"0":[7.0611796379,6.998114109,7.2782411575,7.2843232155,7.1548719406,7.1631994247,7.1979470253,6.2707324028,5.2251505852,4.1332206726,2.6098661423,2.4809236526,2.2176718712,1.610073328,1.2766451836,1.3993983269,0.619069159,0.4337019324,0.034496367,-0.4138945341,-0.3036574125,-0.2666645646,-0.4363276958,-0.48679775,-0.6141238809,-0.4567581415,-0.4841442704,-0.6731730103,-0.6981804371,-0.7600091696,-0.6161465049,-0.3890190721,-0.704061389,0.0]},"step_mean_q":{"0":[11.4614429474,11.9208374023,12.0719356537,12.6150283813,12.5895423889,12.8010025024,13.0360136032,12.2474603653,11.9201440811,11.1524658203,10.5700960159,10.2238941193,9.5343227386,9.2473258972,8.6453075409,8.3671092987,7.7657251358,7.406835556,6.7895231247,6.3859667778,5.9874539375,5.7322926521,5.5179872513,5.3715825081,5.2133789062,5.085878849,4.3293781281,3.7919688225,2.3512833118,1.9472227097,1.661314249,2.9329781532,2.7390472889,1.0461139679]},"episodes_still_running":{"0":[4096.0,4096.0,4096.0,4096.0,4096.0,4096.0,4096.0,4096.0,4096.0,4096.0,4096.0,4096.0,4096.0,4096.0,4096.0,4096.0,4096.0,4096.0,4096.0,4096.0,4064.0,3996.0,3892.0,3756.0,3640.0,3184.0,2464.0,1680.0,1052.0,580.0,292.0,92.0,24.0,4.0]},"step_range_q":{"0":[5.8985934258,6.888610363,6.622595787,7.8496489525,7.8378610611,8.0047960281,8.1437664032,9.6065330505,11.1053619385,12.1947078705,13.163028717,13.4322080612,12.8712043762,13.5842466354,14.5085735321,13.1736335754,12.9095001221,12.6129493713,13.187415123,12.7212772369,12.57467556,11.8517160416,11.8744812012,11.9053573608,11.331454277,10.5952157974,11.335398674,10.8944864273,10.2986001968,10.1307058334,9.4983243942,9.071475029,9.2305288315,1.0461139679]},"mean_loss:":{"0":0.9017828703},"rmse":{"0":0.9496225119},"step_rmse":{"0":[0.1972221285,0.2108842582,0.2432180345,0.3472823501,0.211040318,0.2214364707,0.2027089298,0.4941504896,0.7293814421,0.7151879668,0.8923332691,0.9874058962,1.1862409115,1.2991814613,1.4656459093,1.4152929783,1.4301553965,1.3501243591,1.2410588264,1.2265591621,1.1873943806,1.0975499153,0.9569636583,0.8730027676,0.798374474,0.8541498184,0.8236974478,0.9124602675,1.0043706894,1.1042038202,1.4529316425,2.279661417,1.7188618183,0.5860601664]},"mean_error":{"0":0.6014368534},"step_mean_error":{"0":[0.1596895456,0.1503787041,0.1816111207,0.2122766227,0.1351111233,0.1441787034,0.1213849038,0.3673884869,0.5718733072,0.5661915541,0.6983888149,0.7807327509,0.9227876067,0.9905099273,1.1083734035,1.045604229,1.0430505276,0.9681990147,0.8888517618,0.8387463093,0.7882229686,0.7270008326,0.6219826341,0.5783779621,0.5154238343,0.5179684162,0.4999915659,0.5601368546,0.5946763158,0.6841595769,0.7864823937,1.5062251091,1.1161363125,0.5860601664]},"mean_deviation":{"0":3.04180336},"step_mean_deviation":{"0":[2.5086276531,2.1911084652,2.5557181835,2.7220778465,1.74842906,1.8343355656,1.4713522196,3.8006551266,4.8665447235,4.5196623802,4.9846467972,6.2927894592,7.0689506531,6.632188797,8.2684059143,7.9061813354,7.6276993752,7.6092233658,6.884180069,6.8288006783,5.647418499,4.9004659653,5.0161819458,5.4559159279,4.858297348,3.3177175522,4.3424153328,3.9577250481,5.5249881744,7.2056202888,8.8316631317,16.8011760712,9.9949541092,127.3894805908]},"epoch":{"0":110},"mask_name":{"0":"ally_last_action_only"},"map_name":{"0":"5m_vs_6m"}}