{"max_q":{"0":16.8697242737},"min_q":{"0":-1.1467096806},"mean_q":{"0":8.8902549744},"range_q":{"0":18.0164337158},"step_max_q":{"0":[13.425652504,13.7356138229,13.9903211594,15.5832386017,15.0072660446,15.1584606171,15.325756073,15.3785867691,16.4195537567,16.3326301575,16.4085521698,15.8216400146,16.4432067871,15.6497020721,15.319568634,15.2009706497,14.6086769104,14.1950340271,14.1777477264,14.2195796967,13.0865345001,12.5486898422,13.495344162,13.3618383408,12.0151748657,14.0943012238,13.2522411346,16.8697242737,12.1024246216,9.1304788589,9.1105279922,9.0981454849,6.4624052048,3.1309294701]},"step_min_q":{"0":[7.3466730118,7.0152254105,7.3789029121,7.0922245979,7.3372511864,7.2209391594,7.1105685234,4.577665329,5.0104818344,3.9161520004,3.6196522713,2.755875349,2.4305179119,1.3007811308,0.3559007645,0.7015205622,0.1234629154,-0.0004687309,0.0827547312,-0.3652362823,-0.4138298035,-0.4564687014,-0.6327152252,-0.9193930626,-0.8036657572,-0.3772525787,-0.7069807053,-0.662604332,-0.5974035263,-1.1467096806,-1.0072445869,-0.5112326145,-0.3453490734,0.0]},"step_mean_q":{"0":[11.3908138275,11.87429142,12.0994491577,12.640994072,12.6220722198,12.7770681381,13.0319604874,12.0262832642,11.6579647064,10.9537200928,10.4499015808,10.1569499969,9.5434761047,9.1195049286,8.472038269,8.1885480881,7.5992031097,7.2388520241,6.6461558342,6.3308477402,5.9770298004,5.7050905228,5.5077419281,5.3525867462,5.1324424744,5.0226812363,4.3179416656,3.7779383659,2.3777616024,1.856205821,1.6514577866,2.8102822304,2.2537591457,3.1309294701]},"episodes_still_running":{"0":[4096.0,4096.0,4096.0,4096.0,4096.0,4096.0,4096.0,4096.0,4096.0,4096.0,4096.0,4096.0,4096.0,4096.0,4096.0,4096.0,4096.0,4096.0,4096.0,4096.0,4064.0,3996.0,3892.0,3756.0,3640.0,3184.0,2464.0,1680.0,1052.0,580.0,292.0,92.0,24.0,4.0]},"step_range_q":{"0":[6.0789794922,6.7203884125,6.6114182472,8.4910144806,7.6700148582,7.9375214577,8.2151870728,10.8009214401,11.4090719223,12.416478157,12.7889003754,13.0657644272,14.0126886368,14.3489208221,14.9636678696,14.4994497299,14.4852142334,14.1955032349,14.0949926376,14.584815979,13.5003643036,13.0051584244,14.1280593872,14.2812309265,12.8188409805,14.4715538025,13.9592218399,17.5323295593,12.6998281479,10.2771883011,10.117773056,9.609377861,6.8077545166,3.1309294701]},"mean_loss:":{"0":1.1185537577},"rmse":{"0":1.0576170683},"step_rmse":{"0":[0.4389358461,0.1750524789,0.2582417727,0.2933756113,0.2163310647,0.2524034381,0.2124103308,0.526032865,0.6386732459,0.7503654361,0.898625195,1.0453714132,1.2353249788,1.4211493731,1.5828193426,1.5468000174,1.5384645462,1.4469038248,1.3699412346,1.3361897469,1.3284363747,1.2134026289,1.1797515154,1.1437449455,1.0342886448,1.1329563856,1.0924971104,1.2388948202,1.3507449627,1.3848007917,1.2659449577,1.9365311861,1.715339303,2.6708755493]},"mean_error":{"0":0.6749961972},"step_mean_error":{"0":[0.3463346958,0.1027459279,0.1882765144,0.1083981395,0.1221580058,0.1429310292,0.0896433592,0.4202014208,0.49741593,0.59278512,0.7022809982,0.8301249743,0.9623203278,1.1184673309,1.2354496717,1.1783573627,1.1453514099,1.0708105564,0.9975042343,0.947426796,0.8976328373,0.8020624518,0.7836747766,0.750194788,0.6702329516,0.715585053,0.6807234287,0.8089056611,0.791013658,0.8862866759,0.8853518367,1.4645986557,1.3188686371,2.6708755493]},"mean_deviation":{"0":3.4138343334},"step_mean_deviation":{"0":[5.4407114983,1.4970700741,2.6495168209,1.390017271,1.5808068514,1.8184616566,1.0866010189,4.3470082283,4.232925415,4.7319469452,5.0124268532,6.6908955574,7.3717885017,7.4889569283,9.2163887024,8.9099740982,8.3758134842,8.4156627655,7.7256960869,7.7136421204,6.4313130379,5.4064307213,6.3202009201,7.076687336,6.317501545,4.5835018158,5.9120678902,5.7154359818,7.349108696,9.334438324,9.9419002533,16.3368549347,11.8104133606,580.5571899414]},"epoch":{"0":105},"mask_name":{"0":"ally_health"},"map_name":{"0":"5m_vs_6m"}}