{"max_q":{"0":21.565618515},"min_q":{"0":-1.2021414042},"mean_q":{"0":8.025642395},"range_q":{"0":22.7677593231},"step_max_q":{"0":[16.3086853027,19.9432010651,20.6924419403,21.3608627319,21.4649066925,21.565618515,21.1081218719,21.4703941345,21.5200614929,21.3055820465,20.6305027008,20.8709030151,21.0449008942,20.3237991333,20.0163135529,19.694278717,19.0854034424,18.9900836945,18.773765564,18.8335075378,18.5594654083,17.6300373077,17.4429798126,17.6238155365,17.3118228912,17.2138843536,16.6977901459,16.3860111237,16.0491085052,15.2098608017,14.7585954666,13.9211750031,13.3917789459,13.3788070679,13.2901353836,13.4169769287,12.914355278,13.364736557,13.2226409912,12.9504442215,12.6293001175,12.3758087158,12.1225795746,11.80427742,11.4883670807,10.6091470718,10.2505540848,10.2510843277,10.2010688782,9.7347717285,10.335146904,9.7232236862,9.3805932999,9.3085575104,8.7597427368,8.4564285278,8.2537879944,7.7193284035,7.8309636116,7.5374679565,7.3245420456,7.7995877266,7.3814172745,7.0650486946,6.729598999,6.9107279778,6.9813275337,6.1634340286,6.1393780708,6.1697883606,5.8793034554,6.122739315,6.1060361862,5.8491234779,6.0398702621,6.248857975,5.9550156593,6.3947162628,5.3346147537,5.3034353256,5.2863955498,4.8553967476,4.9765415192,5.2163863182,4.842238903,4.5532283783,4.6519355774,4.778263092,4.9526882172,4.4802527428,4.4809088707,4.0377326012,4.1629109383,3.759727478,3.7615580559,3.7162394524,3.6272835732,4.1989569664,4.1723108292,3.3945217133,3.4608421326,3.3494253159,2.8160259724,2.779050827,2.6786189079,2.948153019,2.9144897461,2.8419203758,2.8833332062,2.8412871361,2.8594269753,2.8433904648,2.8366961479,2.8299512863,2.8247642517,2.7565002441,2.8147902489,2.8038778305,2.7393016815,2.7926075459,2.751306057,2.7773218155,2.7667133808,2.7029695511,2.7586634159,2.0089867115,1.9547375441,2.0138721466,1.9967302084,1.9634994268,1.9873049259,1.9762239456,2.0395948887,1.9335371256,1.880833149,1.8498295546,1.8301490545,1.816422224,1.8061523438,1.7980074883,1.7912123203,1.8898795843,1.8887212276,1.8855187893]},"step_min_q":{"0":[11.0703430176,10.888504982,10.6995172501,10.5444841385,10.3579759598,10.0076723099,10.4464502335,10.1910295486,9.7922010422,9.0966825485,8.7438383102,8.4348239899,8.1294431686,7.6066393852,6.4010357857,6.21626091,5.9554433823,5.8802347183,5.6860632896,5.3364129066,5.0131077766,4.7184152603,3.4519896507,3.3481292725,3.0840377808,2.9982862473,2.1131243706,1.8367580175,0.0,0.0,0.0,0.0,0.0,0.0,0.0,0.0,0.0,0.0,0.0,0.0,-0.0896515846,-0.1212573051,-0.7684000731,-1.2021414042,-0.4603835344,-0.7495236397,-1.1787501574,-0.4241446257,-0.8605532646,-1.1438810825,-0.7387055159,-0.930591464,-1.0970486403,-0.5161105394,-0.947171092,-0.1690535545,-0.4669730663,-0.9240108728,-0.1719330549,-0.4254611731,-0.4937437773,-0.1601891518,-0.3152656555,-0.4901601076,-0.1338735223,-0.2823691368,-0.4541194439,-0.0901507139,-0.2353105545,-0.4084452391,-0.039439261,0.0,0.0,0.0,0.0,0.0,0.0,0.0,0.0,0.0,0.0,0.0,0.0,0.0,0.0,0.0,0.0,0.0,0.0,0.0,0.0,0.0,0.0,0.0,0.0,0.0,0.0,0.0,0.0,0.0,0.0,0.0,0.0,0.0,0.0,0.0,0.0,0.0,0.0,0.0,0.0,0.0,0.0,0.0,0.0,0.0,0.0,0.0,0.0,0.0,0.0,0.0,0.0,0.0,0.0,0.0,0.0,0.0,0.0,0.0,0.0,0.0,0.0,0.0,0.0,0.0,0.0,0.0,0.0,0.0,0.0,0.0,0.0,0.0]},"step_mean_q":{"0":[13.6943855286,13.7206926346,13.6147699356,13.728178978,13.7334938049,13.6927623749,13.6208639145,13.5198497772,13.3856458664,13.2269182205,13.0520906448,12.8654098511,12.6358642578,12.3928413391,12.1408891678,11.89037323,11.621339798,11.3515987396,11.0796384811,10.8078222275,10.5345802307,10.2408733368,9.9603624344,9.6739654541,9.3964805603,9.1056632996,8.8089733124,8.5369405746,8.2719144821,8.0163412094,7.7737169266,7.5383858681,7.312271595,7.0969314575,6.8888816833,6.6836509705,6.4718093872,6.2762842178,6.0860052109,5.8923707008,5.7077822685,5.535554409,5.3657288551,5.2018499374,5.0501179695,4.9155817032,4.7848587036,4.6502690315,4.5259480476,4.4149975777,4.2982544899,4.1735200882,4.0724806786,3.9635505676,3.8641536236,3.7815077305,3.7022788525,3.5980563164,3.4942159653,3.3996660709,3.3163383007,3.2176845074,3.1326646805,3.0336368084,2.9490745068,2.8619749546,2.7760288715,2.6908526421,2.6208865643,2.5612716675,2.5142314434,2.4871361256,2.4425256252,2.3923003674,2.3539340496,2.3222885132,2.2997436523,2.2491154671,2.2312784195,2.1895542145,2.1348245144,2.0882337093,2.0505144596,2.0405225754,1.9963049889,1.9901897907,1.9821265936,1.9583226442,1.9487352371,1.9326056242,1.9510668516,1.9335234165,1.9014384747,1.8811326027,1.8827447891,1.8775655031,1.8537697792,1.8615877628,1.8259890079,1.7855290174,1.7706154585,1.7744719982,1.7221996784,1.7384085655,1.7165416479,1.7118362188,1.7446422577,1.7565848827,1.8121904135,1.7293213606,1.7257193327,1.8451058865,1.8257977962,1.8569530249,1.8224362135,1.945022583,1.8792699575,2.0664515495,2.0645742416,2.1091797352,2.1003069878,2.1575162411,2.1606578827,2.1814353466,2.1816782951,1.7932765484,1.8481456041,1.7666780949,1.8247935772,1.7943320274,1.8055195808,1.799451232,1.8143241405,1.750957489,1.733169198,1.6948029995,1.7442011833,1.6988632679,1.6967383623,1.6622868776,1.7178416252,1.8898795843,1.8887212276,1.8855187893]},"episodes_still_running":{"0":[4096.0,4096.0,4096.0,4096.0,4096.0,4096.0,4096.0,4096.0,4096.0,4096.0,4096.0,4096.0,4096.0,4096.0,4096.0,4096.0,4096.0,4096.0,4096.0,4096.0,4096.0,4096.0,4096.0,4096.0,4096.0,4096.0,4096.0,4096.0,4095.0,4093.0,4093.0,4093.0,4093.0,4091.0,4091.0,4089.0,4086.0,4082.0,4074.0,4065.0,4059.0,4046.0,4029.0,4015.0,3993.0,3955.0,3915.0,3873.0,3812.0,3747.0,3677.0,3582.0,3477.0,3378.0,3237.0,3076.0,2949.0,2790.0,2644.0,2499.0,2339.0,2177.0,2007.0,1846.0,1690.0,1567.0,1445.0,1312.0,1187.0,1074.0,982.0,882.0,806.0,736.0,671.0,616.0,545.0,487.0,428.0,391.0,341.0,307.0,277.0,242.0,219.0,197.0,181.0,170.0,146.0,130.0,116.0,103.0,95.0,86.0,83.0,75.0,66.0,63.0,55.0,51.0,46.0,39.0,32.0,30.0,28.0,25.0,22.0,20.0,19.0,18.0,18.0,15.0,15.0,12.0,12.0,11.0,9.0,8.0,8.0,7.0,7.0,7.0,6.0,5.0,5.0,4.0,4.0,4.0,4.0,4.0,4.0,4.0,4.0,3.0,3.0,2.0,2.0,2.0,2.0,2.0,2.0,1.0,1.0,1.0]},"step_range_q":{"0":[5.2383422852,9.0546960831,9.9929246902,10.8163785934,11.1069307327,11.5579462051,10.6616716385,11.2793645859,11.7278604507,12.208899498,11.8866643906,12.4360790253,12.9154577255,12.7171592712,13.615278244,13.478017807,13.1299600601,13.1098489761,13.0877017975,13.497095108,13.5463581085,12.9116220474,13.9909896851,14.275686264,14.2277851105,14.2155981064,14.5846652985,14.5492534637,16.0491085052,15.2098608017,14.7585954666,13.9211750031,13.3917789459,13.3788070679,13.2901353836,13.4169769287,12.914355278,13.364736557,13.2226409912,12.9504442215,12.718952179,12.4970664978,12.8909797668,13.0064191818,11.9487504959,11.3586711884,11.4293041229,10.6752290726,11.0616226196,10.8786525726,11.0738525391,10.6538152695,10.4776420593,9.8246679306,9.7069139481,8.6254825592,8.7207612991,8.6433391571,8.0028963089,7.9629292488,7.8182859421,7.9597768784,7.69668293,7.555208683,6.8634724617,7.1930971146,7.4354467392,6.2535848618,6.3746886253,6.5782337189,5.9187426567,6.122739315,6.1060361862,5.8491234779,6.0398702621,6.248857975,5.9550156593,6.3947162628,5.3346147537,5.3034353256,5.2863955498,4.8553967476,4.9765415192,5.2163863182,4.842238903,4.5532283783,4.6519355774,4.778263092,4.9526882172,4.4802527428,4.4809088707,4.0377326012,4.1629109383,3.759727478,3.7615580559,3.7162394524,3.6272835732,4.1989569664,4.1723108292,3.3945217133,3.4608421326,3.3494253159,2.8160259724,2.779050827,2.6786189079,2.948153019,2.9144897461,2.8419203758,2.8833332062,2.8412871361,2.8594269753,2.8433904648,2.8366961479,2.8299512863,2.8247642517,2.7565002441,2.8147902489,2.8038778305,2.7393016815,2.7926075459,2.751306057,2.7773218155,2.7667133808,2.7029695511,2.7586634159,2.0089867115,1.9547375441,2.0138721466,1.9967302084,1.9634994268,1.9873049259,1.9762239456,2.0395948887,1.9335371256,1.880833149,1.8498295546,1.8301490545,1.816422224,1.8061523438,1.7980074883,1.7912123203,1.8898795843,1.8887212276,1.8855187893]},"mean_loss:":{"0":2.1359331608},"rmse":{"0":1.4614832401},