{"max_q":{"0":25.1844940186},"min_q":{"0":-1.3132134676},"mean_q":{"0":5.2236595154},"range_q":{"0":26.4977073669},"step_max_q":{"0":[17.0503425598,18.7421989441,18.2712001801,18.5876331329,23.2427101135,19.217628479,20.1456985474,20.339012146,22.6225128174,22.3203468323,20.796163559,23.1590633392,19.3048915863,21.7272701263,20.6031513214,21.5960006714,21.2811031342,20.0234794617,18.7463760376,19.2932033539,25.1844940186,18.9938182831,23.5192375183,18.4325447083,21.0080051422,16.8433513641,22.2672233582,22.4348697662,16.634355545,18.819196701,16.192647934,17.4931697845,16.9143066406,16.2293434143,16.5201854706,17.7653827667,16.6622200012,16.8536567688,16.705915451,13.1316738129,13.1621456146,11.2286682129,11.8714437485,11.2042350769,10.407456398,10.2748165131,10.019692421,8.9912338257,9.8902997971,10.2408971786,9.8398790359,10.2964410782,9.6677455902,7.5835981369,8.0276699066,9.2269849777,7.7076015472,9.4883337021,10.2462654114,10.042014122,6.4180727005,6.4770412445,6.4350700378,7.245308876,7.287127018,5.630396843,6.936296463,6.500026226,6.523308754,5.1868610382,5.3762435913,5.2323775291,6.4549250603,4.9159417152,4.9151349068,4.9138064384,4.9085235596,4.8987617493,4.8861217499,4.6881771088,3.6962039471,3.6391062737,3.6259553432,4.5195651054,5.434694767,5.5566067696,5.623000145,5.7177891731,5.9766216278,0.3561532497,0.3113263845,0.2464331388,0.134499222,0.1242601648,0.0,0.0,0.0,0.0]},"step_min_q":{"0":[2.4116840363,2.3540389538,0.0,-0.4743809998,-0.6728745103,-0.3268853128,-0.2099759877,-0.2578843236,-0.2516672015,-0.2833981812,-0.5074970126,-0.3003639877,-0.2929531038,-0.325684458,-0.4150711298,-0.3775319159,-0.4049379528,-0.3804858029,-0.3484449983,-0.6806856394,-0.6623637676,-0.6436794996,-0.6331883669,-0.625628829,-0.7526817918,-0.6280614138,-0.724971652,-0.4408761561,-0.5296461582,-0.7603672743,-0.6124271154,-0.5111303329,-0.7389222383,-0.530310452,-0.6737638116,-0.7253783941,-0.7671740055,-0.7883499861,-0.8032326102,-0.8138577938,-0.8395216465,-1.0461611748,-0.9415194392,-0.7501645088,-0.6843448877,-0.7014679909,-0.7447068691,-0.7415488958,-0.6145180464,-0.5137797594,-0.6688334942,-0.4992920458,-0.8031875491,-0.8325634599,-0.9379691482,-0.552726984,-0.6665645838,-0.6638072133,-0.5590123534,-0.3943156302,-0.6500926614,-0.727633357,-0.7443189621,-0.7535872459,-1.1568109989,-1.2493348122,-1.2858355045,-1.3052800894,-1.3132134676,-0.6560733318,-1.0349283218,-0.6888309717,-0.2411770225,-0.1540123671,-0.1512938738,-0.1441878676,-0.1901565194,-0.1292192936,-0.0807345808,0.0,0.0,-0.103494823,0.0,-0.0600575283,-0.102595605,-0.1303063035,-0.0811118111,-0.356370151,-0.3367791474,-0.3103603125,-0.2255827636,-0.30793944,-0.2116513848,0.0,-0.0343059748,-0.1139828488,-0.2934385538,-0.2670823634]},"step_mean_q":{"0":[9.0722894669,9.2348661423,9.1657686234,9.1012954712,8.9872341156,8.8338575363,8.7251195908,8.5567436218,8.4027109146,8.1773471832,7.9072179794,7.619533062,7.2887353897,6.9070372581,6.5382528305,6.1114449501,5.7105312347,5.301179409,4.8886380196,4.4937338829,4.1154966354,3.7316949368,3.3412795067,3.0048394203,2.7052397728,2.4263081551,2.2473328114,2.0996944904,1.9625787735,1.8638466597,1.7439073324,1.6741025448,1.6134128571,1.5605387688,1.4963055849,1.4626911879,1.4150825739,1.3773292303,1.3308795691,1.3005627394,1.278631568,1.261433363,1.2306542397,1.1737658978,1.1521180868,1.1911967993,1.1430512667,1.0962743759,1.1294119358,1.187702179,1.1840533018,1.2042623758,1.1710691452,1.1338649988,1.1812726259,1.1570942402,1.2055553198,1.1470241547,1.1862944365,1.1880313158,1.1403268576,1.2180261612,1.1676692963,1.177292347,1.1894203424,1.1987309456,1.2405304909,1.1890975237,1.2790434361,1.2007316351,1.158151269,1.3745803833,1.5549184084,1.3609337807,1.4841337204,1.5480844975,1.4146596193,1.4228056669,1.8077603579,1.5182298422,1.1591163874,1.2063381672,1.0753901005,1.1446607113,1.4512666464,1.400510788,1.3495932817,1.5025736094,1.4914321899,-0.0393676162,0.0428718105,-0.0307531506,-0.0385760814,0.1242601648,-0.0343059748,-0.1139828488,-0.2934385538,-0.2670823634]},"episodes_still_running":{"0":[4096.0,4096.0,4093.0,4084.0,4080.0,4077.0,4068.0,4065.0,4062.0,4053.0,4042.0,4039.0,4027.0,4014.0,3989.0,3952.0,3903.0,3851.0,3805.0,3754.0,3678.0,3611.0,3533.0,3439.0,3318.0,3208.0,3080.0,2946.0,2784.0,2641.0,2484.0,2336.0,2183.0,2035.0,1890.0,1736.0,1604.0,1482.0,1360.0,1231.0,1123.0,1015.0,907.0,825.0,761.0,687.0,628.0,568.0,504.0,449.0,404.0,352.0,309.0,275.0,243.0,214.0,193.0,169.0,152.0,134.0,122.0,107.0,100.0,88.0,82.0,72.0,67.0,58.0,51.0,40.0,38.0,33.0,29.0,25.0,21.0,19.0,19.0,17.0,12.0,10.0,9.0,7.0,7.0,7.0,6.0,6.0,6.0,4.0,4.0,3.0,2.0,2.0,2.0,1.0,1.0,1.0,1.0,1.0]},"step_range_q":{"0":[14.6386585236,16.3881607056,18.2712001801,19.0620136261,23.9155845642,19.5445137024,20.3556747437,20.5968971252,22.8741798401,22.6037445068,21.3036613464,23.4594268799,19.5978450775,22.0529537201,21.0182228088,21.973531723,21.6860408783,20.4039649963,19.0948219299,19.9738883972,25.8468570709,19.6374969482,24.152425766,19.0581741333,21.7606868744,17.4714126587,22.9921951294,22.8757457733,17.1640014648,19.5795631409,16.8050746918,18.0042991638,17.6532287598,16.7596530914,17.1939487457,18.4907608032,17.4293937683,17.6420059204,17.509147644,13.9455318451,14.0016670227,12.2748298645,12.8129634857,11.9543991089,11.0918016434,10.9762840271,10.7643995285,9.7327823639,10.5048179626,10.7546768188,10.5087127686,10.7957334518,10.4709329605,8.4161615372,8.9656391144,9.7797117233,8.3741664886,10.1521406174,10.8052778244,10.4363298416,7.0681653023,7.2046747208,7.1793889999,7.998896122,8.4439382553,6.8797316551,8.2221317291,7.8053064346,7.8365221024,5.8429346085,6.4111719131,5.9212083817,6.6961021423,5.0699539185,5.0664286613,5.0579943657,5.0986800194,5.0279808044,4.9668564796,4.6881771088,3.6962039471,3.7426011562,3.6259553432,4.5796227455,5.5372905731,5.6869130135,5.7041120529,6.0741591454,6.3134007454,0.6665135622,0.536909163,0.5543725491,0.3461506069,0.1242601648,0.0343059748,0.1139828488,0.2934385538,0.2670823634]},"mean_loss:":{"0":1.1124233007},"rmse":{"0":1.0547147989},"step_rmse":{"0":[1.2312891483,1.2285810709,1.2712576389,1.2145441771,1.20370996,1.2168442011,1.1818603277,1.1989876032,1.1608040333,1.1536732912,1.1720095873,1.1846956015,1.1754876375,1.1807079315,1.197349906,1.1577695608,1.1570670605,1.1497256756,1.0703971386,1.0921016932,1.0933545828,1.0755095482,1.0091327429,0.9766780734,0.958365202,0.9242574573,0.9404725432,0.8887169361,0.8731451631,0.8567088246,0.8594522476,0.799048543,0.7920610905,0.7738659978,0.7963562012,0.7717203498,0.7080782056,0.7071744204,0.7427862287,0.6859138012,0.6809218526,0.6307066083,0.6274882555,0.6304432154,0.5997769237,0.6401487589,0.628562212,0.578066051,0.5995960236,0.6041870713,0.6749614477,0.6728492975,0.6066609621,0.5781903863,0.5976902843,0.6546628475,0.6967437267,0.6441840529,0.5982213616,0.5908175111,0.5959604383,0.547362268,0.5872498751,0.5314592123,0.6259433031,0.6633400917,0.6450589895,0.6824789643,0.664860785,0.7747617364,0.7233400345,0.9563792944,0.6542842388,0.4527108073,0.6192773581,0.7023972869,0.5909065008,0.60524261,0.4523638487,0.5901134014,0.431025058,0.479662776,0.3831171393,0.3567792475,0.2794937491,0.2634993196,0.367929697,0.7729634047,0.6096258163,0.4765864015,0.2487120032,0.2928926349,0.2830689251,0.3343134224,0.3026208282,0.3305847049,0.1507626772,0.2769767344]},"rmse_by_q":{"0":20.1911087036},