{"max_q":{"0":14.8693981171},"min_q":{"0":-0.3174610138},"mean_q":{"0":7.0200095177},"range_q":{"0":15.1868591309},"step_max_q":{"0":[14.1606330872,14.6751012802,14.8693981171,14.7365446091,14.651175499,14.3466005325,14.7057237625,14.8558006287,13.8372001648,14.0209465027,13.6463451385,13.1545600891,13.511838913,13.1715145111,12.9931879044,12.6005821228,12.4303722382,12.1046857834,11.7657833099,11.0783519745,11.0719823837,10.2609472275,10.1496505737,9.5714263916,9.3553857803,9.16127491,8.6565952301,8.1720466614,7.8295197487,7.4855737686,7.050868988,7.1196913719,6.67765522,6.3830289841,6.1418828964,5.7047166824,5.3973712921,5.3170890808,5.1632027626,5.0484323502,4.4880447388,4.5659618378,4.336769104,4.3303732872,4.0277552605,3.7845158577,3.8021221161,3.8873662949,3.606600523,3.7051596642,3.5568795204,3.7914128304,3.7549619675,3.6579699516,3.1246521473,3.1981549263,3.017002821,2.9112536907,2.7117538452]},"step_min_q":{"0":[10.8001861572,10.5012340546,9.8495731354,9.9120597839,8.9011039734,8.5480642319,7.8257951736,7.4955348969,6.0264554024,6.1979413033,5.4078917503,4.7668104172,3.6208443642,2.8673472404,2.431240797,1.9454562664,2.0382847786,1.8071007729,1.7728011608,1.5309319496,1.3536794186,0.962245822,0.8018070459,0.7084338665,0.2736643553,0.2371221781,0.0,-0.0385078192,0.0,0.0,-0.0919406414,-0.1404356956,-0.1113642454,-0.3143965006,-0.1422293186,-0.2162925005,-0.2725478411,-0.1654098034,-0.1505768299,-0.1975785494,-0.3174610138,-0.1796497107,-0.1492395401,-0.2285030484,-0.2495111227,-0.2269561291,-0.1481016874,-0.2071278095,-0.125248313,-0.0766146183,-0.1331275702,0.0,0.0,0.0,0.0,0.0,0.0,0.0,0.0]},"step_mean_q":{"0":[13.2155952454,13.3689517975,13.3445768356,13.1422863007,13.0542516708,12.6816558838,12.4723987579,12.0538244247,11.6701087952,11.4294567108,10.980255127,10.701877594,10.2524433136,9.9064006805,9.4627227783,9.025812149,8.6063671112,8.2089080811,7.7889404297,7.3708238602,6.9579863548,6.5384259224,6.126499176,5.7230191231,5.3394856453,4.9878921509,4.6579165459,4.3238606453,4.0386214256,3.7706205845,3.5247261524,3.2909500599,3.1125736237,2.9238054752,2.7759330273,2.639755249,2.5261354446,2.4524066448,2.3609621525,2.331628561,2.2767100334,2.2660021782,2.2883198261,2.272765398,2.2987425327,2.2847073078,2.2545185089,2.2407467365,2.1221113205,2.0250456333,2.0169863701,2.0374214649,1.8672481775,1.9434684515,1.5466752052,1.5426651239,1.1648509502,1.691120863,1.7705153227]},"episodes_still_running":{"0":[4096.0,4096.0,4096.0,4096.0,4096.0,4096.0,4096.0,4096.0,4096.0,4096.0,4096.0,4096.0,4096.0,4096.0,4096.0,4096.0,4096.0,4096.0,4096.0,4096.0,4096.0,4096.0,4096.0,4096.0,4096.0,4096.0,4092.0,4092.0,4080.0,4060.0,4024.0,3992.0,3944.0,3880.0,3800.0,3712.0,3604.0,3476.0,3392.0,3244.0,3104.0,2908.0,2648.0,2352.0,2032.0,1668.0,1312.0,1036.0,740.0,524.0,372.0,248.0,172.0,108.0,72.0,48.0,28.0,20.0,8.0]},"step_range_q":{"0":[3.3604469299,4.1738672256,5.0198249817,4.8244848251,5.7500715256,5.7985363007,6.8799285889,7.3602657318,7.8107447624,7.8230051994,8.2384529114,8.3877496719,9.8909950256,10.3041667938,10.5619468689,10.655125618,10.3920879364,10.2975845337,9.9929819107,9.5474205017,9.7183027267,9.2987012863,9.3478431702,8.8629922867,9.0817213058,8.9241523743,8.6565952301,8.2105541229,7.8295197487,7.4855737686,7.1428098679,7.2601270676,6.7890195847,6.6974253654,6.2841119766,5.9210090637,5.669919014,5.4824991226,5.3137798309,5.2460107803,4.8055057526,4.7456116676,4.4860086441,4.5588765144,4.2772665024,4.0114717484,3.9502239227,4.094493866,3.7318487167,3.7817742825,3.6900072098,3.7914128304,3.7549619675,3.6579699516,3.1246521473,3.1981549263,3.017002821,2.9112536907,2.7117538452]},"mean_loss:":{"0":0.2507885396},"rmse":{"0":0.5007879138},"step_rmse":{"0":[0.3332321346,0.2972543836,0.3310293555,0.3576768339,0.3930682838,0.4662616551,0.5143839717,0.5854873657,0.602119565,0.6743475795,0.6753418446,0.6764162779,0.6757448912,0.6603175998,0.6272618771,0.6241556406,0.5981282592,0.5802370906,0.5829601884,0.5799600482,0.5720613599,0.5263512731,0.5405788422,0.55240345,0.5293466449,0.5456072092,0.540174067,0.5289148688,0.4769739211,0.4796098471,0.4616096616,0.4364652932,0.4171141982,0.4038567841,0.4194388092,0.4022644758,0.3731538057,0.3634424806,0.3271153271,0.3344106078,0.3212287724,0.3316414356,0.3214415908,0.3142897189,0.329564333,0.3198450506,0.3863917887,0.3608199358,0.3666886091,0.4060570598,0.3481996953,0.4083175361,0.3493126631,0.401514709,0.4723579288,0.5231301785,0.2150664181,0.3163692653,0.3228256404]},"mean_error":{"0":0.3584521711},"step_mean_error":{"0":[0.2410183251,0.2092464864,0.2248875052,0.2442072332,0.2868776321,0.3439749479,0.3934400082,0.438587904,0.4520172775,0.514529109,0.5062980652,0.5106975436,0.5106714368,0.4986675978,0.4761244655,0.4701686203,0.4560303092,0.4463323653,0.4437927306,0.4373975992,0.4298828244,0.3990292251,0.4028743505,0.4123192728,0.4043055475,0.4064743519,0.3984471262,0.3847929537,0.3472177088,0.3483290672,0.3332534134,0.3123933673,0.2978720665,0.2870183885,0.2842829227,0.2787645161,0.2578007877,0.2540785968,0.2292574048,0.230430916,0.2276401073,0.2336699963,0.2255082577,0.2222740501,0.2335800678,0.2302723229,0.2617615461,0.2659487426,0.2664386034,0.3100465238,0.2693786323,0.3025570512,0.2717194557,0.2711665928,0.3144186735,0.366068691,0.193624258,0.2788892388,0.2854780257]},"mean_deviation":{"0":2.3255667686},"step_mean_deviation":{"0":[5.6764988899,4.1490626335,4.0150532722,4.1279120445,4.3630385399,4.562046051,4.8922762871,5.4892458916,4.931145668,5.6410207748,5.1893720627,4.493663311,4.6982684135,4.6624417305,4.7865490913,4.8533687592,4.3611221313,4.4305620193,4.6183223724,4.5073237419,4.4026246071,4.148604393,4.2452011108,4.4880518913,4.5176644325,4.7892332077,4.7817554474,4.6086344719,4.2975859642,4.3741984367,4.5644850731,4.622844696,4.2770171165,4.5627498627,4.5500779152,4.7925543785,4.6239624023,4.7385182381,4.3404045105,4.4856939316,4.5059366226,5.173687458,4.9794850349,4.9960980415,5.2397184372,5.5000524521,6.6797599792,6.8176774979,6.9382061958,7.9132213593,6.6937098503,7.5572400093,7.0598034859,7.3831892014,7.9797415733,10.1613683701,6.435631752,9.1368608475,11.0779085159]},"epoch":{"0":190},"mask_name":{"0":"enemy_distance"},"map_name":{"0":"6h_vs_8z"}}