{"max_q":{"0":17.1738967896},"min_q":{"0":0.0},"mean_q":{"0":9.6604118347},"range_q":{"0":17.1738967896},"step_max_q":{"0":[15.2153053284,15.47706604,15.7074508667,16.0940513611,16.2747344971,17.1738967896,16.7312545776,16.1738166809,16.2502365112,16.0293464661,15.3750648499,15.1987810135,14.7183799744,14.9836816788,14.4241447449,13.5499601364,13.4641361237,12.823392868,12.445684433,12.1137332916,11.8261852264,11.2701616287,11.0667114258,10.6909065247,10.2316837311,10.0646057129,9.9024610519,9.653752327,9.4632930756,9.1726150513,9.4338293076,9.0082244873,8.6651124954,8.8064460754,8.6125564575,8.0567054749,8.2359523773,7.9237957001,7.9584960938,7.4905457497,7.5687227249,7.0947828293,7.1053600311,7.2205257416,6.9441699982,6.8107190132,6.6676373482,6.5901269913,6.730257988,6.047981739,6.2356109619,6.1304755211,5.9829349518,5.7155942917,5.3964304924,5.5124263763,5.0615358353,5.2136282921,5.1791453362,5.0266342163,4.8051967621,4.8614563942,4.8392086029,4.6388092041,4.5823297501,4.6469044685,4.3669166565,4.3791751862,4.5724015236,4.4116277695,4.2576208115,4.2475261688,4.2656884193,5.0282888412,4.5184383392,4.281036377,4.9663686752,4.2261562347,4.2966256142,3.7870154381,3.9455561638,1.7075212002,1.7443459034,1.739317894,1.7786939144,1.5325243473,1.5397672653,1.5713288784,0.9762691855,0.9968981743,1.0100921392,0.8238708377,1.0156786442]},"step_min_q":{"0":[6.9392294884,7.0745277405,7.4579439163,7.5895762444,7.148223877,6.7706894875,7.1341490746,7.1207914352,6.8283491135,6.5255222321,6.178132534,6.0662584305,6.5616922379,6.3998394012,4.5760998726,4.1304512024,4.3065857887,3.462985754,3.2479586601,2.8695363998,3.3813180923,3.4901609421,4.3006544113,4.2337198257,4.8105945587,2.9636054039,2.956802845,3.2992296219,2.9994454384,2.877240181,1.603241086,1.0072342157,1.0028182268,1.3793666363,1.0745357275,0.0,0.0,0.0,0.0,0.0,0.0,0.0,0.0,0.0,0.0,0.0,0.0,0.0,0.0,0.0,0.0,0.0,0.0,0.0,0.0,0.0,0.0,0.0,0.0,0.0,0.0,0.0,0.0,0.0,0.0,0.0,0.0,0.0,0.0,0.0,0.0,0.0,0.0,0.0,0.0,0.0,0.0,0.0,0.0,0.0,0.0,0.0,0.0,0.0,0.0,0.0,0.0,0.0,0.0,0.0,0.0,0.0,0.0]},"step_mean_q":{"0":[14.7978248596,15.0493917465,15.2849054337,15.5123615265,15.7216129303,15.7820730209,15.5292434692,15.1701507568,14.835105896,14.5056381226,14.1395349503,13.7592964172,13.4884300232,13.0789670944,12.7160949707,12.3598880768,11.9927377701,11.5928077698,11.2150840759,10.8708400726,10.4871034622,10.1143712997,9.8061561584,9.4923658371,9.1802892685,8.9073514938,8.6420269012,8.3586778641,8.1124897003,7.8543009758,7.5851325989,7.3323578835,7.088561058,6.8110370636,6.5589127541,6.3282060623,6.0521173477,5.8113384247,5.5874266624,5.354347229,5.1392230988,4.9576497078,4.8010168076,4.6970515251,4.5888223648,4.5380368233,4.4771747589,4.4176278114,4.3690838814,4.3156962395,4.2927184105,4.2500224113,4.1720314026,4.1162209511,4.0587415695,4.0099244118,3.9340183735,3.8542876244,3.8243443966,3.7929534912,3.7139840126,3.663785696,3.5644044876,3.4474966526,3.3656506538,3.248026371,3.1625750065,3.0623414516,2.9844245911,2.7612969875,2.6048059464,2.8846516609,2.7392466068,2.7986211777,2.4346380234,2.4808645248,2.2560861111,2.2250623703,2.1401638985,2.0684370995,2.0564939976,1.5272541046,1.4433946609,1.3283047676,1.3758449554,1.2979652882,1.323179245,1.261274457,0.9762691855,0.9968981743,1.0100921392,0.8238708377,1.0156786442]},"episodes_still_running":{"0":[4096.0,4096.0,4096.0,4096.0,4096.0,4096.0,4096.0,4096.0,4096.0,4096.0,4096.0,4096.0,4096.0,4096.0,4096.0,4096.0,4096.0,4096.0,4096.0,4096.0,4096.0,4096.0,4096.0,4096.0,4096.0,4096.0,4096.0,4096.0,4096.0,4096.0,4096.0,4096.0,4096.0,4096.0,4096.0,4088.0,4084.0,4072.0,4048.0,4012.0,3940.0,3820.0,3608.0,3276.0,2948.0,2556.0,2244.0,1920.0,1672.0,1452.0,1252.0,1080.0,944.0,820.0,724.0,612.0,544.0,484.0,412.0,352.0,332.0,292.0,244.0,204.0,168.0,148.0,132.0,112.0,88.0,72.0,64.0,52.0,52.0,48.0,36.0,32.0,28.0,24.0,20.0,20.0,20.0,16.0,16.0,12.0,12.0,12.0,8.0,8.0,4.0,4.0,4.0,4.0,4.0]},"step_range_q":{"0":[8.2760753632,8.4025382996,8.2495069504,8.5044746399,9.1265106201,10.4032077789,9.5971050262,9.0530252457,9.4218873978,9.503824234,9.196931839,9.132522583,8.1566877365,8.5838422775,9.8480453491,9.419508934,9.1575508118,9.3604068756,9.197725296,9.2441968918,8.4448671341,7.7800006866,6.7660570145,6.4571866989,5.4210891724,7.101000309,6.9456582069,6.3545227051,6.4638476372,6.2953748703,7.8305883408,8.0009899139,7.6622943878,7.4270792007,7.5380206108,8.0567054749,8.2359523773,7.9237957001,7.9584960938,7.4905457497,7.5687227249,7.0947828293,7.1053600311,7.2205257416,6.9441699982,6.8107190132,6.6676373482,6.5901269913,6.730257988,6.047981739,6.2356109619,6.1304755211,5.9829349518,5.7155942917,5.3964304924,5.5124263763,5.0615358353,5.2136282921,5.1791453362,5.0266342163,4.8051967621,4.8614563942,4.8392086029,4.6388092041,4.5823297501,4.6469044685,4.3669166565,4.3791751862,4.5724015236,4.4116277695,4.2576208115,4.2475261688,4.2656884193,5.0282888412,4.5184383392,4.281036377,4.9663686752,4.2261562347,4.2966256142,3.7870154381,3.9455561638,1.7075212002,1.7443459034,1.739317894,1.7786939144,1.5325243473,1.5397672653,1.5713288784,0.9762691855,0.9968981743,1.0100921392,0.8238708377,1.0156786442]},"mean_loss:":{"0":0.1152349487},"rmse":{"0":0.3394627273},"step_rmse":{"0":[0.1165437847,0.0974227563,0.0936846137,0.1259605289,0.157392472,0.2000562996,0.2175810933,0.2411382496,0.2552036345,0.2517411113,0.2538537085,0.2716778219,0.2856858075,0.3294560015,0.3462055326,0.3580596745,0.3426983058,0.3436006904,0.3305515349,0.3384230137,0.3328146935,0.3715540171,0.3640019298,0.3368180394,0.359572649,0.3835344613,0.3633612394,0.3748075962,0.3776275516,0.380097717,0.346477896,0.3534887135,0.3467334211,0.3744189739,0.3827669621,0.3763623536,0.3769322634,0.3895453811,0.3633074462,0.3804900646,0.3908178508,0.3966638744,0.3877494335,0.3898106217,0.3931290507,0.4143047631,0.3898164928,0.3841534257,0.3975765109,0.4037327766,0.3939694464,0.3648851812,0.4086380899,0.4005901217,0.465221256,0.4307431579,0.4431609809,0.4477780461,0.5512872934,0.5608669519,0.5950316787,0.6042611003,0.618694365,0.7157956362,0.4572939873,0.4718513787,0.5974540114,0.4499014914,0.4422440231,0.4162792861,0.5244525075,0.486964047,0.7334471345,0.9164242744,0.7889472842,0.6577664018,1.1065248251,0.6102706194,0.8834709525,0.6170578599,0.7203410268,0.6382588148,0.6662135124,0.6829987168,0.5537927151,0.6902618408,0.7778189778,0.6909583211,0.082647264,0.0767862797,0.6297713518,0.1201543212,0.8311398029]},"mean_error":{"0":0.2302973866},"step_mean_error":{"0":[0.0790421665,0.0552770868,0.0522230789,0.0773209184,0.0962681547,0.1333616376,0.1505071223,0.1688630283,0.1749156862,0.1804022938,0.1822930276,0.1894906163,0.1971016228,0.2145451754,0.2214534879,0.2294028848,0.2232326865,0.2222553194,0.2277604342,0.2245686799,0.2317552119,0.2409347892,0.2447284907,0.2351295352,0.2402475774,0.2620167434,0.2532978356,0.2607025504,0.2665492892,0.2742599249,0.2627809346,0.2696125805,0.2667509317,0.2814411521,0.2810851932,0.289424628,0.2870508432,0.2872875631,0.2775129974,0.2824450731,0.2815657556,0.2844104171,0.2833247185,0.2827667594,0.2804902792,0.2922475934,0.2873452604,0.2807694674,0.2787835002,0.2821664512,0.2880209982,0.2739900947,0.3024938405,0.2971342206,0.3433898985,0.3296216726,0.3246425092,0.3326508701,0.3910917938,0.3793174624,0.4034479558,0.4157552719,0.4059734046,0.4757552147,0.34474805,0.3567234576,0.4374357164,0.3303329051,0.3481521606,0.3613776863,0.3846169114,0.3793009222,0.5922840238,0.7163653374,0.6527736783,0.5239018202,0.8574380279,0.5431764722,0.8254033923,0.6033400893,0.6516088843,0.603458643,0.5815024972,0.6002164483,0.5162169337,0.6247096062,0.67528826,0.5219688416,0.082647264,0.0767862797,0.6297713518,0.1201543212,0.8311398029]},"mean_deviation":{"0":1.3170951605},