{"max_q":{"0":20.8154010773},"min_q":{"0":-1.0855414867},"mean_q":{"0":6.7559890747},"range_q":{"0":21.9009418488},"step_max_q":{"0":[10.3163318634,10.4344911575,10.5568723679,10.9723587036,11.0716514587,11.5272102356,11.9998111725,12.0710439682,15.1342525482,15.3245019913,16.4933433533,16.9153957367,16.4202919006,17.5403747559,17.8662662506,16.4505310059,15.0666866302,20.8154010773,16.0285606384,17.3302001953,13.9072217941,14.3293781281,13.7847566605,13.6175031662,11.4593858719,13.7432909012,14.6523065567,12.7106189728,13.3031730652,14.2381153107,8.0827484131,5.5460472107,2.1693813801,1.8907254934]},"step_min_q":{"0":[7.4976859093,7.6107897758,7.6646060944,7.7417535782,6.99741745,7.0097179413,7.1230802536,6.0706043243,5.9241247177,5.1874575615,3.5244913101,3.0481233597,2.6621587276,2.4607162476,1.6068511009,1.3886944056,0.1424597502,0.5038449764,-0.8076334,-0.5605397224,-1.0855414867,-0.7614539862,-0.5864755511,-0.6260716319,-1.0611081123,-0.8235836029,-0.5830042362,-0.9053909183,-0.5764039755,-0.7344676852,-0.3837698102,-0.6439124346,-0.0829708278,-0.2970889211]},"step_mean_q":{"0":[9.064409256,9.1841621399,9.2892932892,9.6251125336,9.7616672516,10.1417121887,10.2849712372,9.516418457,9.2919082642,8.7511291504,8.2290945053,7.972972393,7.4650096893,7.1604104042,6.4922885895,6.1408729553,5.44581604,5.0242767334,4.3886213303,3.9171383381,3.6182508469,3.3118987083,3.2712771893,3.051892519,3.1543321609,3.537961483,3.8469438553,3.8193135262,3.041506052,2.6887779236,2.0720624924,1.6492612362,1.0182235241,0.7968182564]},"episodes_still_running":{"0":[4096.0,4096.0,4096.0,4096.0,4096.0,4096.0,4096.0,4096.0,4096.0,4096.0,4096.0,4096.0,4096.0,4096.0,4096.0,4096.0,4096.0,4096.0,4096.0,4092.0,4048.0,3944.0,3804.0,3524.0,3236.0,2604.0,2100.0,1544.0,956.0,500.0,208.0,52.0,16.0,8.0]},"step_range_q":{"0":[2.8186459541,2.8237013817,2.8922662735,3.2306051254,4.0742340088,4.5174922943,4.8767309189,6.0004396439,9.2101278305,10.1370449066,12.9688520432,13.867272377,13.7581329346,15.0796585083,16.2594146729,15.0618362427,14.9242267609,20.3115558624,16.8361930847,17.8907394409,14.9927635193,15.0908317566,14.3712320328,14.2435750961,12.5204944611,14.5668745041,15.2353105545,13.6160097122,13.879576683,14.9725828171,8.4665184021,6.1899595261,2.2523522377,2.1878144741]},"mean_loss:":{"0":1.3344841003},"rmse":{"0":1.1551986933},"step_rmse":{"0":[0.262026906,0.2718201876,0.2682519257,0.2864879966,0.1514672041,0.1030169055,0.1631636024,0.486697942,0.6528387666,0.7539764643,1.078594327,1.2828686237,1.6176613569,1.8080127239,1.7769209146,1.70819664,1.6486953497,1.6039319038,1.4036227465,1.375489831,1.2127641439,1.2408649921,1.1580837965,1.1787958145,1.0660586357,1.1992020607,1.3078125715,1.3928227425,1.5083913803,1.5397316217,1.7377022505,1.8656369448,1.6834003925,0.3808228374]},"rmse_by_q":{"0":17.0988826752},"step_rmse_by_q":{"0":[2.8907225132,2.959662199,2.8877537251,2.9764640331,1.5516530275,1.01577425,1.586427331,5.11429739,7.0258846283,8.6157617569,13.1070833206,16.0902175903,21.669916153,25.2501277924,27.3697166443,27.8168373108,30.2745304108,31.9236373901,31.9832267761,35.1146621704,33.5179672241,37.4668769836,35.4015808105,38.6250762939,33.7966499329,33.8952827454,33.9961433411,36.4678840637,49.5935668945,57.2651100159,83.8634109497,113.1195526123,165.3271942139,47.7929344177]},"mean_error":{"0":0.6870395541},"step_mean_error":{"0":[0.1931827664,0.2051883936,0.2103683352,0.2026926577,0.1150054336,0.0762109309,0.1403888613,0.3722326159,0.4829221964,0.5529199243,0.7894377708,0.9309242964,1.1465985775,1.2408565283,1.2220050097,1.2114012241,1.1540225744,1.0804121494,0.9498134255,0.8880158067,0.7813351154,0.7733006477,0.7010667324,0.7120663524,0.6508299708,0.7676215768,0.8674408197,0.9439631104,1.0023750067,1.0347211361,1.2062792778,1.4902304411,1.1176512241,0.3447085321]},"mean_q_deviation":{"0":54.8820915222},"step_mean_q_deviation":{"0":[2.2663071156,2.3494262695,2.3667802811,2.265563488,1.2396264076,0.7860794663,1.3472031355,3.8225207329,5.0766458511,6.2079815865,9.3114328384,11.1544981003,14.476275444,16.1970176697,18.4454460144,19.5073184967,21.394821167,22.5760784149,30.6539306641,47.2770881653,60.0225982666,114.2575378418,77.6195449829,299.0492858887,123.746383667,184.9880523682,145.4123382568,326.3471069336,599.9052124023,929.8517456055,828.5634765625,537.5650634766,82.8577957153,90.5816040039]},"mean_range_deviation":{"0":3.2746698856},"step_mean_range_deviation":{"0":[6.2369375229,6.2979078293,6.4811787605,5.2860250473,2.9758017063,1.7508553267,2.871774435,5.661280632,5.3642926216,3.928961277,6.2850756645,6.626490593,6.6840200424,7.6095571518,7.4767036438,7.8154911995,7.6399364471,7.7758483887,6.8727397919,6.5858044624,6.0139193535,5.8952236176,5.029250145,3.5660412312,5.1330137253,6.3974022865,6.7281117439,7.549697876,8.9445104599,10.8896589279,12.0477800369,17.080324173,28.7912845612,13.724902153]},"epoch":{"0":90},"mask_name":{"0":"nothing"},"map_name":{"0":"5m_vs_6m"}}