{"max_q":{"0":25.9740276337},"min_q":{"0":-1.1678851843},"mean_q":{"0":8.5820503235},"range_q":{"0":27.1419124603},"step_max_q":{"0":[25.7234954834,25.6295928955,25.6180877686,25.8061561584,25.6373176575,25.9740276337,25.953742981,25.4281806946,25.0057239532,24.0913963318,24.3608188629,23.7989025116,23.4175453186,23.6820297241,23.6428413391,22.984375,22.5834655762,21.7673664093,21.6447486877,21.1402931213,21.1559066772,20.5396270752,20.2316322327,20.1946048737,18.9128684998,18.9727249146,18.8144493103,18.1831665039,18.126241684,17.5592556,16.3006210327,16.7112236023,16.2769012451,15.5278129578,15.8492851257,15.819519043,14.5913276672,14.1502323151,13.8919305801,13.4304847717,12.7610559464,12.207110405,12.66056633,12.2768306732,11.7313461304,12.1053533554,11.7092838287,11.5045862198,11.3605690002,10.7400379181,10.3960399628,10.2620258331,10.0341968536,10.3171653748,10.4379281998,10.1028556824,9.6621398926,9.8625049591,9.6972370148,9.758605957,9.5193061829,9.285030365,9.3390197754,9.8232555389,9.871717453,9.6994409561,9.6455345154,9.7029151917,9.3264026642,9.1563243866,9.1935501099,7.6971406937,7.6819720268,7.4364008904,7.2062397003,7.0300555229,7.0382180214,6.8210315704,6.6434316635,6.6314206123,6.5833978653,6.3129329681,6.2665686607,6.5592961311,6.6324572563,6.2108888626,6.1694908142,6.1739239693,5.8337578773,5.8918566704,5.9466896057,5.9974031448,6.0421876907,5.9469642639,6.133661747,6.1535511017,6.2517547607,6.0221467018,5.8558840752,5.8281674385,5.8455290794,5.6496920586,5.7004475594,5.8121204376,5.5684394836,5.6761908531,5.7535700798,5.328066349,5.4341411591,5.497297287,5.0201239586,4.7737312317,4.7882285118,4.4238266945,4.8902025223,5.0461416245,4.955935955,4.9917573929,4.8649353981,4.6604681015,4.6918292046,5.0151119232,3.8544723988,4.3234219551,4.3210954666,3.5949327946,3.0874085426,3.1039938927,3.4504060745,2.9564731121,2.9898867607,3.3759646416,2.8434319496,2.871399641,0.8758407235,1.4368534088,0.7306344509,0.7315664887,0.8319227099,0.7341792583,0.3989043236,0.3736413121,0.4451475143,0.6028633714,0.2709150612,0.33067137,0.3328775167,0.5156257749]},"step_min_q":{"0":[9.3393230438,9.8095874786,8.5759449005,8.9645423889,9.0431346893,8.9055995941,8.3015403748,7.9972791672,7.0374679565,6.8769507408,6.1291618347,5.8728847504,4.8286619186,4.4163103104,4.5174188614,3.9993700981,3.9506878853,2.8498227596,2.6261332035,2.4752569199,2.2168107033,2.2148969173,2.0481295586,1.9521571398,1.7648277283,1.5210123062,1.3785941601,1.327557683,0.7724261284,0.5479195714,0.0,0.0,0.0,0.0,-0.0834062099,0.0,0.0,-0.2449976504,-0.2208810449,-0.5084834695,-0.5939768553,-0.4117836356,-0.4237917662,-0.6647865176,-0.3404347301,-0.4186185598,-0.3682883382,-0.6584765911,-0.6433079839,-0.4397827387,-0.5629370213,-0.760412693,-0.7331535816,-0.6765583754,-0.745831728,-0.6921815276,-0.5556231141,-0.9240036011,-0.5221976638,-0.7974258661,-1.1678851843,-1.1275321245,-1.1253502369,-0.7368322015,-1.0120232105,-0.9591916203,-0.5689322352,-0.8968470693,-0.3460136354,-0.5236133337,-0.5448521376,-0.3891837001,-0.5350991488,-0.433319509,-0.3255404234,-0.2804096341,-0.1694700122,-0.3350962996,-0.4390768409,-0.5345358849,-0.6772195101,-0.2754914165,-0.363776803,-0.3923158646,-0.3697991967,-0.3787246943,-0.1615116894,-0.1189389899,-0.1666600108,-0.0356074348,-0.0544317886,-0.1135219187,-0.1012234539,-0.0474928916,-0.232281208,-0.1575577259,-0.1359191239,-0.093034558,-0.2467422634,-0.4818233848,-0.5196828842,-0.6105178595,-0.1508770287,-0.0814662576,-0.4025474787,-0.3979415894,-0.3954775631,-0.5561205149,-0.6580130458,-0.6611149907,-0.2960154116,-0.2993963063,-0.0807432532,-0.1235652715,-0.0199135244,-0.230379492,-0.3139004111,-0.2387169898,-0.2510864139,-0.3180481195,-0.2288234532,-0.144198671,-0.1374124885,-0.2287333906,0.0,0.0,0.0,-0.0533913374,-0.0033619404,0.0,-0.1615891159,-0.0936932862,0.0,-0.0673919916,-0.0503306165,-0.0195523649,0.0,0.0,0.0,0.0,0.0,0.0,0.0,0.0,0.0,0.0,0.0,0.0]},"step_mean_q":{"0":[14.5551710129,14.6994590759,14.5516033173,14.6208000183,14.6719779968,14.5801486969,14.4617166519,14.39544487,14.2527580261,14.0728979111,13.8585834503,13.6302680969,13.4156036377,13.1507911682,12.8660440445,12.6167678833,12.3578262329,12.0314970016,11.734746933,11.4599609375,11.1638240814,10.8401384354,10.5411863327,10.2445583344,9.9612722397,9.6641511917,9.3854560852,9.1248674393,8.8744459152,8.5989294052,8.3583602905,8.1205177307,7.8823952675,7.6438732147,7.4261288643,7.2171425819,6.9904541969,6.7746610641,6.5675187111,6.3631644249,6.1652703285,5.9794206619,5.8010225296,5.6402745247,5.4833683968,5.3197240829,5.180036068,5.0476374626,4.904211998,4.7711343765,4.6547698975,4.5407032967,4.4195756912,4.3121132851,4.2219223976,4.1263709068,4.033747673,3.9455177784,3.8633337021,3.7763798237,3.7196018696,3.6465775967,3.5834624767,3.5141086578,3.4552583694,3.3940017223,3.3610644341,3.2954843044,3.2405781746,3.1967713833,3.1065683365,3.0717074871,3.023778677,2.9958863258,2.9401710033,2.9391322136,2.8841137886,2.8526790142,2.7963740826,2.782599926,2.7253510952,2.7060880661,2.6803255081,2.6583411694,2.7215037346,2.668869257,2.7379829884,2.7666406631,2.6885011196,2.6744687557,2.6248133183,2.6350197792,2.6135611534,2.5185115337,2.5368990898,2.427015543,2.2941830158,2.2731781006,2.224211216,2.1181287766,2.2191400528,2.2217640877,2.22777915,2.2280840874,2.1494572163,2.1235527992,1.9836221933,1.9659584761,1.8672190905,1.916654706,1.7856732607,1.5785220861,1.6273611784,1.5705037117,1.6121541262,1.6403473616,1.6395637989,1.6356383562,1.7723348141,1.7985318899,2.2115893364,2.1696624756,1.82566607,1.9078258276,1.8812977076,1.6093125343,1.502723217,1.3749681711,1.2236043215,1.0915950537,1.0003857613,0.9631614089,1.1457000971,0.9334688187,0.2942923009,0.4750500619,0.7306344509,0.7315664887,0.8319227099,0.7341792583,0.3989043236,0.3736413121,0.4451475143,0.6028633714,0.2709150612,0.33067137,0.3328775167,0.5156257749]},"episodes_still_running":{"0":[4096.0,4096.0,4096.0,4096.0,4096.0,4096.0,4096.0,4096.0,4096.0,4096.0,4096.0,4096.0,4096.0,4096.0,4096.0,4096.0,4096.0,4096.0,4096.0,4096.0,4096.0,4096.0,4096.0,4096.0,4096.0,4096.0,4096.0,4096.0,4096.0,4096.0,4095.0,4094.0,4093.0,4092.0,4091.0,4089.0,4084.0,4084.0,4079.0,4076.0,4070.0,4057.0,4047.0,4030.0,4004.0,3979.0,3936.0,3898.0,3841.0,3782.0,3715.0,3617.0,3522.0,3421.0,3318.0,3196.0,3057.0,2886.0,2718.0,2565.0,2405.0,2255.0,2076.0,1921.0,1762.0,1619.0,1482.0,1331.0,1212.0,1100.0,997.0,895.0,820.0,723.0,657.0,577.0,529.0,478.0,419.0,374.0,332.0,295.0,268.0,251.0,224.0,203.0,177.0,163.0,147.0,138.0,124.0,111.0,106.0,98.0,89.0,84.0,76.0,72.0,68.0,63.0,57.0,51.0,47.0,44.0,41.0,40.0,37.0,35.0,34.0,33.0,29.0,28.0,25.0,25.0,23.0,22.0,20.0,19.0,17.0,15.0,12.0,11.0,10.0,10.0,10.0,6.0,6.0,6.0,6.0,6.0,6.0,6.0,5.0,5.0,3.0,3.0,1.0,1.0,1.0,1.0,1.0,1.0,1.0,1.0,1.0,1.0,1.0,1.0]},