{"max_q":{"0":25.731508255},"min_q":{"0":-0.9268158674},"mean_q":{"0":8.6110744476},"range_q":{"0":26.658323288},"step_max_q":{"0":[24.5967712402,24.5341129303,25.474822998,25.707611084,25.731508255,24.9370861053,24.9912567139,24.699760437,24.6454963684,24.7418727875,23.6040420532,23.474691391,23.3992176056,23.4157104492,23.618598938,22.6805305481,22.6297492981,21.9749336243,21.5623779297,22.2545146942,21.1855792999,20.6009254456,21.0426807404,19.8886623383,20.1782550812,20.4462947845,19.5492801666,17.8569755554,17.7191314697,16.8879718781,16.9200744629,16.2425041199,15.1073579788,15.3189182281,15.3974151611,15.0903692245,14.3189649582,14.7985610962,14.4676799774,14.234662056,14.2085056305,13.49908638,13.0521144867,12.9971399307,11.2851982117,11.0366592407,10.5974998474,10.4139003754,9.9751720428,9.9502124786,10.0720901489,9.9190635681,9.72382164,9.8589372635,9.8383789062,9.7541818619,9.4884061813,9.5216121674,9.4102048874,9.1965084076,8.9561347961,8.9164361954,8.8926143646,8.3122596741,8.3623104095,7.4563412666,7.9308681488,7.932431221,7.6370248795,7.6697421074,7.6460180283,7.0424413681,6.9606842995,6.5695705414,6.6282076836,6.7115926743,6.4342579842,6.2661314011,6.131093502,5.9842581749,6.1237726212,6.2067928314,6.2835121155,5.9894561768,5.9777040482,6.1624641418,5.83319664,5.8833727837,6.0910086632,6.0241627693,5.6002640724,5.6571683884,5.6446480751,5.4886031151,5.2928938866,5.4053096771,5.591574192,5.6513695717,5.4866704941,4.9151682854,5.1198120117,5.0052361488,4.9286694527,4.9943156242,4.8537454605,4.9611358643,4.7897410393,4.8476185799,4.9264845848,4.7959046364,4.22296381,4.2364850044,4.1106677055,4.1864638329,4.2307085991,4.5468606949,4.6571383476,4.7647743225,4.5155353546,4.5890717506,4.0495042801,4.2233262062,3.1525304317,3.1701407433,2.8325588703,2.0000736713,1.8487750292,1.7594935894,1.7660595179,1.6152560711,1.4932974577,1.5453478098,1.513197422,1.2805018425,0.7166429162,1.3547202349,1.1980891228,1.2106212378,1.2919450998,1.2203563452,0.9399809837,0.9223679304,0.9315609932,1.0158238411,0.6386178136,0.6624113917,0.648757875,0.657161355]},"step_min_q":{"0":[10.9202461243,10.524274826,8.9159917831,8.6794891357,8.5703468323,8.5995531082,8.0073595047,7.8369092941,7.4468584061,7.0776238441,6.4265694618,5.7553730011,5.8256692886,5.1372041702,5.5108809471,5.0379405022,4.5966396332,3.9268231392,3.9225955009,3.8037667274,2.9831185341,2.0724306107,2.0263857841,2.1503045559,1.7089157104,1.2686867714,1.1651079655,0.8457934856,0.4881107807,0.8156839013,0.0,0.0,0.0,0.0,0.0,0.0,-0.2309810072,-0.2824774981,-0.4921524525,-0.7845239043,-0.5020469427,-0.5335636139,-0.5740786791,-0.5838953853,-0.4793398082,-0.4923556745,-0.5333120823,-0.4382768273,-0.5397694111,-0.4161197841,-0.4786760509,-0.770108521,-0.9268158674,-0.8408048153,-0.8244905472,-0.8083375692,-0.5995280743,-0.5604460239,-0.6492878199,-0.521786809,-0.4365443587,-0.8602944613,-0.7662296295,-0.3118515611,-0.4133095145,-0.5105779171,-0.3906838,-0.2300522923,-0.3028101027,-0.5154113173,-0.3621872067,-0.4143603444,-0.4589592814,-0.2280056775,-0.3814308941,-0.0647991896,-0.0787295401,-0.0957118869,-0.1250119209,-0.1510760188,-0.1645461619,-0.1641912162,-0.1474308372,-0.1529298425,-0.1605032384,-0.0104738176,0.0,-0.1184976324,-0.0949125513,-0.0388822779,-0.033057861,0.0,0.0,0.0,0.0,0.0,0.0,0.0,0.0,0.0,0.0,0.0,0.0,0.0,0.0,0.0,0.0,0.0,0.0,0.0,0.0,0.0,0.0,0.0,0.0,0.0,0.0,0.0,0.0,-0.0294967443,0.0,0.0,0.0,-0.0762630254,0.0,0.0,0.0,0.0,0.0,0.0,0.0,0.0,0.0,0.0,0.0,0.0,0.0,0.0,0.0,0.0,0.0,0.0,0.0,0.0,0.0,0.0,0.0,0.0]},"step_mean_q":{"0":[14.5454349518,14.6268701553,14.5415620804,14.5920143127,14.6088056564,14.5249633789,14.4043388367,14.3271694183,14.1834077835,14.0049848557,13.7782230377,13.579205513,13.372209549,13.1048879623,12.8327636719,12.595495224,12.3380498886,12.0121078491,11.7314367294,11.4621429443,11.1599855423,10.837928772,10.5418605804,10.2658548355,9.9786605835,9.6814031601,9.4088344574,9.1614074707,8.9027690887,8.6296110153,8.4001750946,8.16984272,7.9384360313,7.6920590401,7.4813766479,7.2785043716,7.0521297455,6.8395109177,6.6381325722,6.4439811707,6.2468981743,6.0639338493,5.8911848068,5.7337460518,5.5776071548,5.4138011932,5.2767839432,5.1509494781,5.0020093918,4.8707261086,4.7484488487,4.6253848076,4.5146889687,4.4095873833,4.3196306229,4.2249627113,4.1212482452,4.033946991,3.957826376,3.8654708862,3.7959387302,3.7390494347,3.658239603,3.5951433182,3.5306847095,3.4494915009,3.4019496441,3.3494079113,3.2880840302,3.2303550243,3.1328938007,3.1043829918,3.0298376083,2.9938805103,2.9329071045,2.9238045216,2.8618280888,2.8225312233,2.7746388912,2.7456223965,2.7121653557,2.6802375317,2.6628401279,2.6444048882,2.663618803,2.6283993721,2.665194273,2.7187812328,2.6548893452,2.6359667778,2.5130250454,2.5818126202,2.5322637558,2.4730854034,2.4858505726,2.479003191,2.4331576824,2.4318211079,2.424223423,2.2697029114,2.3889913559,2.430072546,2.3735990524,2.3582761288,2.3076035976,2.2874939442,2.2043905258,2.196149826,2.1706848145,2.1099116802,1.9770052433,1.8523606062,1.8842548132,1.8244035244,1.836830616,1.8673142195,1.8183276653,1.8680050373,1.8943903446,1.9131869078,2.0189287663,1.9213843346,1.509791851,1.5416265726,1.4883358479,1.4197412729,1.3219815493,1.2804093361,1.1976028681,1.0301402807,0.9966249466,0.9325712323,0.989487052,0.8445831537,0.5706302524,0.7721455693,1.1980891228,1.2106212378,1.2919450998,1.2203563452,0.9399809837,0.9223679304,0.9315609932,1.0158238411,0.6386178136,0.6624113917,0.648757875,0.657161355]},"episodes_still_running":{"0":[4096.0,4096.0,4096.0,4096.0,4096.0,4096.0,4096.0,4096.0,4096.0,4096.0,4096.0,4096.0,4096.0,4096.0,4096.0,4096.0,4096.0,4096.0,4096.0,4096.0,4096.0,4096.0,4096.0,4096.0,4096.0,4096.0,4096.0,4096.0,4096.0,4096.0,4095.0,4094.0,4093.0,4092.0,4091.0,4089.0,4084.0,4084.0,4079.0,4076.0,4070.0,4057.0,4047.0,4030.0,4004.0,3979.0,3936.0,3898.0,3841.0,3782.0,3715.0,3617.0,3522.0,3421.0,3318.0,3196.0,3057.0,2886.0,2718.0,2565.0,2405.0,2255.0,2076.0,1921.0,1762.0,1619.0,1482.0,1331.0,1212.0,1100.0,997.0,895.0,820.0,723.0,657.0,577.0,529.0,478.0,419.0,374.0,332.0,295.0,268.0,251.0,224.0,203.0,177.0,163.0,147.0,138.0,124.0,111.0,106.0,98.0,89.0,84.0,76.0,72.0,68.0,63.0,57.0,51.0,47.0,44.0,41.0,40.0,37.0,35.0,34.0,33.0,29.0,28.0,25.0,25.0,23.0,22.0,20.0,19.0,17.0,15.0,12.0,11.0,10.0,10.0,10.0,6.0,6.0,6.0,6.0,6.0,6.0,6.0,5.0,5.0,3.0,3.0,1.0,1.0,1.0,1.0,1.0,1.0,1.0,1.0,1.0,1.0,1.0,1.0]},