{"max_q":{"0":24.9677562714},"min_q":{"0":-1.3274092674},"mean_q":{"0":6.2492918968},"range_q":{"0":26.2951660156},"step_max_q":{"0":[24.1079044342,24.1457805634,24.1164360046,24.4581069946,24.9176597595,24.9423866272,24.6126747131,24.8371677399,24.7480392456,24.9677562714,24.0222797394,23.3594398499,23.6940479279,23.0535984039,21.7113723755,21.5165939331,20.867515564,19.9155311584,20.3909893036,19.9169769287,18.5745010376,18.2561817169,17.625207901,17.7310886383,17.7505226135,17.2784824371,17.2209224701,16.7431144714,16.3242340088,15.9487552643,15.9692993164,15.7861471176,15.6059837341,15.2914962769,14.8077144623,14.2961330414,14.8551940918,14.5469446182,14.7558174133,13.759595871,13.3943500519,13.7372932434,13.7254724503,13.4882678986,13.1949472427,12.4775085449,12.4432144165,12.0702419281,11.7697076797,11.2782268524,10.7189540863,10.5233211517,10.1855182648,9.9607954025,9.9520368576,10.5234909058,9.8803634644,9.8748903275,10.0888986588,10.1596050262,9.5933589935,9.2106742859,9.1277112961,9.0838785172,8.7892808914,8.5573673248,8.5458698273,8.588848114,8.3691339493,8.2543563843,8.1751127243,7.4518594742,7.1346845627,6.9509363174,7.1925816536,6.8265886307,6.7965602875,6.7174224854,6.5906319618,6.8048033714,6.9561042786,7.0148868561,7.4090108871,7.0991544724,7.1217136383,6.7917962074,6.6796150208,6.4522256851,6.4741806984,6.4489746094,6.7399783134,6.9152793884,6.8704061508,6.9356822968,7.2623519897,7.0324983597,7.0368390083,7.6305551529,7.4403815269,7.6403260231,7.4491591454,7.2314157486,7.1799268723,5.5509967804,5.4317760468,6.0516958237,5.9028983116,5.7138471603,5.8726463318,6.1385717392,5.8276786804,6.4037017822,6.0266704559,6.8872237206,6.3568792343,5.8308391571,5.1387691498,4.5424928665,4.0865154266,3.9195950031,3.9812188148,3.9307792187,3.7579145432,3.8177957535,3.777780056,3.6027185917,3.6583509445,3.6196057796,2.3641524315,2.1919298172,2.2021842003,2.1125366688,1.9726557732,1.7971048355,1.8305764198,1.6962394714,1.794986248,1.9029157162,2.0169706345,2.0561952591,2.0033228397,1.9538532495,1.9392337799,1.8710440397,1.8229602575,1.8131377697,1.778064847,1.7373183966,1.6192361116,1.6307072639,1.5902123451,1.5678884983,0.6281883717,0.5241880417,0.5339920521,0.5174767971,0.4075696468,0.4505722523,0.4434407949,0.3260970116,0.3573304415,0.297388196,0.3472907543,0.3484698534,0.2404967546]},"step_min_q":{"0":[7.1332893372,7.5989384651,7.039249897,6.6834869385,6.6370830536,6.7222661972,6.0619478226,5.7898464203,5.7415819168,5.7424993515,4.9238271713,4.5930533409,4.4493947029,4.2781362534,3.6697611809,3.3754835129,3.1740186214,2.8559265137,2.5571348667,2.3649144173,2.4672949314,2.2971086502,2.2710590363,2.0457835197,1.7656853199,1.3312218189,1.2449123859,1.1294262409,0.0,0.0,0.0,0.0,0.0,0.0,0.0,0.0,0.0,-0.0916824341,-0.1987054348,-0.1928908825,-0.1203095913,-0.2628867626,-0.3171582222,-0.2912395,-0.302965641,-0.3144407272,-0.3052163124,-0.3980569839,-0.3892591,-0.4610795975,-0.3080773354,-0.7186408043,-0.8114264011,-0.7451202869,-0.7505304813,-0.7783138752,-0.7806379795,-0.7143535614,-0.5450158119,-0.545166254,-0.5334994793,-0.6321289539,-0.6531510353,-0.6758260727,-0.5714333057,-0.6585638523,-0.8307045698,-0.5000302792,-0.6494342089,-0.7643812895,-0.9700864553,-1.0346484184,-0.979823947,-0.8448092937,-0.7072949409,-0.6919233799,-0.687068224,-0.6648877859,-0.9687970877,-1.2329976559,-1.3274092674,-0.5369657278,-0.5648938417,-0.5875288248,-0.8053234816,-0.673997879,-0.6124593019,-0.7573043108,-1.0144091845,-1.1504565477,-1.1924093962,-1.2273762226,-1.127576828,-1.0090398788,-1.109259367,-1.0720154047,-1.0146454573,-1.1022173166,-1.0937312841,-0.4554347992,-0.5584981441,-0.6615099907,-0.5558980703,-0.5514274836,-0.550978303,-0.4883967638,-0.5040816069,-0.4987837076,-0.3639780283,-0.3088948727,-0.3833618164,-0.5001759529,-0.4713857174,-0.3627951145,-0.3047947884,-0.2995500565,-0.1851689816,-0.3685584068,-0.4326655865,-0.4234256744,-0.4019277096,-0.3832404613,-0.4623134136,-0.4341225624,-0.6170668602,-0.5915427208,-0.5855464935,-0.6761350632,-0.6926865578,-0.804946661,-0.773614645,-0.1452579498,-0.2734489441,-0.1508644819,-0.1923508644,-0.1859419346,-0.3029096127,-0.3258032799,-0.3239724636,0.0,-0.0527302027,-0.1179413795,-0.1724820137,-0.1465053558,-0.1479520798,-0.2861089706,-0.1978151798,-0.2174940109,-0.2436385155,0.0,0.0,0.0,0.0,0.0,0.0,0.0,0.0,0.0,0.0,0.0,0.0,0.0,0.0,0.0,0.0]},"step_mean_q":{"0":[11.6859331131,11.8302774429,11.7704048157,11.8572406769,11.979054451,12.0164432526,12.0035552979,11.9890632629,11.9552249908,11.8778896332,11.7165336609,11.5415439606,11.3552436829,11.1241235733,10.8631401062,10.6141366959,10.3654499054,10.0977754593,9.8097057343,9.5286388397,9.2456893921,8.9460964203,8.6436548233,8.3439159393,8.0386219025,7.7159309387,7.4223203659,7.1320238113,6.8462519646,6.5588531494,6.279188633,6.0200929642,5.7582950592,5.5070328712,5.2694606781,5.0439186096,4.819583416,4.6068067551,4.4010596275,4.1992387772,4.0123729706,3.8335080147,3.6548755169,3.4909424782,3.3356366158,3.1909935474,3.0639777184,2.9405591488,2.8307301998,2.7285296917,2.6308801174,2.5369436741,2.4601075649,2.3861355782,2.3209192753,2.2769675255,2.2208714485,2.1868476868,2.1392979622,2.1035149097,2.0731358528,2.0450665951,2.0239658356,1.9949558973,1.97712183,1.9674248695,1.9488594532,1.9550603628,1.9470508099,1.9242554903,1.912070632,1.8951328993,1.8691000938,1.8590220213,1.8516047001,1.8438588381,1.8200701475,1.8385915756,1.8508447409,1.8471058607,1.8560243845,1.8721975088,1.8739361763,1.8649082184,1.8764959574,1.8693572283,1.8407267332,1.8208669424,1.8639107943,1.8474260569,1.8051323891,1.802010417,1.7543656826,1.7363102436,1.7049305439,1.7011874914,1.6647135019,1.6077052355,1.5614762306,1.6086509228,1.6095056534,1.6715865135,1.6399450302,1.6634609699,1.6340833902,1.6283181906,1.6197062731,1.6717773676,1.6852786541,1.6878983974,1.6305015087,1.554287076,1.5327706337,1.4750683308,1.5043867826,1.4034999609,1.3173440695,1.312579155,1.2682318687,1.206097126,1.239715457,1.2003077269,1.1129277945,1.0058790445,1.039917469,1.0188977718,1.0254813433,0.9807695746,0.8827411532,0.9026566148,0.8997114301,0.9204422235,0.8432988524,0.7581024766,0.7740380764,0.77932477,0.7580163479,0.6395438313,0.6909673214,0.7723196745,0.7053520083,0.6510244012,0.6470707059,0.6108541489,0.547121942,0.4618346989,0.5697337985,0.5266631246,0.4925354123,1.2085789442,1.1401090622,1.1119287014,0.6281883717,0.5241880417,0.5339920521,0.5174767971,0.4075696468,0.4505722523,0.4434407949,0.3260970116,0.3573304415,0.297388196,0.3472907543,0.3484698534,0.2404967546]},"episodes_still_running":{"0":[4096.0,4096.0,4096.0,4096.0,4096.0,4096.0,4096.0,4096.0,4096.0,4096.0,4096.0,4096.0,4096.0,4096.0,4096.0,4096.0,4096.0,4096.0,4096.0,4096.0,4096.0,4096.0,4096.0,4096.0,4096.0,4096.0,4096.0,4096.0,4095.0,4095.0,4095.0,4095.0,4094.0,4094.0,4093.0,4093.0,4093.0,4090.0,4090.0,4088.0,4086.0,4075.0,4067.0,4057.0,4037.0,4014.0,3985.0,3946.0,3893.0,3840.0,3786.0,3712.0,3628.0,3534.0,3422.0,3291.0,3158.0,3023.0,2900.0,2772.0,2641.0,2511.0,2405.0,2265.0,2123.0,2006.0,1891.0,1771.0,1664.0,1570.0,1468.0,1366.0,1277.0,1194.0,1111.0,1037.0,978.0,917.0,857.0,812.0,763.0,721.0,666.0,625.0,585.0,539.0,513.0,491.0,456.0,430.0,405.0,384.0,360.0,342.0,320.0,290.0,270.0,257.0,241.0,219.0,211.0,196.0,186.0,173.0,158.0,149.0,135.0,125.0,118.0,108.0,103.0,98.0,91.0,84.0,76.0,69.0,65.0,63.0,61.0,58.0,53.0,46.0,42.0,38.0,36.0,35.0,34.0,34.0,27.0,26.0,22.0,20.0,17.0,13.0,12.0,11.0,10.0,9.0,9.0,8.0,7.0,6.0,6.0,6.0,6.0,6.0,5.0,5.0,5.0,2.0,2.0,2.0,1.0,1.0,1.0,1.0,1.0,1.0,1.0,1.0,1.0,1.0,1.0,1.0,1.0]},