{"max_q":{"0":24.0144748688},"min_q":{"0":-1.1730757952},"mean_q":{"0":4.6052417755},"range_q":{"0":25.1875514984},"step_max_q":{"0":[15.4931259155,20.4758014679,24.0144748688,21.3163871765,19.8135719299,18.8806648254,20.2778778076,20.0203037262,23.4395599365,23.0837516785,21.3563079834,19.7143573761,20.0075817108,19.152879715,18.0353507996,18.672252655,18.4434871674,17.4361553192,19.116558075,19.980512619,18.1124782562,18.5514373779,18.0381774902,18.2791233063,17.7779369354,17.1809101105,17.6273403168,17.420463562,14.7466659546,14.0465297699,16.6216316223,12.6017065048,10.5380458832,11.1702346802,13.5061197281,12.2055063248,12.2697181702,10.6228294373,10.6800546646,12.4809837341,11.5864391327,10.9623575211,12.201593399,11.8945360184,13.8160638809,14.6262397766,10.9479007721,12.1732683182,12.8730211258,11.0408401489,13.9196939468,12.2066450119,11.4436197281,14.7522983551,11.5248804092,13.350856781,11.2147130966,12.4713983536,7.9303479195,8.1209697723,9.3208036423,8.2462615967,8.1769742966,8.1857223511,8.1040000916,7.5542783737,7.9519286156,7.2802791595,7.0422792435,7.5438766479,8.5183506012,8.2486000061,7.2410778999,7.2520112991,7.5189480782,7.8335390091,7.3940067291,8.251619339,8.1852350235,7.7613992691,3.1090230942,2.8246665001,3.2247915268,3.8682227135,3.6842472553,3.6153757572,1.9173622131,1.9269075394,1.9531722069,0.4042977989,0.5040143728,0.3385336995,0.2260125726,0.0,0.1683903337,0.0,0.1426475346,0.0883156881,0.0]},"step_min_q":{"0":[2.2336120605,1.4433730841,0.0,-0.0743109956,-0.1314678937,-0.1324507892,-0.2667627931,-0.3234988451,-0.3076332808,-0.2441251874,-0.2391737849,-0.1209712625,-0.1941772997,-0.2602327466,-0.4168595076,-0.2455536574,-0.5056126118,-0.5357258916,-0.3245241046,-0.3584036231,-0.4879558682,-0.6017178893,-0.4239753485,-0.4447148442,-0.5574277639,-0.4447796047,-0.4127818942,-0.3985261917,-1.1730757952,-0.9783693552,-0.5744323134,-0.7009558082,-0.5591083765,-0.4167952538,-0.4547975361,-0.6612846851,-0.6024918556,-0.6279420853,-0.6458297968,-0.5545039177,-0.5267036557,-0.6282039881,-0.5748463869,-0.3809683323,-0.5663163066,-0.4377671778,-0.4736072421,-0.498304069,-0.602592051,-0.6952165365,-0.4925065637,-0.4645195305,-0.3967518508,-0.5266729593,-0.6176620722,-0.5498775244,-0.5021835566,-0.6992926598,-0.7669889927,-0.6660048962,-0.8060355186,-0.3892019987,-0.4432650208,-0.5103207827,-0.38947016,-0.3768223822,-0.3625563979,-0.4920409024,-0.5275209546,-0.4765354395,-0.4033964574,-0.3524108529,-0.5351532698,-0.4929208457,-0.2689259052,-0.2179817855,-0.0150427818,-0.1156731993,0.0,0.0,0.0,0.0,0.0,0.0,0.0,0.0,0.0,0.0,0.0,0.0,0.0,0.0,0.0,-0.1701705903,0.0,-0.1378694177,0.0,0.0,-0.1117325723]},"step_mean_q":{"0":[8.1446781158,8.3695402145,8.4231920242,8.2439603806,8.101231575,7.9248490334,7.8453035355,7.661421299,7.4824061394,7.2475934029,6.9458022118,6.621527195,6.2392163277,5.8145513535,5.4057087898,5.001200676,4.5903019905,4.2315587997,3.85298419,3.464140892,3.113604784,2.7663197517,2.4559574127,2.1978125572,2.0119431019,1.8418081999,1.677762866,1.5500868559,1.4388496876,1.3593688011,1.3068066835,1.2436964512,1.2059339285,1.1837747097,1.1582704782,1.1307420731,1.0998375416,1.068535924,1.0634299517,1.0426425934,1.0353475809,1.0063832998,1.0092886686,0.9972934723,1.0058631897,1.0005096197,1.0419270992,1.0107244253,1.0605763197,1.1277650595,1.1283810139,1.195332408,1.2648990154,1.3292684555,1.3736034632,1.4652249813,1.4454473257,1.3929355145,1.333029747,1.3294700384,1.4185109138,1.4552105665,1.599640727,1.5566183329,1.4510689974,1.1891304255,1.3282399178,1.7560319901,1.6741656065,1.8324549198,1.7186906338,1.9770768881,1.9544184208,1.938609004,1.8442336321,2.0354583263,2.0979197025,2.0132701397,2.1485323906,2.214328289,1.3257367611,1.409476757,1.6016323566,1.4903525114,1.7163639069,1.8652620316,1.8084250689,1.1551299095,1.2809143066,0.4042977989,0.5040143728,0.3385336995,0.2260125726,-0.1701705903,0.1683903337,-0.1378694177,0.1426475346,0.0883156881,-0.1117325723]},"episodes_still_running":{"0":[4096.0,4096.0,4093.0,4088.0,4082.0,4078.0,4073.0,4065.0,4053.0,4044.0,4035.0,4021.0,3994.0,3941.0,3884.0,3829.0,3775.0,3724.0,3655.0,3598.0,3508.0,3407.0,3273.0,3168.0,3057.0,2935.0,2825.0,2674.0,2558.0,2393.0,2251.0,2104.0,1949.0,1793.0,1666.0,1555.0,1431.0,1303.0,1188.0,1084.0,984.0,889.0,780.0,695.0,633.0,573.0,493.0,450.0,385.0,334.0,299.0,264.0,233.0,212.0,196.0,168.0,141.0,124.0,110.0,100.0,94.0,84.0,77.0,67.0,62.0,55.0,49.0,36.0,35.0,28.0,25.0,21.0,19.0,15.0,14.0,12.0,11.0,11.0,10.0,10.0,8.0,6.0,5.0,5.0,5.0,4.0,2.0,2.0,2.0,1.0,1.0,1.0,1.0,1.0,1.0,1.0,1.0,1.0,1.0]},"step_range_q":{"0":[13.259513855,19.0324287415,24.0144748688,21.3906974792,19.9450397491,19.0131149292,20.5446414948,20.3438034058,23.7471923828,23.3278770447,21.5954818726,19.8353290558,20.2017593384,19.4131126404,18.4522094727,18.9178066254,18.9491004944,17.9718818665,19.4410820007,20.3389167786,18.6004333496,19.1531543732,18.4621524811,18.7238388062,18.3353652954,17.6256904602,18.0401229858,17.8189888,15.9197416306,15.0248994827,17.1960639954,13.3026618958,11.0971546173,11.5870304108,13.9609174728,12.8667907715,12.872209549,11.2507715225,11.325884819,13.0354881287,12.1131429672,11.5905618668,12.7764396667,12.2755041122,14.3823804855,15.0640068054,11.4215078354,12.6715726852,13.4756135941,11.7360563278,14.4122009277,12.6711645126,11.8403711319,15.2789716721,12.1425428391,13.9007339478,11.7168970108,13.1706905365,8.6973371506,8.7869749069,10.1268386841,8.6354637146,8.6202392578,8.6960430145,8.493470192,7.9311008453,8.3144845963,7.7723202705,7.5698003769,8.0204124451,8.9217472076,8.6010112762,7.7762312889,7.7449321747,7.7878742218,8.0515203476,7.409049511,8.3672924042,8.1852350235,7.7613992691,3.1090230942,2.8246665001,3.2247915268,3.8682227135,3.6842472553,3.6153757572,1.9173622131,1.9269075394,1.9531722069,0.4042977989,0.5040143728,0.3385336995,0.2260125726,0.1701705903,0.1683903337,0.1378694177,0.1426475346,0.0883156881,0.1117325723]},"mean_loss:":{"0":0.9012745619},"rmse":{"0":0.9493548274},"step_rmse":{"0":[0.7804194689,0.8423198462,0.8723576069,0.8721215725,0.917827189,0.954470098,0.9902018309,0.9966321588,1.0406757593,1.0415776968,1.0948952436,1.1131201982,1.1545716524,1.1222717762,1.1509002447,1.1543306112,1.1056469679,1.1048840284,1.1426057816,1.0634181499,1.0513936281,0.9895412922,0.9385207295,0.8737885356,0.8641252518,0.8115842342,0.7873808742,0.7826687694,0.7876439095,0.7763520479,0.7891483307,0.7449332476,0.7046171427,0.7082019448,0.7087789774,0.6953408718,0.7174835205,0.6834096313,0.622538507,0.6615612507,0.687417388,0.6742887497,0.728189826,0.7353204489,0.7789319754,0.8109167814,0.7696002722,0.7997149825,0.7603414059,0.794916451,0.8649664521,0.8651420474,0.9782454967,1.0237056017,0.8961196542,0.9083150029,0.9080529809,0.9129616022,0.8569195867,0.6838774085,0.8256332278,0.918561399,0.8584713936,0.8860327005,0.718431294,0.6686559916,0.7591705918,0.87195611,0.8652917743,0.8883275986,0.8430525064,1.0827548504,1.094388485,0.9569836855,1.006493926,1.2956545353,0.9553092718,1.2657015324,1.2325334549,1.1169289351,1.2931303978,0.6029220819,0.7891851068,0.8135071397,0.6833764911,0.5173022747,1.1872352362,0.9114786386,0.7171160579,0.052701503,0.1781061888,0.0406438708,0.1388985068,0.4626634717,0.2190398574,0.4144988656,0.1107551754,0.1232045069,0.3445988595]},"rmse_by_q":{"0":20.6146583557},