{"max_q":{"0":20.960609436},"min_q":{"0":-0.6971174479},"mean_q":{"0":3.5804350376},"range_q":{"0":21.6577262878},"step_max_q":{"0":[14.539065361,17.0356712341,15.8937129974,15.7728157043,16.8505249023,16.5130386353,18.0247955322,19.1564502716,18.1124725342,17.8350467682,20.960609436,17.9793548584,17.5505027771,20.650510788,17.4754829407,17.7262115479,17.3196697235,17.3905754089,16.9097747803,18.5884628296,16.7221164703,17.137752533,15.8270130157,14.8185863495,14.5732393265,14.356710434,13.1171073914,13.573756218,15.2358140945,13.6853084564,12.3394002914,16.0210170746,11.9133481979,11.2819623947,13.2363700867,10.8325033188,10.881072998,11.0207929611,9.8912620544,10.5401535034,10.1842823029,8.7065563202,10.366106987,9.6092557907,9.5074691772,10.8899936676,8.5000343323,8.7675142288,10.9033937454,9.3116054535,10.1143798828,9.9208116531,8.9198074341,9.599697113,9.5809173584,8.3259620667,8.7713451385,9.3222408295,7.0096278191,8.1662254333,8.6765003204,6.370303154,6.9576120377,6.9650835991,6.449719429,6.7400870323,7.3897209167,8.1440563202,6.0959811211,6.7406535149,5.9772195816,7.1283049583,6.9695038795,6.351272583,6.8841552734,8.3292894363,6.5392208099,5.7341518402,6.1245651245,5.5420274734,5.4877033234,5.4746999741,6.0046811104,5.7959976196,4.2057170868,4.6491546631,4.9768800735,3.6211063862,3.8740019798,3.9285542965,3.7919492722,3.885863781,4.1222510338,4.2750000954,4.1515431404,4.1975531578,3.9859833717,4.1663236618,4.4196572304,4.0395641327,3.6761841774,3.4658358097,3.7438726425,4.2671599388,3.6476387978,4.1736931801,4.4583640099,4.0981693268,4.3857536316,4.8881168365,4.239180088,4.7833094597,5.0157237053,4.6816186905,4.8580026627,5.3796267509,4.733839035,4.9783039093,5.5260872841,4.8191175461,5.3514857292,5.2160997391,4.5698838234,4.9988164902,4.810312748,4.635863781,4.5577945709,4.976521492,4.2257909775,4.6072239876,4.5010519028,3.8181533813,4.2347092628,4.0812401772,1.7676112652,1.7928488255,1.7681947947,1.7764267921,1.9044641256,1.8271651268,1.7306118011,1.8255751133,1.788993597,1.7970576286,1.8142066002,1.7943944931,1.800185442,1.8178727627,1.7992215157,1.8057070971,1.9266657829,1.8503291607,1.7554094791,1.8464193344,1.8188818693,1.8245491982,1.8372392654,1.8227183819,1.8260827065,1.8396525383,1.8259801865,1.8302230835,1.9409236908,1.8654887676,1.773319602,1.8623206615,1.8422026634,1.8461220264,1.8555481434,1.8450815678,1.8466709852,1.857070446,1.8472640514,1.9755351543,1.8339533806,1.8208727837,1.8265352249,1.8668341637,1.8617987633,1.8615788221,1.8688743114,1.8612377644,1.8621845245,1.8704334497,2.0027315617,1.8477705717,1.8048006296,1.8915126324,1.8724522591,1.8798041344,1.8747541904,1.8740386963,1.8795416355,1.8744432926,1.9928889275,1.8491661549,1.8399174213,1.8504272699,1.8858346939,1.884996295]},"step_min_q":{"0":[2.3848898411,2.5932593346,2.2226471901,1.8767824173,1.4098510742,1.2530354261,0.9336587191,0.6649441719,0.6653203964,0.3425178528,0.383719027,0.2641760111,0.2575275004,0.1529896855,0.2531530261,0.0187006593,-0.1078110635,-0.1350972056,-0.1276809573,-0.0398780406,-0.2587450743,-0.3719852269,-0.5085319877,-0.3581827879,-0.2867783904,-0.2831074595,-0.337277472,-0.393057704,-0.3230192661,-0.3330302238,-0.4293049574,-0.4481261969,-0.4196181893,-0.5156078339,-0.5546416044,-0.6068742275,-0.6561453342,-0.6971174479,-0.5240194201,-0.5087370872,-0.5053058267,-0.5150048733,-0.5395725369,-0.412494868,-0.4827562869,-0.3904664516,-0.4791061878,-0.4177862406,-0.3410877585,-0.3266504407,-0.5721579194,-0.4361165762,-0.42399019,-0.3281980753,-0.4063020945,-0.4184094965,-0.320803225,-0.3089262843,-0.3476800919,-0.3322915435,-0.3430348039,-0.363769412,-0.5321236253,-0.3608255982,-0.6045121551,-0.5032912493,-0.4127548933,-0.4768573642,-0.5333073735,-0.4289155006,-0.3977252841,-0.6129487157,-0.4892466962,-0.5473143458,-0.424559772,-0.2353421897,-0.3422508836,-0.3039082885,-0.3423407078,-0.386469692,-0.3341907859,-0.3908109963,-0.3137005568,-0.5556968451,-0.2961601615,-0.3458925486,-0.332473278,-0.2414019555,-0.196974799,-0.2615739703,-0.1475880444,-0.2042174786,-0.257537514,-0.1983906627,-0.1928200573,-0.1487145424,-0.2210368216,-0.1969174147,-0.1896325946,-0.2115152925,-0.1871462911,-0.1904328167,-0.2158578932,-0.1485488564,-0.1251336038,-0.1511289626,-0.1800519377,-0.280728519,-0.1834812462,-0.3498109281,-0.1459130645,-0.3559775352,-0.2260671407,-0.1682050079,-0.2694300413,-0.3297055662,-0.3414385319,-0.3206618428,-0.3271600902,-0.3394100368,-0.388174057,-0.3997846246,-0.1350290179,-0.1290767789,-0.1289649308,-0.1246646345,-0.1685954332,-0.1184454262,-0.1173303574,-0.1164036691,-0.1156736761,-0.1161983758,-0.1219545901,-0.1316815466,-0.1463338137,-0.026895009,0.0,0.0,-0.0800133273,-0.021826148,-0.0702399164,-0.0196178705,-0.2110909671,-0.1052315459,-0.1207097322,-0.1594007611,-0.2148531079,-0.1959034503,-0.2149581015,-0.2682901025,-0.2323620915,-0.2740723193,-0.2936178744,-0.2836618125,-0.3224781752,-0.3335692286,-0.3293893933,-0.3456821442,-0.3719721437,-0.3744038343,-0.3910895586,-0.4112964272,-0.3978425264,-0.4419554472,-0.4378640652,-0.2295809984,-0.2919127345,-0.299127847,-0.3134044409,-0.3381547332,-0.3660390377,-0.3957665563,-0.010589093,0.0,-0.0514054298,-0.061044693,-0.0160102323,0.0,-0.0056308582,0.0,0.0,0.0,0.0,0.0,0.0,0.0,0.0,0.0,-0.007080853,0.0,-0.060515523,-0.0380188525,0.0,-0.1063507795,-0.089081943,-0.0285907686,-0.1336339414,-0.1031930447,-0.0779766738,-0.135640502]},"step_mean_q":{"0":[7.1351084709,7.2208881378,7.2004227638,7.1817874908,7.1622610092,7.073633194,7.0140028,6.9413108826,6.767865181,6.6698455811,6.5229158401,6.299539566,6.1025056839,5.8923692703,5.6247501373,5.3523097038,5.1182909012,4.8358688354,4.5595312119,4.2841024399,3.9877281189,3.7174341679,3.4771099091,3.2242741585,2.9962501526,2.7903237343,2.5791535378,2.4087846279,2.2604522705,2.1112344265,1.971195817,1.8429660797,1.7385118008,1.6460903883,1.5678853989,1.4982973337,1.4315228462,1.390383482,1.3580585718,1.3265868425,1.2802599669,1.2415779829,1.2033519745,1.1612671614,1.130354166,1.1051579714,1.0918204784,1.0603581667,1.055709362,1.0483734608,1.0275295973,1.0205260515,0.9996091127,0.9722287059,0.9673057199,0.972422421,0.9565860033,0.9373817444,0.9128764868,0.9006847739,0.9162429571,0.9032683969,0.9032022357,0.9041147232,0.9081559181,0.9027098417,0.90476197,0.9063448906,0.9010133743,0.8742153645,0.9109551907,0.8992185593,0.8964160085,0.8653252721,0.8643807769,0.8889107704,0.8885499239,0.859495461,0.8480424881,0.8410999179,0.8464698792,0.8533555269,0.8667238951,0.8414136767,0.7631116509,0.7711135149,0.7490510941,0.7392627597,0.7337858677,0.7510311604,0.7519598007,0.7526820302,0.7491785288,0.7374669909,0.747887373,0.7632023692,0.7404585481,0.7397994995,0.7166833282,0.7143698931,0.7223148346,0.7398879528,0.7268770337,0.7118658423,0.6777352095,0.6946003437,0.6848255396,0.6693033576,0.624532342,0.6595103741,0.6362102628,0.640147388,0.6087274551,0.6369751096,0.6397228837,0.6441469789,0.6521227956,0.6399964094,0.6567271948,0.6324275732,0.6131080985,0.6149813533,0.6315457821,0.6282475591,0.6127387285,0.6221404076,0.6098675728,0.6128153801,0.6072607636,0.6001502275,0.6008009315,0.5989448428,0.5720902681,0.5742534399,0.5039168,0.5145052075,0.5098214746,0.5348643661,0.5482687354,0.5208933949,0.5396953821,0.5427101254,0.5684112906,0.5632810593,0.5744875073,0.5541057587,0.5525595546,0.572774291,0.5563566089,0.5489270687,0.5604641438,0.5541257262,0.5685707331,0.5888893008,0.5867391825,0.5607346892,0.5698601007,0.5639925003,0.5636863112,0.5747013688,0.5682928562,0.5776128769,0.5772534013,0.5380674601,0.5638951063,0.5688388348,0.5500426292,0.5656466484,0.5694511533,0.5778202415,0.5622856617,0.5747956634,0.5642866492,0.5695807338,0.582803607,0.5688220859,0.5795360208,0.5657047629,0.5521903634,0.5532521605,0.5677114725,0.55815202,0.5346729755,0.536565423,0.5597297549,0.5495911837,0.5436733961,0.5459344387,0.5489302278,0.5439471602,0.5318084359,0.5283301473,0.543897748,0.5415179133,0.5497023463,0.5539586544,0.5439402461,0.5259442925,0.5444734693,0.5629003644]},