{"max_q":{"0":22.3513431549},"min_q":{"0":-1.9172369242},"mean_q":{"0":4.235806942},"range_q":{"0":24.268579483},"step_max_q":{"0":[17.705915451,18.286151886,18.7340278625,19.9248580933,20.6391563416,19.2784080505,19.3772602081,19.4371757507,19.7823524475,21.5155830383,19.4049282074,20.2946052551,19.8938713074,19.9164505005,19.4966259003,20.3732566833,19.0302829742,22.3513431549,20.0461006165,19.1398200989,19.0584335327,18.1924209595,17.101026535,17.5254478455,15.7352466583,16.3037757874,15.4708385468,14.1318778992,13.5764980316,13.7938394547,15.259563446,12.9388999939,14.4472923279,12.9517173767,13.4272918701,13.44373703,13.1866340637,12.3991851807,13.9088096619,14.5893802643,13.8174066544,14.1139831543,14.2045888901,15.107175827,14.293639183,13.9188776016,13.5715484619,13.3679990768,14.6630926132,14.2336082458,14.1308431625,13.5676679611,12.4976873398,10.2272186279,8.4088401794,9.6067180634,9.2538061142,8.6691446304,9.2320165634,9.8364830017,6.7338681221,7.2193021774,6.6032266617,7.062353611,7.006547451,5.3372693062,4.5946154594,4.61662817,4.8618245125,4.2086820602,4.127468586,4.0242285728,3.6907124519,3.4174330235,4.2051172256,4.3925280571,3.9433865547,3.8282959461,3.2367801666,2.4015114307,2.4585297108,2.4016962051,2.0688545704,2.5246651173,2.6013109684,2.6154062748,2.469779253,1.7743127346,1.8765757084,2.1356935501,1.7169401646,1.5094844103,1.5008260012,1.4340437651,1.4794393778,1.3881042004,1.414986372,1.4689952135,0.6942960024]},"step_min_q":{"0":[1.5460563898,1.1446089745,0.0,-0.0303586721,0.0,-1.2160387039,0.0,0.0,-0.0536172688,-0.0078399479,-0.3512939215,-1.9172369242,-0.8654134274,-0.2917914391,-0.4579368234,-0.8358377814,-1.1855118275,-1.1229085922,-0.3990257978,-0.4731757045,-0.5018289089,-0.9651058912,-0.8526463509,-0.8043383956,-0.7485716939,-0.7571055889,-0.6971135139,-1.0839602947,-0.5499071479,-1.0506638288,-0.966863513,-0.6950136423,-0.9751480818,-0.7552467585,-0.8347398043,-0.6882053614,-0.6871718168,-0.652426064,-0.7814810276,-0.603061676,-0.6599974036,-0.714746356,-0.5416305065,-0.77458781,-0.7638207674,-0.6430102587,-0.6464228034,-0.5518821478,-0.5603485107,-0.433193326,-0.530810833,-0.5178067684,-0.4229670167,-0.615298152,-1.1078181267,-0.4462905526,-0.4531749487,-0.3521888852,-0.7713364363,-0.8151401281,-0.3872329593,-0.8192077279,-0.3860884309,-0.5996537209,-0.7437460423,-0.1935942471,-0.449408859,-0.3526189923,-0.5282378197,-0.2187870741,-0.2269173861,-0.2673043013,-0.2972851396,-0.379602313,-0.4203368127,-0.5756108761,-0.2053388953,-0.1407584697,-0.1076474339,-0.1300101429,-0.2099337727,-0.250367105,-0.1244188398,-0.1213819534,-0.1579791009,-0.1669927835,-0.3197278082,-0.1840786338,-0.1419103444,-0.1874672771,-0.2031274438,0.0,0.0,-0.0473681092,0.0,-0.1359059811,-0.2096918821,-0.2870140076,-0.2731289864]},"step_mean_q":{"0":[8.1597881317,8.2639694214,8.127243042,8.017619133,7.90583992,7.6588306427,7.498878479,7.2233185768,6.9637317657,6.6544713974,6.3350224495,5.9743762016,5.5660238266,5.1103725433,4.6527147293,4.2072672844,3.826028347,3.5048449039,3.2046875954,2.9191508293,2.6469089985,2.4139847755,2.2111697197,2.0181798935,1.8248608112,1.7080644369,1.5591125488,1.4728285074,1.4151149988,1.3627477884,1.2964501381,1.2734565735,1.2436282635,1.2114738226,1.1494951248,1.1211686134,1.1013966799,1.0470684767,1.0375385284,1.0401396751,1.0143105984,1.0442835093,1.0666811466,1.0744322538,1.0985130072,1.0692307949,1.0929633379,1.1308704615,1.1844872236,1.155542016,1.1791987419,1.0760059357,1.0596705675,0.9965638518,0.9581868052,1.0036946535,1.0235729218,1.0096962452,1.0283437967,1.0280576944,0.9471237659,0.9919590354,1.0257706642,1.0201224089,0.9547195435,0.8753927946,0.8041359782,0.7032620311,0.7872754335,0.7419148088,0.7561247349,0.6963638067,0.6578584313,0.632853806,0.6288886666,0.6646144986,0.7791628242,0.7603669167,0.7392602563,0.5138856769,0.4188007414,0.502158165,0.5931326151,0.5308727026,0.5383217335,0.6148306131,0.4168802202,0.6089057326,0.8083269,0.841621995,0.8045430779,0.9798164368,0.84523803,0.8251039982,0.8699541092,0.7551796436,0.7721352577,0.626752317,0.210583508]},"episodes_still_running":{"0":[4096.0,4096.0,4088.0,4080.0,4075.0,4069.0,4060.0,4053.0,4045.0,4040.0,4032.0,4021.0,4003.0,3977.0,3939.0,3879.0,3810.0,3732.0,3671.0,3577.0,3486.0,3413.0,3292.0,3200.0,3095.0,2974.0,2813.0,2698.0,2570.0,2423.0,2286.0,2121.0,1981.0,1849.0,1729.0,1599.0,1480.0,1359.0,1237.0,1131.0,1029.0,930.0,838.0,762.0,684.0,609.0,544.0,491.0,441.0,383.0,348.0,302.0,269.0,235.0,208.0,184.0,164.0,135.0,117.0,100.0,89.0,78.0,70.0,66.0,61.0,52.0,48.0,42.0,39.0,39.0,36.0,35.0,30.0,27.0,23.0,22.0,19.0,16.0,15.0,11.0,10.0,9.0,8.0,8.0,8.0,8.0,8.0,6.0,5.0,4.0,4.0,3.0,3.0,3.0,3.0,3.0,3.0,3.0,2.0]},"step_range_q":{"0":[16.1598587036,17.1415424347,18.7340278625,19.9552173615,20.6391563416,20.4944458008,19.3772602081,19.4371757507,19.8359699249,21.5234222412,19.7562217712,22.2118415833,20.7592849731,20.2082424164,19.9545631409,21.2090950012,20.215795517,23.4742507935,20.4451255798,19.6129951477,19.5602626801,19.1575260162,17.9536724091,18.3297863007,16.4838180542,17.060880661,16.1679515839,15.2158384323,14.1264047623,14.8445034027,16.2264270782,13.6339139938,15.4224405289,13.7069644928,14.2620315552,14.131942749,13.8738059998,13.0516109467,14.690290451,15.1924419403,14.4774036407,14.8287296295,14.746219635,15.8817634583,15.0574598312,14.5618877411,14.2179708481,13.919880867,15.223441124,14.6668014526,14.6616535187,14.085474968,12.9206542969,10.8425168991,9.516658783,10.0530090332,9.7069807053,9.0213336945,10.0033531189,10.6516227722,7.1211009026,8.0385103226,6.989315033,7.6620073318,7.7502937317,5.5308637619,5.0440244675,4.9692473412,5.3900623322,4.4274692535,4.3543858528,4.2915329933,3.9879975319,3.7970352173,4.625453949,4.9681386948,4.1487255096,3.9690544605,3.3444275856,2.5315215588,2.6684634686,2.6520633698,2.1932733059,2.6460471153,2.7592899799,2.7823991776,2.7895071507,1.958391428,2.0184860229,2.3231608868,1.9200675488,1.5094844103,1.5008260012,1.4814119339,1.4794393778,1.5240101814,1.6246782541,1.7560092211,0.9674249887]},"mean_loss:":{"0":0.757370472},"rmse":{"0":0.8702703714},"step_rmse":{"0":[0.5471147299,0.6182553172,0.6705851555,0.7288442254,0.8157510757,0.837402761,0.9138727188,0.9535101652,0.9900490046,1.0521326065,1.0962277651,1.0710657835,1.0575693846,1.0683017969,1.0486981869,1.0469653606,1.0340118408,1.0330203772,1.0312247276,0.9593138695,0.9146609306,0.8793791533,0.9255132079,0.8621199131,0.8003301024,0.7996990085,0.772781074,0.7538090944,0.7649888992,0.7281215191,0.7161332965,0.6929913163,0.6908345819,0.6936548948,0.7063626051,0.6772406101,0.6487595439,0.6880459189,0.6474183202,0.6704568267,0.6774969101,0.6259767413,0.6360321045,0.621176064,0.647934854,0.6182739735,0.6190589666,0.6331911683,0.6559695005,0.6802837849,0.6776821613,0.6213348508,0.6366127729,0.5341543555,0.5900326371,0.5682368279,0.6599365473,0.693862617,0.6567839384,0.6636404395,0.6549601555,0.6894159317,0.7107408643,0.6841593385,0.7512332797,0.8016126156,0.7482256293,0.7744646072,0.7988713384,0.7809912562,0.7311511636,0.8579708934,0.8307292461,0.7785311937,0.6757882833,0.6074761152,0.6661251783,0.6888058782,0.7304009199,0.5214747787,0.4736746848,0.542942524,0.769254446,0.4981864989,0.5876396298,0.5836485028,0.7386591434,1.1464922428,1.0792322159,0.9802319407,1.24645257,1.3399477005,1.346740365,1.2820411921,0.897744596,0.7038344145,0.7175276875,1.0020704269,1.4485744238]},"mean_error":{"0":0.5014815927},