{"max_q":{"0":28.917427063},"min_q":{"0":-1.1976798773},"mean_q":{"0":7.7103939056},"range_q":{"0":30.1151065826},"step_max_q":{"0":[21.7322425842,23.7877197266,23.8940792084,23.8550567627,23.1144504547,23.6980514526,25.3425483704,27.6444511414,25.2635478973,28.917427063,23.8766841888,23.8360500336,22.1148548126,22.9653549194,21.0126209259,20.7720451355,20.3229541779,19.6392059326,19.639585495,17.5189170837,17.8393306732,16.43608284,16.7941493988,16.7201366425,17.1021385193,18.275510788,14.2632799149,13.2010002136,13.1320695877,11.8957366943,12.3397054672,12.8146438599,11.6663331985,11.9965257645,11.1406326294,11.7268857956,11.0588798523,11.7816667557,11.1464967728,11.1135568619,10.9262886047,11.0355167389,10.7862129211,10.1367807388,9.3940696716,11.3596286774,10.0882921219,10.2643566132,9.8494262695,10.0978889465,9.5480766296,9.8362779617,10.3499584198,9.0224819183,8.6290407181,8.5329704285,8.1254043579,9.0538415909,8.5449838638,8.7956027985,8.1148643494,7.4086956978,7.2957825661,5.6664328575,5.7180724144,5.6047840118,5.6604909897,6.6555294991,7.0653877258,6.9199824333,6.8422484398,9.0349636078,8.1491327286,7.8798604012,8.4094371796,7.6413865089,0.8998577595,0.5187568069,0.6616741419]},"step_min_q":{"0":[5.064347744,3.2388458252,0.0,0.0,0.0,0.0,-0.2860404253,-0.3413676023,-0.0404474661,-0.2071487308,-0.193267554,-0.8336501122,-1.1976798773,-0.8077786565,-0.3689604104,-0.4952672124,-0.3748867512,-0.5718891621,-0.4400710166,-0.523553431,-0.5300107002,-0.522682488,-0.5470403433,-0.6067274213,-0.6418092251,-0.5669594407,-0.7783131003,-0.5818843842,-0.6542983055,-0.8076519966,-0.6473914385,-0.7353197336,-0.6516910791,-0.761662364,-0.9674178362,-0.6317324042,-0.6456933618,-0.5163329244,-0.5278027654,-0.5640226603,-0.4622916579,-0.6030132174,-0.4783827662,-0.4289736748,-0.3695172071,-0.3434683383,-0.1748628616,-0.3682082593,-0.2898241878,-0.3523050845,-0.2219632119,-0.2591600418,-0.2462709248,-0.2649862468,-0.2306515872,-0.2650402784,-0.299764812,-0.3127165437,-0.0968297347,-0.2530465424,-0.317353934,-0.5267097354,-0.4341346025,-0.3229475915,-0.2406561375,-0.2709522545,-0.0594817698,-0.1412516832,0.0,0.0,0.0,0.0,0.0,0.0,0.0,0.0,0.0,0.0,0.0]},"step_mean_q":{"0":[11.5885858536,11.5795021057,11.5512075424,11.4484577179,11.3676795959,11.2562656403,11.1307373047,10.9213457108,10.6725358963,10.3911943436,10.1040840149,9.73462677,9.3801174164,8.9900856018,8.5791473389,8.1504821777,7.7640309334,7.377679348,7.0003519058,6.6286506653,6.2774376869,5.9482274055,5.6429491043,5.3697915077,5.1021122932,4.8842964172,4.6720485687,4.4585466385,4.2340321541,4.0486998558,3.8250849247,3.6707844734,3.5169126987,3.4070358276,3.2298247814,3.0872712135,3.0038731098,2.943072319,2.8651030064,2.7699434757,2.8055918217,2.7997133732,2.684845686,2.5552690029,2.6000392437,2.6046588421,2.5959079266,2.6079456806,2.4880313873,2.5009284019,2.3396174908,2.4691092968,2.3999526501,2.0318586826,1.9500380754,2.0587925911,1.9695837498,2.1035525799,2.2016687393,2.0774595737,2.101829052,2.0102305412,2.1909697056,1.9516612291,2.1416962147,2.1613652706,2.6646549702,3.3012962341,4.5826430321,4.6577630043,4.1129970551,4.9641861916,4.7829065323,4.6565761566,4.7720880508,4.3551683426,0.8998577595,0.5187568069,0.6616741419]},"episodes_still_running":{"0":[4096.0,4096.0,4095.0,4094.0,4092.0,4090.0,4089.0,4083.0,4081.0,4077.0,4064.0,4056.0,4044.0,4030.0,4013.0,3988.0,3957.0,3924.0,3867.0,3804.0,3739.0,3679.0,3595.0,3493.0,3385.0,3235.0,3063.0,2890.0,2693.0,2453.0,2246.0,2049.0,1839.0,1635.0,1451.0,1289.0,1155.0,1008.0,891.0,745.0,638.0,556.0,485.0,422.0,368.0,328.0,294.0,262.0,220.0,200.0,165.0,141.0,122.0,99.0,79.0,64.0,57.0,50.0,41.0,35.0,32.0,29.0,19.0,14.0,12.0,11.0,9.0,7.0,4.0,3.0,3.0,3.0,2.0,2.0,2.0,2.0,1.0,1.0,1.0]},"step_range_q":{"0":[16.6678943634,20.5488739014,23.8940792084,23.8550567627,23.1144504547,23.6980514526,25.6285896301,27.9858188629,25.3039951324,29.1245765686,24.0699520111,24.6697006226,23.3125343323,23.7731342316,21.3815822601,21.2673130035,20.6978416443,20.2110958099,20.079656601,18.042470932,18.3693408966,16.9587650299,17.3411903381,17.3268642426,17.7439479828,18.8424701691,15.041592598,13.7828845978,13.7863674164,12.7033882141,12.9870967865,13.5499639511,12.3180246353,12.7581882477,12.1080503464,12.3586177826,11.7045736313,12.297999382,11.6742992401,11.6775798798,11.3885803223,11.6385297775,11.2645959854,10.5657539368,9.763586998,11.7030973434,10.2631549835,10.6325645447,10.1392507553,10.4501943588,9.7700395584,10.0954380035,10.5962295532,9.2874679565,8.8596925735,8.7980108261,8.4251689911,9.366558075,8.6418132782,9.0486497879,8.4322185516,7.9354052544,7.7299170494,5.9893803596,5.9587287903,5.8757362366,5.7199726105,6.7967810631,7.0653877258,6.9199824333,6.8422484398,9.0349636078,8.1491327286,7.8798604012,8.4094371796,7.6413865089,0.8998577595,0.5187568069,0.6616741419]},"mean_loss:":{"0":1.3548073769},"rmse":{"0":1.1639618874},"step_rmse":{"0":[1.1180430651,1.1742556095,1.1754081249,1.201705575,1.2114471197,1.2339682579,1.2442649603,1.2722808123,1.308396101,1.3279311657,1.3276441097,1.3295344114,1.323931694,1.28462255,1.2600121498,1.2146048546,1.1927242279,1.1864441633,1.1712040901,1.1639620066,1.1525719166,1.1494750977,1.1137658358,1.106996417,1.0623407364,1.0423406363,1.0262233019,0.9799394608,0.9803858995,0.9705130458,0.9839588404,0.9671493173,0.9688326716,0.9721030593,0.9777262807,0.962125659,0.9786541462,1.030605197,0.9549566507,0.9296771288,0.9408576488,0.9640780687,0.9433954954,0.9622523189,0.9141588211,0.9214197993,0.9582144618,0.9575342536,1.0007445812,1.0058956146,1.1626837254,1.1455655098,1.2331409454,1.1911330223,1.2188322544,0.9673068523,0.8544262052,0.9295039177,1.0394830704,1.1041470766,1.2644598484,1.1867749691,1.1231440306,1.179392457,1.2107359171,1.3711410761,1.4926202297,1.6787230968,1.7835130692,2.0517485142,1.9769164324,1.9174612761,0.7713428736,1.0611330271,0.4082067311,0.8316200972,0.2422327995,0.0999891162,0.2692207098]},"rmse_by_q":{"0":15.0960102081},"step_rmse_by_q":{"0":[9.6477956772,10.1408119202,10.1756296158,10.4966592789,10.6569433212,10.9625015259,11.1786394119,11.6494874954,12.2594680786,12.7793893814,13.1396789551,13.657784462,14.1142339706,14.2893257141,14.6869153976,14.9022464752,15.3621778488,16.0815353394,16.7306461334,17.5595607758,18.3605480194,19.3246669769,19.7373008728,20.6152591705,20.8215866089,21.3406505585,21.9651679993,21.9788990021,23.1548995972,23.9709815979,25.7238426208,26.3472118378,27.5478153229,28.5322227478,30.2718048096,31.1642742157,32.5797424316,35.0180053711,33.3306236267,33.5630340576,33.5350875854,34.4348831177,35.1377944946,37.6575737,35.1594238281,35.375831604,36.9124984741,36.7160339355,40.2223472595,40.2208900452,49.6954612732,46.3959007263,51.3818855286,58.6228256226,62.5029983521,46.9841804504,43.3810577393,44.1873397827,47.2134170532,53.1489067078,60.1599769592,59.0367622375,51.2624130249,60.4301795959,56.5316390991,63.4386520386,56.0155143738,50.8504219055,38.9188728333,44.0500831604,48.0651092529,38.6258926392,16.127073288,22.7878379822,8.5540485382,19.0950164795,26.9190101624,19.2747573853,40.6878089905]},"mean_error":{"0":0.8426358104},