{"max_q":{"0":25.7379112244},"min_q":{"0":-1.3423844576},"mean_q":{"0":4.1174988747},"range_q":{"0":27.0802955627},"step_max_q":{"0":[22.3314876556,25.1302928925,22.2802505493,25.7379112244,19.6209850311,22.2675895691,21.3213291168,21.7977142334,24.9137325287,19.3151512146,19.8531475067,20.4037036896,22.1573963165,24.0277175903,20.9525794983,20.0367240906,18.5013141632,21.6695194244,22.500787735,20.5781517029,19.2881584167,17.6916675568,20.4920272827,15.4109773636,16.7772712708,16.2479686737,13.1666202545,15.8636484146,13.6994218826,12.240073204,15.0254144669,14.4971590042,11.7418289185,11.4311656952,14.5494060516,14.8235034943,10.5911560059,9.9282274246,11.1514253616,10.7434082031,10.1278619766,9.4675855637,10.144990921,10.0552177429,10.0018215179,9.6436538696,10.2394008636,8.7822971344,9.3606119156,9.4713048935,9.4845905304,9.4752731323,9.5986032486,8.0934705734,9.6100063324,7.0323796272,6.0071158409,6.0042700768,7.0883960724,7.0754284859,7.081703186,7.1355352402,7.1844911575,7.2386684418,7.2815489769,7.0191607475,6.7335639,7.0969600677,6.4774065018,6.6483268738,6.3168916702,6.2882761955,5.9559335709,5.9014234543,6.0020980835,6.0770611763,6.1227998734,6.1509308815,6.1862301826,6.2406959534,6.2990531921,6.3483781815,6.3864502907,6.1771812439,6.1737728119,5.9688234329,5.7613005638,5.7693004608,5.5846924782,5.3927621841,5.2127532959,5.2076635361,5.1775069237,4.2474894524,4.0338816643,3.8064551353,5.1282773018,4.9753732681,5.4742116928,1.6590847969,1.6324130297,2.1596069336]},"step_min_q":{"0":[2.2364337444,0.0,-0.0893437862,-0.520868659,-0.2644168735,-0.8429448605,-0.0061089098,-0.051451087,0.0,-0.0784008503,-0.2496094704,-0.3149501681,-0.6346592903,-0.852283299,-0.5584920645,-0.5336429477,-1.128090024,-0.6210240126,-1.3423844576,-0.4754467607,-0.4869936705,-0.6542475224,-0.749550879,-0.6311560273,-0.5991199017,-0.4841569066,-0.4829279184,-0.4838352799,-0.7987395525,-0.6633737683,-0.852517724,-0.85476017,-0.7762203813,-0.881419003,-1.0542776585,-0.6999670863,-0.7087656856,-0.8379790187,-0.6508477926,-1.1540511847,-0.722683847,-0.740624845,-1.022913456,-0.7833291888,-0.928509295,-0.6978759766,-0.8297498226,-0.5592528582,-0.6258281469,-0.6128924489,-0.7098982334,-0.6497480869,-0.8672184944,-0.4998959303,-0.4907424748,-0.5419886112,-0.5140368938,-0.4484762847,-0.4864631593,-0.4096570015,-0.3576207757,-0.7682765722,-0.5552889705,-0.5249336958,-0.5074647665,-0.4598920941,-0.4343806207,-0.4103550017,-0.3870046735,-0.364386797,-0.3424088955,-0.3201748729,-0.3383426666,-0.2762410045,-0.3100025654,-0.3376250267,-0.217312634,-0.3340349197,-0.4183862209,-0.1222006679,-0.1224773824,0.0,0.0,0.0,0.0,0.0,0.0,0.0,0.0,0.0,0.0,-0.049234271,-0.1054165363,-0.1151864529,-0.411793232,0.0,0.0,0.0,0.0,0.0,0.0,0.0]},"step_mean_q":{"0":[8.0549402237,8.3029623032,8.0703105927,7.9014148712,7.6041069031,7.3339104652,7.0869598389,6.781232357,6.5315284729,6.2193288803,5.9155721664,5.5621347427,5.2115573883,4.805627346,4.4810037613,4.1274557114,3.7925131321,3.5085077286,3.2016294003,2.9066972733,2.6660449505,2.4427258968,2.2679932117,2.0723204613,1.8921489716,1.7271711826,1.5695770979,1.4451202154,1.3194468021,1.2350517511,1.1793813705,1.1155585051,1.0830466747,1.0442698002,1.0155497789,1.0146577358,0.9959813952,0.9569810629,0.9260886312,0.9025195837,0.9017777443,0.9008818865,0.8881366849,0.8990587592,0.8809637427,0.8786160946,0.9124555588,0.8659518361,0.8637446761,0.9132250547,0.930259645,0.9415945411,0.929142952,0.9366617799,0.9646339417,0.9669405818,0.9688000679,1.0064539909,1.105713129,1.1092345715,1.2031233311,1.2573262453,1.2918890715,1.2744048834,1.3268008232,1.4154601097,1.5631338358,1.6683559418,1.5195300579,1.4869872332,1.4238247871,1.3619683981,1.5219604969,1.4990724325,1.5734832287,1.5511351824,1.3182080984,1.3268268108,1.1917088032,1.4433801174,1.3460212946,1.6376180649,1.649528861,1.5048812628,1.5956833363,1.7083041668,1.7341229916,1.7259280682,1.4615767002,1.3062856197,1.2237672806,1.8326858282,1.7686710358,1.5205309391,1.4588114023,2.0442042351,3.4164209366,3.3376116753,3.5778925419,1.6590847969,1.6324130297,2.1596069336]},"episodes_still_running":{"0":[4096.0,4095.0,4092.0,4083.0,4070.0,4059.0,4044.0,4029.0,4020.0,4008.0,3987.0,3961.0,3934.0,3901.0,3863.0,3815.0,3760.0,3677.0,3585.0,3502.0,3432.0,3330.0,3235.0,3117.0,2990.0,2846.0,2711.0,2580.0,2445.0,2322.0,2184.0,2052.0,1892.0,1769.0,1633.0,1490.0,1383.0,1265.0,1154.0,1059.0,952.0,860.0,781.0,704.0,645.0,589.0,539.0,493.0,443.0,395.0,361.0,318.0,289.0,264.0,233.0,208.0,181.0,158.0,140.0,125.0,109.0,100.0,95.0,81.0,72.0,64.0,55.0,49.0,44.0,39.0,36.0,35.0,31.0,28.0,25.0,24.0,20.0,19.0,17.0,14.0,14.0,10.0,10.0,10.0,10.0,10.0,10.0,10.0,8.0,8.0,8.0,5.0,5.0,5.0,5.0,4.0,2.0,2.0,2.0,1.0,1.0,1.0]},"step_range_q":{"0":[20.0950546265,25.1302928925,22.369594574,26.2587795258,19.8854026794,23.110534668,21.3274383545,21.8491649628,24.9137325287,19.3935527802,20.1027565002,20.7186546326,22.79205513,24.8800010681,21.5110721588,20.5703678131,19.629404068,22.2905426025,23.8431720734,21.0535984039,19.7751522064,18.3459148407,21.2415790558,16.0421333313,17.3763904572,16.732126236,13.6495485306,16.3474845886,14.4981613159,12.9034471512,15.8779325485,15.3519191742,12.5180492401,12.312584877,15.6036834717,15.5234708786,11.2999219894,10.7662067413,11.8022727966,11.8974590302,10.8505458832,10.2082099915,11.1679039001,10.8385467529,10.9303312302,10.3415298462,11.0691509247,9.3415498734,9.9864397049,10.0841970444,10.1944885254,10.1250209808,10.4658222198,8.5933666229,10.1007490158,7.5743684769,6.5211524963,6.4527463913,7.5748591423,7.4850854874,7.4393239021,7.9038119316,7.7397799492,7.7636022568,7.7890138626,7.4790530205,7.1679444313,7.5073151588,6.8644113541,7.0127134323,6.6593008041,6.6084508896,6.2942762375,6.1776642799,6.3121004105,6.414686203,6.3401126862,6.4849658012,6.6046161652,6.3628964424,6.4215307236,6.3483781815,6.3864502907,6.1771812439,6.1737728119,5.9688234329,5.7613005638,5.7693004608,5.5846924782,5.3927621841,5.2127532959,5.2568979263,5.2829236984,4.3626756668,4.4456748962,3.8064551353,5.1282773018,4.9753732681,5.4742116928,1.6590847969,1.6324130297,2.1596069336]},"mean_loss:":{"0":0.6529617906},"rmse":{"0":0.8080605268},"step_rmse":{"0":[0.6377541423,0.6783053875,0.7154505253,0.777690351,0.8133742809,0.8235858679,0.8703485131,0.9122823477,0.9456912875,1.0373200178,0.9767771363,1.0137336254,0.9940108061,0.9691982865,0.9418501854,0.9259411097,0.9215204716,0.9162781239,0.8936400414,0.86495924,0.8727702498,0.7826311588,0.7779322863,0.7705104351,0.7596674562,0.7568035126,0.7072116137,0.6785764694,0.6457903385,0.6244155765,0.6197381616,0.6169608831,0.6165217161,0.5882570744,0.6128575206,0.5918641686,0.5691648722,0.5678151846,0.5536982417,0.5743393302,0.5534279346,0.5188714266,0.5337079763,0.476433754,0.4873107076,0.5417362452,0.5732377768,0.5016921163,0.5739546418,0.5825419426,0.5980617404,0.545372963,0.6125280857,0.5485489964,0.5841283798,0.5662385821,0.6479942203,0.5945734382,0.6648401618,0.7427771091,0.7085968852,0.7884037495,0.6613504291,0.6165179014,0.6513916254,0.6822373271,0.7756565809,0.8611341715,0.777151823,0.7633748651,0.7954820991,0.7176153064,0.8188689947,0.8618715405,0.8340501785,0.9842460155,0.933352232,0.8635960817,1.0172973871,0.9779917002,0.8297320008,1.0752671957,0.9361374378,0.8976047039,1.0303245783,1.00263381,0.8122591376,0.7263200283,0.7633824944,0.7102906108,0.7079703212,0.8715516329,0.8734255433,0.894579649,0.9897961617,1.0323041677,0.9575694799,1.3656359911,1.544878006,0.1336350441,0.095040679,0.1769456863]},"rmse_by_q":{"0":19.6250343323},