{"max_q":{"0":34.6472206116},"min_q":{"0":-1.1332179308},"mean_q":{"0":4.037712574},"range_q":{"0":35.7804374695},"step_max_q":{"0":[22.5690689087,25.07239151,22.3096237183,24.2507572174,19.4318008423,19.1667728424,20.4336738586,23.1128883362,22.238483429,20.6050434113,21.239818573,23.0999603271,21.4878959656,22.9672622681,22.5700569153,20.6335849762,20.2001590729,23.7930335999,25.6963348389,29.2548484802,18.1141281128,34.6472206116,25.2774276733,25.8133907318,24.1216201782,30.594745636,20.0208969116,17.8461284637,18.7435626984,15.8416814804,16.2137756348,18.2116031647,18.6410064697,20.6290988922,13.2223434448,15.5744628906,17.4125366211,11.372130394,10.9213562012,9.5464992523,9.4614963531,9.3634090424,9.4738740921,9.8057279587,9.0112476349,9.9218540192,9.6290903091,8.2750644684,8.2981624603,8.5600032806,8.5949373245,8.4194869995,8.9488191605,8.864364624,7.2959747314,7.5232648849,6.4201889038,6.1695575714,6.0278029442,5.6459245682,5.5337190628,5.1523985863,5.7345571518,5.4102144241,5.6950159073,5.2677936554,5.3570208549,5.8118691444,5.9296741486,5.7678170204,5.432747364,5.2703990936,5.0927200317,5.4126105309,5.4516496658,5.7117342949,5.3259353638,5.3122401237,5.3056883812,5.2914199829,5.318043232,5.3231692314,5.2904958725,5.1169080734,5.0736455917,5.2213101387,5.7683391571,5.9370617867,4.5855932236,4.4791212082,4.3382530212,4.3089241982,4.0406575203,3.3535778522,3.3220789433,3.3905389309,5.3529868126,5.511100769,6.7105107307,1.6344456673,1.5528216362,2.0675675869]},"step_min_q":{"0":[2.1371314526,0.0,-0.0809977353,-0.7139521837,0.0,-0.2048382759,-0.1289206147,-0.3305567503,0.0,-0.134765327,-0.1046240926,-0.3945294023,-0.4222390056,-0.3243783116,-0.3075777292,-0.3525874019,-0.4436770678,-0.7604481578,-0.5105850101,-0.552449584,-0.4033926129,-0.3818064928,-0.5752331018,-0.9251134396,-0.6196494102,-0.833645463,-0.5812000036,-0.6354010105,-0.8240531683,-0.6036022902,-0.7495228648,-0.7593666315,-0.9389843941,-0.7587329149,-0.8296321034,-0.8381387591,-0.728331089,-0.6860852242,-0.7791384459,-0.8608698845,-0.9510457516,-0.8906034231,-0.8834892511,-0.995074451,-0.7281631827,-0.7305332422,-0.9568678737,-0.8004309535,-0.8995037675,-0.7139978409,-0.8193384409,-0.6350467205,-0.7503836155,-0.7658278346,-0.6161449552,-1.1332179308,-0.6581685543,-0.6715988517,-0.6221441031,-0.6127052307,-0.5874809027,-0.6452713609,-0.675829649,-0.6229333878,-0.6455367804,-0.5705500245,-0.5171122551,-0.8014813662,-0.4817864895,-0.6085895896,-0.530823946,-0.5206313133,-0.3430472314,-0.2656423151,-0.2524878681,-0.312874496,-0.1517155915,-0.3500409126,-0.3159722686,-0.2121645808,-0.2528983951,-0.2855479717,-0.3181120753,-0.3501363397,-0.4146142006,-0.4277176857,-0.4399120808,-0.4544516802,-0.4693256021,-0.4810301661,-0.5348860025,-0.2769667506,-0.0276649743,-0.4073773623,-0.24015975,-0.1638190299,0.0,0.0,0.0,0.0,0.0,0.0]},"step_mean_q":{"0":[7.9206628799,8.142868042,7.9315161705,7.7564330101,7.4967494011,7.245724678,7.0023827553,6.6785087585,6.4435176849,6.135556221,5.8338303566,5.4786100388,5.1359591484,4.7367582321,4.4146099091,4.0392622948,3.7263016701,3.423440218,3.134791851,2.8436295986,2.6085970402,2.3702921867,2.2076926231,2.0136592388,1.8271845579,1.6818282604,1.5084397793,1.4035878181,1.275274992,1.191817522,1.1179618835,1.0664567947,1.045224309,1.0198944807,0.9746938348,0.9707678556,0.9518202543,0.8981565237,0.8661171198,0.8363432288,0.8298784494,0.8341742158,0.8138934374,0.818369925,0.8058959246,0.8180573583,0.8311133385,0.7902976274,0.8279265165,0.8405323625,0.8727142215,0.8840689063,0.8742663264,0.876006186,0.8805908561,0.8798246384,0.8732693791,0.8955570459,0.9961636066,0.9805457592,1.0409418344,1.0636140108,1.0657455921,1.0493450165,1.0844929218,1.1980074644,1.2638014555,1.3510866165,1.3347086906,1.2410920858,1.2752771378,1.2761918306,1.3653479815,1.4693719149,1.612247467,1.6577014923,1.2936048508,1.3085961342,1.2324678898,1.5022236109,1.517529726,1.4111694098,1.4975907803,1.4600770473,1.448184967,1.5831847191,1.6021883488,1.5142771006,1.1521391869,1.101116538,0.9919266701,1.5445108414,1.4731640816,1.288282752,1.3561354876,1.9248631001,3.5772285461,3.6334824562,4.2065601349,1.6344456673,1.5528216362,2.0675675869]},"episodes_still_running":{"0":[4096.0,4095.0,4092.0,4083.0,4070.0,4059.0,4044.0,4029.0,4020.0,4008.0,3987.0,3961.0,3934.0,3901.0,3863.0,3815.0,3760.0,3677.0,3585.0,3502.0,3432.0,3330.0,3235.0,3117.0,2990.0,2846.0,2711.0,2580.0,2445.0,2322.0,2184.0,2052.0,1892.0,1769.0,1633.0,1490.0,1383.0,1265.0,1154.0,1059.0,952.0,860.0,781.0,704.0,645.0,589.0,539.0,493.0,443.0,395.0,361.0,318.0,289.0,264.0,233.0,208.0,181.0,158.0,140.0,125.0,109.0,100.0,95.0,81.0,72.0,64.0,55.0,49.0,44.0,39.0,36.0,35.0,31.0,28.0,25.0,24.0,20.0,19.0,17.0,14.0,14.0,10.0,10.0,10.0,10.0,10.0,10.0,10.0,8.0,8.0,8.0,5.0,5.0,5.0,5.0,4.0,2.0,2.0,2.0,1.0,1.0,1.0]},"step_range_q":{"0":[20.4319381714,25.07239151,22.3906211853,24.9647102356,19.4318008423,19.3716106415,20.5625953674,23.4434452057,22.238483429,20.7398090363,21.3444423676,23.4944896698,21.9101352692,23.2916412354,22.8776340485,20.9861717224,20.6438369751,24.5534820557,26.2069206238,29.8072986603,18.5175209045,35.0290260315,25.8526611328,26.7385044098,24.7412700653,31.4283905029,20.6020965576,18.4815292358,19.567615509,16.4452838898,16.9632987976,18.9709701538,19.579990387,21.3878326416,14.0519752502,16.4126014709,18.1408672333,12.058216095,11.7004947662,10.4073696136,10.4125423431,10.2540121078,10.3573637009,10.8008022308,9.7394104004,10.652387619,10.5859584808,9.0754957199,9.1976661682,9.2740011215,9.414276123,9.0545339584,9.6992025375,9.6301927567,7.9121198654,8.6564826965,7.0783576965,6.8411564827,6.6499471664,6.2586297989,6.1212000847,5.7976698875,6.4103870392,6.0331478119,6.3405528069,5.8383436203,5.87413311,6.6133503914,6.4114608765,6.3764066696,5.9635715485,5.791030407,5.4357671738,5.678252697,5.7041373253,6.0246086121,5.4776511192,5.6622810364,5.6216607094,5.5035843849,5.5709414482,5.6087169647,5.608607769,5.4670443535,5.4882597923,5.6490278244,6.2082509995,6.3915133476,5.054918766,4.9601511955,4.8731389046,4.58589077,4.0683226585,3.7609553337,3.5622386932,3.5543580055,5.3529868126,5.511100769,6.7105107307,1.6344456673,1.5528216362,2.0675675869]},"mean_loss:":{"0":0.7794344425},"rmse":{"0":0.8828558326},"step_rmse":{"0":[0.6467764974,0.7018759251,0.764256835,0.8491894007,0.8620800376,0.8444651961,0.9038161039,0.9550303221,0.999086678,1.082321167,1.0597765446,1.0840878487,1.0736932755,1.0574495792,1.020011425,1.0289816856,0.9915273786,0.9997642636,0.9866110682,0.952290833,0.9191647172,0.946734488,0.8726541996,0.9172288775,0.872203052,0.9316863418,0.8163304925,0.7581425905,0.7549687624,0.686575532,0.694016993,0.7685803771,0.8223335147,0.7586840987,0.684166491,0.6785587072,0.6549257636,0.645639956,0.6394921541,0.6046040654,0.5980293751,0.5827833414,0.561511755,0.5633223653,0.5646474361,0.5555761456,0.5518378615,0.5363844633,0.5572221279,0.5564095378,0.5972520113,0.5548512936,0.5867558718,0.6380482316,0.6040272713,0.6324518323,0.7201390862,0.6465363503,0.7079207301,0.7711690664,0.7096960545,0.771619916,0.7052737474,0.6131720543,0.6490689516,0.6700177193,0.7984754443,0.8885910511,0.8148206472,0.818382442,0.7449837327,0.8009038568,0.7344205976,0.9069886208,0.809753418,0.9226990938,0.8383167386,0.6119167805,0.915667057,0.9195934534,0.6281834841,0.831443131,0.7628694773,0.6037177444,0.7864806652,0.6601140499,0.4635276198,0.3315523863,0.3367637992,0.3242091835,0.3018920124,0.412697345,0.4408667684,0.4769424796,0.7493623495,0.8298406005,1.1098195314,1.7410569191,2.4175169468,0.1582741737,0.1746320724,0.0849063396]},"rmse_by_q":{"0":21.8652477264},