{"max_q":{"0":26.4835090637},"min_q":{"0":-1.1893713474},"mean_q":{"0":7.6373858452},"range_q":{"0":27.6728801727},"step_max_q":{"0":[22.2723503113,23.2067966461,22.8362312317,22.8930854797,23.0022850037,22.3622016907,24.3017902374,24.0658016205,24.8058929443,26.4835090637,21.713848114,23.3219795227,22.5385112762,23.0435276031,20.6823310852,21.8653964996,20.2019424438,18.8116283417,20.3463783264,17.2923259735,17.6172218323,17.2658119202,16.3839149475,16.1245574951,16.5608234406,18.0239448547,14.153342247,14.9167633057,13.4432754517,12.5220441818,13.3167152405,13.1916761398,12.2877950668,11.8363265991,11.4274816513,11.7396507263,11.3340120316,12.5169115067,12.1600112915,12.0265197754,11.0236063004,10.4821510315,10.531709671,9.5831918716,9.6426343918,10.2568016052,9.1085910797,9.9444818497,9.7255001068,9.8521080017,9.1976003647,9.3600416183,10.7178735733,8.858423233,8.3130598068,8.6587524414,8.0321540833,9.1069660187,8.4285898209,8.766494751,7.6870732307,7.7670507431,6.9375,6.4008307457,6.1794342995,6.4155259132,6.2483096123,7.1232681274,7.4209384918,7.1807141304,7.0164222717,8.2590036392,8.4848194122,8.0493898392,8.1971969604,7.8579730988,0.5248569846,0.1898855567,0.6066811681]},"step_min_q":{"0":[5.0584897995,3.0538733006,0.0,0.0,-0.0289680958,0.0,-0.0892234594,-0.1709281206,-0.0208645463,-0.0606375933,-0.0943072438,-0.1029151231,-0.6221768856,-0.8314706683,-0.4086081386,-0.7521985173,-0.5508986115,-0.8154402971,-0.3815152645,-0.8193972111,-0.7040261626,-0.8071815372,-0.9849664569,-1.0116825104,-0.8792637587,-1.1893713474,-0.5647363067,-0.9393213391,-0.8154087663,-0.9819535017,-0.7422608733,-0.8458939195,-0.7425768375,-0.6845042706,-0.6946467757,-0.5591682196,-0.7104558945,-0.6504956484,-0.7386876345,-0.7409334779,-0.601976037,-0.5268841982,-0.6139589548,-0.4100707769,-0.7348795533,-0.6670904756,-0.858312726,-0.7450104356,-0.405580312,-0.4230961204,-0.4064351618,-0.5855221152,-0.4220594764,-0.63190943,-0.4019147754,-0.2791973948,-0.2925969362,-0.3320622444,-0.0926321,-0.1853146255,-0.2388299704,-0.4715601206,-0.3014404774,0.0,0.0,-0.1264583021,-0.0200842768,-0.2140686065,0.0,0.0,0.0,0.0,0.0,0.0,0.0,0.0,0.0,0.0,0.0]},"step_mean_q":{"0":[11.4156599045,11.4032907486,11.3987312317,11.3316287994,11.2343235016,11.1208658218,10.9838838577,10.7758245468,10.5480518341,10.2512636185,9.9777050018,9.636847496,9.2928695679,8.9190073013,8.5119829178,8.1030788422,7.7118916512,7.3518147469,6.9861073494,6.6068415642,6.2618794441,5.9325137138,5.6304306984,5.3457827568,5.0975871086,4.8868536949,4.6693682671,4.4567565918,4.2307581902,4.0295948982,3.8165678978,3.6658840179,3.4839007854,3.3783125877,3.1921699047,3.0404818058,2.9414999485,2.8990023136,2.8247790337,2.7206978798,2.7759137154,2.7594451904,2.6600687504,2.4845516682,2.5189404488,2.4853212833,2.4612109661,2.5027172565,2.3584544659,2.3774039745,2.192679882,2.328553915,2.2155828476,1.807123065,1.739074707,1.8045847416,1.6886668205,1.8240685463,1.8788433075,1.8149255514,1.8194053173,1.79570508,1.9592446089,1.5990946293,1.6632705927,1.719873786,1.9990005493,2.2754046917,3.5499250889,3.5726935863,2.9060935974,3.5343444347,4.7122879028,4.484536171,4.3912377357,4.2126688957,0.5248569846,0.1898855567,0.6066811681]},"episodes_still_running":{"0":[4096.0,4096.0,4095.0,4094.0,4092.0,4090.0,4089.0,4083.0,4081.0,4077.0,4064.0,4056.0,4044.0,4030.0,4013.0,3988.0,3957.0,3924.0,3867.0,3804.0,3739.0,3679.0,3595.0,3493.0,3385.0,3235.0,3063.0,2890.0,2693.0,2453.0,2246.0,2049.0,1839.0,1635.0,1451.0,1289.0,1155.0,1008.0,891.0,745.0,638.0,556.0,485.0,422.0,368.0,328.0,294.0,262.0,220.0,200.0,165.0,141.0,122.0,99.0,79.0,64.0,57.0,50.0,41.0,35.0,32.0,29.0,19.0,14.0,12.0,11.0,9.0,7.0,4.0,3.0,3.0,3.0,2.0,2.0,2.0,2.0,1.0,1.0,1.0]},"step_range_q":{"0":[17.2138595581,20.152923584,22.8362312317,22.8930854797,23.0312538147,22.3622016907,24.3910140991,24.2367305756,24.826757431,26.5441474915,21.8081550598,23.4248943329,23.1606884003,23.8749980927,21.0909385681,22.6175956726,20.7528419495,19.6270694733,20.7278938293,18.1117229462,18.3212471008,18.0729942322,17.3688812256,17.1362400055,17.4400863647,19.2133159637,14.7180786133,15.8560848236,14.2586841583,13.5039978027,14.0589761734,14.0375699997,13.030371666,12.5208311081,12.1221284866,12.2988185883,12.044467926,13.1674070358,12.8986988068,12.7674531937,11.625582695,11.0090351105,11.1456689835,9.993262291,10.3775138855,10.9238920212,9.9669036865,10.6894922256,10.1310806274,10.2752037048,9.6040353775,9.9455633163,11.1399326324,9.4903326035,8.7149744034,8.9379501343,8.3247509003,9.4390277863,8.5212221146,8.9518089294,7.9259033203,8.2386112213,7.238940239,6.4008307457,6.1794342995,6.5419840813,6.2683939934,7.3373365402,7.4209384918,7.1807141304,7.0164222717,8.2590036392,8.4848194122,8.0493898392,8.1971969604,7.8579730988,0.5248569846,0.1898855567,0.6066811681]},"mean_loss:":{"0":1.4107789993},"rmse":{"0":1.1877621412},"step_rmse":{"0":[1.1130162477,1.1698969603,1.1896135807,1.2226018906,1.2371991873,1.2386857271,1.2548235655,1.2915004492,1.3472915888,1.3744006157,1.3744566441,1.3636564016,1.3338392973,1.3010555506,1.285327673,1.2684986591,1.242072463,1.2368184328,1.2079496384,1.1877682209,1.1780846119,1.1692910194,1.1480405331,1.1385084391,1.0856951475,1.0764317513,1.043859601,1.0247765779,1.0073057413,1.0090609789,1.0000388622,0.9987729192,0.9899051785,0.9733890295,0.9739841819,0.994974792,0.9981744885,1.0191179514,0.9416880012,0.9257492423,0.9276894927,0.9799159169,0.9182002544,0.9548453093,0.9133068323,0.9131469131,0.9490029812,0.9297770262,0.9409015179,0.9684394598,1.0866007805,1.1248903275,1.1770608425,1.172213316,1.1601840258,1.0481910706,0.9239167571,0.9427627325,0.9822973013,0.8936903477,1.0947262049,1.0268367529,0.9958782196,1.0736539364,1.1264497042,1.0963919163,1.2568809986,1.2063958645,1.5608724356,0.8514712453,0.821421802,0.6944804192,0.5547604561,0.9872234464,0.5896798372,0.7468941212,0.1327679753,0.228882134,0.214227736]},"rmse_by_q":{"0":15.5519456863},"step_rmse_by_q":{"0":[9.7499074936,10.2592926025,10.4363689423,10.7892866135,11.0126714706,11.1383934021,11.4242248535,11.985165596,12.772895813,13.4071331024,13.7752790451,14.1504402161,14.3533630371,14.5874481201,15.1002140045,15.6545267105,16.1059379578,16.8233089447,17.2907390594,17.9778518677,18.8135948181,19.7098751068,20.3899230957,21.2973194122,21.2982158661,22.02709198,22.3554782867,22.9937744141,23.8091068268,25.0412521362,26.2025680542,27.2450771332,28.4137001038,28.8128757477,30.5116653442,32.7242469788,33.9342002869,35.1540908813,33.3366966248,34.0261688232,33.4192466736,35.5113372803,34.5179138184,38.4312934875,36.2575798035,36.7416038513,38.5583763123,37.1507034302,39.8948326111,40.735168457,49.5558319092,48.3085365295,53.1264648438,64.8662719727,66.7127227783,58.0848922729,54.7127914429,51.6846122742,52.2820243835,49.2411575317,60.1694526672,57.182926178,50.8297042847,67.1413650513,67.7249755859,63.7483940125,62.8754692078,53.0189590454,43.969165802,23.8327541351,28.2654972076,19.6494827271,11.7726345062,22.0139465332,13.4285564423,17.7297134399,25.2960300446,120.5368881226,35.3114204407]},"mean_error":{"0":0.8512037396},