{"max_q":{"0":23.9980926514},"min_q":{"0":-0.7375047207},"mean_q":{"0":5.6357159615},"range_q":{"0":24.7355976105},"step_max_q":{"0":[21.7546882629,23.1250076294,23.2077903748,22.9925689697,23.1204395294,23.9980926514,23.734331131,22.7210617065,22.7666969299,21.8224163055,22.0207996368,21.6613693237,21.6518115997,21.4016914368,21.1908187866,20.9984874725,20.1386146545,19.0963401794,19.5091705322,18.7737064362,18.4875221252,18.296661377,17.4698257446,17.3132858276,16.9710941315,16.4440479279,16.4108905792,15.7109527588,15.5920410156,15.2615737915,14.2053031921,13.3176269531,12.9038715363,12.4881153107,12.4744472504,12.1600446701,11.6351737976,11.5438213348,11.2848377228,10.2961120605,10.0759267807,10.3632249832,9.5688171387,9.6462192535,9.394777298,9.2276859283,8.8900527954,8.8135700226,8.6185398102,8.3988132477,8.5657272339,8.0669336319,7.8102927208,7.7296261787,7.4428081512,7.5460414886,7.229092598,7.1509275436,7.1773462296,6.673456192,6.6426725388,6.5009450912,6.367190361,6.8397464752,6.5120887756,6.3315153122,6.3761863708,6.6461400986,5.6408071518,5.5016155243,5.463142395,5.5215625763,6.0866208076,6.0867462158,6.1030435562,5.9526834488,6.0854468346,5.8048305511,5.7073640823,5.9023599625,5.9975156784,5.6560821533,5.7205967903,5.7642941475,5.8420743942,5.3571214676,5.5175685883,5.7152805328,5.5617156029,4.9959201813,5.0916848183,5.3243293762,5.0746774673,4.708521843,4.7026391029,4.6173329353,4.5249156952,4.4978823662,4.5502953529,4.3090457916,4.2693805695,4.297375679,4.0190339088,4.0647649765,4.0422840118,3.8938448429,3.8950276375,3.7015705109,3.5483238697,3.5692565441,3.6489217281,3.7642741203,3.6690802574,3.7801482677,3.8579742908,3.6847331524,3.7062718868,3.5532886982,3.3924822807,2.8928053379,3.4009280205,2.7915408611,2.7408440113,2.537674427,1.6392710209,1.5775938034,1.5853452682,1.3727440834,1.360478878,1.3118402958,1.4157748222,1.3826496601,1.2625752687,1.2366714478,1.3199715614,1.2191755772,1.1382677555,1.1519341469,1.1480097771,1.0073187351,0.9080089331,0.9802305698]},"step_min_q":{"0":[5.8675384521,6.1195354462,6.1896076202,6.1365399361,6.0582108498,5.564081192,5.2914466858,5.2572450638,4.8568296432,4.7750501633,4.292757988,4.2026023865,4.0369691849,4.0332140923,3.7941567898,3.4231250286,3.3230509758,3.0854701996,2.49294734,2.5274050236,2.2264084816,2.0240607262,1.7163122892,1.5853526592,1.1466310024,0.9228287935,0.5057797432,0.4140588045,0.2023245096,0.3126302361,0.1873235106,0.186629355,0.0292152762,0.0,-0.0141624212,0.0,-0.1862816215,-0.2424561977,-0.4030518532,-0.358759284,-0.3442187905,-0.5291213989,-0.4244064093,-0.3246362209,-0.3414491415,-0.3927115798,-0.4313175082,-0.4197704196,-0.400021553,-0.5512056351,-0.415423274,-0.4736449122,-0.4021412134,-0.4079944491,-0.5964617133,-0.6392208338,-0.4493911266,-0.4472765923,-0.3846306801,-0.5325949192,-0.5504105091,-0.5552425385,-0.4306428432,-0.4880459309,-0.7375047207,-0.4823395014,-0.5401622653,-0.6533162594,-0.5462870598,-0.3731251955,-0.4638400078,-0.4014600515,-0.3981967568,-0.3364182711,-0.3766185045,-0.3791325092,-0.3163281679,-0.366060257,-0.3826038837,-0.3479527235,-0.3639436364,-0.282977879,-0.3224673867,-0.3534527421,-0.3157644868,-0.3017957807,-0.2876750231,-0.3958294392,-0.2858003974,-0.2471709847,-0.303160429,-0.1023091674,-0.3532636166,-0.1740291715,-0.1762851477,-0.2583271861,-0.2919191122,-0.3190634251,-0.2396513224,-0.1923239231,-0.0874190331,-0.1961283684,-0.0894085765,-0.0922812819,-0.1656907797,-0.1334716678,-0.0797313452,-0.0113531351,-0.1243505478,-0.1711735129,-0.1217367649,-0.1602295041,-0.157130599,-0.2018806338,-0.1032127142,-0.1274777651,-0.144620955,-0.2751554847,-0.114535749,0.0,0.0,-0.0506055951,-0.1365406513,-0.1279539466,-0.1208821535,0.0,-0.1323049068,0.0,-0.0817446113,-0.1617181897,-0.1947184205,-0.0748375654,0.0,0.0,0.0,0.0,-0.0608196855,-0.1048560143,-0.0144106746,0.0,0.0,0.0]},"step_mean_q":{"0":[10.4347829819,10.4760503769,10.4621744156,10.5116586685,10.559928894,10.5070381165,10.475110054,10.452911377,10.3741369247,10.2725772858,10.1557159424,9.9901504517,9.8116130829,9.6040792465,9.3740692139,9.1511554718,8.9228801727,8.6765480042,8.4230003357,8.1667385101,7.9100441933,7.6127510071,7.3478860855,7.0761270523,6.8016452789,6.5362892151,6.2781305313,6.0136680603,5.7681956291,5.5113973618,5.2694187164,5.0393619537,4.8101196289,4.5769233704,4.3664464951,4.1609025002,3.9496626854,3.7641921043,3.5793204308,3.3888084888,3.2207343578,3.0655782223,2.906453371,2.764595747,2.6432452202,2.526553154,2.4187572002,2.3221533298,2.224684,2.1444666386,2.0725669861,2.0178925991,1.9449338913,1.9110370874,1.8748613596,1.8292212486,1.7960907221,1.770849824,1.7477647066,1.734662652,1.7225627899,1.7049769163,1.6731967926,1.6540439129,1.6317766905,1.6021080017,1.5968497992,1.5972403288,1.604999423,1.5942724943,1.5777105093,1.581692338,1.5742089748,1.5802061558,1.5638196468,1.539044261,1.5137586594,1.5038909912,1.4791522026,1.4710253477,1.4681289196,1.4521366358,1.4321430922,1.4043310881,1.4208370447,1.4311642647,1.439170599,1.4541311264,1.4388647079,1.3844714165,1.403719902,1.4175723791,1.4120823145,1.371314764,1.3846651316,1.3323078156,1.3537089825,1.3069273233,1.2472378016,1.2330927849,1.2998081446,1.2441433668,1.1533999443,1.1389847994,1.1500861645,1.1147668362,1.0825874805,1.0490186214,1.0154031515,0.9982258081,1.0568715334,1.1164526939,1.1043368578,1.1161631346,1.0565909147,1.0178605318,0.9901346564,0.9612656832,0.9320027828,0.7451573014,0.7347095609,0.6456350684,0.6370301843,0.5827884078,0.4795707762,0.5922392607,0.5899189115,0.5651972294,0.5314471722,0.5680372119,0.4940258563,0.5606331229,0.6052160263,0.6275815368,0.5710117221,0.5070877671,0.5387240648,0.5235390663,0.5667995214,1.0073187351,0.9080089331,0.9802305698]},"episodes_still_running":{"0":[4096.0,4096.0,4096.0,4096.0,4096.0,4096.0,4096.0,4096.0,4096.0,4096.0,4096.0,4096.0,4096.0,4096.0,4096.0,4096.0,4096.0,4096.0,4096.0,4096.0,4096.0,4096.0,4096.0,4096.0,4096.0,4096.0,4096.0,4096.0,4096.0,4096.0,4096.0,4096.0,4096.0,4095.0,4095.0,4093.0,4092.0,4084.0,4079.0,4076.0,4062.0,4045.0,4023.0,3987.0,3930.0,3882.0,3827.0,3742.0,3658.0,3561.0,3444.0,3303.0,3162.0,3010.0,2860.0,2708.0,2550.0,2407.0,2278.0,2112.0,1976.0,1848.0,1746.0,1603.0,1484.0,1375.0,1264.0,1180.0,1085.0,990.0,918.0,846.0,774.0,718.0,669.0,616.0,577.0,526.0,501.0,463.0,431.0,403.0,379.0,343.0,318.0,296.0,276.0,252.0,238.0,222.0,210.0,195.0,188.0,178.0,170.0,159.0,150.0,142.0,130.0,121.0,110.0,100.0,90.0,85.0,76.0,69.0,66.0,61.0,57.0,53.0,50.0,47.0,46.0,44.0,43.0,43.0,41.0,38.0,36.0,31.0,29.0,29.0,28.0,27.0,23.0,19.0,17.0,13.0,13.0,12.0,9.0,8.0,7.0,4.0,4.0,3.0,2.0,2.0,2.0,1.0,1.0,1.0]},