{"max_q":{"0":24.5248451233},"min_q":{"0":-0.7875517607},"mean_q":{"0":6.7460026741},"range_q":{"0":25.3123970032},"step_max_q":{"0":[23.0684394836,23.7292881012,23.2108764648,24.5046596527,24.1947879791,24.5248451233,23.7887706757,24.3264579773,23.2562351227,23.0217475891,22.9184417725,24.2104873657,22.2716312408,22.6573429108,22.2151966095,22.6329479218,22.3069190979,22.5111560822,22.257768631,21.7590332031,20.9433174133,20.5471954346,20.1104946136,20.0582466125,19.7067718506,19.3015708923,18.3604984283,18.467250824,17.8709640503,17.5851173401,16.3656330109,15.9341135025,15.7104730606,16.6267681122,15.4835538864,15.0070495605,14.7884693146,14.285738945,14.3435773849,14.388882637,13.7354221344,14.0237560272,13.9021701813,12.7769927979,12.4231357574,12.3693304062,11.8642492294,11.1459579468,11.415473938,11.1308813095,10.6230173111,10.5802993774,10.3317699432,10.138504982,9.8805027008,10.0482654572,9.784371376,9.0978021622,8.8538951874,8.7065019608,8.7112007141,8.5913496017,8.3689632416,8.6902999878,8.1445150375,8.1800527573,8.6499795914,8.6790237427,8.3101959229,8.5325527191,8.1016120911,8.2302007675,7.8329391479,7.7393484116,7.9575095177,7.8747711182,8.2205648422,7.9516534805,6.7867741585,6.7134389877,6.8272547722,6.3931274414,6.7837505341,6.7861299515,6.2544403076,6.1343874931,6.241985321,6.0988306999,6.1306223869,5.8058495522,5.8647866249,6.1523313522,5.6337704659,5.9910292625,5.9859962463,5.9773945808,5.9971475601,6.0559926033,5.9529528618,6.0263895988,6.1150407791,6.2171635628,5.986371994,5.9580831528,6.0070624352,5.8783993721,5.3628220558,5.5941066742,5.6098465919,5.5687246323,5.1641054153,5.4820122719,5.5059633255,5.3472752571,5.3535375595,5.3769168854,5.2072443962,5.2081766129,5.2284502983,5.05082798,5.0463008881,5.0626497269,4.9366583824,4.8765544891,4.8878326416,4.7604227066,4.6991033554,4.7060928345,4.5748758316,3.8318400383,3.4149589539,3.805457592,4.0714139938,3.8552412987,4.0515232086,3.7878615856,3.8759887218,3.8206450939,3.659307003,3.277317524,3.6080026627,3.4526700974,3.0924379826,3.4243357182,3.2784712315,2.9342951775,3.2467033863,3.0455305576,2.2917551994,1.5116448402,1.8602830172,1.9948699474,1.2796974182,1.302927494,1.3732892275,0.9814584851,1.0602012873]},"step_min_q":{"0":[5.7612757683,5.7093954086,5.7550797462,6.0226283073,6.0955467224,6.0058188438,5.1672010422,5.3423643112,5.1110496521,4.2559137344,3.8203101158,4.0705113411,0.0,0.0,0.0,0.0,0.0,0.0,0.0,0.0,0.0,0.0,0.0,0.0,0.0,0.0,0.0,0.0,0.0,0.0,0.0,0.0,0.0,0.0,-0.219072938,-0.2077680528,-0.6875485182,-0.2769353688,-0.2469409406,-0.4607392848,-0.4437997341,-0.7640057206,-0.3554094732,-0.4933157563,-0.442771852,-0.360180378,-0.6038832068,-0.4909325242,-0.6042323709,-0.7205297947,-0.6475093365,-0.7799637318,-0.7075026035,-0.5555195212,-0.7875517607,-0.622051239,-0.5728275776,-0.6302031279,-0.6219974756,-0.519687891,-0.5682914257,-0.5598064661,-0.5362496972,-0.6073936224,-0.5574554205,-0.4730308652,-0.3912623525,-0.3913958669,-0.5166735053,-0.4117896855,-0.4500645995,-0.4249607027,-0.4151064754,-0.5192456245,-0.4416846037,-0.4389606118,-0.3579340577,-0.2435256839,-0.2579073012,-0.2611207962,-0.2711668611,-0.3961229026,-0.2501831055,-0.3435767293,-0.4669054747,-0.2920722961,-0.351219207,-0.5507490039,-0.5068943501,-0.604419291,-0.2636878192,-0.3864182532,-0.3559598923,-0.1103403866,-0.1586440802,-0.2960429192,-0.0309611261,-0.2340412736,-0.105968006,-0.2512263954,-0.5435987711,-0.2237392217,-0.193642959,-0.1938624978,-0.1259250045,-0.2313934863,-0.0619771034,-0.1932586133,-0.1920332313,-0.1472078562,-0.1814859957,-0.1376149505,-0.327668041,-0.288184166,-0.3277528286,-0.3901374638,-0.2680640221,-0.2503384948,-0.3147187829,-0.2225956023,-0.1068636924,-0.1859415472,-0.2817179263,-0.1234612465,-0.2785401642,-0.3709802628,-0.3331030607,-0.0140765607,-0.0034231097,0.0,0.0,0.0,0.0,0.0,0.0,0.0,0.0,0.0,0.0,0.0,0.0,-0.0348100513,0.0,-0.2738598883,0.0,-0.1340085566,0.0,0.0,0.0,0.0,0.0,0.0,-0.125303641,0.0,0.0,0.0,0.0]},"step_mean_q":{"0":[11.7632541656,11.8241491318,11.8232307434,11.9270792007,11.9897890091,12.0082731247,11.9436168671,11.9448986053,11.8900575638,11.812048912,11.6867303848,11.5805587769,11.4499225616,11.285115242,11.0803461075,10.9011011124,10.7056016922,10.4545040131,10.2140636444,9.9771623611,9.7250432968,9.4408922195,9.1697883606,8.8912038803,8.6073465347,8.2990722656,8.0066289902,7.7205247879,7.4307999611,7.1260123253,6.8382573128,6.569580555,6.2959852219,6.0238652229,5.7662844658,5.5170726776,5.2734665871,5.0490884781,4.8224539757,4.5988068581,4.3928523064,4.1979637146,3.9932391644,3.8026409149,3.6381356716,3.4753992558,3.3429806232,3.2145307064,3.0957019329,2.9788849354,2.8860552311,2.7982890606,2.7214887142,2.6533367634,2.5969350338,2.5566906929,2.5017280579,2.4638156891,2.4188175201,2.4099910259,2.3816993237,2.362000227,2.3498301506,2.3239455223,2.308293581,2.2756383419,2.2715649605,2.278857708,2.2458508015,2.2405765057,2.1973114014,2.204729557,2.2139501572,2.201633215,2.2275357246,2.2485029697,2.2223658562,2.2207839489,2.2161750793,2.1568069458,2.1205201149,2.0822782516,2.0145919323,2.0248966217,2.0217077732,2.0045311451,1.9847720861,1.9659487009,1.9559475183,1.9272800684,2.0165197849,2.0329663754,2.0104165077,2.0198290348,2.0331964493,2.0299649239,2.0009181499,1.9967831373,2.0173561573,2.0580461025,1.9871083498,1.9293333292,1.9844700098,1.9363142252,1.9911704063,1.9753009081,1.9966932535,1.9447909594,1.9908243418,1.9738277197,1.7730243206,1.79507792,1.8901908398,1.9322458506,1.7967088223,1.770711422,1.8024585247,1.808855772,1.7233339548,1.7031787634,1.7489980459,1.7242083549,1.712667346,1.648085475,1.5222407579,1.5133109093,1.4442230463,1.4826031923,1.4439022541,1.3555611372,1.2357728481,1.2108004093,1.4351972342,1.3998960257,1.5727694035,1.5275011063,1.5392282009,1.3933210373,1.5158802271,1.5466711521,1.6382898092,1.5506550074,1.7927814722,1.6267541647,1.6869928837,1.5362844467,1.8643940687,1.7995411158,1.2823832035,0.8764837384,1.0012919903,1.0516495705,0.5771968961,0.6863437295,1.3732892275,0.9814584851,1.0602012873]},"episodes_still_running":{"0":[4096.0,4096.0,4096.0,4096.0,4096.0,4096.0,4096.0,4096.0,4096.0,4096.0,4096.0,4096.0,4095.0,4095.0,4095.0,4095.0,4095.0,4094.0,4094.0,4094.0,4094.0,4094.0,4094.0,4094.0,4094.0,4094.0,4094.0,4094.0,4094.0,4094.0,4094.0,4094.0,4094.0,4094.0,4094.0,4094.0,4092.0,4089.0,4088.0,4086.0,4079.0,4065.0,4060.0,4048.0,4019.0,3997.0,3953.0,3904.0,3841.0,3776.0,3687.0,3585.0,3486.0,3374.0,3234.0,3095.0,2959.0,2812.0,2661.0,2518.0,2382.0,2234.0,2100.0,1963.0,1832.0,1710.0,1575.0,1460.0,1359.0,1270.0,1165.0,1075.0,997.0,927.0,843.0,778.0,717.0,665.0,618.0,586.0,547.0,501.0,475.0,435.0,401.0,368.0,342.0,326.0,296.0,277.0,254.0,237.0,222.0,212.0,194.0,183.0,170.0,161.0,153.0,142.0,131.0,122.0,115.0,106.0,98.0,94.0,83.0,79.0,72.0,70.0,66.0,63.0,58.0,52.0,50.0,45.0,43.0,41.0,36.0,33.0,31.0,27.0,25.0,25.0,22.0,22.0,22.0,19.0,18.0,14.0,14.0,14.0,12.0,12.0,10.0,10.0,10.0,10.0,9.0,8.0,7.0,7.0,6.0,6.0,5.0,5.0,4.0,3.0,2.0,2.0,2.0,2.0,2.0,2.0,1.0,1.0,1.0]},