{"max_q":{"0":25.7217311859},"min_q":{"0":-0.9452024698},"mean_q":{"0":8.615404129},"range_q":{"0":26.6669330597},"step_max_q":{"0":[25.5846824646,24.6522712708,24.5512485504,25.3360443115,25.7217311859,25.6311531067,25.7117614746,25.2526416779,25.315574646,23.9671878815,24.1049404144,24.641450882,24.130115509,24.3329467773,24.0365695953,24.9874572754,24.2916908264,23.7615146637,23.7682628632,23.4902191162,22.7363891602,21.3065910339,20.7004833221,19.963716507,19.3227081299,19.3995323181,18.7509765625,18.0515174866,17.904750824,17.2173042297,16.5454502106,16.5155124664,15.6820144653,14.957783699,16.386598587,15.7564201355,14.3818712234,15.7035703659,14.5594100952,13.7758102417,14.3657865524,13.3962192535,13.356965065,12.669880867,11.6497783661,10.7085266113,10.2652511597,10.0883798599,10.1346540451,9.7814121246,9.5315551758,9.6615467072,10.1810216904,9.7845344543,9.6269035339,8.7673578262,8.7836227417,8.7118396759,8.3013134003,8.6344814301,8.1640052795,8.1162967682,7.7835435867,7.6290912628,7.3721117973,7.1221556664,6.9493207932,7.5290136337,7.3762869835,7.6585569382,7.424036026,7.0439915657,7.139945507,7.1855592728,6.66786623,6.9327788353,6.5981779099,6.9794764519,6.5690088272,6.2230863571,6.0244426727,6.4253139496,6.028028965,6.1791477203,5.8165884018,6.028553009,6.1222834587,6.1365475655,5.6468715668,5.7318229675,5.5978283882,5.8876357079,5.9059081078,5.8897857666,5.8556694984,5.648378849,5.5199918747,5.6854429245,5.330031395,5.5344781876,5.6834831238,5.6562986374,5.4337363243,5.2049293518,5.1183595657,5.3062958717,4.9950604439,4.9129958153,5.1788887978,4.80849123,5.0395169258,4.9659409523,4.9537620544,4.6205310822,3.5233972073,3.5701341629,3.7391602993,3.6856338978,3.7281475067,0.4846456051,0.4953984916,0.5018671155,0.2714911699,0.278016299,0.2913273573,0.135376215,0.1506592929,0.1673946679,0.0,0.190644592,0.0555819944,0.0969349295,0.1601416767,0.2440582812,0.3401187062,0.4217759669,0.5106972456,0.5531218052,0.5951225162,0.6445320845,0.7000513077,0.8473203182,0.6630284786]},"step_min_q":{"0":[10.2808942795,9.6691322327,9.3123188019,8.9357709885,8.4693078995,7.7694020271,7.162996769,6.7153186798,6.0463342667,4.8494048119,4.0274796486,4.7983970642,4.0019488335,3.57817626,3.3764472008,0.0,0.0,0.0,0.0,0.0,0.0,0.0,0.0,0.0,0.0,0.0,0.0,0.0,0.0,0.0,-0.0999639928,0.0,-0.1597641408,-0.1609015465,-0.2546510696,-0.6261099577,-0.6234711409,-0.6047134399,-0.5685542226,-0.6491581798,-0.6408128738,-0.6489236355,-0.5166540146,-0.510305047,-0.4545481205,-0.5977579355,-0.5478868484,-0.5314640999,-0.9452024698,-0.9103946686,-0.9224860668,-0.5343034267,-0.5422902107,-0.5397223234,-0.8139582872,-0.6890544891,-0.8315523863,-0.8438724279,-0.8545299172,-0.8283751011,-0.8287298679,-0.8004424572,-0.703763783,-0.5828559995,-0.4668649435,-0.4815190136,-0.4043349028,-0.4935160279,-0.4749338329,-0.5072693229,-0.462867856,-0.4067753553,-0.4723434448,-0.494797349,-0.6998692751,-0.6954088807,-0.6778299212,-0.6926569343,-0.8733170033,-0.8678727746,-0.8634579182,-0.8614857197,-0.6481755972,-0.4943774343,-0.3777514994,-0.5149855614,-0.4205662012,-0.0917669013,-0.1235913187,-0.2369897068,-0.278385222,-0.3440947235,-0.2653986216,-0.222726658,-0.2163611203,-0.205228433,-0.3255501986,-0.3820015788,-0.3792189062,-0.4858320057,-0.4378156662,-0.3490855098,0.0,0.0,0.0,0.0,0.0,0.0,-0.1185608357,-0.1818897426,0.0,-0.068698369,-0.0493022129,-0.1247698814,0.0,0.0,0.0,0.0,0.0,0.0,0.0,0.0,0.0,0.0,0.0,0.0,0.0,0.0,-0.0993013084,0.0,0.0,0.0,0.0,0.0,0.0,0.0,0.0,0.0,0.0,0.0,0.0,0.0,0.0]},"step_mean_q":{"0":[14.2164230347,14.3534049988,14.3208417892,14.4180774689,14.4796028137,14.4303703308,14.349158287,14.2834281921,14.159532547,14.0127496719,13.8010520935,13.6014537811,13.397986412,13.1557540894,12.8729858398,12.6314458847,12.3668136597,12.0644197464,11.7726650238,11.4948997498,11.1911754608,10.8750362396,10.5922698975,10.3134784698,10.0212011337,9.7386751175,9.4577074051,9.1971855164,8.9421424866,8.6775970459,8.4237098694,8.1920948029,7.9497857094,7.701716423,7.4860339165,7.2613816261,7.0313205719,6.8272199631,6.6282696724,6.4287986755,6.2328228951,6.0446863174,5.8753676414,5.7137551308,5.5410370827,5.3868694305,5.2354125977,5.0969228745,4.9495534897,4.8113484383,4.6977820396,4.5950498581,4.474591732,4.3670716286,4.2643771172,4.1780223846,4.0949802399,3.9988696575,3.9263644218,3.846758604,3.7790617943,3.7000641823,3.6199862957,3.5683352947,3.4715695381,3.4372200966,3.3587532043,3.3120205402,3.2179129124,3.1579244137,3.0907406807,3.0503296852,2.9544482231,2.8906347752,2.8064377308,2.7680790424,2.7226359844,2.6734392643,2.6353378296,2.6228034496,2.6331319809,2.5853171349,2.6031339169,2.6055030823,2.5198194981,2.5015218258,2.5764107704,2.6012632847,2.5296247005,2.4378592968,2.2389874458,2.2764465809,2.2550005913,2.0688714981,2.02171731,2.0471510887,2.1224093437,1.987798214,1.942789197,1.7435290813,1.8210294247,2.0092797279,1.9453983307,1.899181962,2.0450468063,2.102047205,2.1994390488,2.2134766579,2.0683541298,1.9704327583,1.9920238256,1.8680363894,1.6707590818,1.5395046473,1.7343950272,1.6876144409,1.5385017395,1.5363730192,2.2399404049,0.4846456051,0.4953984916,0.5018671155,0.2714911699,0.278016299,0.2913273573,0.135376215,0.1506592929,0.1673946679,-0.0993013084,0.190644592,0.0555819944,0.0969349295,0.1601416767,0.2440582812,0.3401187062,0.4217759669,0.5106972456,0.5531218052,0.5951225162,0.6445320845,0.7000513077,0.8473203182,0.6630284786]},"episodes_still_running":{"0":[4096.0,4096.0,4096.0,4096.0,4096.0,4096.0,4096.0,4096.0,4096.0,4096.0,4096.0,4096.0,4096.0,4096.0,4096.0,4095.0,4095.0,4095.0,4095.0,4095.0,4095.0,4095.0,4095.0,4095.0,4095.0,4095.0,4095.0,4095.0,4095.0,4095.0,4095.0,4095.0,4094.0,4094.0,4093.0,4088.0,4084.0,4079.0,4072.0,4061.0,4048.0,4032.0,4017.0,4001.0,3978.0,3952.0,3916.0,3866.0,3815.0,3758.0,3676.0,3594.0,3505.0,3401.0,3304.0,3185.0,3054.0,2923.0,2777.0,2600.0,2442.0,2285.0,2091.0,1928.0,1773.0,1637.0,1502.0,1391.0,1250.0,1139.0,1036.0,931.0,845.0,758.0,667.0,597.0,522.0,460.0,407.0,361.0,312.0,271.0,234.0,205.0,178.0,150.0,129.0,111.0,97.0,87.0,75.0,68.0,64.0,54.0,48.0,41.0,33.0,29.0,24.0,22.0,19.0,17.0,16.0,14.0,13.0,12.0,10.0,10.0,8.0,8.0,8.0,7.0,6.0,6.0,3.0,3.0,3.0,3.0,2.0,1.0,1.0,1.0,1.0,1.0,1.0,1.0,1.0,1.0,1.0,1.0,1.0,1.0,1.0,1.0,1.0,1.0,1.0,1.0,1.0,1.0,1.0,1.0,1.0]},