{"max_q":{"0":23.3690567017},"min_q":{"0":-1.6480720043},"mean_q":{"0":6.705332756},"range_q":{"0":25.0171279907},"step_max_q":{"0":[20.5998802185,21.444311142,21.4673461914,21.7510986328,20.9954242706,21.4611091614,22.0158805847,23.3690567017,23.1150398254,22.5192680359,21.8917942047,22.0671100616,21.8531341553,22.1896495819,20.111623764,21.7956466675,20.7397842407,19.2293930054,18.3813095093,18.4332294464,15.8192567825,15.0245256424,13.9767866135,14.2391624451,13.0017414093,13.4003696442,12.6618509293,11.9614210129,11.3569021225,12.5656871796,12.366484642,13.1197223663,14.5952234268,12.6800279617,10.8269910812,10.7769460678,10.9892816544,10.7052993774,10.0237874985,10.7454996109,10.739443779,9.5895824432,9.5575590134,8.7922840118,9.0257797241,8.7972612381,9.6763114929,8.7274084091,8.391418457,8.1800374985,9.9773988724,9.0935297012,8.9138555527,9.0242729187,8.9683084488,8.8388147354,9.0268516541,9.0288114548,9.0690107346,9.1417131424,9.9839019775,9.9690513611,9.4443655014,9.1351661682,8.6003322601,8.9878225327,9.0285711288,7.0208129883,6.9299058914,7.2895040512,6.6102380753,6.8081254959,6.6958389282,6.7718744278,6.9821209908,7.0879945755,7.0463533401,7.187661171,6.6221151352,6.5657172203,7.0596342087,7.317636013,7.0050163269,6.982629776,7.3568840027,7.4316320419,6.9095654488,7.057946682,6.7668542862,6.7162790298,7.1927614212,6.8370742798,6.6007618904,6.4203763008,6.64457798,6.8067603111,6.3771677017,6.6621127129,6.8535461426,6.5206680298,7.0313625336,6.9302477837]},"step_min_q":{"0":[4.1707930565,3.1886444092,1.5556137562,0.0,0.0,-0.2166562229,-0.2538543344,-0.285002172,-0.2177988291,-0.288913846,-0.2384924889,-0.5247187614,-0.391110301,-0.4490125477,-0.5411925912,-0.4981942177,-0.5406399369,-0.8949460983,-1.6480720043,-1.3160331249,-0.9405788779,-1.3135817051,-1.5568057299,-0.8234193325,-0.8725415468,-1.0243752003,-0.7571571469,-0.8400632739,-0.776462853,-0.7983920574,-0.7518703938,-0.7062277794,-0.7241026163,-0.6805272102,-0.660897851,-0.7313154936,-0.6394590735,-0.593137145,-0.6843746901,-0.6882708073,-0.6344387531,-0.5577914119,-0.5243266821,-0.4714414775,-0.592064023,-0.6886503696,-0.765463233,-0.6892011762,-0.6912316084,-0.8572983146,-0.6853185296,-0.4981481135,-0.4667657018,-0.5626718998,-0.486453563,-0.5461909175,-0.1582331657,-0.2220132053,-0.3394043446,-0.4122683406,-0.3925933242,-0.4778096676,-0.4494084716,-0.5281925201,-0.4926582575,-0.5659531355,-0.5472999215,-0.5753700733,-0.5795924067,-0.5628905892,-0.5449202061,0.0,0.0,0.0,0.0,0.0,0.0,0.0,0.0,0.0,0.0,0.0,0.0,0.0,0.0,0.0,0.0,0.0,0.0,0.0,0.0,0.0,0.0,0.0,0.0,0.0,0.0,0.0,0.0,0.0,0.0,0.0]},"step_mean_q":{"0":[9.9593467712,10.0932722092,9.9120960236,9.8077411652,9.6691026688,9.5456018448,9.4288101196,9.2290372849,8.9929437637,8.7260751724,8.4424209595,8.1316461563,7.7610449791,7.4023756981,7.0358328819,6.6813879013,6.3249340057,6.0212316513,5.720345974,5.443502903,5.1916089058,4.9486017227,4.7394456863,4.541469574,4.3649582863,4.205698967,4.0667424202,3.9374344349,3.8414657116,3.6908609867,3.5774388313,3.4793450832,3.4062328339,3.29150033,3.106423378,3.0512464046,2.9322383404,2.7722771168,2.622708559,2.5544133186,2.550702095,2.4858419895,2.4594678879,2.4369988441,2.48178339,2.5398192406,2.6123390198,2.6103987694,2.4662158489,2.5782279968,2.551309824,2.5875921249,2.7743990421,2.595831871,2.8399829865,3.2271418571,3.4027035236,3.363338232,3.1489744186,3.1846196651,3.1896560192,3.3102166653,3.0157287121,3.3018519878,3.0748724937,3.4127771854,3.8687586784,3.0958125591,3.4465107918,3.4455919266,3.2180280685,4.3854718208,4.1065211296,3.9729175568,3.9253742695,3.6937766075,3.661986351,7.187661171,6.6221151352,6.5657172203,7.0596342087,7.317636013,7.0050163269,6.982629776,7.3568840027,7.4316320419,6.9095654488,7.057946682,6.7668542862,6.7162790298,7.1927614212,6.8370742798,6.6007618904,6.4203763008,6.64457798,6.8067603111,6.3771677017,6.6621127129,6.8535461426,6.5206680298,7.0313625336,6.9302477837]},"episodes_still_running":{"0":[4096.0,4096.0,4096.0,4093.0,4091.0,4089.0,4087.0,4080.0,4071.0,4059.0,4051.0,4030.0,4008.0,3989.0,3966.0,3935.0,3901.0,3850.0,3791.0,3702.0,3627.0,3530.0,3424.0,3297.0,3168.0,3008.0,2815.0,2611.0,2347.0,2137.0,1947.0,1718.0,1527.0,1351.0,1178.0,1030.0,896.0,797.0,671.0,573.0,501.0,434.0,380.0,331.0,277.0,237.0,199.0,178.0,159.0,135.0,119.0,102.0,87.0,76.0,64.0,54.0,49.0,44.0,34.0,32.0,30.0,25.0,20.0,17.0,16.0,11.0,9.0,8.0,7.0,6.0,4.0,3.0,3.0,3.0,3.0,2.0,2.0,1.0,1.0,1.0,1.0,1.0,1.0,1.0,1.0,1.0,1.0,1.0,1.0,1.0,1.0,1.0,1.0,1.0,1.0,1.0,1.0,1.0,1.0,1.0,1.0,1.0]},"step_range_q":{"0":[16.4290866852,18.2556667328,19.91173172,21.7510986328,20.9954242706,21.6777648926,22.2697353363,23.6540584564,23.3328380585,22.8081817627,22.1302871704,22.5918292999,22.2442436218,22.6386623383,20.6528167725,22.2938404083,21.280424118,20.1243400574,20.0293807983,19.7492618561,16.7598361969,16.3381080627,15.5335922241,15.062582016,13.8742828369,14.424744606,13.419008255,12.801484108,12.1333646774,13.3640794754,13.1183547974,13.8259506226,15.3193264008,13.3605556488,11.4878892899,11.5082616806,11.6287403107,11.2984361649,10.7081623077,11.4337701797,11.3738822937,10.1473741531,10.0818853378,9.2637252808,9.6178436279,9.4859113693,10.4417743683,9.4166097641,9.0826501846,9.0373353958,10.6627178192,9.5916776657,9.3806209564,9.5869445801,9.4547624588,9.3850059509,9.1850852966,9.2508249283,9.4084148407,9.553981781,10.3764953613,10.4468612671,9.8937740326,9.6633586884,9.0929908752,9.5537757874,9.5758714676,7.5961828232,7.5094981194,7.8523945808,7.1551580429,6.8081254959,6.6958389282,6.7718744278,6.9821209908,7.0879945755,7.0463533401,7.187661171,6.6221151352,6.5657172203,7.0596342087,7.317636013,7.0050163269,6.982629776,7.3568840027,7.4316320419,6.9095654488,7.057946682,6.7668542862,6.7162790298,7.1927614212,6.8370742798,6.6007618904,6.4203763008,6.64457798,6.8067603111,6.3771677017,6.6621127129,6.8535461426,6.5206680298,7.0313625336,6.9302477837]},"mean_loss:":{"0":1.6054756641},"rmse":{"0":1.2670736313},"step_rmse":{"0":[1.0608623028,1.1182836294,1.1532572508,1.1710873842,1.242774725,1.2692141533,1.3140993118,1.3457900286,1.3338333368,1.3639808893,1.355706811,1.3421794176,1.3160699606,1.3119293451,1.3243889809,1.308114171,1.3012093306,1.2889351845,1.2883936167,1.2656183243,1.2699968815,1.2535635233,1.238607645,1.2399507761,1.2363240719,1.2271986008,1.2157487869,1.2123463154,1.2354974747,1.2459446192,1.2730966806,1.3036956787,1.3185673952,1.3089393377,1.3268603086,1.2795467377,1.2677122355,1.1801872253,1.1714581251,1.1692136526,1.2314571142,1.2560758591,1.2007273436,1.1918200254,1.2605756521,1.2028715611,1.2029594183,1.262609005,1.1581988335,1.2288552523,1.2439341545,1.2789627314,1.2994110584,1.3926364183,1.495871067,1.5310839415,1.5063159466,1.5222473145,1.617629528,1.5451071262,1.6128547192,1.5031272173,1.479182601,1.5858297348,1.6859612465,1.8335448503,1.9338731766,2.0772328377,2.0809595585,0.7467958331,0.7591384053,0.5709233284,0.8563511968,0.2644101977,0.2307341993,0.09289103,0.2325982898,0.094751358,0.2853479385,0.3061423302,0.0530767441,0.2642092705,0.0376791954,0.0384964943,0.2971372604,0.327662468,0.0129442215,0.2305483818,0.03226614,0.1204824448,0.1296262741,0.0512509346,0.2780218124,0.5134277344,0.3939614296,0.0101275444,0.250190258,0.2501506805,0.4245128632,0.1234550476,0.4504680634,0.1028561592]},"rmse_by_q":{"0":18.8965072632},