{"max_q":{"0":14.6741752625},"min_q":{"0":-0.4384269714},"mean_q":{"0":6.9118709564},"range_q":{"0":15.1126022339},"step_max_q":{"0":[14.2460365295,14.417473793,14.6741752625,14.4578523636,14.4144573212,14.0657978058,13.960978508,13.5347290039,13.2639770508,13.3016881943,13.1890096664,13.1995201111,13.1149921417,12.8140382767,12.7110919952,11.8445625305,11.6752357483,11.0922851562,11.0948295593,10.6666278839,10.5212898254,10.3631019592,9.4249000549,9.1877002716,8.7492418289,8.7297182083,8.288433075,8.0620079041,7.8041563034,7.8364171982,7.1458263397,6.4954280853,6.7096662521,6.2066793442,5.9374103546,5.544342041,5.3236241341,5.0679364204,5.1198091507,4.5265321732,5.0463962555,4.2970790863,4.286895752,4.1227593422,3.9007310867,4.1039552689,4.0802083015,3.8503901958,3.589735508,3.6136202812,3.5530683994,3.5232625008,3.4694683552,3.7768917084,3.4841759205,3.3106687069,3.2138757706,3.2733845711,3.2061285973,3.1209445,2.8895282745,2.9699583054,3.0503222942,3.1845457554,3.160330534,3.0785443783,3.146335125,2.7350678444,2.9803607464,2.3635091782,2.7568061352,1.5395940542,1.5235450268,1.5078668594,1.4936138391,1.4796459675,1.4670324326,1.4558509588,1.4450323582,1.4280159473,1.4094458818,1.3920327425,1.3755977154,1.3623297215,1.3564318419,1.3507738113,1.3456470966,1.3410968781,1.3369549513,1.3331859112,1.3298735619,1.3269782066,1.3245856762,1.3226828575,1.3210892677,1.3197817802,1.3187395334,1.317948103,1.3173933029,1.3170647621,1.3169544935,1.3170212507,1.317330122,1.3178237677,1.3185038567,1.3167697191,1.3133888245,1.3080097437,1.3024557829,1.2970408201,1.2917604446,1.2866104841,1.2815877199,1.2765069008,1.2714490891,1.2654352188,1.2589558363,1.3693877459,1.5664509535,1.7896319628,1.3856160641,0.8783720732,1.4351238012]},"step_min_q":{"0":[10.8721981049,10.7498188019,10.1116247177,10.114818573,9.9650306702,9.7312755585,9.0372562408,8.088675499,6.7615365982,5.8248739243,5.5571312904,4.9254703522,4.5717139244,3.7101123333,3.5751001835,3.0526325703,3.2113130093,2.9190926552,2.368979454,1.8240555525,1.6728861332,1.2377254963,0.8607339859,0.4849076271,0.1420164108,0.0067031384,0.0,0.0,-0.2597646713,-0.0122647285,-0.0525784492,-0.2063302994,-0.2860090733,-0.1778659821,-0.3124582767,-0.2684760094,-0.2816114426,-0.3694746494,-0.2368055582,-0.2442373037,-0.2504683733,-0.4384269714,-0.2249161005,-0.2508339882,-0.3002505302,-0.3524696827,-0.2970468998,-0.2077047825,-0.1976182461,-0.1654375792,-0.1361449957,0.0,0.0,-0.0663380623,0.0,0.0,0.0,0.0,0.0,0.0,0.0,0.0,0.0,0.0,0.0,0.0,0.0,0.0,0.0,0.0,0.0,0.0,0.0,0.0,0.0,0.0,0.0,0.0,0.0,0.0,0.0,0.0,0.0,0.0,0.0,0.0,0.0,0.0,0.0,0.0,0.0,0.0,0.0,0.0,0.0,0.0,0.0,0.0,0.0,0.0,0.0,0.0,0.0,0.0,0.0,0.0,0.0,0.0,0.0,0.0,0.0,0.0,0.0,0.0,0.0,0.0,0.0,0.0,0.0,0.0,0.0,0.0,0.0]},"step_mean_q":{"0":[13.1821613312,13.3230190277,13.27713871,13.0439472198,13.0907592773,12.5547361374,12.3493967056,11.9274196625,11.5454463959,11.3312740326,10.7793550491,10.5559778214,10.0392856598,9.7102298737,9.2820949554,8.852022171,8.515958786,8.0555820465,7.7610435486,7.380068779,7.0583791733,6.7331414223,6.3712954521,6.0443916321,5.6648578644,5.3680653572,5.0594854355,4.7416005135,4.4470057487,4.1603832245,3.8835525513,3.6182448864,3.3665065765,3.1544053555,2.948969841,2.8009107113,2.6427125931,2.509480238,2.4236254692,2.3292930126,2.2900533676,2.2892854214,2.2657828331,2.217644453,2.1931831837,2.1958451271,2.1956038475,2.168358326,2.141648531,1.9984508753,2.0251348019,2.1266572475,2.0944039822,2.1473991871,2.218275547,2.241276741,2.4135422707,2.4288170338,2.5089988708,2.4690725803,2.3645105362,2.3151633739,2.1829352379,2.1572992802,2.1773436069,2.3701341152,2.3924434185,2.1757376194,2.2879524231,1.9697703123,2.1570625305,1.5395940542,1.5235450268,1.5078668594,1.4936138391,1.4796459675,1.4670324326,1.4558509588,1.4450323582,1.4280159473,1.4094458818,1.3920327425,1.3755977154,1.3623297215,1.3564318419,1.3507738113,1.3456470966,1.3410968781,1.3369549513,1.3331859112,1.3298735619,1.3269782066,1.3245856762,1.3226828575,1.3210892677,1.3197817802,1.3187395334,1.317948103,1.3173933029,1.3170647621,1.3169544935,1.3170212507,1.317330122,1.3178237677,1.3185038567,1.3167697191,1.3133888245,1.3080097437,1.3024557829,1.2970408201,1.2917604446,1.2866104841,1.2815877199,1.2765069008,1.2714490891,1.2654352188,1.2589558363,1.3693877459,1.5664509535,1.7896319628,1.3856160641,0.8783720732,1.4351238012]},"episodes_still_running":{"0":[4096.0,4096.0,4096.0,4096.0,4096.0,4096.0,4096.0,4096.0,4096.0,4096.0,4096.0,4096.0,4096.0,4096.0,4096.0,4096.0,4096.0,4096.0,4096.0,4096.0,4096.0,4096.0,4096.0,4096.0,4096.0,4096.0,4092.0,4092.0,4092.0,4080.0,4072.0,4052.0,4044.0,4016.0,3980.0,3908.0,3848.0,3756.0,3644.0,3528.0,3356.0,3168.0,2984.0,2784.0,2468.0,2132.0,1720.0,1428.0,1080.0,852.0,580.0,396.0,276.0,196.0,128.0,80.0,48.0,32.0,32.0,20.0,16.0,16.0,12.0,12.0,12.0,8.0,8.0,8.0,8.0,8.0,8.0,4.0,4.0,4.0,4.0,4.0,4.0,4.0,4.0,4.0,4.0,4.0,4.0,4.0,4.0,4.0,4.0,4.0,4.0,4.0,4.0,4.0,4.0,4.0,4.0,4.0,4.0,4.0,4.0,4.0,4.0,4.0,4.0,4.0,4.0,4.0,4.0,4.0,4.0,4.0,4.0,4.0,4.0,4.0,4.0,4.0,4.0,4.0,4.0,4.0,4.0,4.0,4.0]},"step_range_q":{"0":[3.3738384247,3.6676549911,4.5625505447,4.3430337906,4.449426651,4.3345222473,4.9237222672,5.4460535049,6.5024404526,7.47681427,7.631878376,8.2740497589,8.5432777405,9.103925705,9.1359920502,8.7919301987,8.4639225006,8.1731929779,8.7258501053,8.8425722122,8.8484039307,9.1253767014,8.564166069,8.7027931213,8.6072254181,8.7230148315,8.288433075,8.0620079041,8.0639209747,7.8486819267,7.198404789,6.7017583847,6.995675087,6.3845453262,6.2498683929,5.8128180504,5.6052355766,5.4374113083,5.3566145897,4.7707695961,5.2968645096,4.7355060577,4.5118117332,4.3735933304,4.200981617,4.4564247131,4.3772554398,4.0580949783,3.787353754,3.7790579796,3.6892132759,3.5232625008,3.4694683552,3.8432297707,3.4841759205,3.3106687069,3.2138757706,3.2733845711,3.2061285973,3.1209445,2.8895282745,2.9699583054,3.0503222942,3.1845457554,3.160330534,3.0785443783,3.146335125,2.7350678444,2.9803607464,2.3635091782,2.7568061352,1.5395940542,1.5235450268,1.5078668594,1.4936138391,1.4796459675,1.4670324326,1.4558509588,1.4450323582,1.4280159473,1.4094458818,1.3920327425,1.3755977154,1.3623297215,1.3564318419,1.3507738113,1.3456470966,1.3410968781,1.3369549513,1.3331859112,1.3298735619,1.3269782066,1.3245856762,1.3226828575,1.3210892677,1.3197817802,1.3187395334,1.317948103,1.3173933029,1.3170647621,1.3169544935,1.3170212507,1.317330122,1.3178237677,1.3185038567,1.3167697191,1.3133888245,1.3080097437,1.3024557829,1.2970408201,1.2917604446,1.2866104841,1.2815877199,1.2765069008,1.2714490891,1.2654352188,1.2589558363,1.3693877459,1.5664509535,1.7896319628,1.3856160641,0.8783720732,1.4351238012]},"mean_loss:":{"0":0.1445082277},"rmse":{"0":0.3801423907},