{"max_q":{"0":20.8437919617},"min_q":{"0":-5.3153662682},"mean_q":{"0":4.5753846169},"range_q":{"0":26.1591587067},"step_max_q":{"0":[14.3245391846,15.7202701569,17.1049575806,16.2092208862,16.8689918518,18.4875545502,17.1987915039,18.3461742401,20.8437919617,18.2440662384,19.6759319305,19.5130443573,17.2928638458,19.5727882385,18.027141571,18.375333786,18.0036640167,17.9629116058,16.8612957001,16.8217124939,17.5121688843,16.4562778473,19.0909976959,16.7195224762,16.3157978058,16.9745788574,16.3454113007,16.6249294281,16.3180618286,15.4899616241,14.9642562866,16.3597621918,13.1955223083,13.3824205399,13.5076408386,12.8811330795,13.5093698502,13.4483146667,13.5942935944,13.8754768372,14.1027212143,11.7047376633,12.7772684097,12.7314033508,12.2843589783,12.1326541901,12.073220253,13.4991397858,12.4417848587,12.6386299133,13.9161977768,16.9041633606,12.9578104019,13.34466362,13.8326787949,13.2302122116,13.1668672562,13.5920505524,13.2232885361,10.7694406509,9.9861793518,10.1736955643,9.8515148163,11.027349472,11.8453330994,7.0519294739,7.4083476067,7.4067468643,6.5668334961,6.2481451035,5.9524765015,4.6052742004,4.1133441925,4.4325294495,4.0119380951,4.6008114815,3.8427615166,5.2774710655,4.2692799568,3.4884610176,3.3627643585,3.7066893578,3.542147398,3.0894963741,3.1419188976,2.504513979,2.4371385574,2.3329927921,2.2364282608,2.1150257587,2.2823297977,2.1186168194,2.2157502174,2.2275977135,2.7480845451,2.2008185387,2.1182088852,2.1813855171]},"step_min_q":{"0":[1.5061936378,0.0,0.0,-0.0885999799,0.0,-0.0886099041,-0.1942509413,-0.1836017966,-0.0764676929,-0.1697517633,-0.1781821549,-0.1378728151,-0.1777073741,-0.777493,-0.2260727286,-0.3756696582,-1.7767901421,-0.5633068085,-0.3956292272,-0.3870287538,-0.4874221087,-0.4220325947,-0.5941206217,-0.5581696033,-1.8481473923,-0.7098456025,-1.0150077343,-0.551127851,-0.7600727081,-0.6357108355,-0.6725003719,-0.9154510498,-0.7445189357,-0.6439781189,-0.6250616312,-0.5443439484,-5.3153662682,-0.5359321833,-0.6834355593,-0.9763911963,-1.0537295341,-0.8871695399,-0.5287122726,-0.7367922068,-1.0346034765,-0.5949987173,-0.5673617721,-0.7366721034,-0.6874504685,-0.6077384353,-0.456487,-0.4724612832,-0.5725152493,-0.6973540187,-0.4329624772,-0.3408424258,-0.3614798784,-0.5402143002,-0.4608516395,-0.2981249392,-0.1765023172,-0.3042814136,-0.1970816255,-0.2152557969,-0.1851287484,-0.4080955982,-0.0856027007,-0.0835963488,-0.1041553915,-0.3844855726,-0.3466712832,-0.56685251,-0.5857887268,-0.1263140142,-0.1386181116,-0.0705430508,0.0,0.0,0.0,-0.0668643713,-0.1408884525,-0.3380864263,-0.2267059088,0.0,0.0,0.0,-0.1449246407,-0.4100899696,0.0,0.0,0.0,0.0,0.0,0.0,0.0,0.0,0.0,0.0]},"step_mean_q":{"0":[8.4947757721,8.6537809372,8.5146903992,8.3878393173,8.2775650024,8.0740261078,7.8144245148,7.5276908875,7.2792282104,6.9509968758,6.6408643723,6.326107502,5.9597520828,5.585234642,5.1738276482,4.7398328781,4.332839489,3.939971447,3.5942354202,3.2569746971,2.9667391777,2.7247326374,2.4888367653,2.326310873,2.179561615,2.0254878998,1.8894473314,1.7997125387,1.6843370199,1.6151760817,1.5215039253,1.4603190422,1.4236412048,1.4131001234,1.3868291378,1.3420975208,1.3266654015,1.3242965937,1.2973593473,1.2970212698,1.3147569895,1.2975907326,1.3579808474,1.4092558622,1.4216828346,1.4591890574,1.3775528669,1.3563666344,1.3760467768,1.4035420418,1.452275157,1.5200864077,1.5543638468,1.4975893497,1.5580656528,1.6777588129,1.7677286863,1.8433561325,1.8946964741,1.9371795654,1.8528851271,2.0029699802,1.9514027834,2.0021514893,2.1355910301,1.9107843637,2.0473809242,2.1743822098,2.1713442802,2.072830677,1.6501057148,1.8074700832,1.7938072681,1.8812397718,1.854577899,1.762827754,1.7184895277,1.8393549919,1.7428709269,1.7092776299,1.6480431557,1.781734705,1.9251881838,1.88139534,1.8626749516,1.3382000923,1.4977353811,1.16855371,2.0974099636,2.1048285961,2.1049249172,2.0622389317,2.1927878857,2.2262680531,2.7480845451,2.2008185387,2.1182088852,2.1813855171]},"episodes_still_running":{"0":[4096.0,4095.0,4090.0,4084.0,4080.0,4073.0,4065.0,4058.0,4047.0,4036.0,4021.0,4006.0,3989.0,3959.0,3921.0,3872.0,3806.0,3730.0,3641.0,3570.0,3492.0,3405.0,3308.0,3197.0,3094.0,2981.0,2855.0,2741.0,2624.0,2493.0,2344.0,2199.0,2050.0,1887.0,1743.0,1608.0,1483.0,1348.0,1229.0,1103.0,998.0,908.0,815.0,744.0,678.0,617.0,554.0,515.0,460.0,411.0,363.0,303.0,270.0,240.0,216.0,191.0,170.0,152.0,138.0,117.0,103.0,91.0,81.0,74.0,63.0,55.0,50.0,43.0,41.0,35.0,30.0,29.0,27.0,24.0,23.0,21.0,18.0,18.0,17.0,15.0,15.0,15.0,13.0,11.0,10.0,8.0,7.0,7.0,3.0,3.0,3.0,2.0,2.0,2.0,1.0,1.0,1.0,1.0]},"step_range_q":{"0":[12.8183460236,15.7202701569,17.1049575806,16.2978210449,16.8689918518,18.5761642456,17.3930416107,18.5297756195,20.9202594757,18.4138183594,19.8541145325,19.6509170532,17.4705715179,20.3502807617,18.2532138824,18.7510032654,19.7804546356,18.5262184143,17.2569255829,17.2087421417,17.9995918274,16.8783111572,19.6851177216,17.2776927948,18.1639442444,17.684425354,17.3604183197,17.1760578156,17.0781345367,16.1256732941,15.636756897,17.2752132416,13.9400415421,14.0263986588,14.1327028275,13.4254770279,18.8247356415,13.9842472076,14.2777290344,14.8518676758,15.1564502716,12.5919075012,13.3059806824,13.4681959152,13.3189620972,12.7276525497,12.6405820847,14.2358121872,13.1292352676,13.2463684082,14.3726844788,17.376625061,13.5303258896,14.0420179367,14.2656412125,13.5710544586,13.5283470154,14.1322650909,13.6841402054,11.067565918,10.1626815796,10.477976799,10.0485963821,11.2426052094,12.030462265,7.4600248337,7.493950367,7.4903430939,6.6709890366,6.632630825,6.2991476059,5.17212677,4.6991329193,4.5588436127,4.1505560875,4.6713542938,3.8427615166,5.2774710655,4.2692799568,3.5553255081,3.5036528111,4.0447759628,3.7688531876,3.0894963741,3.1419188976,2.504513979,2.5820631981,2.7430827618,2.2364282608,2.1150257587,2.2823297977,2.1186168194,2.2157502174,2.2275977135,2.7480845451,2.2008185387,2.1182088852,2.1813855171]},"mean_loss:":{"0":0.7831265926},"rmse":{"0":0.8849443793},"step_rmse":{"0":[0.9205162525,0.9316722751,0.9577535391,0.9839064479,1.0352449417,1.0485771894,1.0106705427,1.0016268492,0.9906995893,1.0117542744,1.0192955732,1.011138916,0.9644725323,0.9834861159,0.9711239338,0.9840641022,0.9776260257,0.9732058644,0.9068825841,0.8453786373,0.8668548465,0.8214691281,0.8155230284,0.7865906358,0.8424713016,0.7997535467,0.7657998204,0.804050982,0.7035093904,0.6886602044,0.6980449557,0.6922340393,0.6404393315,0.6475144625,0.6285297275,0.6166645885,0.6374031305,0.5661805868,0.5696971416,0.5850620866,0.5883759856,0.5871034861,0.6208432317,0.6246130466,0.6490442157,0.6539082527,0.6443833709,0.6350575686,0.6505100727,0.6516583562,0.7159193158,0.7622103095,0.7612905502,0.75196141,0.8171755075,0.7720637321,0.9044692516,0.9288480282,0.965600729,0.9634394646,0.8011241555,0.9728697538,0.6448793411,0.8028197885,0.8583954573,0.8569867611,0.8343217969,0.9568707943,0.8894581795,0.9450333714,0.8715868592,0.9065964222,0.7559202313,0.9349767566,0.8417217731,0.9391627908,0.8212673068,0.74069947,0.9744392037,0.7762829065,0.8711463809,1.004720211,0.8783534765,0.9677500129,0.9796538353,0.9445839524,0.881485939,1.0113608837,0.5693067312,0.5433833003,0.5679229498,0.5090581179,0.4710375965,0.4439593852,0.7219705582,0.306694746,0.0734598637,0.1849722862]},"mean_error":{"0":0.5529030561},