{"max_q":{"0":27.4135932922},"min_q":{"0":-1.4368155003},"mean_q":{"0":7.5995621681},"range_q":{"0":28.8504085541},"step_max_q":{"0":[21.7314910889,23.3998889923,22.6523590088,22.5806007385,22.8349723816,24.2135257721,24.1245479584,25.7463607788,26.0386886597,27.4135932922,23.0264949799,24.064365387,23.8669624329,24.4156284332,22.8022518158,22.4649429321,21.4058704376,18.660282135,19.4503288269,18.7338447571,21.4562129974,17.8251075745,16.2973213196,17.6944675446,15.4230079651,15.332157135,13.4866600037,13.5418071747,13.0737581253,13.1685934067,14.4912519455,13.1677513123,12.7441043854,11.7650938034,11.6840000153,13.7478837967,11.7419776917,12.0218696594,10.9322052002,10.983751297,11.9232692719,11.1211576462,10.4649200439,9.9362106323,10.71525383,11.4157094955,10.5373296738,10.1922855377,10.2970018387,9.774266243,9.7627458572,9.7377939224,9.7281999588,9.1048545837,8.5563440323,8.5097417831,8.1107387543,7.8151750565,7.8842992783,7.8447475433,7.5489325523,7.6350479126,7.1736955643,4.6952171326,4.8187613487,4.3908262253,4.8360767365,6.2459173203,6.9779844284,7.028617382,7.0423669815,7.2384929657,7.412528038,7.2882919312,7.2121596336,6.8337898254,0.7262626886,0.2670038342,0.3719123006]},"step_min_q":{"0":[5.5212774277,3.9993329048,0.0,0.0,0.0,0.0,0.0,-0.7586053014,-0.4398792386,-0.3629381657,-0.2938917279,-0.6003998518,-0.2836278677,-0.5622024536,-0.4281480312,-0.8814032078,-0.5585476756,-0.5731759071,-0.6349487901,-0.6287101507,-0.6098721027,-0.614869833,-0.9515562057,-0.8064376116,-0.8326795101,-0.8935648203,-0.8633986712,-1.2688622475,-1.2183694839,-1.1481282711,-1.0324077606,-1.1877429485,-1.4041750431,-1.4368155003,-1.3330365419,-1.3859916925,-1.3305516243,-1.3969786167,-1.1368980408,-0.5028449893,-0.6197341084,-0.575201571,-0.4811959267,-0.4564218521,-0.8636485338,-0.3900784254,-0.5068275332,-0.4923666716,-0.6491248608,-0.7070129514,-0.6337295175,-0.3907908797,-0.3491327763,-0.4654000103,-0.4674816132,-0.4019508362,-0.6118115187,-0.3190408945,-0.1351796389,-0.1161053777,-0.1653463244,-0.4360194802,-0.3989925385,0.0,-0.0507881045,-0.0870918036,0.0,-0.2596183419,0.0,0.0,0.0,0.0,0.0,0.0,0.0,0.0,0.0,0.0,0.0]},"step_mean_q":{"0":[11.4636478424,11.3824586868,11.3284006119,11.2152118683,11.1626501083,11.0453071594,10.9224748611,10.7037115097,10.4879903793,10.2005167007,9.922369957,9.5734424591,9.2489299774,8.8822860718,8.47955513,8.1008501053,7.7147626877,7.3466906548,6.9709358215,6.6164574623,6.2800784111,5.9496073723,5.6337103844,5.3564634323,5.0938334465,4.8670945168,4.6280894279,4.3957872391,4.161552906,3.968723774,3.7550127506,3.5933358669,3.4193456173,3.3064393997,3.1071071625,2.9794774055,2.8703482151,2.8288340569,2.7376368046,2.6661264896,2.7409014702,2.707611084,2.5884833336,2.4273610115,2.4692718983,2.3911259174,2.4359092712,2.4217681885,2.3247272968,2.3221197128,2.1724469662,2.225361824,2.1710202694,1.791282773,1.7761769295,1.8599629402,1.7197569609,1.8370862007,1.8658934832,1.8079121113,1.8350570202,1.7536036968,1.9612652063,1.6770173311,1.6924515963,1.5643996,1.8703846931,2.2231214046,3.6831297874,3.3701255322,3.0116558075,3.1768121719,4.2819976807,4.2484455109,4.0934200287,3.8417217731,0.7262626886,0.2670038342,0.3719123006]},"episodes_still_running":{"0":[4096.0,4096.0,4095.0,4094.0,4092.0,4090.0,4089.0,4083.0,4081.0,4077.0,4064.0,4056.0,4044.0,4030.0,4013.0,3988.0,3957.0,3924.0,3867.0,3804.0,3739.0,3679.0,3595.0,3493.0,3385.0,3235.0,3063.0,2890.0,2693.0,2453.0,2246.0,2049.0,1839.0,1635.0,1451.0,1289.0,1155.0,1008.0,891.0,745.0,638.0,556.0,485.0,422.0,368.0,328.0,294.0,262.0,220.0,200.0,165.0,141.0,122.0,99.0,79.0,64.0,57.0,50.0,41.0,35.0,32.0,29.0,19.0,14.0,12.0,11.0,9.0,7.0,4.0,3.0,3.0,3.0,2.0,2.0,2.0,2.0,1.0,1.0,1.0]},"step_range_q":{"0":[16.2102127075,19.4005565643,22.6523590088,22.5806007385,22.8349723816,24.2135257721,24.1245479584,26.5049667358,26.4785671234,27.7765312195,23.3203868866,24.6647644043,24.1505908966,24.9778308868,23.2304000854,23.3463459015,21.9644184113,19.2334575653,20.0852775574,19.3625545502,22.0660858154,18.4399776459,17.248878479,18.5009059906,16.2556877136,16.2257213593,14.3500585556,14.8106689453,14.2921276093,14.3167219162,15.5236597061,14.3554944992,14.1482791901,13.2019090652,13.017036438,15.1338758469,13.0725288391,13.4188480377,12.069103241,11.4865961075,12.5430030823,11.6963596344,10.9461154938,10.3926324844,11.5789022446,11.8057880402,11.0441570282,10.6846523285,10.9461269379,10.4812793732,10.3964757919,10.1285848618,10.0773324966,9.5702543259,9.0238256454,8.9116926193,8.7225503922,8.1342163086,8.0194787979,7.9608530998,7.714278698,8.0710678101,7.5726881027,4.6952171326,4.8695492744,4.477918148,4.8360767365,6.5055356026,6.9779844284,7.028617382,7.0423669815,7.2384929657,7.412528038,7.2882919312,7.2121596336,6.8337898254,0.7262626886,0.2670038342,0.3719123006]},"mean_loss:":{"0":1.3851338625},"rmse":{"0":1.1769170761},"step_rmse":{"0":[1.1132493019,1.1605466604,1.1905452013,1.2062748671,1.1968019009,1.2264708281,1.2428004742,1.276661396,1.3371362686,1.332475543,1.3442087173,1.3150417805,1.3128070831,1.2876824141,1.2667205334,1.2476106882,1.2174469233,1.2021626234,1.1793032885,1.172948122,1.1788978577,1.1760966778,1.1519267559,1.1504113674,1.1154489517,1.101526022,1.0686582327,1.0182696581,1.015211463,1.025282383,1.0224020481,1.0092589855,1.0065979958,0.9846508503,0.9977144003,0.968521893,0.9811306596,0.9878165722,0.9190717936,0.9125573039,0.9418230057,0.939270556,0.9024147987,0.9572227001,0.9535440207,0.901042223,0.9110162258,0.8983094692,0.9325220585,0.9397153258,1.0480687618,1.0599144697,1.1166526079,1.1565452814,1.1997833252,0.9500624537,0.8586179614,1.0538526773,1.088894248,1.0907828808,1.2234294415,1.0432431698,0.9257748723,1.0310579538,1.0024932623,1.1318720579,1.1343508959,0.9779295325,1.1397832632,0.9891716838,0.7624982595,1.2654951811,1.2792224884,1.4810284376,1.2308481932,1.4063947201,0.0686377287,0.1517638564,0.0205411315]},"rmse_by_q":{"0":15.4866428375},"step_rmse_by_q":{"0":[9.7111263275,10.1959218979,10.5093841553,10.7557029724,10.7214851379,11.1040000916,11.3783779144,11.927277565,12.7492132187,13.0628242493,13.5472555161,13.7363519669,14.194149971,14.4971952438,14.9385261536,15.4009847641,15.7807435989,16.3633213043,16.9174308777,17.7277355194,18.7720241547,19.7676353455,20.4470348358,21.4770698547,21.8980255127,22.632106781,23.0907001495,23.1646709442,24.3950157166,25.8340568542,27.2276573181,28.0869655609,29.4383220673,29.779794693,32.1107177734,32.5064353943,34.1815872192,34.9195671082,33.5717201233,34.2278327942,34.3617973328,34.6900100708,34.8626861572,39.4347076416,38.6164054871,37.6827583313,37.399433136,37.0931243896,40.1131820679,40.4679946899,48.2436981201,47.6288604736,51.434463501,64.5652008057,67.5486373901,51.0796432495,49.9267044067,57.365447998,58.3577919006,60.3338432312,66.6698303223,59.4913902283,47.2029418945,61.4816474915,59.2332000732,72.351852417,60.6479988098,43.9890289307,30.9460525513,29.3511810303,25.3182411194,39.8353767395,29.8744316101,34.8604812622,30.0689468384,36.6084480286,9.4508132935,56.8395805359,5.5231118202]},"mean_error":{"0":0.8524506688},