{"max_q":{"0":16.6683063507},"min_q":{"0":-2.7899341583},"mean_q":{"0":9.6736927032},"range_q":{"0":19.458240509},"step_max_q":{"0":[15.3134155273,15.5783214569,15.8238582611,16.0510101318,16.3191604614,16.6683063507,16.4268951416,16.0713768005,15.6597537994,15.4317893982,15.1693973541,14.7565174103,14.3553638458,14.0056629181,13.8580970764,13.4140453339,12.9671497345,12.5519990921,12.3323364258,11.9544019699,11.9942560196,11.5512571335,11.3899993896,11.0039596558,10.6774177551,10.6346187592,10.3965873718,10.6673555374,10.1726589203,9.7052774429,9.5825099945,9.5478000641,9.5054807663,9.1219158173,8.8940849304,8.8265552521,8.4549398422,8.1253356934,8.0616359711,8.0684261322,7.7736296654,7.7908744812,7.6794471741,7.3898591995,7.3107175827,7.23350811,6.8561406136,6.8750867844,6.6248636246,6.7419748306,6.4310293198,6.6080665588,6.2543516159,6.0322160721,5.9633312225,5.8559923172,5.7859883308,5.650560379,5.6185283661,5.5927782059,5.5045547485,5.4771385193,5.3984708786,5.2913198471,5.2666215897,5.3567285538,5.572722435,5.1512975693,5.0559196472,4.48250103,4.4551410675,4.6047773361,4.393348217,4.5995650291,4.5963850021,4.5495223999,4.5804042816,4.6380872726,4.7445116043,4.8229799271,4.741350174,4.6596460342,4.7137203217,4.2406044006,4.0604100227,3.9955406189,3.9195394516,3.8256988525,3.7795338631,3.6624419689,3.6713621616,3.634115696,3.5713400841,3.4955952168,3.4614908695]},"step_min_q":{"0":[11.1072998047,11.0582847595,11.4903087616,12.0838737488,12.1664409637,11.7541790009,10.8608818054,11.422492981,10.7343406677,10.2948923111,9.995557785,9.4723014832,9.0346441269,7.957526207,7.8991975784,7.6083259583,6.6864519119,5.7584590912,6.0307397842,5.4513216019,5.8970384598,4.1157426834,4.387532711,3.6085801125,3.2154941559,3.5713858604,3.2199976444,2.2698605061,1.7110654116,1.3241358995,1.3643437624,1.256518364,0.8202761412,0.0772767067,-0.5562620163,-0.300761342,0.0,-0.2858855724,0.0,-1.6833262444,-1.625264883,-2.4095404148,-2.7899341583,-2.6585531235,-2.6666100025,-2.3164827824,-1.5951328278,-1.3049252033,0.0,0.0,-0.5277217627,0.0,-0.0201331377,-0.2489458025,-0.6744123697,-0.8792040348,-0.6451870203,-0.8772873282,-0.7873392105,-0.0555382371,-0.0900896788,0.0,-0.2127850652,-0.1173557639,-0.1560612321,-0.2603469491,-0.1696408987,-0.2164325118,0.0,0.0,0.0,0.0,0.0,0.0,0.0,0.0,0.0,0.0,0.0,0.0,0.0,0.0,0.0,0.0,0.0,0.0,0.0,0.0,0.0,0.0,0.0,0.0,0.0,0.0,0.0]},"step_mean_q":{"0":[14.7982292175,15.0662117004,15.3011837006,15.5215082169,15.7285385132,15.7770938873,15.5201511383,15.1922540665,14.843123436,14.5183191299,14.1493301392,13.7785320282,13.5010929108,13.0787248611,12.722612381,12.3857660294,11.9915504456,11.6011018753,11.2491512299,10.8900375366,10.4983787537,10.1638822556,9.8363323212,9.4906110764,9.1887340546,8.9119186401,8.6264677048,8.355922699,8.1072158813,7.8314256668,7.5771069527,7.3399133682,7.0639476776,6.8128166199,6.5568699837,6.2918519974,6.0385770798,5.8057575226,5.5644040108,5.3356409073,5.1311435699,4.9506750107,4.817533493,4.7003436089,4.5781068802,4.5134763718,4.443277359,4.3873386383,4.3152852058,4.2858905792,4.2146983147,4.1469125748,4.0845527649,4.0027432442,3.9399492741,3.8610527515,3.8034827709,3.7980408669,3.7082855701,3.6768159866,3.6829051971,3.6920716763,3.5944895744,3.573985815,3.5587830544,3.454458952,3.3161997795,3.2408196926,3.2950947285,3.3526291847,3.2750899792,3.1025891304,3.0294687748,3.2425208092,3.2698249817,3.3634326458,3.746219635,3.6666584015,3.548624754,3.8354151249,3.4327821732,3.4176537991,3.7047696114,3.2896075249,2.8283538818,3.2511844635,2.9155826569,2.4558908939,2.4373567104,2.3735704422,2.2976911068,2.2730653286,2.2496659756,3.4955952168,3.4614908695]},"episodes_still_running":{"0":[4096.0,4096.0,4096.0,4096.0,4096.0,4096.0,4096.0,4096.0,4096.0,4096.0,4096.0,4096.0,4096.0,4096.0,4096.0,4096.0,4096.0,4096.0,4096.0,4096.0,4096.0,4096.0,4096.0,4096.0,4096.0,4096.0,4096.0,4096.0,4096.0,4096.0,4096.0,4096.0,4096.0,4096.0,4096.0,4096.0,4080.0,4076.0,4044.0,4016.0,3916.0,3764.0,3472.0,3196.0,2924.0,2592.0,2252.0,1940.0,1712.0,1412.0,1224.0,1072.0,908.0,780.0,680.0,596.0,548.0,464.0,388.0,340.0,300.0,248.0,240.0,216.0,176.0,144.0,136.0,120.0,104.0,84.0,76.0,56.0,52.0,40.0,32.0,28.0,16.0,16.0,16.0,16.0,16.0,16.0,16.0,16.0,16.0,16.0,16.0,8.0,8.0,8.0,8.0,8.0,8.0,4.0,4.0]},"step_range_q":{"0":[4.2061157227,4.5200366974,4.3335494995,3.9671363831,4.1527194977,4.9141273499,5.5660133362,4.6488838196,4.9254131317,5.1368970871,5.1738395691,5.2842159271,5.3207197189,6.0481367111,5.958899498,5.8057193756,6.2806978226,6.7935400009,6.3015966415,6.503080368,6.0972175598,7.4355144501,7.0024666786,7.3953795433,7.4619235992,7.0632328987,7.1765899658,8.3974952698,8.4615936279,8.3811416626,8.2181663513,8.2912817001,8.6852045059,9.0446395874,9.4503469467,9.1273164749,8.4549398422,8.4112215042,8.0616359711,9.7517528534,9.39889431,10.2004146576,10.4693813324,10.048412323,9.9773273468,9.549990654,8.4512729645,8.1800117493,6.6248636246,6.7419748306,6.9587512016,6.6080665588,6.2744846344,6.2811617851,6.6377434731,6.7351961136,6.4311752319,6.5278477669,6.4058675766,5.6483163834,5.5946445465,5.4771385193,5.6112561226,5.4086756706,5.4226827621,5.6170754433,5.7423634529,5.3677301407,5.0559196472,4.48250103,4.4551410675,4.6047773361,4.393348217,4.5995650291,4.5963850021,4.5495223999,4.5804042816,4.6380872726,4.7445116043,4.8229799271,4.741350174,4.6596460342,4.7137203217,4.2406044006,4.0604100227,3.9955406189,3.9195394516,3.8256988525,3.7795338631,3.6624419689,3.6713621616,3.634115696,3.5713400841,3.4955952168,3.4614908695]},"mean_loss:":{"0":0.0768289566},"rmse":{"0":0.2771803737},"step_rmse":{"0":[0.137519747,0.0737394392,0.0778752193,0.1377517432,0.1683299541,0.2236244977,0.2501266301,0.24100779,0.2719966471,0.2399378866,0.2363363355,0.2798665762,0.2810724974,0.2590645552,0.3667632043,0.3294217288,0.3026407063,0.3043637276,0.3298772871,0.3363239765,0.336111486,0.3169757724,0.3167559206,0.2821606398,0.2942197919,0.256410718,0.2747282982,0.2985192239,0.2915185392,0.2697443366,0.2782770395,0.245800361,0.2179701477,0.246830523,0.2438312471,0.227039814,0.2254998088,0.2507401705,0.2272219658,0.266007781,0.2371060401,0.2623057365,0.2697938681,0.2747375965,0.2716952562,0.274944216,0.2972216904,0.3103640974,0.3179377913,0.3690119386,0.3738232553,0.3961289525,0.3719937205,0.3830999732,0.4247763157,0.4394474924,0.4584674835,0.4325717986,0.4895490706,0.5197167397,0.4795297682,0.4883696437,0.4773387611,0.539517343,0.607865274,0.6283736229,0.532455802,0.6449007392,0.5453301668,0.5183510184,0.6421296597,0.5558288097,0.6489289403,0.5692727566,0.3789351881,0.4121609628,0.8377703428,0.5404254198,0.4402833283,0.8800912499,0.4920595288,0.49548769,0.9982861876,0.6170817018,0.4048126042,0.9978031516,0.5349462628,0.5119755268,0.4771960378,0.456369698,0.4470162988,0.4457339346,0.443510592,0.0828647614,0.0540492535]},"rmse_by_q":{"0":2.8653004169},