{"max_q":{"0":27.1162548065},"min_q":{"0":-0.8564050794},"mean_q":{"0":7.9761071205},"range_q":{"0":27.9726600647},"step_max_q":{"0":[24.2885704041,25.047706604,24.8360939026,25.1819629669,25.7144451141,26.3135604858,27.1162548065,25.998085022,24.9029865265,25.1954193115,24.1400508881,23.5577735901,23.6565876007,23.5228691101,22.6570835114,22.5440292358,22.1893692017,20.8327827454,19.9170856476,20.8646392822,20.2137298584,19.8575153351,19.0663414001,19.3864364624,17.5306510925,17.9218502045,18.1736469269,17.2545547485,17.2221412659,18.5587291718,18.2674293518,17.3726119995,17.536075592,17.1773948669,16.6197376251,16.2939033508,14.7447814941,14.4104757309,15.2717342377,14.9416227341,13.4916496277,14.0402870178,13.2740278244,13.9757595062,12.5055589676,11.368303299,11.881521225,11.1145620346,11.4947376251,10.5716667175,10.6284780502,10.535867691,9.7252845764,9.939994812,9.3911552429,9.2217636108,10.6026134491,10.3864622116,9.9853506088,9.807299614,9.6261310577,9.587802887,9.5420503616,8.7227678299,9.2333374023,9.8047056198,9.4025650024,9.232717514,9.9236507416,8.0408687592,8.4904327393,8.0325336456,7.7778658867,7.0425014496,6.7745752335,7.0705094337,6.4966831207,6.4500141144,6.5083112717,6.0240774155,5.9236264229,5.8158426285,5.8145303726,5.921459198,5.3152208328,5.0914435387,5.1925935745,5.3986110687,5.0856313705,5.120947361,4.7407941818,4.9132795334,4.8737440109,4.9259262085,4.8152132034,4.8019351959,4.8650341034,4.7748866081,4.6787509918,4.6186914444,4.5253639221,4.5924634933,4.3694849014,4.3809800148,4.3017807007,4.1040086746,4.0913300514,4.0792989731,3.8795108795,3.8165802956,3.833635807,3.3069300652,3.3320217133,3.3160245419,3.4732248783,3.6106832027,3.6013877392,4.4059882164,4.7227225304,4.821893692,4.8608880043,4.9135770798,3.0140116215,2.7872567177,2.4502420425,3.0199222565,2.8544654846,2.4975514412,2.1280770302,2.6056988239,2.4872791767,2.4978282452,2.4091157913,1.4791806936,1.4999501705,1.4945230484,1.5326397419,1.4737898111,1.4155962467,1.37078619,1.3632005453,1.5535876751,1.915501833,1.961315155]},"step_min_q":{"0":[10.1984958649,10.0917711258,9.4193334579,9.2686738968,8.7137527466,8.5884056091,8.0265731812,7.4686703682,6.7119169235,6.748418808,5.9073853493,5.984919548,5.5521116257,5.1409745216,4.5660843849,3.8872509003,3.3454875946,3.3375606537,3.1106822491,2.7190902233,2.5497293472,2.096871376,1.6488060951,1.1464796066,0.6787362099,0.3635406494,0.0764304399,-0.121721983,-0.1280919313,0.0,-0.0357897282,-0.2122821808,-0.2131899595,0.0,0.0,0.0,-0.0871582031,-0.3220677376,-0.3451160192,-0.4083423615,-0.2655891776,-0.3103487492,-0.5539798737,-0.5361586809,-0.4616269469,-0.5583189726,-0.5069160461,-0.5827686787,-0.6235413551,-0.5799939632,-0.5522193909,-0.6014503241,-0.6980683804,-0.6639460325,-0.8004769087,-0.4423685074,-0.5703361034,-0.5439722538,-0.4463970661,-0.4194540381,-0.4622527957,-0.534350872,-0.4584589005,-0.4093128443,-0.3739629984,-0.4099779725,-0.3886934519,-0.4100229144,-0.476806581,-0.527739346,-0.517585814,-0.4917575717,-0.460501492,-0.4009718895,-0.3815817833,-0.4331313372,-0.4410722256,-0.5667616129,-0.5680349469,-0.7118956447,-0.8564050794,-0.8362187147,-0.5960742235,-0.6574240327,-0.5855747461,-0.2643432617,-0.622484982,-0.6524825692,-0.6750814319,-0.2451050878,-0.2515375614,-0.1827596426,-0.0197916627,-0.2885619402,-0.2867655754,-0.292591095,-0.1949980855,-0.1461014748,0.0,0.0,-0.0239587426,-0.0692062974,-0.0460836887,-0.2083854079,-0.2492542267,-0.2702108026,0.0,0.0,0.0,0.0,-0.0448476076,-0.0745748878,-0.1288151741,-0.3216201663,-0.3101859689,-0.3749604821,-0.1986045241,-0.2188237906,-0.1844518185,0.0,0.0,0.0,0.0,0.0,0.0,0.0,0.0,0.0,0.0,0.0,0.0,0.0,0.0,0.0,0.0,0.0,0.0,0.0,0.0,0.0,0.0,0.0,0.0,0.0]},"step_mean_q":{"0":[13.6089372635,13.597161293,13.5384902954,13.6039657593,13.6491708755,13.5851392746,13.4957828522,13.426317215,13.3104038239,13.1585292816,12.9772119522,12.7783441544,12.5779380798,12.3494682312,12.0878515244,11.8445549011,11.6014995575,11.28307724,10.9983654022,10.7324342728,10.44713974,10.1275968552,9.8398561478,9.5596389771,9.2739887238,8.9972324371,8.7315406799,8.4828662872,8.2302503586,7.9767274857,7.7469058037,7.5358529091,7.2990722656,7.0697774887,6.8528060913,6.6507229805,6.4323573112,6.2358403206,6.0458750725,5.8616633415,5.6647381783,5.4840636253,5.310667038,5.1436605453,4.97315979,4.8308300972,4.6897945404,4.5440707207,4.4171938896,4.3037099838,4.1871771812,4.078417778,3.9779222012,3.8825023174,3.7984383106,3.7411544323,3.6631104946,3.5774638653,3.5029640198,3.4229176044,3.3652353287,3.2890565395,3.2233800888,3.144204855,3.0883467197,3.0045752525,2.9454751015,2.8634724617,2.7955496311,2.7269017696,2.68689394,2.6500489712,2.6265463829,2.5557940006,2.5027344227,2.4675934315,2.3957946301,2.3423628807,2.3223047256,2.2534189224,2.1914241314,2.1226153374,2.071015358,2.0962753296,2.0525813103,2.0770344734,2.0656485558,2.0576159954,2.0544764996,2.0111837387,2.1373794079,2.1069335938,2.0388259888,2.0453660488,1.987005353,1.9648336172,2.0730462074,2.0109658241,1.9618453979,1.9219666719,1.9331978559,1.8703548908,1.9721033573,2.006373167,1.7748205662,1.6395936012,1.8124763966,1.7545692921,1.7165306807,1.616437912,1.5103999376,1.5130177736,1.4840453863,1.6648215055,1.7030004263,1.7417262793,2.1065995693,2.280122757,2.2008137703,2.3942854404,2.3534023762,2.3344404697,1.8755048513,1.9877378941,1.9100078344,1.8483438492,1.727113843,1.7869915962,1.6308835745,1.7004256248,1.6526808739,1.521381855,1.4396255016,1.2093874216,1.2023428679,1.2698702812,1.2691793442,1.3406463861,1.2538352013,1.1792230606,1.0182917118,1.5535876751,1.915501833,1.961315155]},"episodes_still_running":{"0":[4096.0,4096.0,4096.0,4096.0,4096.0,4096.0,4096.0,4096.0,4096.0,4096.0,4096.0,4096.0,4096.0,4096.0,4096.0,4096.0,4096.0,4096.0,4096.0,4096.0,4096.0,4096.0,4096.0,4096.0,4096.0,4096.0,4096.0,4096.0,4095.0,4093.0,4093.0,4093.0,4093.0,4091.0,4091.0,4089.0,4086.0,4082.0,4074.0,4065.0,4059.0,4046.0,4029.0,4015.0,3993.0,3955.0,3915.0,3873.0,3812.0,3747.0,3677.0,3582.0,3477.0,3378.0,3237.0,3076.0,2949.0,2790.0,2644.0,2499.0,2339.0,2177.0,2007.0,1846.0,1690.0,1567.0,1445.0,1312.0,1187.0,1074.0,982.0,882.0,806.0,736.0,671.0,616.0,545.0,487.0,428.0,391.0,341.0,307.0,277.0,242.0,219.0,197.0,181.0,170.0,146.0,130.0,116.0,103.0,95.0,86.0,83.0,75.0,66.0,63.0,55.0,51.0,46.0,39.0,32.0,30.0,28.0,25.0,22.0,20.0,19.0,18.0,18.0,15.0,15.0,12.0,12.0,11.0,9.0,8.0,8.0,7.0,7.0,7.0,6.0,5.0,5.0,4.0,4.0,4.0,4.0,4.0,4.0,4.0,4.0,3.0,3.0,2.0,2.0,2.0,2.0,2.0,2.0,1.0,1.0,1.0]},