{"max_q":{"0":25.4892997742},"min_q":{"0":-0.7938930988},"mean_q":{"0":5.5794124603},"range_q":{"0":26.2831935883},"step_max_q":{"0":[23.6746120453,23.9108829498,24.1326465607,24.2577533722,25.1490821838,25.4892997742,24.6629562378,24.1464309692,23.0868873596,22.8890304565,22.9515991211,22.8461914062,22.1602268219,21.421421051,20.725643158,19.9123535156,19.2647514343,19.2076072693,18.3625526428,18.7071228027,18.3429794312,17.9481143951,17.3122158051,16.8007011414,16.4506187439,16.1371841431,15.8916282654,15.2646617889,14.2095890045,13.9274616241,13.659778595,13.2721357346,12.875494957,13.30235672,12.3283491135,12.0364599228,10.547082901,10.5330142975,10.5910253525,10.0366268158,9.9988536835,10.2290382385,9.758234024,9.5890426636,9.2232522964,8.9445362091,9.3159999847,8.7496738434,8.8889503479,8.4929504395,8.2506322861,7.99031353,8.0175428391,7.6319608688,7.7202920914,7.8355474472,7.2782726288,7.2806396484,7.4728603363,6.934425354,6.9825229645,7.0511312485,6.5952167511,6.6607236862,6.6059250832,6.041680336,5.6875348091,6.1544661522,6.1420989037,6.2297058105,5.6983184814,5.3805708885,5.6630792618,5.8224625587,5.5940895081,5.6012496948,5.6639680862,5.7405815125,5.469496727,5.6380577087,5.7380714417,5.5445022583,5.4982738495,5.6010513306,5.6031823158,5.4031591415,5.3895764351,5.4128284454,5.358751297,4.9649085999,5.0660376549,5.1738977432,5.0310516357,4.6078710556,4.6292862892,4.6599841118,4.5087556839,4.4061293602,4.4307193756,4.2250556946,4.4195661545,4.198492527,3.8916897774,4.1362919807,4.0568208694,3.6009645462,3.5424458981,3.542142868,3.2727735043,3.3627195358,3.3309094906,3.4087326527,3.2871053219,3.393435955,3.448410511,3.444217205,3.3696682453,3.1619241238,3.1225647926,2.5430521965,3.0624444485,2.663623333,2.5104625225,2.4503247738,1.4065153599,1.6625916958,1.8981955051,1.865997076,1.9211642742,1.8274611235,1.8540947437,1.8401694298,1.6268713474,1.5591053963,1.5706169605,1.3472304344,1.3420473337,1.3078932762,1.1248441935,1.0994166136,1.0726186037,1.0586920977]},"step_min_q":{"0":[5.8393039703,6.0057353973,5.7953882217,6.0407853127,5.7261743546,5.4832835197,5.2408251762,5.2739181519,4.9559750557,4.8598051071,4.5796260834,4.3455047607,4.3150877953,4.023206234,3.5785644054,2.9479959011,2.9969143867,2.7475938797,2.3362164497,2.1341023445,1.8036267757,1.7164134979,1.3014187813,1.3597311974,1.2490165234,1.0932514668,0.6325845718,0.6395757198,0.5652322769,0.2333440781,0.211824894,0.2072443962,0.0241141319,0.0,-0.0190820694,-0.009708643,-0.3264663219,-0.3216481209,-0.2760031223,-0.3138823509,-0.2647309303,-0.4773583412,-0.3828327656,-0.3459842205,-0.3560671806,-0.3281197548,-0.2813236713,-0.2718467712,-0.2844324112,-0.3529074192,-0.3289778233,-0.2990279198,-0.3812558651,-0.3104169369,-0.4951536655,-0.4383034706,-0.4662768841,-0.5106387138,-0.4403896332,-0.5934700966,-0.7938930988,-0.4549133778,-0.3695414066,-0.4096415043,-0.422326088,-0.4897561073,-0.3148956299,-0.3239867687,-0.3196940422,-0.3560740948,-0.503742218,-0.2650134563,-0.2587971687,-0.2335021496,-0.2951908112,-0.2724957466,-0.3372545242,-0.3246586323,-0.3654966354,-0.3392276764,-0.4635078907,-0.3927590847,-0.4244837761,-0.3297770023,-0.2278862,-0.2698786259,-0.2095580101,-0.1920907497,-0.3677191734,-0.2651016712,-0.2611064911,-0.2261433601,-0.2028946877,-0.220890522,-0.1837315559,-0.1832978725,-0.1617863178,-0.274494648,-0.3143017292,-0.4787704945,-0.3534221649,-0.362637043,-0.3379952908,-0.1986186504,-0.135550499,-0.1523051262,-0.0282280445,-0.0874574184,-0.0528855324,-0.0452854633,-0.1687595844,-0.1916549206,-0.2001473904,-0.2191076279,-0.2216014862,-0.2426052094,-0.2467331886,-0.2419633865,0.0,-0.011588335,0.0,-0.0130331516,-0.0028576851,-0.0767388344,-0.1116580963,-0.0618925095,0.0,0.0,-0.0579044819,-0.0864088535,-0.0702137947,-0.0008368492,-0.0241103172,0.0,0.0,0.0,0.0,0.0,-0.0048868656,0.0,0.0,0.0]},"step_mean_q":{"0":[10.2876577377,10.3589696884,10.3445987701,10.4256343842,10.4918689728,10.4686374664,10.444683075,10.4162368774,10.3442316055,10.2489509583,10.1263113022,9.9547452927,9.7732028961,9.5677623749,9.3302059174,9.1089830399,8.8779659271,8.6247787476,8.3658866882,8.0986118317,7.8367671967,7.5429568291,7.2745838165,7.006023407,6.7330579758,6.4695782661,6.2096948624,5.943728447,5.6997218132,5.4470319748,5.2005319595,4.9775543213,4.7399454117,4.509431839,4.3002228737,4.0901842117,3.8823103905,3.7019996643,3.5185191631,3.333127737,3.1660721302,3.0104489326,2.8509767056,2.7098782063,2.5880584717,2.4714975357,2.3634352684,2.2662365437,2.171274662,2.0925550461,2.0208714008,1.9698542356,1.9032095671,1.8674805164,1.8321152925,1.7918218374,1.7553398609,1.7306661606,1.714386344,1.7011833191,1.6901012659,1.6715581417,1.6447595358,1.6219958067,1.6052787304,1.5776171684,1.5653705597,1.562287569,1.5707982779,1.5539525747,1.5426763296,1.541695714,1.5313323736,1.5379604101,1.5166633129,1.4929680824,1.4713968039,1.4632611275,1.4273692369,1.4175772667,1.4307063818,1.4101513624,1.3791154623,1.3384711742,1.3539426327,1.3645648956,1.3874585629,1.4068707228,1.392568469,1.3429781199,1.3487000465,1.3655040264,1.3677036762,1.3204015493,1.3311460018,1.2915620804,1.3101631403,1.2707211971,1.2028762102,1.1768912077,1.2373470068,1.1983649731,1.1018320322,1.0837470293,1.0938087702,1.0484371185,1.0398296118,1.0010005236,0.9910649061,0.9956125021,1.0232071877,1.0729466677,1.0743265152,1.0876579285,0.9958465695,0.9704154134,0.950627327,0.9248678088,0.8801237941,0.7255006433,0.7347744703,0.6323183179,0.6254128218,0.5731640458,0.4501317143,0.5429857373,0.5738828778,0.5703642964,0.5490292311,0.5977253318,0.5860292912,0.5607309937,0.523321867,0.6347856522,0.5786733627,0.5297247767,0.6883619428,0.6606900692,0.5599786639,1.0994166136,1.0726186037,1.0586920977]},"episodes_still_running":{"0":[4096.0,4096.0,4096.0,4096.0,4096.0,4096.0,4096.0,4096.0,4096.0,4096.0,4096.0,4096.0,4096.0,4096.0,4096.0,4096.0,4096.0,4096.0,4096.0,4096.0,4096.0,4096.0,4096.0,4096.0,4096.0,4096.0,4096.0,4096.0,4096.0,4096.0,4096.0,4096.0,4096.0,4095.0,4095.0,4093.0,4092.0,4084.0,4079.0,4076.0,4062.0,4045.0,4023.0,3987.0,3930.0,3882.0,3827.0,3742.0,3658.0,3561.0,3444.0,3303.0,3162.0,3010.0,2860.0,2708.0,2550.0,2407.0,2278.0,2112.0,1976.0,1848.0,1746.0,1603.0,1484.0,1375.0,1264.0,1180.0,1085.0,990.0,918.0,846.0,774.0,718.0,669.0,616.0,577.0,526.0,501.0,463.0,431.0,403.0,379.0,343.0,318.0,296.0,276.0,252.0,238.0,222.0,210.0,195.0,188.0,178.0,170.0,159.0,150.0,142.0,130.0,121.0,110.0,100.0,90.0,85.0,76.0,69.0,66.0,61.0,57.0,53.0,50.0,47.0,46.0,44.0,43.0,43.0,41.0,38.0,36.0,31.0,29.0,29.0,28.0,27.0,23.0,19.0,17.0,13.0,13.0,12.0,9.0,8.0,7.0,4.0,4.0,3.0,2.0,2.0,2.0,1.0,1.0,1.0]},