{"max_q":{"0":18.3098678589},"min_q":{"0":-0.4178080559},"mean_q":{"0":12.4592466354},"range_q":{"0":18.7276763916},"step_max_q":{"0":[16.6895198822,16.9487686157,17.2581996918,17.8748054504,18.1262149811,18.3098678589,17.2430362701,17.1705932617,16.5599250793,15.9510250092,15.5128974915,14.7648916245,14.3567314148,13.5678434372,13.4219341278,12.7606048584,12.0388154984,11.7292747498,10.7124919891,10.1893720627,9.7139978409,9.4231204987,8.9646453857,8.9554567337,8.2189283371,7.9549150467,7.5691518784,7.252052784,7.0106825829,6.8855872154,6.5650868416,6.4649033546,5.8547925949,6.1903395653,3.7381446362,1.8730303049,1.6947607994,0.5689944029,0.5162782669,0.5322161317,0.4505648613,0.4376889765,0.3407319784,0.3419537842,0.2447509468,0.2544624209,0.1652319431,0.1832847893,0.1019360721,0.1279150397,0.0540939458,0.0874552578,0.0277661607,0.0680987686,0.0237897076,0.0665554702,0.0305725932,0.0753413588,0.0452957526,0.0948290601,0.0934565365,0.1239296943,0.1255933642,0.127491951,0.1430583894,0.127326563,0.1424494982,0.121268183,0.1373659968,0.1130172908,0.1301801801,0.1040050089,0.1221085265,0.0948707163,0.1137607023,0.0859086663,0.1054589003,0.077267006,0.097379528,0.069023028,0.0896206498,0.0612143017,0.0822345987,0.0538551919,0.0752463117,0.0469450653,0.0686632618,0.0404744446,0.0624822006,0.0344280414,0.0566928983,0.0287871286,0.0512808338,0.023530677,0.0462283641,0.0186369717,0.0415170342,0.0140837543,0.0371271223,0.0098494031,0.0330389664,0.0059125088,0.0292332917,0.0022522798,0.0256909616,0.0,0.0223937072,0.0,0.0193242319,0.0,0.0164659489,0.0,0.0138031878,0.0,0.0113213565,0.0,0.0090066437,0.0,0.0068465546,0.0]},"step_min_q":{"0":[15.0797691345,15.262670517,15.6560058594,15.3462181091,14.5391712189,14.178311348,15.1298179626,14.0778312683,12.1281719208,10.7184295654,9.1885051727,8.0125627518,6.2068934441,6.4578309059,6.7885818481,5.1121330261,4.1474123001,2.7918257713,2.4300243855,1.629188776,1.3652879,1.0229198933,0.0,0.0,-0.244478941,-0.4178080559,-0.2968719602,0.0,0.0,-0.1403975636,-0.3011112213,0.0,0.0,0.0,0.0,0.0,0.0,0.0,0.0,0.0,0.0,0.0,0.0,0.0,0.0,0.0,0.0,0.0,0.0,0.0,0.0,0.0,0.0,0.0,0.0,0.0,0.0,0.0,0.0,0.0,0.0,0.0,0.0,0.0,0.0,0.0,0.0,0.0,0.0,0.0,0.0,0.0,0.0,0.0,0.0,0.0,0.0,0.0,0.0,0.0,0.0,0.0,0.0,0.0,0.0,0.0,0.0,0.0,0.0,0.0,0.0,0.0,0.0,0.0,0.0,0.0,0.0,0.0,0.0,0.0,0.0,0.0,0.0,0.0,0.0,-0.0011507031,0.0,-0.004315122,0.0,-0.0072586145,0.0,-0.0099979043,0.0,-0.0125486432,0.0,-0.0149250971,0.0,-0.0171408318,0.0,-0.0192085914]},"step_mean_q":{"0":[16.4173851013,16.6805763245,17.0229187012,17.4108352661,17.5237770081,17.8775672913,16.638835907,16.3630256653,15.6489620209,14.9795627594,14.5187520981,13.782913208,13.3138427734,12.5839538574,11.9886760712,11.3111753464,10.6942901611,10.0848960876,9.5091428757,8.9893789291,8.4243106842,7.9176034927,7.3841347694,6.965628624,6.6497116089,6.3712015152,6.0985126495,5.6739916801,5.1759104729,4.5461039543,3.8206140995,3.1441977024,2.7668452263,3.0517876148,2.1510169506,1.3500235081,1.1784617901,0.5689944029,0.5162782669,0.5322161317,0.4505648613,0.4376889765,0.3407319784,0.3419537842,0.2447509468,0.2544624209,0.1652319431,0.1832847893,0.1019360721,0.1279150397,0.0540939458,0.0874552578,0.0277661607,0.0680987686,0.0237897076,0.0665554702,0.0305725932,0.0753413588,0.0452957526,0.0948290601,0.0934565365,0.1239296943,0.1255933642,0.127491951,0.1430583894,0.127326563,0.1424494982,0.121268183,0.1373659968,0.1130172908,0.1301801801,0.1040050089,0.1221085265,0.0948707163,0.1137607023,0.0859086663,0.1054589003,0.077267006,0.097379528,0.069023028,0.0896206498,0.0612143017,0.0822345987,0.0538551919,0.0752463117,0.0469450653,0.0686632618,0.0404744446,0.0624822006,0.0344280414,0.0566928983,0.0287871286,0.0512808338,0.023530677,0.0462283641,0.0186369717,0.0415170342,0.0140837543,0.0371271223,0.0098494031,0.0330389664,0.0059125088,0.0292332917,0.0022522798,0.0256909616,-0.0011507031,0.0223937072,-0.004315122,0.0193242319,-0.0072586145,0.0164659489,-0.0099979043,0.0138031878,-0.0125486432,0.0113213565,-0.0149250971,0.0090066437,-0.0171408318,0.0068465546,-0.0192085914]},"episodes_still_running":{"0":[4096.0,4096.0,4096.0,4096.0,4096.0,4096.0,4096.0,4096.0,4096.0,4096.0,4096.0,4096.0,4096.0,4096.0,4096.0,4096.0,4096.0,4096.0,4096.0,4096.0,4096.0,4096.0,4092.0,3948.0,3280.0,2432.0,1432.0,848.0,488.0,288.0,168.0,88.0,56.0,44.0,24.0,8.0,8.0,4.0,4.0,4.0,4.0,4.0,4.0,4.0,4.0,4.0,4.0,4.0,4.0,4.0,4.0,4.0,4.0,4.0,4.0,4.0,4.0,4.0,4.0,4.0,4.0,4.0,4.0,4.0,4.0,4.0,4.0,4.0,4.0,4.0,4.0,4.0,4.0,4.0,4.0,4.0,4.0,4.0,4.0,4.0,4.0,4.0,4.0,4.0,4.0,4.0,4.0,4.0,4.0,4.0,4.0,4.0,4.0,4.0,4.0,4.0,4.0,4.0,4.0,4.0,4.0,4.0,4.0,4.0,4.0,4.0,4.0,4.0,4.0,4.0,4.0,4.0,4.0,4.0,4.0,4.0,4.0,4.0,4.0,4.0]},"step_range_q":{"0":[1.6097507477,1.6860980988,1.6021938324,2.5285873413,3.5870437622,4.1315565109,2.1132183075,3.0927619934,4.4317531586,5.2325954437,6.3243923187,6.7523288727,8.1498374939,7.1100125313,6.6333522797,7.6484718323,7.8914031982,8.9374485016,8.2824678421,8.5601835251,8.3487100601,8.4002008438,8.9646453857,8.9554567337,8.4634075165,8.3727226257,7.8660240173,7.252052784,7.0106825829,7.0259847641,6.8661980629,6.4649033546,5.8547925949,6.1903395653,3.7381446362,1.8730303049,1.6947607994,0.5689944029,0.5162782669,0.5322161317,0.4505648613,0.4376889765,0.3407319784,0.3419537842,0.2447509468,0.2544624209,0.1652319431,0.1832847893,0.1019360721,0.1279150397,0.0540939458,0.0874552578,0.0277661607,0.0680987686,0.0237897076,0.0665554702,0.0305725932,0.0753413588,0.0452957526,0.0948290601,0.0934565365,0.1239296943,0.1255933642,0.127491951,0.1430583894,0.127326563,0.1424494982,0.121268183,0.1373659968,0.1130172908,0.1301801801,0.1040050089,0.1221085265,0.0948707163,0.1137607023,0.0859086663,0.1054589003,0.077267006,0.097379528,0.069023028,0.0896206498,0.0612143017,0.0822345987,0.0538551919,0.0752463117,0.0469450653,0.0686632618,0.0404744446,0.0624822006,0.0344280414,0.0566928983,0.0287871286,0.0512808338,0.023530677,0.0462283641,0.0186369717,0.0415170342,0.0140837543,0.0371271223,0.0098494031,0.0330389664,0.0059125088,0.0292332917,0.0022522798,0.0256909616,0.0011507031,0.0223937072,0.004315122,0.0193242319,0.0072586145,0.0164659489,0.0099979043,0.0138031878,0.0125486432,0.0113213565,0.0149250971,0.0090066437,0.0171408318,0.0068465546,0.0192085914]},"mean_loss:":{"0":0.1263457984},"rmse":{"0":0.3554515541},"step_rmse":{"0":[0.1343308836,0.1180779487,0.1242475808,0.1382000446,0.1641352028,0.1471262276,0.2217478752,0.3195535243,0.2998339534,0.3986890316,0.3905389607,0.396427542,0.481566757,0.4598877728,0.424134165,0.3674868643,0.3803536594,0.3922528923,0.4134927988,0.4104120135,0.4016094506,0.3562883437,0.3358414173,0.3385928869,0.3233549595,0.3323168159,0.3975835741,0.4804649949,0.6852052212,0.9253495932,1.3302916288,1.6221368313,1.6755449772,1.4863969088,1.8504818678,1.2518665791,1.1345707178,0.3490213156,0.2638151646,0.2174735665,0.101541996,0.0458897054,0.1325694323,0.1628427207,0.1985652745,0.1813157201,0.2100303173,0.1940827072,0.2194471657,0.2131076902,0.2527846098,0.2454197556,0.2744808793,0.2546770573,0.2722641826,0.2258496583,0.2206998467,0.1686905473,0.147171706,0.0926974043,0.0541794002,0.0001664609,0.1075959802,0.0066533089,0.1200419962,0.0096143931,0.1106182337,0.0144718587,0.1138234735,0.0153258145,0.1228303313,0.0328522623,0.1321911216,0.0427740514,0.1503250599,0.0525739044,0.1500564367,0.063086912,0.1611706316,0.0642157644,0.1687232852,0.0806538165,0.1750424206,0.0843651146,0.1913917363,0.0934434235,0.188192457,0.1027178466,0.2009319365,0.1014157087,0.2044350505,0.1169393137,0.2083620131,0.1150873154,0.2231324166,0.1240615547,0.2163815349,0.131292209,0.2305199057,0.1280156672,0.2296942472,0.143545419,0.232882902,0.1368377805,0.2465287,0.1467431486,0.2366445065,0.1514654011,0.2525821328,0.1471628696,0.2471634895,0.163256228,0.2511206269,0.1522433311,0.2636198401,0.1639948785,0.2514494359,0.1656236351,0.269530654,0.161430046]},"rmse_by_q":{"0":2.8529138565},