{"max_q":{"0":26.2726974487},"min_q":{"0":-1.0107039213},"mean_q":{"0":7.6736245155},"range_q":{"0":27.2834014893},"step_max_q":{"0":[22.1116809845,22.395980835,22.2407360077,22.0890426636,22.0813541412,23.6054172516,23.6090774536,25.8937778473,24.9948215485,26.2726974487,21.5505390167,23.3614444733,24.9372138977,25.6652126312,22.7105426788,22.6702957153,20.157661438,19.8771247864,21.5676670074,18.5639305115,19.797990799,16.8207702637,16.7278232574,15.9021682739,15.969745636,14.6454429626,14.2551231384,14.2701950073,14.2367191315,13.2456588745,14.6891450882,12.4780521393,12.4066104889,11.8996419907,12.4724578857,12.615196228,11.309296608,11.4858827591,11.2903623581,11.2953977585,11.2471132278,11.3744163513,11.5232000351,10.4178991318,10.0658063889,10.6701021194,10.248005867,10.368680954,10.6709508896,10.1437339783,10.2879638672,10.3028783798,10.3852272034,8.7155160904,8.3240337372,8.8813819885,8.6519775391,11.5552740097,10.4589061737,11.0502738953,9.8724861145,9.1566705704,9.0817213058,6.5727968216,6.3782167435,6.3346590996,6.1638646126,6.5563874245,6.6460170746,6.3335995674,6.5154418945,8.0423460007,8.2117509842,7.7837748528,7.7788767815,7.4618802071,1.0668628216,0.5447860956,0.6677020788]},"step_min_q":{"0":[4.5356550217,4.2105507851,0.0,0.0,-0.4308447242,-0.0586030781,0.0,-0.4250427485,-0.2754665017,-0.30208987,-0.3868978918,-0.542678833,-0.6234534383,-1.0107039213,-0.3809613585,-0.6950600147,-0.4154611826,-0.6412254572,-0.5327805281,-0.4470982552,-0.6628745794,-0.5738698244,-0.5384732485,-0.6279414892,-0.6660782695,-0.7671411633,-0.7633083463,-0.7188961506,-0.6505431533,-0.6672455072,-0.6263710856,-0.6304908991,-0.761963129,-0.6024050713,-0.8418152332,-0.7582886815,-0.7142672539,-0.6634360552,-0.6148667932,-0.664832592,-0.6927732229,-0.6009477377,-0.5139781237,-0.5570693612,-0.5674384832,-0.6000696421,-0.4212890863,-0.286550194,-0.4044169784,-0.7815637589,-0.7585999966,-0.7488239408,-0.7434386611,-0.7306978703,-0.5621016622,-0.4897174537,-0.3807450831,-0.6717816591,-0.6243124008,-0.5749173164,-0.5624364614,-0.5645744801,-0.264916718,0.0,-0.1636331081,-0.2168503404,-0.3709997535,-0.3887152672,0.0,0.0,0.0,0.0,0.0,0.0,0.0,0.0,0.0,0.0,0.0]},"step_mean_q":{"0":[11.4727230072,11.4560804367,11.3847007751,11.2978391647,11.2112979889,11.1085014343,10.9970417023,10.7914381027,10.5730829239,10.3031587601,10.0193004608,9.6527881622,9.3120279312,8.9341468811,8.5254163742,8.1239881516,7.7221484184,7.3609924316,6.9993510246,6.638979435,6.3056416512,5.983104229,5.6794376373,5.4152097702,5.1604995728,4.9408984184,4.7179169655,4.509452343,4.2839913368,4.1045908928,3.9057126045,3.7495594025,3.5847809315,3.4597740173,3.2645418644,3.1184768677,3.0264852047,2.966422081,2.8871257305,2.7976648808,2.8608629704,2.8392212391,2.7426652908,2.5750107765,2.5894670486,2.5425436497,2.5528748035,2.6035766602,2.5165252686,2.5263490677,2.3398826122,2.4249813557,2.4047248363,1.950523138,1.9118826389,1.9584817886,1.8520030975,2.0460419655,2.1289834976,1.9397958517,1.9012708664,1.881069541,2.1549117565,1.8758096695,1.989102006,2.0801708698,2.5920655727,3.1187443733,4.7950220108,4.4948863983,3.7487680912,4.4022612572,5.3528251648,5.0764803886,4.6940274239,4.3865375519,1.0668628216,0.5447860956,0.6677020788]},"episodes_still_running":{"0":[4096.0,4096.0,4095.0,4094.0,4092.0,4090.0,4089.0,4083.0,4081.0,4077.0,4064.0,4056.0,4044.0,4030.0,4013.0,3988.0,3957.0,3924.0,3867.0,3804.0,3739.0,3679.0,3595.0,3493.0,3385.0,3235.0,3063.0,2890.0,2693.0,2453.0,2246.0,2049.0,1839.0,1635.0,1451.0,1289.0,1155.0,1008.0,891.0,745.0,638.0,556.0,485.0,422.0,368.0,328.0,294.0,262.0,220.0,200.0,165.0,141.0,122.0,99.0,79.0,64.0,57.0,50.0,41.0,35.0,32.0,29.0,19.0,14.0,12.0,11.0,9.0,7.0,4.0,3.0,3.0,3.0,2.0,2.0,2.0,2.0,1.0,1.0,1.0]},"step_range_q":{"0":[17.5760269165,18.1854305267,22.2407360077,22.0890426636,22.5121994019,23.6640205383,23.6090774536,26.3188209534,25.2702884674,26.5747871399,21.9374370575,23.9041233063,25.560667038,26.6759166718,23.0915031433,23.3653564453,20.5731220245,20.5183506012,22.100446701,19.0110282898,20.4608650208,17.3946399689,17.2662963867,16.5301094055,16.6358242035,15.4125843048,15.0184316635,14.9890909195,14.8872623444,13.9129047394,15.3155164719,13.108543396,13.1685733795,12.5020465851,13.3142728806,13.3734846115,12.023563385,12.1493186951,11.9052295685,11.9602298737,11.9398860931,11.9753637314,12.0371780396,10.9749689102,10.6332445145,11.2701721191,10.669295311,10.6552314758,11.0753679276,10.9252977371,11.0465641022,11.0517024994,11.1286659241,9.4462137222,8.8861351013,9.371099472,9.0327224731,12.2270555496,11.0832185745,11.6251907349,10.4349222183,9.721244812,9.3466377258,6.5727968216,6.54185009,6.5515093803,6.5348644257,6.9451026917,6.6460170746,6.3335995674,6.5154418945,8.0423460007,8.2117509842,7.7837748528,7.7788767815,7.4618802071,1.0668628216,0.5447860956,0.6677020788]},"mean_loss:":{"0":1.4143528938},"rmse":{"0":1.189265728},"step_rmse":{"0":[1.2498557568,1.2983807325,1.300530076,1.290574789,1.2859379053,1.2954745293,1.2822455168,1.3106341362,1.3346157074,1.3473329544,1.3486115932,1.3316377401,1.325838089,1.3029719591,1.2883429527,1.2574781179,1.2027252913,1.1893520355,1.161557436,1.1366815567,1.123814106,1.1268590689,1.0906271935,1.0912547112,1.0631892681,1.0549281836,1.0178711414,0.9919691086,0.9954215884,0.9816963673,0.9725590348,0.9878029227,0.9850923419,0.9881782532,1.0066255331,0.9847062826,1.0096998215,1.0032269955,0.9379470944,0.9291409254,0.9291551709,0.9770260453,0.9358483553,0.9419631958,0.9205620885,0.9208819866,0.9922405481,0.9429858327,0.9842204452,1.0380735397,1.0482879877,1.0715793371,1.0522147417,1.0134110451,0.9510102868,0.9369465113,0.808067441,0.9968625903,0.9142354131,1.1501102448,1.27442801,1.1340317726,1.0362831354,0.6965078115,0.6865192652,0.7450559139,0.9776071906,1.0610910654,1.6512702703,1.9183671474,1.6288026571,1.4651834965,1.153468132,1.3386893272,0.9556897283,0.9806667566,0.4092378616,0.126018405,0.2752486467]},"rmse_by_q":{"0":15.4980955124},"step_rmse_by_q":{"0":[10.8941507339,11.3335514069,11.4234895706,11.4232006073,11.4700183868,11.6620101929,11.659913063,12.1451292038,12.6227674484,13.0768928528,13.4601373672,13.7953681946,14.237909317,14.5841789246,15.1117887497,15.4785814285,15.5750083923,16.1574954987,16.5952167511,17.1213302612,17.8223590851,18.8340206146,19.2030849457,20.1516609192,20.6024475098,21.350938797,21.5745887756,21.9975509644,23.2358455658,23.9170322418,24.9009361267,26.3445072174,27.4798488617,28.5619316101,30.8351249695,31.5765151978,33.3621253967,33.8194274902,32.4872283936,33.2113037109,32.4781417847,34.4117622375,34.1218605042,36.5809402466,35.5502510071,36.2189254761,38.8675765991,36.2188606262,39.110294342,41.0898666382,44.8008804321,44.1891784668,43.7561378479,51.9558601379,49.7420845032,47.8404502869,43.6320800781,48.7215118408,42.9423446655,59.290271759,67.0303192139,60.2865409851,48.0893516541,37.1310501099,34.5140304565,35.8170547485,37.7153739929,34.023021698,34.4371795654,42.6788787842,43.4490127563,33.2825202942,21.5487728119,26.3704204559,20.3596973419,22.3562831879,38.3589935303,23.1317214966,41.223274231]},"mean_error":{"0":0.8571204543},