{"max_q":{"0":28.6669082642},"min_q":{"0":-2.4553585052},"mean_q":{"0":4.0678038597},"range_q":{"0":31.1222667694},"step_max_q":{"0":[23.6810665131,28.4384593964,23.8136081696,28.2530460358,23.5213737488,26.4547405243,28.6669082642,22.4595222473,26.2254924774,26.004447937,25.7936306,23.5466651917,22.0012359619,21.5584983826,22.3570251465,21.7333164215,20.73087883,24.0512638092,26.0964317322,20.1046066284,18.0406570435,17.5556850433,19.3106918335,16.8349342346,22.9135036469,14.9088973999,12.6473026276,15.3021688461,14.5408916473,12.4875850677,14.3869657516,12.4150438309,14.2961597443,10.591550827,10.7045669556,11.581536293,10.8825092316,11.4736146927,10.4125804901,9.5926361084,10.1441555023,9.6946153641,9.7253894806,9.4460697174,9.5189037323,10.1025819778,9.2169160843,8.7559967041,9.1127557755,8.926158905,8.7982902527,8.762342453,8.8704566956,7.851067543,7.8262453079,8.4590730667,7.3016934395,7.2518773079,7.2328686714,7.2983217239,7.3019256592,7.0341925621,7.1938376427,7.3095002174,7.3250961304,6.9010858536,6.9631652832,7.1066937447,6.7425460815,6.5665388107,6.3903288841,6.145280838,6.4463939667,6.8167276382,6.8382983208,7.0030698776,6.9027380943,6.9300355911,6.9408020973,6.9676275253,6.9860343933,6.9860463142,6.9320540428,6.6543974876,6.6220502853,6.3565502167,6.0610766411,6.0808949471,5.8165555,5.4784455299,5.1126599312,5.118534565,4.7181591988,4.6772518158,4.4116806984,4.388220787,4.7662711143,4.6233787537,5.1752753258,1.9845805168,1.982270956,2.5695388317]},"step_min_q":{"0":[2.2678861618,0.0,0.0,-0.5455604196,-0.3172158599,-1.6598720551,-0.7660583258,-0.2736991346,-0.0924804211,-0.2075396776,-2.0568728447,-0.2928539515,-0.4687626958,-1.0842176676,-0.7399674058,-1.3486148119,-0.3907482028,-0.5662448406,-0.3101918697,-0.5288225412,-0.4487544894,-0.5312449336,-0.4379809499,-0.6410986185,-0.7601810694,-0.5315481424,-0.4304616153,-1.1836959124,-0.5116778612,-0.7442981601,-2.4553585052,-1.6911411285,-1.7385239601,-1.7727599144,-1.7298250198,-1.6862928867,-1.6300811768,-1.5792078972,-1.5365552902,-1.4990737438,-1.4709668159,-1.539780736,-0.7408132553,-0.9274855852,-0.7242021561,-0.9136993885,-0.9331530333,-0.9353303909,-0.9548613429,-0.5832394958,-0.669262588,-0.865653336,-1.0399127007,-0.70628649,-0.8432068825,-1.0075156689,-0.5425431728,-0.5565869808,-0.5331616402,-0.6160491109,-0.4868867993,-0.6206585765,-0.5982136726,-0.4024441242,-0.4076346755,-0.6118687987,-0.7325478792,-0.5771148205,-0.4269082248,-0.3244587779,-0.4319908917,-0.6320999265,-0.5037560463,-0.1866545379,-0.2262066007,-0.1507151723,-0.2328613997,-0.1736233532,-0.1954225898,-0.1315918267,-0.1295514107,-0.0210952759,-0.0076718926,-0.0060152411,-0.0301995873,-0.0300818682,-0.053229332,-0.0698302984,-0.0821930766,-0.084010303,-0.1133052111,0.0,-0.0261221528,0.0,-0.1095021963,-0.0495689511,0.0,0.0,0.0,0.0,0.0,0.0]},"step_mean_q":{"0":[7.9710326195,8.2211046219,8.0093736649,7.8784537315,7.609457016,7.3191065788,7.0309939384,6.7230968475,6.482196331,6.1936087608,5.8760943413,5.5192184448,5.1892132759,4.7805767059,4.445854187,4.0817856789,3.7585630417,3.4434964657,3.1540887356,2.8576834202,2.6173017025,2.3982133865,2.2196979523,2.0238404274,1.8311183453,1.663659811,1.4953163862,1.3827888966,1.2589558363,1.1769201756,1.1210105419,1.0522942543,1.0218523741,0.970582366,0.9512887001,0.9592770934,0.9196345806,0.8823080063,0.855610311,0.8401715755,0.8342189789,0.8215037584,0.8202088475,0.822044313,0.7988889813,0.7986105084,0.8308252096,0.8007078171,0.8348897696,0.8632877469,0.9022115469,0.8832241297,0.8732281923,0.8917769194,0.9167532921,0.9529549479,0.9721671939,0.975159049,1.0973584652,1.0621492863,1.1555535793,1.178340435,1.1744990349,1.2120910883,1.2098356485,1.3277930021,1.3624106646,1.4949979782,1.4869339466,1.4072942734,1.3467431068,1.3664031029,1.4460762739,1.4303187132,1.551440239,1.659968853,1.3731087446,1.3525781631,1.3307106495,1.5845148563,1.3830553293,1.6125968695,1.637583375,1.5366054773,1.6076654196,1.7105436325,1.697721839,1.6855338812,1.4054275751,1.2334010601,1.1401798725,1.7027791739,1.5506236553,1.6123254299,1.5677742958,2.227421999,3.313303709,3.263856411,3.5588908195,1.9845805168,1.982270956,2.5695388317]},"episodes_still_running":{"0":[4096.0,4095.0,4092.0,4083.0,4070.0,4059.0,4044.0,4029.0,4020.0,4008.0,3987.0,3961.0,3934.0,3901.0,3863.0,3815.0,3760.0,3677.0,3585.0,3502.0,3432.0,3330.0,3235.0,3117.0,2990.0,2846.0,2711.0,2580.0,2445.0,2322.0,2184.0,2052.0,1892.0,1769.0,1633.0,1490.0,1383.0,1265.0,1154.0,1059.0,952.0,860.0,781.0,704.0,645.0,589.0,539.0,493.0,443.0,395.0,361.0,318.0,289.0,264.0,233.0,208.0,181.0,158.0,140.0,125.0,109.0,100.0,95.0,81.0,72.0,64.0,55.0,49.0,44.0,39.0,36.0,35.0,31.0,28.0,25.0,24.0,20.0,19.0,17.0,14.0,14.0,10.0,10.0,10.0,10.0,10.0,10.0,10.0,8.0,8.0,8.0,5.0,5.0,5.0,5.0,4.0,2.0,2.0,2.0,1.0,1.0,1.0]},"step_range_q":{"0":[21.4131813049,28.4384593964,23.8136081696,28.7986068726,23.8385887146,28.1146125793,29.4329662323,22.7332210541,26.3179721832,26.2119884491,27.8505039215,23.8395195007,22.4699993134,22.6427154541,23.0969924927,23.0819320679,21.1216278076,24.6175079346,26.4066238403,20.6334285736,18.4894123077,18.0869293213,19.7486724854,17.4760322571,23.6736850739,15.4404459,13.0777645111,16.4858646393,15.0525693893,13.231883049,16.8423233032,14.1061849594,16.0346832275,12.3643112183,12.4343919754,13.2678289413,12.5125904083,13.052822113,11.9491357803,11.0917100906,11.6151218414,11.2343959808,10.4662027359,10.3735551834,10.2431058884,11.0162811279,10.1500692368,9.691327095,10.0676174164,9.5093984604,9.4675531387,9.627995491,9.910369873,8.5573539734,8.6694526672,9.466588974,7.8442363739,7.8084640503,7.7660303116,7.9143710136,7.7888126373,7.6548509598,7.7920513153,7.7119445801,7.7327308655,7.5129547119,7.6957130432,7.6838083267,7.1694540977,6.8909974098,6.8223199844,6.7773809433,6.950150013,7.003382206,7.0645051003,7.1537852287,7.1355996132,7.103659153,7.1362247467,7.0992193222,7.115585804,7.0071415901,6.9397258759,6.6604127884,6.6522498131,6.3866319656,6.1143059731,6.1507253647,5.8987483978,5.5624556541,5.225965023,5.118534565,4.744281292,4.6772518158,4.5211830139,4.437789917,4.7662711143,4.6233787537,5.1752753258,1.9845805168,1.982270956,2.5695388317]},"mean_loss:":{"0":0.7377243042},"rmse":{"0":0.8589087725},"step_rmse":{"0":[0.6622360945,0.7346920967,0.8043159842,0.8367927074,0.8400354981,0.8604557514,0.9220305085,0.9323539138,1.0034270287,1.0635734797,1.0686343908,1.0793459415,1.0785655975,1.0309655666,1.0358035564,1.0101411343,0.974742651,0.9746074677,0.9497973323,0.8778555989,0.9107167721,0.8522914052,0.8360770345,0.8403218985,0.8090546727,0.7930415869,0.7334210873,0.6840997934,0.6713675857,0.6528667212,0.6601492167,0.6497122049,0.6579520702,0.6079905033,0.623193264,0.6116761565,0.600769639,0.596696198,0.5964568853,0.6078893542,0.6267688274,0.6248270273,0.608009696,0.545296371,0.5992543101,0.5989960432,0.6117814779,0.5964037776,0.6062265038,0.6623643637,0.6597466469,0.6247392297,0.6461991668,0.5773982406,0.5757553577,0.5549556017,0.6676927209,0.5865880847,0.6597700715,0.7440252304,0.7121376395,0.7644895911,0.7081230283,0.6544362903,0.6855276227,0.8459349275,0.7376676202,0.9135735035,0.8298172951,0.6634257436,0.9359694123,0.723531425,0.7700268626,0.9946345091,0.919365406,0.9237625599,1.0417610407,0.956908226,1.0594702959,1.111463666,1.0926668644,1.1616877317,1.0111734867,0.9482275248,0.976981461,0.9976307154,0.8300179243,0.7393526435,0.8294096589,0.7244418263,0.6375610232,0.8165345192,0.6940914392,1.1181679964,1.1959055662,1.2958730459,0.6937116385,1.1118063927,1.333758831,0.1918606758,0.2548172474,0.5868775845]},"rmse_by_q":{"0":21.1148033142},