{"max_q":{"0":25.6928310394},"min_q":{"0":-0.9990057945},"mean_q":{"0":4.5649142265},"range_q":{"0":26.6918373108},"step_max_q":{"0":[17.0299186707,19.4980106354,23.8643245697,21.0447711945,20.5716342926,19.799539566,18.8565101624,21.6303081512,21.5057296753,21.2955245972,23.9391689301,19.7878627777,20.3164978027,20.1721096039,19.3270072937,19.8011245728,21.0820121765,19.3028469086,19.9254760742,24.778093338,23.5100021362,25.3901290894,25.6928310394,24.403169632,23.1788597107,23.1755504608,18.9949607849,18.495218277,18.0796089172,16.4068450928,16.1644248962,15.7597198486,12.7550973892,12.3942451477,11.5606174469,12.3773765564,13.0663585663,13.8255615234,14.3490209579,14.2422075272,14.3726263046,11.4116601944,11.2291307449,8.056883812,8.6074562073,8.2181558609,8.4483757019,15.4946126938,8.2120876312,8.8284273148,8.3799905777,8.047659874,8.2455062866,9.8769960403,9.9475221634,10.6868391037,10.5995140076,9.6289424896,10.2348060608,8.8863658905,9.2111949921,11.3171291351,11.5746898651,10.8868465424,10.798666954,7.6336979866,7.0367078781,7.4480819702,7.7346072197,8.4041204453,6.9468841553,6.5969400406,6.9291625023,6.9457602501,6.3840999603,6.1881270409,7.1734418869,5.5435562134,6.8220853806,7.9919304848,4.0471487045,3.2462539673,2.4918956757,3.9909982681,3.9388253689,4.2255825996,1.9901458025,1.93584764,1.9086631536,0.1288899183,0.0739114583,0.0,0.0,0.0,0.0,0.0,0.0,0.0,0.0]},"step_min_q":{"0":[2.0492491722,1.4138287306,0.0,0.0,-0.0196586847,-0.2308483422,-0.3153521717,-0.3474247456,-0.3903805912,-0.4310297072,-0.4530543089,-0.4689007998,-0.3266615272,-0.3749415278,-0.4301793873,-0.3530353606,-0.3492512405,-0.3685488403,-0.3664566875,-0.557395637,-0.4248737991,-0.4528744519,-0.5798887014,-0.7237036228,-0.7105765343,-0.5858225822,-0.5300161839,-0.4769404531,-0.5918459892,-0.6411970854,-0.6048598289,-0.5977879167,-0.587651968,-0.5411497355,-0.7089014053,-0.7713303566,-0.819521904,-0.7873578668,-0.7985281944,-0.7147678137,-0.6256435513,-0.6996033192,-0.5882748365,-0.4760192633,-0.5233569145,-0.4394180775,-0.7229049802,-0.5220557451,-0.7699902058,-0.5689561963,-0.5757617354,-0.8265852928,-0.6375258565,-0.4860839546,-0.5870891213,-0.677531302,-0.6720328927,-0.6083610654,-0.6858062744,-0.6426935792,-0.6646263599,-0.6264346242,-0.644608438,-0.6992223263,-0.6927617192,-0.6875866652,-0.7294620275,-0.6045781374,-0.7172681689,-0.9990057945,-0.3742819428,-0.0115788653,-0.1504553109,-0.1042989641,0.0,0.0,0.0,0.0,0.0,0.0,0.0,0.0,0.0,0.0,0.0,0.0,0.0,0.0,0.0,0.0,0.0,-0.0059746131,-0.0278225169,-0.1455891132,-0.0024154559,-0.1066148728,-0.1391506493,-0.1293290555,-0.1907252222]},"step_mean_q":{"0":[8.0486545563,8.270529747,8.3463020325,8.1797809601,8.0859804153,7.9194326401,7.8197517395,7.6486086845,7.466817379,7.2251477242,6.913028717,6.5679841042,6.1959409714,5.7739543915,5.3790111542,4.9713411331,4.5500650406,4.185860157,3.7948641777,3.4334714413,3.0770680904,2.7339572906,2.4343936443,2.1764023304,1.9938143492,1.815051198,1.6442135572,1.5240316391,1.4035907984,1.3334549665,1.2721072435,1.2076807022,1.1641764641,1.146739006,1.1151045561,1.0830000639,1.0517506599,1.0078952312,1.0123944283,0.9763201475,0.9650139213,0.9452496171,0.9351556301,0.9034200907,0.910877943,0.9032239914,0.9722138047,0.9609399438,0.9875094891,1.0333766937,1.0178630352,1.127390027,1.1871587038,1.278311491,1.310428381,1.3807348013,1.3697230816,1.371178031,1.3218461275,1.358515501,1.3921347857,1.4898266792,1.661480546,1.6135213375,1.5376485586,1.1920515299,1.3876978159,1.7587785721,1.7583786249,2.0634510517,1.8770219088,2.0563180447,2.2732081413,2.1899888515,2.1432433128,2.1018083096,2.3642630577,2.0630662441,2.3421821594,2.3546929359,1.9351868629,1.4448274374,1.3636167049,1.5515335798,1.5504834652,1.9218401909,1.4555498362,1.156046629,1.0765691996,0.1288899183,0.0739114583,-0.0059746131,-0.0278225169,-0.1455891132,-0.0024154559,-0.1066148728,-0.1391506493,-0.1293290555,-0.1907252222]},"episodes_still_running":{"0":[4096.0,4096.0,4093.0,4088.0,4082.0,4078.0,4073.0,4065.0,4053.0,4044.0,4035.0,4021.0,3994.0,3941.0,3884.0,3829.0,3775.0,3724.0,3655.0,3598.0,3508.0,3407.0,3273.0,3168.0,3057.0,2935.0,2825.0,2674.0,2558.0,2393.0,2251.0,2104.0,1949.0,1793.0,1666.0,1555.0,1431.0,1303.0,1188.0,1084.0,984.0,889.0,780.0,695.0,633.0,573.0,493.0,450.0,385.0,334.0,299.0,264.0,233.0,212.0,196.0,168.0,141.0,124.0,110.0,100.0,94.0,84.0,77.0,67.0,62.0,55.0,49.0,36.0,35.0,28.0,25.0,21.0,19.0,15.0,14.0,12.0,11.0,11.0,10.0,10.0,8.0,6.0,5.0,5.0,5.0,4.0,2.0,2.0,2.0,1.0,1.0,1.0,1.0,1.0,1.0,1.0,1.0,1.0,1.0]},"step_range_q":{"0":[14.9806690216,18.0841827393,23.8643245697,21.0447711945,20.591293335,20.0303878784,19.1718616486,21.9777336121,21.8961105347,21.7265548706,24.3922233582,20.2567634583,20.6431598663,20.5470504761,19.7571868896,20.1541595459,21.43126297,19.6713962555,20.2919330597,25.3354892731,23.9348754883,25.8430042267,26.2727203369,25.1268730164,23.8894367218,23.7613735199,19.5249767303,18.972158432,18.6714553833,17.0480422974,16.769285202,16.3575077057,13.3427495956,12.9353952408,12.2695188522,13.1487064362,13.8858804703,14.6129198074,15.1475486755,14.9569749832,14.9982700348,12.1112632751,11.8174057007,8.5329027176,9.1308135986,8.6575737,9.1712808609,16.0166683197,8.9820775986,9.3973836899,8.9557523727,8.8742446899,8.8830318451,10.3630800247,10.534611702,11.3643703461,11.2715473175,10.2373037338,10.9206123352,9.5290594101,9.8758211136,11.9435634613,12.2192983627,11.5860691071,11.4914283752,8.3212842941,7.7661700249,8.0526599884,8.4518756866,9.4031257629,7.3211660385,6.6085190773,7.0796179771,7.0500593185,6.3840999603,6.1881270409,7.1734418869,5.5435562134,6.8220853806,7.9919304848,4.0471487045,3.2462539673,2.4918956757,3.9909982681,3.9388253689,4.2255825996,1.9901458025,1.93584764,1.9086631536,0.1288899183,0.0739114583,0.0059746131,0.0278225169,0.1455891132,0.0024154559,0.1066148728,0.1391506493,0.1293290555,0.1907252222]},"mean_loss:":{"0":0.8314526677},"rmse":{"0":0.91184026},"step_rmse":{"0":[0.6556378007,0.7145460844,0.7399169803,0.7629018426,0.8107722998,0.8607084751,0.8985677361,0.9246063828,0.9657202959,0.9777469635,1.020093441,1.0366002321,1.0660963058,1.0924290419,1.1055915356,1.1042295694,1.075902462,1.043002367,1.1100341082,1.0584383011,1.0507442951,1.0052230358,0.976126492,0.9089034796,0.8916072845,0.8511829376,0.8204577565,0.7995139956,0.8119872808,0.7759156227,0.7660859823,0.7661557198,0.7555258274,0.7750501037,0.7350681424,0.7487226725,0.7705149651,0.7438961864,0.7504206896,0.7460200191,0.7294773459,0.7375076413,0.7367344499,0.7257933617,0.7467158437,0.7522626519,0.7325406671,0.84524858,0.7430183291,0.7842110991,0.7707496285,0.8100898862,0.8427538276,0.7799805999,0.7933512926,0.8835654855,0.8909981847,0.7561381459,0.8483113647,0.7133102417,0.7594294548,0.7827977538,0.8216264844,0.7835025191,0.6529038548,0.5521091819,0.6926352382,0.6643151045,0.716212213,0.8161951303,0.7890946865,0.8082828522,1.1078944206,0.9031338692,0.9702976942,0.7763794065,0.7418300509,0.9804915786,0.789904356,0.7558651567,0.9792079329,0.9136714339,0.6608209014,0.7342056036,0.4378771186,0.6666927338,0.8479596972,0.9067758322,0.7325152755,0.3281093836,0.2519967258,0.3851521909,0.3927336037,0.4380819798,0.3898456395,0.3832443357,0.3925533593,0.3408492506,0.4235914946]},"rmse_by_q":{"0":19.9749717712},