{"max_q":{"0":27.3033618927},"min_q":{"0":-0.7646911144},"mean_q":{"0":6.1990909576},"range_q":{"0":28.0680522919},"step_max_q":{"0":[23.675201416,25.7612895966,27.3033618927,24.2719497681,23.5729598999,24.2544364929,24.2048568726,23.8818759918,23.1915550232,23.0228042603,22.9430503845,22.7767353058,21.5942573547,21.1879310608,21.0765457153,21.6125526428,20.0553264618,20.527217865,19.984167099,20.8517227173,20.0709075928,19.0434341431,18.7479515076,18.515914917,18.2387905121,17.9484596252,17.194519043,17.0108585358,16.1637268066,16.0642356873,16.4184017181,14.9112224579,14.6759595871,14.8282814026,14.5355205536,14.5175275803,14.086227417,14.339849472,13.8039474487,13.5388393402,12.8543357849,12.3738174438,12.4076595306,12.3116397858,12.3421669006,12.5778636932,12.6747398376,12.40873909,11.9734077454,12.7160110474,12.17578125,11.9299678802,11.7091436386,11.1044960022,10.8883152008,10.5474872589,9.7946071625,9.4578800201,9.1302261353,8.9310359955,8.6479263306,8.8163433075,8.3678073883,9.0420598984,8.156961441,8.7524328232,8.040854454,7.4183597565,7.9730062485,8.1709413528,7.7540707588,7.5467543602,7.2732248306,7.3987503052,7.3176355362,7.1177539825,6.7796726227,6.9371194839,6.7431917191,6.83182621,6.9802050591,6.7010712624,6.7376904488,6.7035274506,6.4455332756,6.7463531494,6.197324276,6.3766078949,6.169919014,6.0344781876,6.2466216087,5.9350576401,6.1916694641,6.3056740761,6.2093048096,6.1916890144,6.6067390442,6.0406312943,6.3749098778,6.4573788643,6.2682332993,6.4709758759,6.0841197968,6.0032272339,5.9783391953,5.788839817,5.9016041756,5.9701251984,6.0512781143,6.1073007584,5.7768936157,6.1402740479,6.1980466843,6.4188270569,6.1991424561,6.1471681595,6.1279335022,6.0300312042,5.9504356384,5.9250741005,5.8023824692,5.8104782104,5.7284727097,5.6181106567,5.5863418579,5.5903787613,5.2104902267,5.4074525833,5.2057833672,5.300555706,5.033390522,5.2093400955,5.0308532715,4.9678707123,4.8810062408,4.9280080795,4.7624263763,4.8288583755,4.6123056412,4.6858429909,4.4625501633,1.7404110432,1.4729075432,1.7777621746,1.5344741344,1.6413316727,1.5388499498,1.5279541016,1.7303680182,1.4314981699,1.3864489794,1.3953770399,1.1081374884,1.0372576714,1.0652251244,0.7732824087,0.7422206402,0.6755222082,0.8353823423,0.5152591467,0.3556585312,0.3365199566]},"step_min_q":{"0":[7.0888500214,6.6296644211,6.571305275,5.7552657127,4.5186538696,4.9088191986,4.5033769608,4.329064846,4.9759755135,4.7959809303,4.4284029007,4.1629648209,4.275384903,3.4816503525,3.2858781815,3.2694039345,2.9765305519,2.8474802971,2.542743206,2.5082278252,2.2323725224,2.0398359299,0.0,0.0,0.0,0.0,0.0,0.0,0.0,0.0,0.0,-0.3175616264,0.0,0.0,-0.1355378628,-0.1333346367,-0.3053302765,-0.3341114521,-0.319760561,-0.3514726162,-0.2496809959,-0.4117572308,-0.3619048595,-0.3973588943,-0.3798782825,-0.3833684921,-0.373414278,-0.3636951447,-0.5137898922,-0.39455688,-0.3796410561,-0.4870648384,-0.3474929333,-0.3958499432,-0.4633154869,-0.4170451164,-0.3830854893,-0.5141086578,-0.6226260662,-0.3930497169,-0.3686680794,-0.4343836308,-0.4862544537,-0.5382640362,-0.4073765278,-0.443893671,-0.5236675739,-0.4712018967,-0.3804681301,-0.3969545364,-0.3891122341,-0.4196224213,-0.4950180054,-0.5611166954,-0.3023283482,-0.3656623363,-0.3603897095,-0.5554950237,-0.4663455486,-0.6166417599,-0.4836534262,-0.4590330124,-0.5448446274,-0.4502665997,-0.3808653355,-0.7646911144,-0.3154691458,-0.2964166403,-0.3125178814,-0.319849968,-0.2646217346,-0.398245573,-0.372136116,-0.3763728142,-0.3747725487,-0.3451189995,-0.3382360935,-0.281910181,-0.2876588106,-0.317987442,-0.2747387886,-0.1488941908,-0.323628664,-0.2123479843,-0.1933786869,-0.189718008,-0.391793251,-0.4067420959,-0.3996920586,-0.3914020061,-0.4289703369,-0.3726642132,-0.3145592213,-0.4778449535,-0.5075068474,-0.4824230671,-0.4780318737,-0.4655435085,-0.3392920494,-0.2444903851,-0.3413102627,-0.3079025745,-0.2559509277,-0.2160438299,-0.1258559227,-0.1201913357,-0.0283102989,-0.1231857538,-0.0352138281,-0.0286691189,-0.1920604706,-0.2474431992,-0.1282795668,-0.3171750307,-0.2900470495,-0.2890185118,-0.251584053,-0.3024623394,0.0,0.0,0.0,0.0,0.0,0.0,0.0,0.0,-0.0249341726,0.0,0.0,0.0,0.0,0.0,0.0,0.0,0.0,0.0,-0.0120074749,-0.02921772,0.0,0.0,0.0,0.0]},"step_mean_q":{"0":[11.4962301254,11.6584529877,11.6113739014,11.6467552185,11.6755981445,11.6690120697,11.5981674194,11.5575351715,11.4317159653,11.3113079071,11.1503562927,10.973531723,10.7664222717,10.5317878723,10.2752542496,10.0156145096,9.7661876678,9.495300293,9.2199707031,8.9394416809,8.6642780304,8.3544893265,8.0732688904,7.7997999191,7.523127079,7.2398514748,6.9782710075,6.7192230225,6.4613571167,6.1978225708,5.9540891647,5.7249016762,5.4892778397,5.2491526604,5.0310330391,4.8242082596,4.604598999,4.4006676674,4.202009201,4.0102849007,3.8250710964,3.6469073296,3.4823083878,3.322306633,3.1924681664,3.0580730438,2.9276819229,2.8229248524,2.7215423584,2.646197319,2.5642075539,2.5004885197,2.4303128719,2.4029364586,2.3599293232,2.3352985382,2.3118863106,2.277274847,2.2477931976,2.2491986752,2.2502610683,2.2534153461,2.2337961197,2.2292845249,2.2491300106,2.2891261578,2.2710645199,2.2393620014,2.2274742126,2.2258434296,2.2282047272,2.2559199333,2.2386631966,2.2234385014,2.2399942875,2.233935833,2.2320213318,2.2381060123,2.3041684628,2.2863729,2.2744920254,2.2550692558,2.272559166,2.305588007,2.2746415138,2.2302613258,2.2591714859,2.300381422,2.3189518452,2.2415030003,2.2325816154,2.2012722492,2.1657261848,2.1405637264,2.1048867702,2.0653107166,2.0802419186,2.064707756,2.0794408321,2.1066420078,2.0053429604,1.9571559429,1.9705063105,1.9912537336,1.970036149,1.9546117783,1.9083602428,1.8716175556,1.8334983587,1.8610765934,1.8449673653,1.886302352,1.8755334616,1.9280023575,1.9348958731,1.9752160311,2.0094387531,1.9677749872,1.8306895494,1.9043394327,1.9705450535,1.9589759111,1.9546556473,1.9947462082,2.1042230129,2.084197998,2.0967135429,1.9396933317,2.1227977276,2.136099577,1.996045351,1.8298887014,1.9210934639,2.0148613453,2.0093951225,1.4594326019,1.3673365116,1.3675922155,1.2401093245,1.2239159346,1.2048925161,0.8200753927,0.8449460268,0.9212596416,0.8768001795,0.8730381131,0.8003941774,0.8140839338,1.1531461477,0.9890236855,0.9572299123,0.9452421069,0.7816974521,0.736635983,0.7220347524,0.5505242348,0.4531063735,0.4379165173,0.4072632492,0.4248806238,0.3443931341,0.3365199566]},"episodes_still_running":{"0":[4096.0,4096.0,4096.0,4096.0,4096.0,4096.0,4096.0,4096.0,4096.0,4096.0,4096.0,4096.0,4096.0,4096.0,4096.0,4096.0,4096.0,4096.0,4096.0,4096.0,4096.0,4096.0,4095.0,4095.0,4095.0,4095.0,4095.0,4095.0,4094.0,4093.0,4093.0,4093.0,4092.0,4092.0,4091.0,4090.0,4086.0,4078.0,4075.0,4065.0,4054.0,4043.0,4026.0,4001.0,3960.0,3919.0,3871.0,3813.0,3731.0,3634.0,3546.0,3443.0,3335.0,3196.0,3066.0,2931.0,2802.0,2681.0,2554.0,2421.0,2279.0,2142.0,2014.0,1899.0,1766.0,1654.0,1551.0,1467.0,1399.0,1312.0,1220.0,1135.0,1051.0,1000.0,942.0,891.0,831.0,778.0,720.0,687.0,636.0,604.0,564.0,524.0,498.0,469.0,436.0,405.0,377.0,348.0,328.0,314.0,294.0,273.0,257.0,239.0,223.0,210.0,192.0,181.0,166.0,161.0,154.0,144.0,132.0,124.0,119.0,115.0,108.0,101.0,95.0,84.0,83.0,78.0,71.0,64.0,62.0,58.0,55.0,50.0,45.0,43.0,38.0,32.0,28.0,26.0,26.0,23.0,21.0,20.0,19.0,17.0,15.0,14.0,14.0,12.0,11.0,10.0,7.0,7.0,7.0,5.0,4.0,4.0,4.0,4.0,4.0,4.0,3.0,3.0,3.0,3.0,3.0,3.0,3.0,3.0,3.0,3.0,3.0,2.0,2.0,1.0]},