{"max_q":{"0":24.7080307007},"min_q":{"0":-0.6970955729},"mean_q":{"0":6.7335805893},"range_q":{"0":25.4051265717},"step_max_q":{"0":[23.818031311,23.4481163025,24.7080307007,24.2125549316,24.2187728882,23.4522514343,23.7847499847,23.5383911133,22.4582328796,22.8762588501,22.6725578308,22.8542079926,22.587348938,22.9474239349,22.707201004,22.7602539062,22.5247497559,21.9925498962,22.5268478394,21.7165813446,21.2572994232,20.2932605743,20.3998222351,19.5735816956,19.446554184,19.1368217468,18.7246284485,18.3532772064,18.4775333405,17.4513587952,16.4295883179,16.1992511749,15.5309104919,15.5758361816,15.2810916901,14.8843097687,14.4318675995,14.3964004517,14.0449094772,13.9428501129,13.0600681305,12.6441040039,12.5950555801,12.2217006683,11.8683652878,11.5584106445,11.3519449234,10.9746732712,10.8744735718,10.7520437241,10.5253143311,10.4563865662,10.9823217392,10.4809904099,10.5163917542,10.5195217133,10.3065681458,10.0177059174,9.6383914948,9.3043794632,8.5746078491,8.4930429459,8.317612648,8.4648084641,8.1004505157,8.1797676086,8.061123848,8.0478210449,8.1048545837,7.9732270241,7.9419140816,7.9688825607,7.7758626938,7.7618412971,7.6081252098,7.6066083908,7.5198841095,7.3944301605,7.2678365707,7.0389904976,7.1789441109,6.9103431702,6.8986854553,6.8262534142,6.9204444885,6.8110842705,7.0279259682,6.9350824356,6.7215471268,6.7643060684,6.6074209213,6.7397670746,6.5210294724,6.5072107315,6.4923434258,6.2718839645,6.2758316994,6.3537759781,5.9711942673,6.0923404694,6.1565999985,5.8800926208,5.926460743,5.9712057114,5.7382116318,5.7492904663,5.7804059982,5.6457624435,5.466345787,5.5862908363,5.583697319,5.3232750893,5.404624939,5.1816110611,5.4194498062,5.2373695374,5.0759854317,5.1902146339,5.0471925735,5.0485143661,5.0868873596,4.8617839813,4.8814835548,4.9173736572,5.1490912437,4.6808485985,4.3423557281,4.4658827782,4.7929544449,4.6461749077,4.929377079,4.7734189034,4.6602768898,4.8636860847,4.6069893837,4.7621917725,4.7984647751,4.8226337433,4.552652359,4.6396913528,4.5710382462,4.3838515282,4.357363224,4.355284214,4.1975622177,4.0587015152,4.1047129631,3.9461679459,2.3844852448,2.1777696609,2.1719949245,1.8936779499,1.7059075832,1.6260493994,1.1998707056,1.1717129946,1.238216877]},"step_min_q":{"0":[6.8134121895,7.0586853027,6.4274654388,5.8488092422,5.9245710373,5.7966866493,4.7993574142,5.1023273468,4.8577861786,4.3983669281,4.5437254906,4.2994327545,0.0,0.0,0.0,0.0,0.0,0.0,0.0,0.0,0.0,0.0,0.0,0.0,0.0,0.0,0.0,0.0,0.0,0.0,0.0,0.0,0.0,0.0,-0.07492733,-0.0805417299,-0.1911040545,-0.1897084713,-0.2323471308,-0.2450153828,-0.2918028235,-0.2674030662,-0.2746401429,-0.366132915,-0.2604050636,-0.3433569074,-0.3222498894,-0.3024207354,-0.4218784571,-0.4075059891,-0.324095726,-0.4051442742,-0.488925457,-0.554982543,-0.5513204336,-0.5635296106,-0.4373241663,-0.4582713842,-0.4407095909,-0.4584662914,-0.3607000113,-0.4953045845,-0.4165141582,-0.5046144128,-0.5499358177,-0.4221373796,-0.4120554924,-0.5279266834,-0.6970955729,-0.3813678026,-0.3667060137,-0.3514740467,-0.3998848796,-0.4098137617,-0.3680098057,-0.2711310387,-0.2893157601,-0.2719855905,-0.2967674136,-0.408710897,-0.455063343,-0.4050857425,-0.4047179818,-0.2360623479,-0.3104851842,-0.3251886964,-0.3758177161,-0.3226205111,-0.3384737968,-0.1888474822,-0.2578899264,-0.3207242489,-0.2792192698,-0.2474486828,-0.1910661459,-0.313916564,-0.2331202626,-0.2247475386,-0.3058831096,-0.3851051927,-0.2016038895,-0.2171173096,-0.2498865724,-0.2943102717,-0.282489121,-0.2818527818,-0.1782434583,-0.1656739116,-0.0704613924,-0.4116947651,-0.2196774483,-0.3702889681,-0.4666525126,-0.2913578749,-0.3465192914,-0.3513954282,-0.2700639963,-0.3386460543,-0.1564429998,0.0,-0.0679143071,-0.0333743691,0.0,0.0,-0.0467451811,-0.0479753613,-0.2549496293,-0.1810523868,-0.1464740634,0.0,-0.1351920366,-0.1069832444,0.0,0.0,0.0,0.0,0.0,-0.0335658789,-0.0554829836,-0.0578768253,0.0,-0.0878949165,0.0,-0.0658586025,-0.0281558633,-0.1123193502,0.0,0.0,-0.0452338457,-0.0933835506,-0.3087118864,-0.3699803948,-0.2985701561,-0.20183599,0.0,0.0,0.0]},"step_mean_q":{"0":[11.7756080627,11.8255558014,11.8353338242,11.8940486908,11.9262084961,11.9364595413,11.891916275,11.8749341965,11.8039264679,11.7208938599,11.5953388214,11.4711790085,11.3392095566,11.179189682,10.9957342148,10.8137636185,10.6207904816,10.3911781311,10.159740448,9.9246454239,9.6841554642,9.4187049866,9.14702034,8.876619339,8.6018295288,8.3065166473,8.0190019608,7.7342758179,7.4509749413,7.1549935341,6.8718280792,6.6077084541,6.3320493698,6.0735106468,5.8180155754,5.5685710907,5.3279204369,5.0980277061,4.8712973595,4.6472158432,4.4317798615,4.2392749786,4.032892704,3.833906889,3.6771717072,3.5036218166,3.3713309765,3.2356626987,3.1183304787,2.9958350658,2.9060502052,2.8163313866,2.7402012348,2.6668972969,2.6138627529,2.5680606365,2.5142912865,2.4785606861,2.4288465977,2.4062244892,2.3723554611,2.3472902775,2.3292822838,2.2967321873,2.2874228954,2.2370328903,2.2333905697,2.2390503883,2.18953228,2.1924455166,2.1478514671,2.1480338573,2.1439385414,2.1262528896,2.1493151188,2.1817073822,2.1649031639,2.1502683163,2.1416389942,2.0829091072,2.0403821468,2.0062019825,1.9243093729,1.937086463,1.9589167833,1.9401783943,1.8852653503,1.88284266,1.8637844324,1.8408254385,1.9218677282,1.953270793,1.914434433,1.9293115139,1.919516325,1.9227318764,1.9179307222,1.9124858379,1.9275989532,1.9599231482,1.9073673487,1.8799722195,1.9159021378,1.9170796871,1.9483896494,1.9997674227,2.0373299122,2.0342900753,2.0302438736,2.004319191,1.7948405743,1.8498973846,1.9098323584,1.8997423649,1.8055349588,1.7926018238,1.7995365858,1.9143972397,1.9056352377,1.8521671295,1.8999069929,1.8769165277,1.8239482641,1.8582516909,1.6267734766,1.6212357283,1.4999889135,1.5577796698,1.4423798323,1.4792211056,1.346295476,1.3192198277,1.4479786158,1.4652968645,1.4964962006,1.5412756205,1.4020187855,1.3536195755,1.4103542566,1.3865109682,1.4658911228,1.5352041721,1.7361637354,1.7629913092,1.9191719294,1.8038393259,2.3199949265,2.196356535,1.1696257591,1.0421930552,0.9316415191,0.7618488073,0.7036687136,0.7121067047,1.1998707056,1.1717129946,1.238216877]},"episodes_still_running":{"0":[4096.0,4096.0,4096.0,4096.0,4096.0,4096.0,4096.0,4096.0,4096.0,4096.0,4096.0,4096.0,4095.0,4095.0,4095.0,4095.0,4095.0,4094.0,4094.0,4094.0,4094.0,4094.0,4094.0,4094.0,4094.0,4094.0,4094.0,4094.0,4094.0,4094.0,4094.0,4094.0,4094.0,4094.0,4094.0,4094.0,4092.0,4089.0,4088.0,4086.0,4079.0,4065.0,4060.0,4048.0,4019.0,3997.0,3953.0,3904.0,3841.0,3776.0,3687.0,3585.0,3486.0,3374.0,3234.0,3095.0,2959.0,2812.0,2661.0,2518.0,2382.0,2234.0,2100.0,1963.0,1832.0,1710.0,1575.0,1460.0,1359.0,1270.0,1165.0,1075.0,997.0,927.0,843.0,778.0,717.0,665.0,618.0,586.0,547.0,501.0,475.0,435.0,401.0,368.0,342.0,326.0,296.0,277.0,254.0,237.0,222.0,212.0,194.0,183.0,170.0,161.0,153.0,142.0,131.0,122.0,115.0,106.0,98.0,94.0,83.0,79.0,72.0,70.0,66.0,63.0,58.0,52.0,50.0,45.0,43.0,41.0,36.0,33.0,31.0,27.0,25.0,25.0,22.0,22.0,22.0,19.0,18.0,14.0,14.0,14.0,12.0,12.0,10.0,10.0,10.0,10.0,9.0,8.0,7.0,7.0,6.0,6.0,5.0,5.0,4.0,3.0,2.0,2.0,2.0,2.0,2.0,2.0,1.0,1.0,1.0]},