{"ally_health_0":{"0":0.6254873276},"ally_weapon_cooldown_0":{"0":0.0476042926},"ally_relative_x_0":{"0":0.2446998209},"ally_relative_y_0":{"0":0.3555961549},"ally_shield_0":{"0":0.396550864},"ally_health_1":{"0":0.9772040844},"ally_weapon_cooldown_1":{"0":0.0828845799},"ally_relative_x_1":{"0":0.3935970366},"ally_relative_y_1":{"0":0.3473350704},"ally_shield_1":{"0":0.3277800381},"enemy_health_0":{"0":0.1432224065},"enemy_relative_x_0":{"0":0.0817310587},"enemy_relative_y_0":{"0":0.1401943415},"enemy_health_1":{"0":0.1284471601},"enemy_relative_x_1":{"0":0.0931697413},"enemy_relative_y_1":{"0":0.1684638113},"enemy_health_2":{"0":0.2043380439},"enemy_relative_x_2":{"0":0.1119381338},"enemy_relative_y_2":{"0":0.1446579695},"enemy_health_3":{"0":0.2085860074},"enemy_relative_x_3":{"0":0.0825198814},"enemy_relative_y_3":{"0":0.2168839574},"enemy_health_4":{"0":0.1472918987},"enemy_relative_x_4":{"0":0.0877920985},"enemy_relative_y_4":{"0":0.10117805},"enemy_health_5":{"0":0.1160818636},"enemy_relative_x_5":{"0":0.0970167294},"enemy_relative_y_5":{"0":0.0988865271},"enemy_health_6":{"0":0.1845246851},"enemy_relative_x_6":{"0":0.0695058927},"enemy_relative_y_6":{"0":0.1037416607},"enemy_health_7":{"0":0.1651510149},"enemy_relative_x_7":{"0":0.1307191998},"enemy_relative_y_7":{"0":0.1810546964},"enemy_health_8":{"0":0.1638377905},"enemy_relative_x_8":{"0":0.1776238382},"enemy_relative_y_8":{"0":0.1126877218},"enemy_health_9":{"0":0.1821477413},"enemy_relative_x_9":{"0":0.1073900014},"enemy_relative_y_9":{"0":0.2171020061},"enemy_health_10":{"0":0.1396472454},"enemy_relative_x_10":{"0":0.1004318669},"enemy_relative_y_10":{"0":0.231789127},"enemy_health_11":{"0":0.1927544922},"enemy_relative_x_11":{"0":0.1323718578},"enemy_relative_y_11":{"0":0.2063361108},"enemy_health_12":{"0":0.1108954847},"enemy_relative_x_12":{"0":0.109594278},"enemy_relative_y_12":{"0":0.113130182},"enemy_health_13":{"0":0.2285367846},"enemy_relative_x_13":{"0":0.1393538862},"enemy_relative_y_13":{"0":0.1371813267},"enemy_health_14":{"0":0.1406755},"enemy_relative_x_14":{"0":0.2455694079},"enemy_relative_y_14":{"0":0.1183701754},"enemy_health_15":{"0":0.1832162589},"enemy_relative_x_15":{"0":0.1102503911},"enemy_relative_y_15":{"0":0.159642145},"enemy_health_16":{"0":0.1780672967},"enemy_relative_x_16":{"0":0.1090451777},"enemy_relative_y_16":{"0":0.1649127603},"enemy_health_17":{"0":0.1422524452},"enemy_relative_x_17":{"0":0.078980647},"enemy_relative_y_17":{"0":0.1210492179},"enemy_health_18":{"0":0.1222307459},"enemy_relative_x_18":{"0":0.1509770304},"enemy_relative_y_18":{"0":0.1133985743},"enemy_health_19":{"0":0.1432873607},"enemy_relative_x_19":{"0":0.1281991303},"enemy_relative_y_19":{"0":0.1040854976},"enemy_health_20":{"0":0.1255351305},"enemy_relative_x_20":{"0":0.1238067523},"enemy_relative_y_20":{"0":0.1418788433},"enemy_health_21":{"0":0.1627106667},"enemy_relative_x_21":{"0":0.0934257582},"enemy_relative_y_21":{"0":0.2491190284},"enemy_health_22":{"0":0.1058409661},"enemy_relative_x_22":{"0":0.1125589535},"enemy_relative_y_22":{"0":0.1536072046},"enemy_health_23":{"0":0.1132423207},"enemy_relative_x_23":{"0":0.150720045},"enemy_relative_y_23":{"0":0.2094424516},"enemy_health_24":{"0":0.1379829347},"enemy_relative_x_24":{"0":0.0794542134},"enemy_relative_y_24":{"0":0.1538761705},"enemy_health_25":{"0":0.1841982603},"enemy_relative_x_25":{"0":0.0828108266},"enemy_relative_y_25":{"0":0.207131803},"enemy_health_26":{"0":0.1168708429},"enemy_relative_x_26":{"0":0.1078028083},"enemy_relative_y_26":{"0":0.1691789925},"enemy_health_27":{"0":0.1277559847},"enemy_relative_x_27":{"0":0.0527254567},"enemy_relative_y_27":{"0":0.0909347311},"enemy_health_28":{"0":0.174445793},"enemy_relative_x_28":{"0":0.0916939899},"enemy_relative_y_28":{"0":0.1305689961},"enemy_health_29":{"0":0.126039952},"enemy_relative_x_29":{"0":0.0838378146},"enemy_relative_y_29":{"0":0.1693318486},"enemy_health_30":{"0":0.1579801291},"enemy_relative_x_30":{"0":0.1159614325},"enemy_relative_y_30":{"0":0.2619084418},"enemy_health_31":{"0":0.167724818},"enemy_relative_x_31":{"0":0.1225868389},"enemy_relative_y_31":{"0":0.1548078656},"enemy_health_32":{"0":0.2283625752},"enemy_relative_x_32":{"0":0.1070275307},"enemy_relative_y_32":{"0":0.1904363632},"enemy_health_33":{"0":0.1256904602},"enemy_relative_x_33":{"0":0.1105797067},"enemy_relative_y_33":{"0":0.1642826796},"enemy_health_34":{"0":0.1987219155},"enemy_relative_x_34":{"0":0.0734561309},"enemy_relative_y_34":{"0":0.1279451549},"enemy_health_35":{"0":0.1538720876},"enemy_relative_x_35":{"0":0.1385984421},"enemy_relative_y_35":{"0":0.0611574538},"enemy_health_36":{"0":0.1032188609},"enemy_relative_x_36":{"0":0.1042694226},"enemy_relative_y_36":{"0":0.1676174253},"enemy_health_37":{"0":0.1450635046},"enemy_relative_x_37":{"0":0.1260843128},"enemy_relative_y_37":{"0":0.1445299834},"enemy_health_38":{"0":0.1506135762},"enemy_relative_x_38":{"0":0.0711322948},"enemy_relative_y_38":{"0":0.1561494768},"enemy_health_39":{"0":0.2145723701},"enemy_relative_x_39":{"0":0.0767830536},"enemy_relative_y_39":{"0":0.1421407908},"enemy_health_40":{"0":0.1391979903},"enemy_relative_x_40":{"0":0.1242486611},"enemy_relative_y_40":{"0":0.1588389426},"enemy_health_41":{"0":0.1698825061},"enemy_relative_x_41":{"0":0.1183493808},"enemy_relative_y_41":{"0":0.0916647092},"enemy_health_42":{"0":0.2105014324},"enemy_relative_x_42":{"0":0.0614957549},"enemy_relative_y_42":{"0":0.1977901012},"enemy_health_43":{"0":0.1788819879},"enemy_relative_x_43":{"0":0.087620154},"enemy_relative_y_43":{"0":0.13919653},"enemy_health_44":{"0":0.119666934},"enemy_relative_x_44":{"0":0.0819560438},"enemy_relative_y_44":{"0":0.1179120392},"enemy_health_45":{"0":0.1244110912},"enemy_relative_x_45":{"0":0.1269936413},"enemy_relative_y_45":{"0":0.1232081503},"enemy_health_46":{"0":0.1753489971},"enemy_relative_x_46":{"0":0.0961480215},"enemy_relative_y_46":{"0":0.2222033143},"enemy_health_47":{"0":0.1576968879},"enemy_relative_x_47":{"0":0.1247229055},"enemy_relative_y_47":{"0":0.0905801728},"enemy_health_48":{"0":0.133329004},"enemy_relative_x_48":{"0":0.0662072152},"enemy_relative_y_48":{"0":0.1025624424},"enemy_health_49":{"0":0.1959048063},"enemy_relative_x_49":{"0":0.0774842352},"enemy_relative_y_49":{"0":0.1149298251},"enemy_health_50":{"0":0.1982709467},"enemy_relative_x_50":{"0":0.0905225128},"enemy_relative_y_50":{"0":0.2363148034},"enemy_health_51":{"0":0.1456542611},"enemy_relative_x_51":{"0":0.140101701},"enemy_relative_y_51":{"0":0.1594092399},"enemy_health_52":{"0":0.1889233589},"enemy_relative_x_52":{"0":0.1117793992},"enemy_relative_y_52":{"0":0.3389906287},"enemy_health_53":{"0":0.107659474},"enemy_relative_x_53":{"0":0.1552911103},"enemy_relative_y_53":{"0":0.1047120094},"enemy_health_54":{"0":0.1668374985},"enemy_relative_x_54":{"0":0.0814101398},"enemy_relative_y_54":{"0":0.1237111986},"enemy_health_55":{"0":0.2067971975},"enemy_relative_x_55":{"0":0.0867405087},"enemy_relative_y_55":{"0":0.1877111346},"enemy_health_56":{"0":0.1322143674},"enemy_relative_x_56":{"0":0.078106381},"enemy_relative_y_56":{"0":0.0733868778},"enemy_health_57":{"0":0.21244739},"enemy_relative_x_57":{"0":0.1189062074},"enemy_relative_y_57":{"0":0.1365271062},"enemy_health_58":{"0":0.1833301932},"enemy_relative_x_58":{"0":0.146414578},"enemy_relative_y_58":{"0":0.1264174581},"enemy_health_59":{"0":0.2009362578},"enemy_relative_x_59":{"0":0.0873071626},"enemy_relative_y_59":{"0":0.0914004222},"enemy_health_60":{"0":0.0961354449},"enemy_relative_x_60":{"0":0.0810484663},"enemy_relative_y_60":{"0":0.0957667679},"enemy_health_61":{"0":0.1659141332},"enemy_relative_x_61":{"0":0.1529033482},"enemy_relative_y_61":{"0":0.1690801978},"enemy_health_62":{"0":0.1441765428},"enemy_relative_x_62":{"0":0.1283932179},"enemy_relative_y_62":{"0":0.1069207564},"enemy_health_63":{"0":0.2032510489},"enemy_relative_x_63":{"0":0.08604303},"enemy_relative_y_63":{"0":0.1893799901},"ally_last_action_0_action_0":{"0":0.2551056743},