{"move_action_north":{"0":0.0408278592},"move_action_south":{"0":0.0354736038},"move_action_east":{"0":0.0321496949},"move_action_west":{"0":0.0434259586},"enemy_shootable_0":{"0":0.0260675624},"enemy_distance_0":{"0":0.0333575979},"enemy_relative_x_0":{"0":0.0544542},"enemy_relative_y_0":{"0":0.0495689176},"enemy_health_0":{"0":0.0533012748},"enemy_shootable_1":{"0":0.0318247639},"enemy_distance_1":{"0":0.0319459103},"enemy_relative_x_1":{"0":0.0384454057},"enemy_relative_y_1":{"0":0.06808272},"enemy_health_1":{"0":0.0286163744},"enemy_shootable_2":{"0":0.0283005256},"enemy_distance_2":{"0":0.0282855723},"enemy_relative_x_2":{"0":0.0394551493},"enemy_relative_y_2":{"0":0.0717498735},"enemy_health_2":{"0":0.0226320922},"enemy_shootable_3":{"0":0.0252121724},"enemy_distance_3":{"0":0.0304471888},"enemy_relative_x_3":{"0":0.0378486291},"enemy_relative_y_3":{"0":0.0462539755},"enemy_health_3":{"0":0.0228504129},"enemy_shootable_4":{"0":0.0213838127},"enemy_distance_4":{"0":0.0551813208},"enemy_relative_x_4":{"0":0.0374974757},"enemy_relative_y_4":{"0":0.0599145219},"enemy_health_4":{"0":0.0165976528},"enemy_shootable_5":{"0":0.0704447925},"enemy_distance_5":{"0":0.0433276892},"enemy_relative_x_5":{"0":0.057914976},"enemy_relative_y_5":{"0":0.0565900803},"enemy_health_5":{"0":0.0467213802},"enemy_shootable_6":{"0":0.0362420417},"enemy_distance_6":{"0":0.0255274605},"enemy_relative_x_6":{"0":0.0304366574},"enemy_relative_y_6":{"0":0.0393444523},"enemy_health_6":{"0":0.0190760102},"enemy_shootable_7":{"0":0.0312307402},"enemy_distance_7":{"0":0.0279255006},"enemy_relative_x_7":{"0":0.0288076531},"enemy_relative_y_7":{"0":0.0568869002},"enemy_health_7":{"0":0.0248332694},"enemy_shootable_8":{"0":0.0549549013},"enemy_distance_8":{"0":0.0234487616},"enemy_relative_x_8":{"0":0.0341547988},"enemy_relative_y_8":{"0":0.05367589},"enemy_health_8":{"0":0.0241475012},"enemy_shootable_9":{"0":0.0369975306},"enemy_distance_9":{"0":0.0177954417},"enemy_relative_x_9":{"0":0.0347985364},"enemy_relative_y_9":{"0":0.0389795192},"enemy_health_9":{"0":0.0282094087},"enemy_shootable_10":{"0":0.0296864863},"enemy_distance_10":{"0":0.0270118229},"enemy_relative_x_10":{"0":0.0299412664},"enemy_relative_y_10":{"0":0.0281048175},"enemy_health_10":{"0":0.0488215238},"enemy_shootable_11":{"0":0.0562482104},"enemy_distance_11":{"0":0.0614846312},"enemy_relative_x_11":{"0":0.0320482776},"enemy_relative_y_11":{"0":0.0367001034},"enemy_health_11":{"0":0.0442972109},"enemy_shootable_12":{"0":0.0244005956},"enemy_distance_12":{"0":0.0386851914},"enemy_relative_x_12":{"0":0.0394738913},"enemy_relative_y_12":{"0":0.0417964086},"enemy_health_12":{"0":0.0317651778},"enemy_shootable_13":{"0":0.0303979907},"enemy_distance_13":{"0":0.0353549868},"enemy_relative_x_13":{"0":0.0313093066},"enemy_relative_y_13":{"0":0.0364900567},"enemy_health_13":{"0":0.0226567052},"enemy_shootable_14":{"0":0.0300346706},"enemy_distance_14":{"0":0.0252763648},"enemy_relative_x_14":{"0":0.0317211002},"enemy_relative_y_14":{"0":0.0165682975},"enemy_health_14":{"0":0.0202329773},"enemy_shootable_15":{"0":0.0255663395},"enemy_distance_15":{"0":0.0526636094},"enemy_relative_x_15":{"0":0.047083281},"enemy_relative_y_15":{"0":0.0320990607},"enemy_health_15":{"0":0.0197129659},"enemy_shootable_16":{"0":0.0204935446},"enemy_distance_16":{"0":0.0510426611},"enemy_relative_x_16":{"0":0.0450599268},"enemy_relative_y_16":{"0":0.0443302244},"enemy_health_16":{"0":0.0265286006},"enemy_shootable_17":{"0":0.0239151251},"enemy_distance_17":{"0":0.0211351719},"enemy_relative_x_17":{"0":0.024589112},"enemy_relative_y_17":{"0":0.0433203243},"enemy_health_17":{"0":0.0224418398},"enemy_shootable_18":{"0":0.0377130061},"enemy_distance_18":{"0":0.0372428857},"enemy_relative_x_18":{"0":0.0368986577},"enemy_relative_y_18":{"0":0.0356489606},"enemy_health_18":{"0":0.0307350717},"enemy_shootable_19":{"0":0.0230048541},"enemy_distance_19":{"0":0.0320582874},"enemy_relative_x_19":{"0":0.0542465262},"enemy_relative_y_19":{"0":0.0686596632},"enemy_health_19":{"0":0.0329230316},"enemy_shootable_20":{"0":0.0309413578},"enemy_distance_20":{"0":0.0675232708},"enemy_relative_x_20":{"0":0.0489372723},"enemy_relative_y_20":{"0":0.0195145253},"enemy_health_20":{"0":0.0670644939},"enemy_shootable_21":{"0":0.0220269803},"enemy_distance_21":{"0":0.0349815898},"enemy_relative_x_21":{"0":0.0519071557},"enemy_relative_y_21":{"0":0.0438269228},"enemy_health_21":{"0":0.0354667976},"enemy_shootable_22":{"0":0.0551898852},"enemy_distance_22":{"0":0.0445946828},"enemy_relative_x_22":{"0":0.031658724},"enemy_relative_y_22":{"0":0.020058088},"enemy_health_22":{"0":0.0279645827},"enemy_shootable_23":{"0":0.0291514304},"enemy_distance_23":{"0":0.0446121022},"enemy_relative_x_23":{"0":0.039182093},"enemy_relative_y_23":{"0":0.0330702066},"enemy_health_23":{"0":0.0366514213},"enemy_shootable_24":{"0":0.0168994255},"enemy_distance_24":{"0":0.028345909},"enemy_relative_x_24":{"0":0.0245750118},"enemy_relative_y_24":{"0":0.0647230297},"enemy_health_24":{"0":0.0292733274},"enemy_shootable_25":{"0":0.0247037653},"enemy_distance_25":{"0":0.0271048471},"enemy_relative_x_25":{"0":0.0446595661},"enemy_relative_y_25":{"0":0.0427709371},"enemy_health_25":{"0":0.0327642336},"enemy_shootable_26":{"0":0.0343453921},"enemy_distance_26":{"0":0.0338045619},"enemy_relative_x_26":{"0":0.0523922816},"enemy_relative_y_26":{"0":0.0731770471},"enemy_health_26":{"0":0.0176046193},"enemy_shootable_27":{"0":0.0268762205},"enemy_distance_27":{"0":0.0403856225},"enemy_relative_x_27":{"0":0.0603510365},"enemy_relative_y_27":{"0":0.0293986928},"enemy_health_27":{"0":0.0293915607},"enemy_shootable_28":{"0":0.0225184988},"enemy_distance_28":{"0":0.0297047663},"enemy_relative_x_28":{"0":0.0245573036},"enemy_relative_y_28":{"0":0.0312586129},"enemy_health_28":{"0":0.0296616741},"enemy_shootable_29":{"0":0.0319551639},"enemy_distance_29":{"0":0.0250578206},"enemy_relative_x_29":{"0":0.0161837172},"enemy_relative_y_29":{"0":0.065334484},"enemy_health_29":{"0":0.0283930227},"enemy_shootable_30":{"0":0.0393617749},"enemy_distance_30":{"0":0.0324179269},"enemy_relative_x_30":{"0":0.0267999023},"enemy_relative_y_30":{"0":0.0365951099},"enemy_health_30":{"0":0.0365306251},"enemy_shootable_31":{"0":0.037136808},"enemy_distance_31":{"0":0.0510614365},"enemy_relative_x_31":{"0":0.0544174723},"enemy_relative_y_31":{"0":0.0582732484},"enemy_health_31":{"0":0.0476225354},"enemy_shootable_32":{"0":0.025469007},"enemy_distance_32":{"0":0.0286255348},"enemy_relative_x_32":{"0":0.0464626551},"enemy_relative_y_32":{"0":0.0578063726},"enemy_health_32":{"0":0.0289228931},"enemy_shootable_33":{"0":0.022294635},"enemy_distance_33":{"0":0.0275761075},"enemy_relative_x_33":{"0":0.0215225555},"enemy_relative_y_33":{"0":0.0294793118},"enemy_health_33":{"0":0.0192862749},"enemy_shootable_34":{"0":0.0480160788},"enemy_distance_34":{"0":0.0354166143},"enemy_relative_x_34":{"0":0.0194352213},"enemy_relative_y_34":{"0":0.0487770252},"enemy_health_34":{"0":0.0286314581},"enemy_shootable_35":{"0":0.0151207848},"enemy_distance_35":{"0":0.0397348516},"enemy_relative_x_35":{"0":0.0671861991},"enemy_relative_y_35":{"0":0.025508875},"enemy_health_35":{"0":0.0418589711},"enemy_shootable_36":{"0":0.0795562044},"enemy_distance_36":{"0":0.0321540609},"enemy_relative_x_36":{"0":0.026304502},"enemy_relative_y_36":{"0":0.0447218306},"enemy_health_36":{"0":0.0375155173},"enemy_shootable_37":{"0":0.032550592},"enemy_distance_37":{"0":0.0315995179},"enemy_relative_x_37":{"0":0.0258021783},"enemy_relative_y_37":{"0":0.0394732133},"enemy_health_37":{"0":0.0346875675},"enemy_shootable_38":{"0":0.0372748636},"enemy_distance_38":{"0":0.0433166921},"enemy_relative_x_38":{"0":0.038850341},"enemy_relative_y_38":{"0":0.0443894863},"enemy_health_38":{"0":0.0300808176},"enemy_shootable_39":{"0":0.0267475452},"enemy_distance_39":{"0":0.0504962578},"enemy_relative_x_39":{"0":0.0268601254},"enemy_relative_y_39":{"0":0.0550046116},