{"max_q":{"0":24.4718456268},"min_q":{"0":-1.1350594759},"mean_q":{"0":4.526301384},"range_q":{"0":25.6069049835},"step_max_q":{"0":[16.2070140839,20.3527393341,24.4718456268,21.9482460022,20.5874385834,20.8073940277,20.8999786377,21.4221858978,22.4998950958,20.6531219482,22.3163146973,20.7279949188,19.3651866913,18.5954265594,19.3515300751,20.5564689636,20.1119251251,19.9462757111,17.431936264,17.9428043365,17.5997505188,18.2679443359,20.1097812653,17.4786128998,16.4837532043,21.207359314,15.1379585266,14.8111839294,17.494758606,15.2946224213,14.9358406067,14.2600669861,12.2059020996,13.0794525146,13.0300378799,13.2770299911,11.434472084,10.4700880051,10.7686290741,10.8986721039,9.3437652588,8.4823026657,9.7676839828,8.8493432999,8.8843393326,9.747959137,9.4901971817,9.6708078384,9.8673706055,10.2102251053,7.8202843666,7.7690563202,8.986784935,9.7961549759,8.3984003067,9.4103164673,8.0915660858,8.2836008072,7.8283953667,8.8548135757,8.6141090393,7.9143857956,8.4345645905,8.7696495056,8.0020570755,6.607442379,6.1406316757,6.2239484787,5.6364994049,5.5652236938,6.5012145042,6.2760276794,5.9118676186,5.6843419075,5.5797190666,5.2492685318,5.5657382011,6.7293148041,5.9897999763,6.9800634384,3.1395967007,2.7747762203,2.4593083858,4.0127205849,4.0854115486,3.7900109291,1.9136275053,1.9178916216,1.9859309196,0.0,0.1538172513,0.0,0.2902852595,0.0,0.2454254627,0.0100347549,0.2129892558,0.1057587564,0.0130729899]},"step_min_q":{"0":[2.0664424896,1.7053240538,0.0,0.0,-0.1635158658,-0.2863126695,-0.4254943132,-0.3982208967,-0.3833389282,-0.3751013279,-0.3646922708,-0.2786938846,-0.2245402187,-0.279206872,-0.3691219091,-0.3500856757,-0.5356234908,-0.5868326426,-0.6079929471,-0.6804870367,-0.6253803968,-0.6009529829,-0.5299299955,-0.57251966,-0.5042105913,-0.7148492336,-0.7076376081,-0.6057482362,-0.5605247617,-0.709598124,-0.7218160033,-0.8144552708,-0.6740350723,-0.7620421052,-0.6363372207,-1.0483207703,-0.6719738841,-0.6276630163,-0.6098014116,-0.666377008,-0.814106822,-0.8226156235,-0.9474099278,-0.5997878909,-0.6620892286,-0.625440836,-0.6247798204,-0.4664916396,-0.5311194658,-0.664537549,-0.7500663996,-0.651678741,-0.6576654911,-0.6184875965,-0.7235580087,-0.9895329475,-0.7310059071,-0.8239207268,-0.8475843072,-1.1114248037,-1.1350594759,-0.7631160617,-0.7931231856,-0.4244232774,-0.5823611021,-0.7109379768,-0.7182989717,-0.565681994,-0.5638539791,-0.338789463,-0.4451869726,-0.4420436621,-0.4457083941,-0.6029202938,-0.0162440464,-0.1506986171,-0.2200600505,-0.3657796383,0.0,0.0,0.0,-0.2265279442,-0.0964037031,-0.1374488473,-0.1673877239,0.0,0.0,0.0,0.0,-0.0103762597,0.0,-0.0663179606,0.0,-0.0076175332,0.0,0.0,0.0,0.0,0.0]},"step_mean_q":{"0":[8.0709505081,8.3494091034,8.3899803162,8.1965274811,8.042640686,7.8551616669,7.7605319023,7.5540747643,7.3613553047,7.1093492508,6.8292789459,6.5055942535,6.0993494987,5.7042794228,5.2977929115,4.9185996056,4.4981660843,4.1435809135,3.7664275169,3.4189486504,3.047816515,2.6919131279,2.3842844963,2.1320052147,1.9515299797,1.7774111032,1.6011000872,1.4766744375,1.3642343283,1.292100668,1.2242196798,1.17988801,1.1443428993,1.1169347763,1.0888392925,1.0670970678,1.0436466932,1.0068366528,1.002831459,0.9808059335,0.9581540823,0.9295046926,0.9372261167,0.9320899248,0.9438967109,0.948659122,1.0000917912,0.9627630115,1.0212334394,1.0549842119,1.0279821157,1.1473981142,1.22603333,1.244812727,1.2934744358,1.3687235117,1.3962169886,1.3851339817,1.4055073261,1.3858041763,1.47115767,1.5689753294,1.68285501,1.6205403805,1.4894310236,1.1001648903,1.1976573467,1.6246041059,1.4800792933,1.5636628866,1.4478312731,1.6035254002,1.6768598557,1.5381985903,1.5683931112,1.3850120306,1.4866808653,1.5136510134,1.5128625631,1.7838039398,1.0135545731,1.1426221132,1.2462844849,1.4586404562,1.4769599438,1.8852902651,1.2806178331,1.1186434031,1.0911109447,-0.0103762597,0.1538172513,-0.0663179606,0.2902852595,-0.0076175332,0.2454254627,0.0100347549,0.2129892558,0.1057587564,0.0130729899]},"episodes_still_running":{"0":[4096.0,4096.0,4093.0,4088.0,4082.0,4078.0,4073.0,4065.0,4053.0,4044.0,4035.0,4021.0,3994.0,3941.0,3884.0,3829.0,3775.0,3724.0,3655.0,3598.0,3508.0,3407.0,3273.0,3168.0,3057.0,2935.0,2825.0,2674.0,2558.0,2393.0,2251.0,2104.0,1949.0,1793.0,1666.0,1555.0,1431.0,1303.0,1188.0,1084.0,984.0,889.0,780.0,695.0,633.0,573.0,493.0,450.0,385.0,334.0,299.0,264.0,233.0,212.0,196.0,168.0,141.0,124.0,110.0,100.0,94.0,84.0,77.0,67.0,62.0,55.0,49.0,36.0,35.0,28.0,25.0,21.0,19.0,15.0,14.0,12.0,11.0,11.0,10.0,10.0,8.0,6.0,5.0,5.0,5.0,4.0,2.0,2.0,2.0,1.0,1.0,1.0,1.0,1.0,1.0,1.0,1.0,1.0,1.0]},"step_range_q":{"0":[14.1405715942,18.6474151611,24.4718456268,21.9482460022,20.7509536743,21.093706131,21.3254737854,21.8204059601,22.883234024,21.0282230377,22.6810073853,21.0066890717,19.5897274017,18.8746337891,19.7206516266,20.9065551758,20.6475486755,20.5331077576,18.0399284363,18.6232910156,18.2251300812,18.8688964844,20.63971138,18.0511322021,16.9879646301,21.922208786,15.8455963135,15.416932106,18.0552825928,16.0042209625,15.6576566696,15.0745220184,12.8799371719,13.8414945602,13.6663751602,14.3253507614,12.1064462662,11.0977506638,11.3784303665,11.5650491714,10.1578722,9.3049182892,10.7150936127,9.449131012,9.5464286804,10.3733997345,10.1149768829,10.1372995377,10.3984899521,10.8747625351,8.570350647,8.4207353592,9.6444501877,10.414642334,9.1219587326,10.399848938,8.8225717545,9.1075210571,8.6759796143,9.9662380219,9.749168396,8.6775016785,9.2276878357,9.1940727234,8.5844182968,7.3183803558,6.8589305878,6.7896304131,6.2003536224,5.9040131569,6.9464015961,6.7180714607,6.3575758934,6.2872619629,5.5959630013,5.3999671936,5.7857980728,7.0950946808,5.9897999763,6.9800634384,3.1395967007,3.0013041496,2.5557119846,4.1501693726,4.2527990341,3.7900109291,1.9136275053,1.9178916216,1.9859309196,0.0103762597,0.1538172513,0.0663179606,0.2902852595,0.0076175332,0.2454254627,0.0100347549,0.2129892558,0.1057587564,0.0130729899]},"mean_loss:":{"0":0.9123552442},"rmse":{"0":0.9551728964},"step_rmse":{"0":[0.6851689219,0.7343660593,0.7778358459,0.7932895422,0.8427010775,0.8840163946,0.9330985546,0.9847629666,1.0111618042,1.0157585144,1.0733423233,1.1069163084,1.1351482868,1.1179606915,1.161316514,1.1716941595,1.1276062727,1.0958784819,1.15594697,1.1079158783,1.0858187675,1.0572395325,1.0353387594,0.9778371453,0.932903111,0.8762355447,0.8505555391,0.8360980749,0.8516085148,0.8457394838,0.8400442004,0.8445379138,0.8157784939,0.8100706339,0.7681655884,0.7772408724,0.7751802206,0.7340982556,0.7109307647,0.7096156478,0.7114784718,0.7512413859,0.7936966419,0.7828450799,0.7444404364,0.7242277861,0.7118350267,0.7589445114,0.7021177411,0.726472795,0.7936047912,0.8300628066,0.9604275823,0.8720644712,0.8350275755,0.8964545727,0.929407537,0.789005518,0.8733379841,0.7254939079,0.7825677991,0.8905126452,0.8542814255,0.957762301,0.7819641829,0.8620074391,0.9368646145,1.027823329,1.0936552286,1.196038723,1.0936775208,1.2285325527,1.3403958082,1.2903593779,1.4870501757,1.2876375914,1.5601059198,1.3978252411,1.4827189445,1.4884412289,1.4580262899,0.7246147394,0.6602348685,0.7114193439,0.4481378794,0.5009978414,0.8602547646,0.930790484,0.6833899021,0.4673755765,0.1720909327,0.4454955459,0.0746258199,0.3001103997,0.1420047283,0.266594708,0.0404134542,0.1057614386,0.2197932899]},"rmse_by_q":{"0":21.1027240753},