{"max_q":{"0":24.1110019684},"min_q":{"0":-1.2287746668},"mean_q":{"0":6.6696815491},"range_q":{"0":25.3397769928},"step_max_q":{"0":[20.4132099152,20.4594516754,20.4831352234,20.2485542297,20.2216186523,20.6396369934,20.8063697815,23.6405487061,24.1110019684,21.5031604767,21.7853546143,22.9246501923,21.4828834534,21.6826591492,19.8554229736,19.6144142151,18.1232051849,18.8397483826,18.6577320099,16.811870575,16.9790019989,15.0934801102,15.0981197357,14.3077230453,14.5829782486,13.2854938507,14.4506368637,11.7880973816,11.9980630875,11.5654993057,11.4078245163,11.1439142227,11.7282476425,11.7891111374,11.9845714569,10.5074338913,10.7960834503,10.0485210419,10.3293523788,10.0055761337,9.6194343567,8.8189249039,9.5055923462,9.1525802612,8.8729839325,8.8717508316,9.850110054,8.9598283768,8.5717830658,8.2310256958,7.8623018265,8.3610448837,8.2709913254,8.0087432861,8.4486236572,8.0854625702,8.1170091629,7.4357767105,7.5654716492,7.6393589973,7.4949808121,7.7971348763,7.6049427986,7.9216785431,7.9347085953,7.6383047104,7.9323034286,7.7420258522,7.4151973724,7.615884304,7.5017185211,7.2372941971,7.2403273582,7.4104757309,7.4909415245,7.4188594818,7.1640849113,6.9045352936,7.0363984108,7.1689810753,7.3094854355,7.1089730263,7.2528190613,7.3833928108,8.061879158,7.9437527657,7.4392166138,7.5412311554,7.3573951721,7.432009697,7.5972523689,7.4398436546,7.3835721016,7.2120075226,7.7440767288,7.2734069824,6.7963337898,7.2452831268,6.806417942,6.6034860611,6.6902184486,7.1517782211]},"step_min_q":{"0":[4.2279281616,3.6615467072,0.3361201882,-0.2862150669,-0.3390876055,-0.3696701527,-0.2741366625,-0.569565177,-0.3661201,-0.367927134,-0.6941158772,-0.7868998051,-0.4723702669,-0.3548482656,-1.1645822525,-0.6682394743,-0.8661544323,-0.7462201118,-0.836144805,-1.2287746668,-0.7169139385,-0.7265503407,-0.7097594142,-0.7612172365,-0.9344516993,-0.8029544353,-0.7633855343,-0.9488838911,-0.7735768557,-1.1431041956,-0.6094284654,-0.5473009348,-0.6084650755,-0.6180826426,-0.540106535,-0.6862419844,-0.7697170973,-0.8397228718,-0.657361269,-0.6121124029,-0.6300430298,-0.6046716571,-0.50020504,-0.5233659744,-0.5056375265,-0.4824801683,-0.5048166513,-0.5145531893,-0.4905379415,-0.5554022789,-0.5269448757,-0.624148488,-0.5030438304,-0.4998215735,-0.3671332896,-0.5627182722,-0.3603861034,-0.3043296337,-0.3474520147,-0.3658283949,-0.2337968946,-0.268042326,-0.2983771861,-0.1958962381,-0.2041296065,0.0,0.0,0.0,0.0,0.0,-0.0061987638,0.0,0.0,0.0,-0.1453233361,-0.1520463228,-0.3171527088,0.0,0.0,0.0,0.0,0.0,0.0,0.0,0.0,0.0,0.0,0.0,0.0,0.0,0.0,0.0,0.0,0.0,0.0,0.0,0.0,0.0,0.0,0.0,0.0,0.0]},"step_mean_q":{"0":[10.0427675247,10.0905237198,9.9476928711,9.8194551468,9.6898498535,9.5980768204,9.4648189545,9.2509660721,9.0130748749,8.7416219711,8.4465389252,8.0989770889,7.7291526794,7.3552904129,6.9890112877,6.6173658371,6.2600688934,5.9439020157,5.6538228989,5.3626923561,5.1305165291,4.8942832947,4.6787896156,4.4872560501,4.3031291962,4.1637167931,4.011929512,3.8774633408,3.7676451206,3.6045150757,3.4882512093,3.3881669044,3.2929296494,3.1787583828,3.0020136833,2.953104496,2.8214890957,2.6722042561,2.5152227879,2.4480404854,2.3994216919,2.3369328976,2.271910429,2.2507548332,2.2894625664,2.3278951645,2.421005249,2.4343998432,2.2824165821,2.4443190098,2.3654687405,2.3243427277,2.5124886036,2.3846366405,2.643068552,3.0051004887,3.0112261772,3.0307638645,2.7912905216,2.8244271278,2.8146605492,2.8063488007,2.5624485016,2.819000721,2.6504120827,2.8867540359,3.6334178448,2.899971962,2.9967041016,2.992562294,2.7176551819,3.771971941,3.744146347,3.7608191967,3.5628325939,3.6334066391,3.4234662056,6.9045352936,7.0363984108,7.1689810753,7.3094854355,7.1089730263,7.2528190613,7.3833928108,8.061879158,7.9437527657,7.4392166138,7.5412311554,7.3573951721,7.432009697,7.5972523689,7.4398436546,7.3835721016,7.2120075226,7.7440767288,7.2734069824,6.7963337898,7.2452831268,6.806417942,6.6034860611,6.6902184486,7.1517782211]},"episodes_still_running":{"0":[4096.0,4096.0,4096.0,4093.0,4091.0,4089.0,4087.0,4080.0,4071.0,4059.0,4051.0,4030.0,4008.0,3989.0,3966.0,3935.0,3901.0,3850.0,3791.0,3702.0,3627.0,3530.0,3424.0,3297.0,3168.0,3008.0,2815.0,2611.0,2347.0,2137.0,1947.0,1718.0,1527.0,1351.0,1178.0,1030.0,896.0,797.0,671.0,573.0,501.0,434.0,380.0,331.0,277.0,237.0,199.0,178.0,159.0,135.0,119.0,102.0,87.0,76.0,64.0,54.0,49.0,44.0,34.0,32.0,30.0,25.0,20.0,17.0,16.0,11.0,9.0,8.0,7.0,6.0,4.0,3.0,3.0,3.0,3.0,2.0,2.0,1.0,1.0,1.0,1.0,1.0,1.0,1.0,1.0,1.0,1.0,1.0,1.0,1.0,1.0,1.0,1.0,1.0,1.0,1.0,1.0,1.0,1.0,1.0,1.0,1.0]},"step_range_q":{"0":[16.1852817535,16.7979049683,20.1470146179,20.5347690582,20.5607070923,21.0093078613,21.0805072784,24.2101135254,24.4771213531,21.871088028,22.4794712067,23.7115497589,21.9552536011,22.0375080109,21.0200042725,20.2826538086,18.989358902,19.5859680176,19.4938774109,18.0406455994,17.6959152222,15.8200302124,15.8078794479,15.0689401627,15.5174303055,14.0884485245,15.2140226364,12.7369813919,12.7716398239,12.7086038589,12.0172529221,11.6912155151,12.3367128372,12.4071941376,12.5246782303,11.1936759949,11.5658006668,10.8882436752,10.9867134094,10.617688179,10.2494773865,9.4235963821,10.0057973862,9.6759462357,9.3786211014,9.3542308807,10.354927063,9.4743814468,9.0623207092,8.7864284515,8.3892469406,8.9851932526,8.7740354538,8.508564949,8.8157567978,8.6481809616,8.4773950577,7.7401065826,7.9129238129,8.0051870346,7.7287778854,8.0651769638,7.9033198357,8.1175746918,8.1388378143,7.6383047104,7.9323034286,7.7420258522,7.4151973724,7.615884304,7.5079174042,7.2372941971,7.2403273582,7.4104757309,7.636264801,7.5709056854,7.4812374115,6.9045352936,7.0363984108,7.1689810753,7.3094854355,7.1089730263,7.2528190613,7.3833928108,8.061879158,7.9437527657,7.4392166138,7.5412311554,7.3573951721,7.432009697,7.5972523689,7.4398436546,7.3835721016,7.2120075226,7.7440767288,7.2734069824,6.7963337898,7.2452831268,6.806417942,6.6034860611,6.6902184486,7.1517782211]},"mean_loss:":{"0":1.2201148272},"rmse":{"0":1.1045880318},"step_rmse":{"0":[1.0258991718,1.0778796673,1.1058782339,1.1082018614,1.1710606813,1.2121009827,1.2514302731,1.2765363455,1.2795283794,1.2860364914,1.2646684647,1.2266292572,1.2348812819,1.2048511505,1.2104635239,1.174934864,1.1592001915,1.125557065,1.1151701212,1.0844677687,1.0639203787,1.0406067371,1.0122808218,1.011446476,0.9989691377,0.9669070244,0.9474416971,0.9374938011,0.9228174686,0.9226021767,0.9019964337,0.8855457306,0.8989106417,0.8773442507,0.8817986846,0.856536448,0.8771188855,0.8258302212,0.8242931962,0.794650197,0.830647707,0.8197211623,0.7802849412,0.7926222682,0.8347747922,0.8055382967,0.861068666,0.9511900544,0.8961157799,1.0052263737,0.7639675736,0.7610577345,0.7473642826,0.762340486,0.8496845365,0.9308215976,0.9160734415,0.9019465446,1.1622211933,0.8240484595,0.8078969717,0.7675190568,0.7853885293,1.0413388014,1.2192728519,1.1625709534,1.3585410118,1.6866765022,1.8488454819,0.6903264523,0.7281550765,1.2529000044,1.4856835604,0.746635437,0.901532948,0.3279155493,0.2216838449,0.1883745193,0.1289353371,0.2971215248,0.1967744827,0.0555462837,0.2854819298,0.4392595291,1.0021324158,0.8397831917,0.5425953865,0.7138328552,0.6228070259,0.5952482224,0.5341172218,0.5515184402,0.5047883987,0.2782034874,0.7055373192,0.4767742157,0.1689758301,0.3330197334,0.3773846626,0.2062730789,0.1093239784,0.3243865967]},"rmse_by_q":{"0":16.5613307953},