{"max_q":{"0":25.9467830658},"min_q":{"0":-1.2843794823},"mean_q":{"0":8.6007537842},"range_q":{"0":27.2311630249},"step_max_q":{"0":[25.3812217712,24.7194213867,24.8478736877,24.7418670654,24.7406482697,25.1802444458,25.8097343445,25.9467830658,25.8639335632,25.4678916931,24.8381004333,24.4657688141,23.9427528381,23.5447540283,24.2871761322,24.2794208527,23.9971351624,24.4609298706,24.5615921021,25.0086574554,24.2485809326,24.0581092834,23.8305664062,23.1223468781,22.4190387726,22.4310398102,20.8840484619,19.4736728668,19.6117935181,18.8373336792,19.095708847,18.2778224945,17.9276161194,17.1563644409,16.3861923218,16.0976905823,14.5651540756,14.6987371445,14.3638381958,13.712220192,13.0930814743,13.0139083862,12.3416175842,11.9954080582,11.5505542755,11.5882177353,11.5340604782,10.8800773621,10.6140899658,10.5011453629,10.4933872223,10.4708852768,9.8831939697,9.602897644,9.7318935394,9.6820888519,9.0717458725,9.207195282,8.8278846741,8.6484460831,8.2698249817,8.3201065063,8.6643428802,8.4989547729,8.9978103638,8.8322887421,8.8473377228,8.8554000854,8.8771028519,8.89939785,8.4312047958,8.1875734329,7.9255003929,8.1915435791,8.0000934601,8.0214328766,8.1137008667,7.662879467,8.1857357025,8.2252864838,7.9281592369,7.8478403091,7.9496178627,7.5386180878,7.2232766151,6.7777981758,6.7572059631,6.4902820587,6.2088541985,6.308573246,6.1718683243,5.7962002754,5.7952604294,5.892375946,5.7786245346,5.7011728287,6.0993790627,6.1634502411,6.0041255951,5.9760532379,5.9294514656,5.8204097748,5.6768598557,5.6959266663,5.4789924622,5.3538603783,5.3920269012,5.1295757294,5.0123052597,5.0655269623,4.7829380035,4.4539251328,4.3674054146,4.0635871887,4.425139904,4.6732110977,4.4427089691,4.3759465218,4.3039021492,3.9798343182,3.9808042049,4.4215145111,3.5729055405,3.7573804855,4.1499047279,2.5125904083,2.2517430782,2.1472890377,2.439363718,2.1445231438,2.0220966339,2.3833510876,2.0589008331,1.9333209991,0.9771082401,1.3430585861,1.0071111917,1.0892596245,1.1772896051,1.0772879124,0.8138210773,0.7359172106,0.7844510674,0.9077343345,0.5953700542,0.6456477642,0.6855201721,0.9754529595]},"step_min_q":{"0":[9.4686927795,9.8247451782,8.4698314667,8.6443967819,9.2204294205,9.2156705856,8.409450531,7.7251343727,7.0616679192,6.1656455994,5.7295055389,5.5265254974,5.0171365738,4.9597406387,4.6368904114,4.4028658867,3.9266219139,4.0865983963,3.1047904491,3.3128325939,1.9399073124,2.1932704449,2.0962152481,2.0019342899,1.4437522888,1.2554001808,1.1131687164,0.9790477753,0.5795786381,0.3140060902,0.0,0.0,-0.0284075737,0.0,0.0,0.0,-0.2529211044,-0.334774971,-0.9318444729,-0.5075399876,-0.7922842503,-1.2466042042,-0.6091908216,-0.5769764185,-0.1888012886,-0.7108477354,-0.6926352978,-0.3637681007,-0.399056077,-0.672010541,-0.9028632641,-1.2578351498,-0.9327822924,-0.8818879128,-0.6476109028,-0.6071987152,-0.4648520947,-1.0375181437,-0.8445732594,-0.8610434532,-1.0441309214,-0.9624676704,-1.2843794823,-1.0428359509,-0.6227793694,-0.515668869,-0.6883544922,-0.7147469521,-0.2505754232,-0.3761126995,-0.3736425638,-0.3491033316,-0.5651321411,-0.5773569345,-0.5989685059,-0.6159906387,-0.9791378975,-0.6699486971,-0.6642895937,-0.6663208008,-0.3257169724,-0.2605483532,-0.0122567415,-0.117585659,-0.1073228121,-0.0734078884,0.0,-0.0671838522,-0.184030056,-0.1246298552,-0.1420820951,-0.003923893,-0.0856713057,-0.2286014557,-0.321906209,-0.2983368635,-0.3062703609,-0.2529929876,-0.2748966217,-0.587266922,-0.2213585377,-0.1803437471,-0.0381305218,-0.2639671564,-0.4861776829,-0.4810402393,-0.4889013767,-0.7331149578,-0.8651213646,-0.8603644371,-0.2931203842,-0.0566408634,-0.1473236084,-0.1864417791,-0.5760463476,-0.6237401962,-0.6497850418,-0.7814241648,-0.8468596935,-0.7150464058,-0.375338912,-0.3660974503,-0.3036748171,-0.2657414675,-0.3335747719,-0.3385596275,-0.3193951845,-0.3645284176,-0.1821349859,-0.0689707994,-0.042468071,0.0,-0.1913050413,-0.4234360456,-0.4112769961,-0.3965508938,0.0,0.0,0.0,0.0,0.0,0.0,0.0,0.0,0.0,0.0,0.0,0.0]},"step_mean_q":{"0":[14.482755661,14.630906105,14.5044870377,14.5560312271,14.5943403244,14.5235471725,14.4156112671,14.3544635773,14.2155761719,14.0565929413,13.8464756012,13.6358766556,13.4284877777,13.1681089401,12.8867206573,12.6434860229,12.3954267502,12.0635852814,11.7792768478,11.5112352371,11.205581665,10.8867855072,10.5969591141,10.3003587723,10.0081214905,9.710144043,9.4363107681,9.1728916168,8.9173593521,8.6415491104,8.4106931686,8.1737308502,7.933224678,7.6898608208,7.4711933136,7.257707119,7.0346422195,6.8146128654,6.6040410995,6.4051175117,6.204685688,6.0207266808,5.8438138962,5.6798548698,5.5195364952,5.3631162643,5.2166843414,5.0877113342,4.9447989464,4.8052945137,4.6833953857,4.5670785904,4.4461379051,4.3312969208,4.2361941338,4.1383285522,4.0451922417,3.9555718899,3.8819315434,3.7947826385,3.7367706299,3.6726870537,3.5989353657,3.5401482582,3.4738836288,3.410636425,3.37738204,3.3073408604,3.2539796829,3.2003381252,3.1056096554,3.0656375885,3.0176203251,2.9840576649,2.9385473728,2.9363219738,2.903049469,2.8664114475,2.7998950481,2.7729604244,2.7418622971,2.7190139294,2.6591150761,2.6559026241,2.7035260201,2.6425495148,2.7169585228,2.7546834946,2.6619522572,2.6485948563,2.5759711266,2.5460541248,2.5470423698,2.4623482227,2.4614758492,2.3815295696,2.2780675888,2.2281370163,2.1829645634,2.0518555641,2.1638247967,2.1530108452,2.106970787,2.0987963676,1.9788792133,1.9643480778,1.8795753717,1.8680478334,1.7865376472,1.7989097834,1.6874513626,1.5560874939,1.5689003468,1.4797663689,1.546944499,1.570371747,1.5947155952,1.6507049799,1.6630384922,1.5701762438,1.955390811,1.8472434282,1.4771124125,1.5597398281,1.4806284904,1.2153860331,1.2092908621,1.1332156658,1.0650137663,1.0104471445,0.9814992547,0.9373188019,0.9819473028,0.8699073792,0.2712108493,0.3656639755,1.0071111917,1.0892596245,1.1772896051,1.0772879124,0.8138210773,0.7359172106,0.7844510674,0.9077343345,0.5953700542,0.6456477642,0.6855201721,0.9754529595]},"episodes_still_running":{"0":[4096.0,4096.0,4096.0,4096.0,4096.0,4096.0,4096.0,4096.0,4096.0,4096.0,4096.0,4096.0,4096.0,4096.0,4096.0,4096.0,4096.0,4096.0,4096.0,4096.0,4096.0,4096.0,4096.0,4096.0,4096.0,4096.0,4096.0,4096.0,4096.0,4096.0,4095.0,4094.0,4093.0,4092.0,4091.0,4089.0,4084.0,4084.0,4079.0,4076.0,4070.0,4057.0,4047.0,4030.0,4004.0,3979.0,3936.0,3898.0,3841.0,3782.0,3715.0,3617.0,3522.0,3421.0,3318.0,3196.0,3057.0,2886.0,2718.0,2565.0,2405.0,2255.0,2076.0,1921.0,1762.0,1619.0,1482.0,1331.0,1212.0,1100.0,997.0,895.0,820.0,723.0,657.0,577.0,529.0,478.0,419.0,374.0,332.0,295.0,268.0,251.0,224.0,203.0,177.0,163.0,147.0,138.0,124.0,111.0,106.0,98.0,89.0,84.0,76.0,72.0,68.0,63.0,57.0,51.0,47.0,44.0,41.0,40.0,37.0,35.0,34.0,33.0,29.0,28.0,25.0,25.0,23.0,22.0,20.0,19.0,17.0,15.0,12.0,11.0,10.0,10.0,10.0,6.0,6.0,6.0,6.0,6.0,6.0,6.0,5.0,5.0,3.0,3.0,1.0,1.0,1.0,1.0,1.0,1.0,1.0,1.0,1.0,1.0,1.0,1.0]},