{"max_q":{"0":24.4032974243},"min_q":{"0":-0.7090910673},"mean_q":{"0":6.1639056206},"range_q":{"0":25.1123886108},"step_max_q":{"0":[24.4032974243,23.2612533569,21.798746109,22.6562480927,21.6534347534,22.4567012787,21.5973949432,21.7769126892,20.6542453766,20.864320755,20.3276672363,20.1695022583,20.0993156433,19.9770336151,19.8730869293,19.5221176147,19.0056858063,18.6441955566,18.4861946106,18.3763027191,17.9122600555,18.2752742767,17.7427139282,17.2799434662,17.3241443634,17.5642681122,16.2270965576,15.5797328949,16.0463142395,15.5989027023,15.2680425644,15.1522741318,14.290473938,14.6803913116,14.4481754303,14.0872421265,13.9800081253,14.1219453812,13.1549320221,12.9664182663,12.4654445648,12.2760629654,12.1581449509,12.3383731842,12.3841323853,12.5132112503,12.2779912949,11.8238286972,10.201757431,10.8397455215,10.1682891846,9.9189844131,9.6261205673,9.6883678436,9.5373401642,9.4251060486,9.4342489243,9.1755533218,9.0714292526,9.0080289841,7.8562779427,8.2117481232,8.0453701019,8.4916439056,8.041724205,8.3710689545,8.0445365906,8.3949403763,8.2438726425,8.3487138748,7.9773864746,7.8288226128,8.1191892624,8.0830802917,7.95966959,7.5972266197,7.8276510239,7.5561394691,7.4479317665,7.867565155,7.877954483,7.057393074,7.2164692879,7.1909127235,7.1623830795,7.3746762276,7.3800406456,7.1851906776,7.2562832832,6.9396152496,6.2940788269,6.2290654182,6.4462938309,6.0781254768,6.232468605,6.1603446007,6.1452946663,5.998714447,6.0885748863,6.0690779686,6.412955761,5.4917092323,5.5323486328,5.5143504143,5.4314041138,5.3895192146,5.4415740967,5.4530754089,5.4729499817,5.4978351593,5.5241827965,5.5499038696,5.5739541054,5.5958843231,5.6155667305,5.6330561638,5.6485004425,5.6621031761,4.5236473083,4.487390995,4.4946303368,4.5055890083,4.0934715271,4.2805275917,3.7907166481,3.8127965927,4.2552075386,3.802467823,3.848303318,4.2891840935,3.8555994034,3.8921175003,4.3260850906,3.9057002068,3.9329996109,4.3617925644,4.0239672661,3.9712381363,4.082171917,3.7564806938,4.1320405006,2.2765862942,2.7378396988,3.1191089153,3.4924018383,3.8069972992,3.5469408035,3.2043042183,2.8214254379,3.0774354935,2.6495969296,2.9248728752,2.5594258308,2.8327693939,2.606990099,2.4196372032,2.7975687981,2.5361330509,2.3405499458,2.2391386032,2.2181425095,0.77972579]},"step_min_q":{"0":[8.0172262192,8.2725582123,7.8391695023,7.4499840736,7.1250810623,6.7015776634,6.29880476,5.6784267426,5.5412898064,4.8094468117,4.4345588684,4.6086134911,4.433596611,4.1676297188,3.7837789059,3.4472718239,3.0513348579,2.6560060978,2.3498499393,2.0886218548,1.8432574272,1.7305098772,0.0,0.0,0.0,0.0,0.0,0.0,-0.1272835732,-0.1663833857,-0.28167665,-0.4602655172,-0.5262476206,-0.5316396952,-0.54249084,-0.5883146524,-0.5319384336,-0.5184386969,-0.5938726664,-0.6643594503,-0.542560935,-0.613324523,-0.5878366232,-0.6870199442,-0.5131322145,-0.5391794443,-0.554023385,-0.5488578081,-0.6805621386,-0.6913930178,-0.7090910673,-0.645395875,-0.6206899881,-0.6085730791,-0.6152354479,-0.5910903215,-0.5884791613,-0.6745134592,-0.4837270975,-0.5287331343,-0.4942740202,-0.4664150476,-0.5406070948,-0.5691846609,-0.405074954,-0.5042842627,-0.5843495131,-0.2968961,-0.3532460928,-0.3502875566,-0.3806918859,-0.4231702089,-0.3229395151,-0.3141218424,-0.2850981951,-0.3065248728,-0.274256587,-0.2338029146,-0.1366548538,-0.1547970772,-0.1760120392,-0.1441446543,-0.1794663668,-0.1809495687,-0.2130607367,-0.1801064014,-0.095993042,0.0,0.0,-0.0287169218,-0.0042403936,-0.006170392,-0.0909883976,-0.0474998951,-0.0741330385,-0.1564418077,-0.2356635332,-0.241517663,-0.2756859064,-0.3162142038,-0.3298748732,-0.3188205957,-0.3167055845,-0.0524135828,-0.1047534943,-0.1105350256,-0.0428375006,-0.0485627651,-0.0947996378,-0.1745144129,-0.0765824318,0.0,0.0,0.0,0.0,0.0,0.0,0.0,0.0,0.0,0.0,0.0,0.0,0.0,0.0,0.0,0.0,0.0,0.0,0.0,0.0,0.0,0.0,0.0,0.0,0.0,0.0,0.0,0.0,0.0,0.0,0.0,0.0,0.0,0.0,0.0,0.0,0.0,0.0,0.0,0.0,0.0,0.0,0.0,0.0,0.0,0.0,0.0,0.0,0.0,0.0,0.0]},"step_mean_q":{"0":[11.5905380249,11.7235431671,11.6638994217,11.7189817429,11.6583433151,11.6025161743,11.5940380096,11.5146446228,11.3744773865,11.233458519,11.0492334366,10.8552770615,10.6409816742,10.4128303528,10.185836792,9.9339370728,9.6869668961,9.4211931229,9.1412963867,8.863275528,8.5800046921,8.2997245789,8.0129156113,7.7429332733,7.4638700485,7.1741600037,6.9114751816,6.6484699249,6.3891086578,6.1438951492,5.8988928795,5.6698536873,5.451602459,5.2167053223,5.0035095215,4.789083004,4.5745015144,4.3742117882,4.1775112152,3.9874944687,3.8078830242,3.6297695637,3.4595689774,3.3154547215,3.1899819374,3.0572516918,2.9300718307,2.8299381733,2.7347409725,2.6564199924,2.5780687332,2.5260288715,2.4558925629,2.4258608818,2.3825984001,2.3635849953,2.342697382,2.3157548904,2.2789423466,2.2743067741,2.2544682026,2.2580456734,2.2209022045,2.2149405479,2.2125859261,2.2318398952,2.2215938568,2.2031736374,2.1797912121,2.1919057369,2.1831197739,2.1818859577,2.1751797199,2.1489799023,2.1469833851,2.1468713284,2.1333584785,2.1567358971,2.1917159557,2.1722669601,2.1581938267,2.1398148537,2.1463377476,2.1518611908,2.1198990345,2.0863809586,2.1100523472,2.1066186428,2.1344566345,2.1024169922,2.1084206104,2.0988559723,2.053303957,2.0577123165,2.0012454987,1.9767532349,1.9476519823,1.9765610695,1.9489526749,1.9963172674,1.9248069525,1.8962218761,1.8936898708,1.9351201057,1.9472961426,1.9421987534,1.9335091114,1.9003335238,1.9040278196,1.8757482767,1.8734513521,1.8588173389,1.8054914474,1.8545236588,1.8282403946,1.910599947,1.8721951246,1.888355732,1.7471807003,1.8202080727,1.8016406298,1.8172121048,1.7389554977,1.8084626198,1.7988859415,1.7669641972,1.7689349651,1.7522516251,1.8417546749,1.8474794626,1.7794790268,1.7651776075,1.8495727777,1.891361475,1.9941242933,1.7221755981,1.6415138245,1.7109378576,1.4553544521,1.3885685205,1.3638193607,1.14006567,1.3329007626,1.2050545216,1.3110784292,1.3725128174,1.3159000874,1.2612068653,1.3485389948,1.4287625551,1.2822357416,1.3710469007,1.2173207998,1.3124946356,1.2297263145,1.1550196409,1.267374754,1.1925349236,1.1378164291,1.5103905201,1.499404192,0.77972579]},"episodes_still_running":{"0":[4096.0,4096.0,4096.0,4096.0,4096.0,4096.0,4096.0,4096.0,4096.0,4096.0,4096.0,4096.0,4096.0,4096.0,4096.0,4096.0,4096.0,4096.0,4096.0,4096.0,4096.0,4096.0,4095.0,4095.0,4095.0,4095.0,4095.0,4095.0,4094.0,4093.0,4093.0,4093.0,4092.0,4092.0,4091.0,4090.0,4086.0,4078.0,4075.0,4065.0,4054.0,4043.0,4026.0,4001.0,3960.0,3919.0,3871.0,3813.0,3731.0,3634.0,3546.0,3443.0,3335.0,3196.0,3066.0,2931.0,2802.0,2681.0,2554.0,2421.0,2279.0,2142.0,2014.0,1899.0,1766.0,1654.0,1551.0,1467.0,1399.0,1312.0,1220.0,1135.0,1051.0,1000.0,942.0,891.0,831.0,778.0,720.0,687.0,636.0,604.0,564.0,524.0,498.0,469.0,436.0,405.0,377.0,348.0,328.0,314.0,294.0,273.0,257.0,239.0,223.0,210.0,192.0,181.0,166.0,161.0,154.0,144.0,132.0,124.0,119.0,115.0,108.0,101.0,95.0,84.0,83.0,78.0,71.0,64.0,62.0,58.0,55.0,50.0,45.0,43.0,38.0,32.0,28.0,26.0,26.0,23.0,21.0,20.0,19.0,17.0,15.0,14.0,14.0,12.0,11.0,10.0,7.0,7.0,7.0,5.0,4.0,4.0,4.0,4.0,4.0,4.0,3.0,3.0,3.0,3.0,3.0,3.0,3.0,3.0,3.0,3.0,3.0,2.0,2.0,1.0]},