{"max_q":{"0":22.5855903625},"min_q":{"0":-0.6460134983},"mean_q":{"0":6.2323756218},"range_q":{"0":23.2316036224},"step_max_q":{"0":[22.1250591278,22.5250740051,22.5855903625,21.6316413879,21.8037242889,21.7461643219,22.1985206604,21.8182525635,21.7451782227,21.8130054474,21.4445896149,21.1733093262,21.5443649292,21.0550689697,21.123456955,21.0049667358,20.4615287781,20.371963501,19.6912384033,20.1998138428,19.067691803,18.884059906,18.9277381897,18.1394557953,18.1065177917,17.6818084717,17.8312072754,17.8364372253,17.8205509186,17.8259544373,16.1193408966,15.392911911,15.1251468658,15.1807775497,15.4438304901,14.4758930206,14.1418075562,13.8280639648,13.7197246552,13.3013057709,12.7843856812,12.7688503265,12.6248931885,11.9349460602,11.1741018295,11.7591228485,10.6760396957,11.152176857,10.5760135651,9.999370575,9.8965854645,9.993473053,9.8661880493,8.9462499619,9.03353405,9.2569332123,9.2264642715,8.8569030762,8.6890306473,9.475358963,10.039226532,9.5192518234,9.1450433731,8.868844986,8.2040309906,8.4353656769,8.6287183762,8.1748027802,7.7779784203,8.682012558,8.3784856796,8.228764534,8.2403516769,8.312713623,8.7590970993,8.498462677,8.5387897491,8.4661769867,7.6251153946,7.7934026718,7.9247303009,7.1529922485,6.9408397675,6.7940120697,6.4646100998,6.3985738754,6.4501962662,6.1878662109,5.9580049515,6.1264133453,5.7714467049,6.3818926811,6.1926708221,6.0428218842,5.6479797363,5.8910841942,6.142428875,6.1341505051,5.6809682846,5.8591566086,5.505774498,5.8007221222,5.6188168526,5.7413396835,5.6223363876,5.7639980316,5.6603946686,5.7911663055,5.9677848816,6.1965155602,5.5866584778,5.8057384491,6.1364383698,5.7895612717,5.4913291931,5.4876327515,5.5102715492,5.0562944412,5.1058607101,5.0722866058,4.668050766,4.6553931236,4.7424230576,4.0637936592,4.0518193245,4.167093277,3.9386065006,3.9273090363,3.0073683262,2.8222715855,2.5085391998,2.567950964,2.613902092,2.3140921593,2.0332689285,2.0876605511,2.1626293659,1.9041354656,1.7483341694,1.7732356787,1.7560520172,1.539450407,1.5918143988,1.4070471525,1.3063595295,1.3866605759,1.1492284536,1.0366407633,1.0277943611,0.9410122633,0.9167716503,0.8120164871,0.868293047,0.4661762714,0.6558120251,0.4347715378,0.3119339943,0.4579360485,0.2924585342,0.1143689156,0.279270649,0.1431984901,0.065018177,0.0511159897,0.0]},"step_min_q":{"0":[7.0500044823,7.2294125557,6.6285390854,6.2759895325,6.2365107536,6.3365221024,5.1218266487,5.2204918861,4.9996452332,5.0712418556,4.5923171043,4.1916160583,3.5112659931,3.8005945683,3.3261504173,2.7584877014,3.0387926102,2.9437417984,2.0470628738,2.076769352,2.2274508476,1.8478713036,2.0787491798,1.9129309654,1.8495550156,1.5568096638,1.2544374466,1.1946880817,0.0,0.0,0.0,0.0,0.0,0.0,0.0,0.0,-0.2161400318,-0.0777692795,-0.0765910149,-0.170306921,-0.125480175,-0.4360568523,-0.3228487968,-0.3941390514,-0.2365169525,-0.2663085461,-0.2141757011,-0.3145339489,-0.2938079834,-0.3101232052,-0.1981842518,-0.3780603409,-0.3011819124,-0.4079501629,-0.28951931,-0.3312120438,-0.5035631657,-0.4152595997,-0.2911431789,-0.6460134983,-0.5780100822,-0.4383716583,-0.4120738506,-0.5460116863,-0.6386384964,-0.6315174103,-0.523329258,-0.5829319954,-0.5717515945,-0.5210491419,-0.4118189812,-0.4375915527,-0.530217886,-0.5203557014,-0.401266098,-0.3870947361,-0.3182411194,-0.326621294,-0.34618783,-0.4590580463,-0.3347799778,-0.3525998592,-0.2769339085,-0.462430954,-0.3847391605,-0.4330191612,-0.4869151115,-0.3772046566,-0.3664059639,-0.2758328915,-0.4155044556,-0.3914618492,-0.5007734299,-0.4536857605,-0.3917517662,-0.2675693035,-0.2175118923,-0.2538478374,-0.368626833,-0.3157246113,-0.3161737919,-0.3614599705,-0.3489058018,-0.2459931374,-0.3213150501,-0.4047327042,-0.4723985195,-0.5532431602,-0.4164099693,-0.268695116,-0.3819851875,-0.2821421623,-0.4204761982,-0.3865790367,-0.2434942722,-0.1731059551,-0.1387255192,-0.2043652534,-0.2141690254,-0.2602360249,-0.2938399315,-0.3034524918,-0.3096804619,-0.1887528896,-0.2814536095,-0.3769819736,-0.3875529766,-0.4747684002,-0.3522818089,-0.3620784283,-0.4266154766,-0.0499873161,-0.0755348206,-0.2184495926,-0.1874513626,0.0,-0.0630679131,-0.0818238258,-0.0916829109,-0.0448896885,-0.0909690857,-0.0899877548,-0.0670571327,-0.1376290321,-0.1724469662,-0.1464116573,-0.1671566963,-0.116600275,-0.1555328369,0.0,0.0,0.0,0.0,0.0,0.0,0.0,0.0,0.0,0.0,0.0,0.0,0.0,0.0,0.0,-0.0027508736]},"step_mean_q":{"0":[11.69871521,11.813791275,11.724149704,11.8597373962,11.9327602386,11.9513874054,11.9511432648,11.9660177231,11.9344463348,11.8600072861,11.6942176819,11.5213375092,11.3430538177,11.12241745,10.8676042557,10.6355438232,10.3916597366,10.123966217,9.8460769653,9.5680122375,9.2812271118,8.9688577652,8.6682815552,8.364695549,8.05809021,7.7458496094,7.4394416809,7.1540765762,6.8663859367,6.5684137344,6.2926826477,6.0362334251,5.7604746819,5.5057296753,5.2648115158,5.0362024307,4.8041052818,4.5914931297,4.3753046989,4.1695609093,3.9761352539,3.7990860939,3.6121454239,3.4474432468,3.2914896011,3.1469802856,3.0149638653,2.8850479126,2.7762355804,2.6723968983,2.571177721,2.4774754047,2.4026689529,2.3344008923,2.2715022564,2.2245690823,2.1787970066,2.1505124569,2.1037359238,2.0768499374,2.0488421917,2.0155985355,1.9980376959,1.9823714495,1.9551600218,1.9502933025,1.9320312738,1.9273897409,1.9131308794,1.8985717297,1.8866856098,1.8670680523,1.837007761,1.8264781237,1.812374115,1.8115978241,1.7951629162,1.8020575047,1.8176771402,1.803355813,1.8068863153,1.8238244057,1.8281267881,1.8179695606,1.8308795691,1.8247584105,1.7956246138,1.7691560984,1.8166131973,1.788002491,1.7389069796,1.7337789536,1.6764457226,1.6680011749,1.6701076031,1.6734441519,1.6648914814,1.5891302824,1.5368913412,1.6077247858,1.6083500385,1.6570566893,1.6314380169,1.6886610985,1.6579246521,1.6439960003,1.6848763227,1.7087934017,1.7282339334,1.7360910177,1.6417331696,1.5686701536,1.5772297382,1.4887459278,1.4973449707,1.4123240709,1.3392896652,1.2980737686,1.2424260378,1.1591161489,1.2381472588,1.1904802322,1.2030303478,1.0286728144,1.0340605974,1.0526403189,1.0614296198,1.0026062727,0.7955847979,0.8230093718,0.8418700695,0.8096931577,0.8354104757,0.8012543321,0.7371646762,0.7503951788,0.7750269175,0.7351074219,0.6841878295,0.7190834284,0.7461895347,0.7202007771,0.6843507886,0.6503032446,0.534165144,0.5421485305,0.458273828,0.3857763708,0.3900945783,0.8623669744,0.7741369009,0.7471587658,0.868293047,0.4661762714,0.6558120251,0.4347715378,0.3119339943,0.4579360485,0.2924585342,0.1143689156,0.279270649,0.1431984901,0.065018177,0.0511159897,-0.0027508736]},"episodes_still_running":{"0":[4096.0,4096.0,4096.0,4096.0,4096.0,4096.0,4096.0,4096.0,4096.0,4096.0,4096.0,4096.0,4096.0,4096.0,4096.0,4096.0,4096.0,4096.0,4096.0,4096.0,4096.0,4096.0,4096.0,4096.0,4096.0,4096.0,4096.0,4096.0,4095.0,4095.0,4095.0,4095.0,4094.0,4094.0,4093.0,4093.0,4093.0,4090.0,4090.0,4088.0,4086.0,4075.0,4067.0,4057.0,4037.0,4014.0,3985.0,3946.0,3893.0,3840.0,3786.0,3712.0,3628.0,3534.0,3422.0,3291.0,3158.0,3023.0,2900.0,2772.0,2641.0,2511.0,2405.0,2265.0,2123.0,2006.0,1891.0,1771.0,1664.0,1570.0,1468.0,1366.0,1277.0,1194.0,1111.0,1037.0,978.0,917.0,857.0,812.0,763.0,721.0,666.0,625.0,585.0,539.0,513.0,491.0,456.0,430.0,405.0,384.0,360.0,342.0,320.0,290.0,270.0,257.0,241.0,219.0,211.0,196.0,186.0,173.0,158.0,149.0,135.0,125.0,118.0,108.0,103.0,98.0,91.0,84.0,76.0,69.0,65.0,63.0,61.0,58.0,53.0,46.0,42.0,38.0,36.0,35.0,34.0,34.0,27.0,26.0,22.0,20.0,17.0,13.0,12.0,11.0,10.0,9.0,9.0,8.0,7.0,6.0,6.0,6.0,6.0,6.0,5.0,5.0,5.0,2.0,2.0,2.0,1.0,1.0,1.0,1.0,1.0,1.0,1.0,1.0,1.0,1.0,1.0,1.0,1.0]},