{"max_q":{"0":11.2465162277},"min_q":{"0":-0.2584747672},"mean_q":{"0":5.3588843346},"range_q":{"0":11.5049905777},"step_max_q":{"0":[10.3064746857,10.542301178,10.8173770905,10.9806079865,11.2465162277,10.9884052277,10.4623184204,10.2725200653,10.0840950012,9.6987819672,9.4939155579,9.2775039673,8.9876708984,8.9937877655,9.3809299469,8.4685840607,8.2148485184,7.7267227173,7.9367103577,7.3017253876,7.3681917191,6.8438158035,6.8484654427,6.7766294479,6.4334716797,5.9482502937,5.6776804924,5.4791107178,5.6892123222,5.2111592293,4.3613672256,4.6916370392,4.0371031761,3.8487040997,3.1780166626,2.8884556293,2.8649263382,2.889749527,2.1288154125,1.9891786575,1.7692197561,1.6701924801,1.7688567638,1.6653062105,1.3234966993,1.1485689878,0.923982203,0.5915890932,0.6010076404,0.5257729292,0.4975920022,0.3644545674,0.210434705,0.1227005124,0.0915015638,0.0976585746,0.0117586255]},"step_min_q":{"0":[9.3855924606,9.3663692474,9.3813228607,9.5115528107,9.4299297333,9.3236694336,8.8130912781,8.4611711502,8.0956964493,7.5959196091,7.1096172333,6.8255853653,6.183245182,5.7888259888,5.1650180817,4.5765066147,4.1511917114,3.6707267761,3.4784970284,2.8153018951,2.5036303997,2.1257107258,1.8473749161,1.5632822514,1.2610653639,1.1484978199,0.7185891271,0.4522197247,0.2991409302,-0.0094861984,-0.0076936483,-0.0792945623,-0.1112536192,-0.1447464824,-0.0997666121,-0.0927621126,-0.2584747672,-0.1174270511,-0.108080864,-0.1190961599,-0.1224023104,-0.1026851535,-0.0927594304,-0.1075700521,-0.1227543354,-0.1027089357,-0.1593837738,-0.0205019116,-0.1632630825,-0.0280410051,-0.0133099556,-0.0016150475,0.0,0.0,0.0,0.0,0.0]},"step_mean_q":{"0":[9.982624054,10.0896072388,10.1965837479,10.3381347656,10.4368200302,10.2470369339,9.8058738708,9.495677948,9.1989383698,8.8959827423,8.5467615128,8.1956892014,7.8822021484,7.5212059021,7.1877532005,6.8291854858,6.4469738007,6.0586600304,5.6474208832,5.2496256828,4.8540549278,4.4545035362,4.0765962601,3.6742050648,3.308216095,2.9360151291,2.5771377087,2.2420692444,1.9288835526,1.6349823475,1.3616242409,1.1242614985,0.9229038358,0.7543209791,0.6115044951,0.5063567758,0.4264014065,0.3634976149,0.3289136887,0.2956368923,0.2523985207,0.2200998664,0.2029868811,0.1959398836,0.1747441888,0.1653194129,0.168506965,0.148086071,0.1883856356,0.1287817955,0.1337128133,0.1642832756,0.210434705,0.1227005124,0.0915015638,0.0976585746,0.0117586255]},"episodes_still_running":{"0":[4096.0,4096.0,4096.0,4096.0,4096.0,4096.0,4096.0,4096.0,4096.0,4096.0,4096.0,4096.0,4096.0,4096.0,4096.0,4096.0,4096.0,4096.0,4096.0,4096.0,4096.0,4096.0,4096.0,4096.0,4096.0,4096.0,4096.0,4096.0,4096.0,4096.0,4088.0,4052.0,3964.0,3844.0,3600.0,3272.0,2824.0,2376.0,1788.0,1344.0,1032.0,744.0,524.0,336.0,232.0,160.0,104.0,76.0,36.0,28.0,20.0,12.0,4.0,4.0,4.0,4.0,4.0]},"step_range_q":{"0":[0.920882225,1.1759319305,1.4360542297,1.4690551758,1.8165864944,1.6647357941,1.6492271423,1.8113489151,1.9883985519,2.1028623581,2.3842983246,2.451918602,2.8044257164,3.2049617767,4.2159118652,3.892077446,4.0636568069,4.0559959412,4.4582133293,4.4864234924,4.8645610809,4.7181053162,5.0010905266,5.213347435,5.1724061966,4.7997522354,4.9590911865,5.0268907547,5.3900713921,5.2206454277,4.3690609932,4.7709317207,4.1483569145,3.9934506416,3.2777833939,2.9812178612,3.123401165,3.0071766376,2.2368962765,2.1082749367,1.8916220665,1.7728776932,1.8616161346,1.7728762627,1.4462510347,1.2512779236,1.0833659172,0.6120910048,0.7642707229,0.5538139343,0.5109019279,0.3660696149,0.210434705,0.1227005124,0.0915015638,0.0976585746,0.0117586255]},"mean_loss:":{"0":0.04853715},"rmse":{"0":0.2203114778},"step_rmse":{"0":[0.0966784135,0.0956823975,0.1035562232,0.1367532462,0.2068590522,0.2362491339,0.2503188848,0.2569337189,0.2670153379,0.2646686733,0.2767363191,0.2801532149,0.2857715786,0.2713336349,0.2673710883,0.2811986804,0.2788475156,0.27729702,0.2747117877,0.2847218513,0.2846198678,0.277459085,0.2725706995,0.2492657006,0.2509978414,0.235426724,0.2266263068,0.2081689835,0.1818170249,0.1712659448,0.1529725641,0.1394851208,0.1241082624,0.1217004284,0.1026222184,0.0907071233,0.0818272904,0.0769503489,0.0836309642,0.0767397806,0.0848969817,0.0727407932,0.0822934657,0.0851385742,0.0889083073,0.0935127214,0.0947149247,0.0521941222,0.0590349734,0.0581956916,0.0866999477,0.0958532095,0.250965327,0.3495967984,0.2381909788,0.2797836661,0.250666678]},"rmse_by_q":{"0":4.1111445427},"step_rmse_by_q":{"0":[0.9684669971,0.9483262897,1.0155972242,1.3228038549,1.9820121527,2.3055362701,2.5527443886,2.7057964802,2.9026756287,2.975148201,3.2379083633,3.418299675,3.6255295277,3.6075816154,3.719814539,4.1176023483,4.3252463341,4.5768704414,4.8643760681,5.4236602783,5.8635482788,6.2287321091,6.68623209,6.7842073441,7.5871047974,8.0185804367,8.793721199,9.2846813202,9.4260234833,10.4750947952,11.2345647812,12.4068212509,13.4475822449,16.1337718964,16.7819232941,17.9136791229,19.1902008057,21.169424057,25.4264183044,25.9574451447,33.6360855103,33.048992157,40.5412750244,43.451374054,50.879119873,56.5648727417,56.2083129883,35.2458000183,31.3372993469,45.1893768311,64.8404159546,58.3462944031,119.2604293823,284.9187927246,260.3135681152,286.4916687012,2131.7685546875]},"mean_error":{"0":0.158038795},"step_mean_error":{"0":[0.0757084116,0.0767460242,0.0825063288,0.1081154346,0.1632158905,0.184936285,0.1904636621,0.2025404423,0.2056793422,0.2046488822,0.2141171396,0.2174950242,0.2214140743,0.2105977237,0.2082306147,0.2170226723,0.2193814814,0.2168468386,0.2200792581,0.219594121,0.2237902433,0.2163210213,0.2131408155,0.1946312934,0.1899711192,0.1799420416,0.1670580506,0.1522296965,0.1356154084,0.1261978298,0.1081495434,0.0944767594,0.0826181173,0.0759915859,0.0670547336,0.0612984821,0.0555845276,0.0517899916,0.0536278598,0.0495351851,0.0545229837,0.0499955676,0.0548994876,0.0532464646,0.0563953184,0.0595485941,0.0612836331,0.0382062122,0.0442598127,0.0371789411,0.0668800399,0.0796073899,0.250965327,0.3495967984,0.2381909788,0.2797836661,0.250666678]},"mean_q_deviation":{"0":10.5485010147},"step_mean_q_deviation":{"0":[0.7624061108,0.7626302242,0.8114373088,1.0483012199,1.5680547953,1.818302989,1.9691238403,2.1415092945,2.2537739277,2.3138484955,2.5207328796,2.6698608398,2.8170282841,2.8282139301,2.9175980091,3.2195248604,3.4399800301,3.593793869,3.9169647694,4.1879086494,4.6224622726,4.8814539909,5.3316159248,5.3894686699,5.8544063568,6.2494182587,6.6986627579,6.9654278755,7.3994531631,9.0075550079,9.6816453934,11.7642097473,14.9190826416,19.2116241455,43.2199325562,28.769859314,67.7773361206,51.5870857239,56.9018249512,54.9143295288,95.9216690063,55.898727417,57.2642555237,91.4757156372,98.6588363647,65.7418670654,50.3047065735,35.2586135864,57.4289741516,81.0363388062,46.0479736328,50.6985015869,54.3921356201,74.0204925537,72.2463989258,74.1262207031,95.5192489624]},"mean_range_deviation":{"0":1.3788275719},"step_mean_range_deviation":{"0":[6.0445165634,5.7742204666,5.2946338654,6.3637771606,7.6828508377,8.8457918167,8.0838003159,8.0148086548,7.0583777428,6.8018407822,6.9071426392,6.5727682114,5.1416916847,5.9269809723,5.2312111855,4.8092551231,5.1372237206,4.9849691391,4.995159626,4.4029078484,4.0834622383,3.7320721149,3.5884325504,3.1819238663,3.3122208118,3.3559746742,2.9807591438,2.494566679,2.378844738,2.3966169357,2.35277915,2.0354366302,1.890791893,1.6595067978,1.8554081917,1.9320025444,1.8049567938,1.604501009,1.8693702221,2.0869724751,2.5007491112,2.6217050552,3.0836620331,3.2405290604,4.2278995514,6.052740097,7.0735034943,5.3158445358,6.167696476,7.0997104645,14.43400383,25.3770503998,54.3921356201,74.0204925537,72.2463989258,74.1261978149,95.5192489624]},"epoch":{"0":170},"mask_name":{"0":"nothing"},"map_name":{"0":"corridor"}}