{"max_q":{"0":28.3826389313},"min_q":{"0":-1.5614049435},"mean_q":{"0":7.5379405022},"range_q":{"0":29.9440441132},"step_max_q":{"0":[22.025220871,21.6123027802,23.32172966,22.4751472473,22.1826038361,22.0208911896,23.0023727417,24.8966388702,25.7477645874,28.3826389313,23.2590885162,24.9267368317,23.8074645996,21.1119365692,20.2473468781,19.6295490265,18.87550354,20.4548854828,19.8689613342,18.252243042,18.4361591339,15.9007263184,15.6152687073,15.7262535095,14.2556600571,14.231970787,13.2353725433,13.1473798752,13.8065738678,12.6135282516,12.5303249359,12.017250061,11.4691963196,11.0844593048,11.2103357315,10.9276456833,10.8968849182,10.7817115784,10.4642782211,10.1256160736,10.5969257355,10.1694335938,10.7945337296,10.1132555008,9.7381591797,11.292591095,9.5965881348,9.7439804077,9.2642459869,9.301607132,9.6299705505,10.021818161,10.6925067902,9.4278259277,9.0936384201,9.4939975739,8.9302310944,9.7885599136,10.8950204849,9.9384584427,9.0330629349,9.0760450363,7.4998621941,5.4254560471,5.5190811157,5.3375849724,5.4569215775,5.6473155022,5.9338989258,6.1128616333,6.1466693878,6.9491901398,7.0901226997,6.6045465469,6.8103442192,6.4694638252,0.7995648384,0.2050013095,0.3904022872]},"step_min_q":{"0":[5.057299614,4.2669782639,0.0,0.0,0.0,0.0,-0.1803721637,-0.5824719667,-0.1644297838,-0.1077709198,-0.4854921997,-0.4423097074,-0.6520163417,-0.5255417228,-0.4720374942,-0.6759939194,-1.0146428347,-1.0466305017,-0.7525808215,-0.8291988373,-0.9471785426,-1.5614049435,-0.8750241399,-0.8820492029,-0.9710345268,-0.9796504378,-1.1247044802,-1.2899096012,-0.9241712093,-1.1786767244,-1.0181719065,-1.1177524328,-0.9882344604,-0.9764693379,-0.9680481553,-0.9785197377,-1.3054783344,-0.8900226951,-0.8840633035,-0.7734998465,-0.9538424015,-0.9717108607,-0.7543329,-0.7344857454,-0.7155165672,-0.8707305193,-0.8187316656,-0.5971694589,-0.4582552016,-0.5667319298,-0.4663097858,-0.4956118166,-0.5209248662,-0.5899442434,-0.4742695093,-0.4993066192,-0.4411568344,-0.6174789667,-0.6135874987,-0.6064931154,-0.5931084156,-0.5307844877,-0.3975977302,-0.0951901972,-0.1920972914,-0.1067080498,-0.0767859519,-0.2385493666,0.0,0.0,0.0,0.0,0.0,0.0,0.0,0.0,0.0,0.0,0.0]},"step_mean_q":{"0":[11.5020856857,11.4618244171,11.3941440582,11.3331718445,11.2187452316,11.0731906891,10.9351139069,10.720700264,10.4762382507,10.1884078979,9.90928936,9.5554523468,9.2115459442,8.8131523132,8.4105577469,8.0012464523,7.6157016754,7.2364344597,6.85039711,6.4776735306,6.1272106171,5.7934784889,5.4872412682,5.2155952454,4.9441690445,4.7162642479,4.4906535149,4.2633838654,4.0352826118,3.8352944851,3.6161162853,3.4481992722,3.2938818932,3.1773622036,3.0044903755,2.8725948334,2.7825815678,2.7087361813,2.6438028812,2.5418405533,2.5775244236,2.581720829,2.4969689846,2.3712644577,2.3688225746,2.3413379192,2.3691542149,2.3928866386,2.2494323254,2.2676780224,2.1271464825,2.2017199993,2.1308934689,1.7935271263,1.7677431107,1.9097650051,1.8235573769,1.9537594318,1.9662058353,1.9061390162,1.9510509968,1.902916193,2.1179733276,1.780049324,1.799546361,1.7697249651,2.1454896927,2.4545571804,3.9377799034,3.834597826,3.2299296856,3.526191473,4.761472702,4.5054349899,4.1662712097,3.8255224228,0.7995648384,0.2050013095,0.3904022872]},"episodes_still_running":{"0":[4096.0,4096.0,4095.0,4094.0,4092.0,4090.0,4089.0,4083.0,4081.0,4077.0,4064.0,4056.0,4044.0,4030.0,4013.0,3988.0,3957.0,3924.0,3867.0,3804.0,3739.0,3679.0,3595.0,3493.0,3385.0,3235.0,3063.0,2890.0,2693.0,2453.0,2246.0,2049.0,1839.0,1635.0,1451.0,1289.0,1155.0,1008.0,891.0,745.0,638.0,556.0,485.0,422.0,368.0,328.0,294.0,262.0,220.0,200.0,165.0,141.0,122.0,99.0,79.0,64.0,57.0,50.0,41.0,35.0,32.0,29.0,19.0,14.0,12.0,11.0,9.0,7.0,4.0,3.0,3.0,3.0,2.0,2.0,2.0,2.0,1.0,1.0,1.0]},"step_range_q":{"0":[16.9679222107,17.34532547,23.32172966,22.4751472473,22.1826038361,22.0208911896,23.1827449799,25.4791107178,25.9121952057,28.4904098511,23.7445812225,25.3690471649,24.4594802856,21.6374778748,20.7193851471,20.3055419922,19.8901462555,21.5015163422,20.6215419769,19.0814418793,19.3833370209,17.4621315002,16.4902935028,16.6083030701,15.2266941071,15.2116212845,14.3600769043,14.437289238,14.7307453156,13.7922048569,13.5484972,13.1350021362,12.4574308395,12.0609283447,12.1783838272,11.906165123,12.2023630142,11.6717338562,11.3483419418,10.8991155624,11.5507678986,11.1411447525,11.548866272,10.847741127,10.4536762238,12.1633214951,10.4153194427,10.3411502838,9.7225008011,9.8683395386,10.096280098,10.5174303055,11.2134313583,10.0177698135,9.567908287,9.9933042526,9.3713874817,10.406039238,11.5086078644,10.5449514389,9.6261711121,9.6068296432,7.8974599838,5.5206460953,5.7111783028,5.4442930222,5.5337076187,5.8858647346,5.9338989258,6.1128616333,6.1466693878,6.9491901398,7.0901226997,6.6045465469,6.8103442192,6.4694638252,0.7995648384,0.2050013095,0.3904022872]},"mean_loss:":{"0":1.5476597548},"rmse":{"0":1.2440497875},"step_rmse":{"0":[1.2904906273,1.3676023483,1.355666399,1.3645863533,1.3653582335,1.3471703529,1.3712618351,1.3937920332,1.4019175768,1.4078326225,1.4149262905,1.3998527527,1.3738538027,1.3328977823,1.3087759018,1.2969635725,1.2408895493,1.2377398014,1.2215073109,1.2148836851,1.2110399008,1.1953125,1.1593608856,1.1574276686,1.1308033466,1.1141554117,1.073674798,1.0269441605,1.0367285013,1.016528964,1.0229401588,1.0463098288,1.0488941669,1.0199785233,1.02298522,1.0015934706,0.9955217838,1.0195547342,0.9224943519,0.9112464786,0.9190220237,0.972091496,0.9417770505,0.9605264664,0.95146209,0.9618759155,0.9493657947,0.9578480721,0.9759215117,0.9644741416,1.0408816338,1.0916757584,1.1711573601,1.2286098003,1.2099423409,0.9436537623,0.5914722681,0.7639954686,0.9665136933,0.8899893165,1.0408263206,0.9058015943,1.0065783262,0.8743769526,0.8324340582,0.8816183209,1.0122152567,1.2717710733,1.9455333948,1.8027369976,1.7857815027,1.7906969786,1.7362744808,2.0990660191,1.5698766708,1.6636459827,0.1419398785,0.2137663811,0.0020511448]},"rmse_by_q":{"0":16.5038414001},"step_rmse_by_q":{"0":[11.219622612,11.9318027496,11.8979225159,12.0406398773,12.1703290939,12.166053772,12.5399875641,13.0009431839,13.3818788528,13.8179836273,14.2787876129,14.6497802734,14.914475441,15.1239614487,15.5611066818,16.2095184326,16.2938308716,17.1042766571,17.8311901093,18.7549381256,19.7649459839,20.6320343018,21.1283016205,22.1916694641,22.8714542389,23.6236858368,23.9090995789,24.0875358582,25.6915950775,26.5045890808,28.2883644104,30.3436584473,31.8437099457,32.1014251709,34.0485420227,34.8672027588,35.7769126892,37.6394996643,34.89270401,35.8498687744,35.6552200317,37.6528511047,37.7168083191,40.5069313049,40.1660346985,41.082321167,40.0719299316,40.0289764404,43.3852348328,42.5313529968,48.9332389832,49.5828590393,54.9608573914,68.5024414062,68.445602417,49.4120368958,32.4350776672,39.1038665771,49.1562805176,46.6906814575,53.3469543457,47.6007080078,47.5255432129,49.1209373474,46.2579917908,49.8166847229,47.1787528992,51.8126487732,49.4068603516,47.0124130249,55.28855896,50.7827529907,36.4650726318,46.589641571,37.6806182861,43.4880752563,17.7521400452,104.2756195068,0.5253926516]},"mean_error":{"0":0.8937711716},