{"max_q":{"0":14.4804706573},"min_q":{"0":-0.4307136536},"mean_q":{"0":6.9345006943},"range_q":{"0":14.9111843109},"step_max_q":{"0":[14.1800966263,14.3943729401,14.4804706573,14.3937225342,14.3954925537,14.117764473,13.8248443604,13.6120920181,13.4819297791,13.3480110168,13.1474208832,12.7301111221,12.3823413849,12.3827924728,12.1967601776,11.7183380127,11.6931791306,11.3039188385,11.2367343903,10.5633964539,11.1734695435,9.8272771835,9.5179252625,9.3800420761,9.1880121231,8.893705368,8.4701757431,8.3219499588,8.1274967194,8.0058040619,7.7062892914,6.9500961304,6.8159918785,6.6231565475,6.1564908028,6.0640854836,5.7754669189,5.6021051407,5.2150526047,4.6076049805,4.7702713013,4.344332695,4.4854559898,4.2949757576,4.4115362167,4.6765594482,4.0168628693,3.6691365242,4.2060613632,3.7563300133,4.2570881844,4.3005299568,4.239443779,3.7246842384,3.5853178501,3.3487062454,3.4212651253,3.5517160892,3.4439520836,3.4631245136,3.326777935,3.2153429985,2.8298795223,3.1524281502,2.7611141205,2.8385968208,2.5582094193,2.4323911667,2.4216403961,2.0686135292,2.3094654083,1.2500565052,1.2329521179,1.2102736235,1.1873437166,1.1670920849,1.1473324299,1.1278221607,1.1073817015,1.0900363922,1.0765470266,1.0627400875,1.0477879047,1.0336821079,1.0202448368,1.0073873997,0.9955018163,0.98419559,0.9724385738,0.9620033503,0.95160079,0.9412251711,0.929690361,0.9192539454,0.9085475206,0.8979076147,0.8874761462,0.8774954081,0.868424058,0.8605387211,0.8536621332,0.8478084803,0.8431956768,0.8392631412,0.8359908462,0.8334115744,0.8314032555,0.8288084269,0.8239428997,0.8197716475,0.8169702291,0.8146727681,0.8135714531,0.8131999969,0.8128655553,0.8107020855,0.8070956469,0.364112705,0.9084821939,1.216593504,1.1676125526,1.0368285179,1.3746626377]},"step_min_q":{"0":[11.1960048676,10.4924640656,10.4106798172,10.4498672485,10.2824859619,9.2750387192,9.5865631104,8.9198722839,7.7168273926,7.4610490799,6.3546171188,5.9630689621,5.6609940529,5.0121831894,3.4355294704,2.9182684422,2.7706460953,2.6986455917,2.4620885849,1.6567186117,1.4528690577,1.1405856609,0.9143431187,0.6483469605,0.3140867949,0.0897825956,0.0,0.0,0.0,0.0,-0.0715698004,-0.0258332491,-0.2422884703,-0.2262731791,-0.0608730316,-0.2768041492,-0.40706563,-0.370393157,-0.2781047225,-0.2075752616,-0.2567617297,-0.2675052881,-0.4307136536,-0.2067334652,-0.3593250513,-0.3921355605,-0.3359670639,-0.1426496506,-0.3059111834,-0.2995526195,-0.3302268982,0.0,-0.2079730034,-0.0500026941,0.0,0.0,0.0,0.0,0.0,0.0,0.0,0.0,0.0,0.0,0.0,0.0,0.0,0.0,0.0,0.0,0.0,0.0,0.0,0.0,0.0,0.0,0.0,0.0,0.0,0.0,0.0,0.0,0.0,0.0,0.0,0.0,0.0,0.0,0.0,0.0,0.0,0.0,0.0,0.0,0.0,0.0,0.0,0.0,0.0,0.0,0.0,0.0,0.0,0.0,0.0,0.0,0.0,0.0,0.0,0.0,0.0,0.0,0.0,0.0,0.0,0.0,0.0,0.0,0.0,0.0,0.0,0.0,0.0]},"step_mean_q":{"0":[13.2494277954,13.3284931183,13.3071508408,13.1323490143,13.1757516861,12.6605215073,12.4731092453,12.0390033722,11.5949401855,11.4267482758,10.8581447601,10.6463279724,10.0901145935,9.7741985321,9.3393850327,8.8971805573,8.5483989716,8.0941343307,7.7765402794,7.3854389191,7.0629291534,6.7426424026,6.3557891846,6.0332460403,5.6342220306,5.3459596634,5.0137634277,4.7293124199,4.4098191261,4.1237897873,3.8770632744,3.6323654652,3.3697342873,3.1577339172,2.9720668793,2.8218274117,2.6448845863,2.5212128162,2.4269754887,2.3417949677,2.2972791195,2.2902872562,2.2670207024,2.2218799591,2.1642374992,2.1779985428,2.175162077,2.1356437206,2.1157691479,1.95667243,1.9906340837,2.0358974934,2.0325963497,2.1414015293,2.0980188847,2.1959795952,2.443718195,2.6065235138,2.4153676033,2.5027456284,2.2619144917,2.2848601341,1.9410640001,2.0594685078,1.9981088638,2.0647637844,1.9245656729,1.8600504398,1.8514996767,1.6704010963,1.7855758667,1.2500565052,1.2329521179,1.2102736235,1.1873437166,1.1670920849,1.1473324299,1.1278221607,1.1073817015,1.0900363922,1.0765470266,1.0627400875,1.0477879047,1.0336821079,1.0202448368,1.0073873997,0.9955018163,0.98419559,0.9724385738,0.9620033503,0.95160079,0.9412251711,0.929690361,0.9192539454,0.9085475206,0.8979076147,0.8874761462,0.8774954081,0.868424058,0.8605387211,0.8536621332,0.8478084803,0.8431956768,0.8392631412,0.8359908462,0.8334115744,0.8314032555,0.8288084269,0.8239428997,0.8197716475,0.8169702291,0.8146727681,0.8135714531,0.8131999969,0.8128655553,0.8107020855,0.8070956469,0.364112705,0.9084821939,1.216593504,1.1676125526,1.0368285179,1.3746626377]},"episodes_still_running":{"0":[4096.0,4096.0,4096.0,4096.0,4096.0,4096.0,4096.0,4096.0,4096.0,4096.0,4096.0,4096.0,4096.0,4096.0,4096.0,4096.0,4096.0,4096.0,4096.0,4096.0,4096.0,4096.0,4096.0,4096.0,4096.0,4096.0,4092.0,4092.0,4092.0,4080.0,4072.0,4052.0,4044.0,4016.0,3980.0,3908.0,3848.0,3756.0,3644.0,3528.0,3356.0,3168.0,2984.0,2784.0,2468.0,2132.0,1720.0,1428.0,1080.0,852.0,580.0,396.0,276.0,196.0,128.0,80.0,48.0,32.0,32.0,20.0,16.0,16.0,12.0,12.0,12.0,8.0,8.0,8.0,8.0,8.0,8.0,4.0,4.0,4.0,4.0,4.0,4.0,4.0,4.0,4.0,4.0,4.0,4.0,4.0,4.0,4.0,4.0,4.0,4.0,4.0,4.0,4.0,4.0,4.0,4.0,4.0,4.0,4.0,4.0,4.0,4.0,4.0,4.0,4.0,4.0,4.0,4.0,4.0,4.0,4.0,4.0,4.0,4.0,4.0,4.0,4.0,4.0,4.0,4.0,4.0,4.0,4.0,4.0]},"step_range_q":{"0":[2.9840917587,3.9019088745,4.0697908401,3.9438552856,4.1130065918,4.8427257538,4.23828125,4.6922197342,5.7651023865,5.886961937,6.7928037643,6.76704216,6.721347332,7.3706092834,8.7612304688,8.800069809,8.9225330353,8.6052732468,8.7746458054,8.9066781998,9.7206001282,8.6866912842,8.6035823822,8.7316951752,8.873925209,8.8039226532,8.4701757431,8.3219499588,8.1274967194,8.0058040619,7.777859211,6.9759292603,7.058280468,6.8494296074,6.2173638344,6.3408894539,6.1825323105,5.9724984169,5.4931573868,4.8151803017,5.0270328522,4.6118378639,4.9161696434,4.5017089844,4.7708611488,5.0686950684,4.3528299332,3.8117861748,4.5119724274,4.0558824539,4.5873150826,4.3005299568,4.4474167824,3.7746868134,3.5853178501,3.3487062454,3.4212651253,3.5517160892,3.4439520836,3.4631245136,3.326777935,3.2153429985,2.8298795223,3.1524281502,2.7611141205,2.8385968208,2.5582094193,2.4323911667,2.4216403961,2.0686135292,2.3094654083,1.2500565052,1.2329521179,1.2102736235,1.1873437166,1.1670920849,1.1473324299,1.1278221607,1.1073817015,1.0900363922,1.0765470266,1.0627400875,1.0477879047,1.0336821079,1.0202448368,1.0073873997,0.9955018163,0.98419559,0.9724385738,0.9620033503,0.95160079,0.9412251711,0.929690361,0.9192539454,0.9085475206,0.8979076147,0.8874761462,0.8774954081,0.868424058,0.8605387211,0.8536621332,0.8478084803,0.8431956768,0.8392631412,0.8359908462,0.8334115744,0.8314032555,0.8288084269,0.8239428997,0.8197716475,0.8169702291,0.8146727681,0.8135714531,0.8131999969,0.8128655553,0.8107020855,0.8070956469,0.364112705,0.9084821939,1.216593504,1.1676125526,1.0368285179,1.3746626377]},"mean_loss:":{"0":0.2192454338},"rmse":{"0":0.468236506},