{"max_q":{"0":15.08390522},"min_q":{"0":-0.2029192448},"mean_q":{"0":7.0017166138},"range_q":{"0":15.2868242264},"step_max_q":{"0":[14.5988941193,15.08390522,15.0303411484,14.7703647614,14.6224737167,14.5183801651,14.40716362,14.0801134109,13.7142982483,13.7935581207,13.3101234436,13.3240146637,13.1040773392,12.8380031586,12.6601734161,12.126203537,11.6554317474,11.8731851578,11.1571540833,11.0731105804,10.7182378769,10.2586202621,9.9669723511,9.5207004547,9.4079589844,8.8033685684,8.4576320648,7.8932161331,7.5676617622,7.3938970566,7.2737483978,6.8332352638,6.9081435204,6.2788057327,5.9985384941,5.8667478561,5.3758535385,5.2199616432,4.919459343,4.7931141853,4.8409347534,4.6958341599,4.3897953033,4.2888698578,4.1261711121,4.2741513252,4.0929889679,4.0949859619,3.9798593521,3.8344836235,3.7126226425,3.5478830338,3.3762545586,3.333086729,3.1279814243,3.0534124374,3.3127293587,2.8105025291,3.2215120792]},"step_min_q":{"0":[10.790681839,10.6439332962,9.9283351898,9.8015270233,8.2363262177,7.4133448601,7.0216650963,6.3235945702,5.323595047,4.9538722038,4.545507431,4.5197935104,4.2754855156,3.7177920341,3.4315953255,3.0208172798,2.3026156425,2.0528440475,1.7805192471,1.4700182676,1.2609436512,0.7194060087,0.6529973745,0.441775918,0.0747591257,-0.0936990976,0.0,-0.0318062901,-0.0936939716,-0.081277132,-0.1016978621,-0.0669599771,-0.0832823515,-0.1607170105,-0.1379535198,-0.0886082053,-0.1044530869,-0.1355852485,-0.148896277,-0.1819367409,-0.1222599745,-0.1818269491,-0.2029192448,-0.1357855201,-0.157664001,-0.1335645318,-0.1664508581,-0.066652596,-0.0677800179,-0.0649046898,0.0,0.0,-0.0242369771,0.0,0.0,0.0,0.0,0.0,0.0]},"step_mean_q":{"0":[13.2083187103,13.4182090759,13.3671131134,13.1252498627,13.0496492386,12.6460227966,12.5086135864,12.0320739746,11.6498184204,11.3756160736,10.946554184,10.6310195923,10.1888589859,9.833316803,9.3862810135,8.9596176147,8.5600194931,8.1357822418,7.7501716614,7.3282017708,6.9074029922,6.5094537735,6.0876927376,5.6942653656,5.3013734818,4.9431204796,4.6092367172,4.3016939163,4.0229606628,3.7441954613,3.5329577923,3.2976024151,3.1086707115,2.9282186031,2.7904632092,2.6517648697,2.5410914421,2.4816701412,2.391699791,2.3410131931,2.298979044,2.2825050354,2.3087170124,2.2943813801,2.3086490631,2.2835452557,2.2659976482,2.2248477936,2.139015913,2.0270655155,1.9849270582,2.0598156452,1.8725273609,1.9894162416,1.7336341143,1.6280841827,1.5353864431,1.7891050577,1.7697319984]},"episodes_still_running":{"0":[4096.0,4096.0,4096.0,4096.0,4096.0,4096.0,4096.0,4096.0,4096.0,4096.0,4096.0,4096.0,4096.0,4096.0,4096.0,4096.0,4096.0,4096.0,4096.0,4096.0,4096.0,4096.0,4096.0,4096.0,4096.0,4096.0,4092.0,4092.0,4080.0,4060.0,4024.0,3992.0,3944.0,3880.0,3800.0,3712.0,3604.0,3476.0,3392.0,3244.0,3104.0,2908.0,2648.0,2352.0,2032.0,1668.0,1312.0,1036.0,740.0,524.0,372.0,248.0,172.0,108.0,72.0,48.0,28.0,20.0,8.0]},"step_range_q":{"0":[3.8082122803,4.4399719238,5.1020059586,4.968837738,6.3861474991,7.105035305,7.3854985237,7.7565188408,8.3907032013,8.8396854401,8.7646160126,8.8042211533,8.8285923004,9.1202106476,9.2285785675,9.105386734,9.3528156281,9.8203411102,9.3766345978,9.6030921936,9.4572944641,9.5392141342,9.3139753342,9.0789241791,9.333199501,8.8970680237,8.4576320648,7.9250226021,7.6613559723,7.4751739502,7.3754463196,6.9001951218,6.9914259911,6.4395227432,6.1364917755,5.9553561211,5.4803066254,5.3555469513,5.0683555603,4.9750509262,4.9631948471,4.8776612282,4.5927143097,4.4246554375,4.2838349342,4.4077157974,4.2594399452,4.1616387367,4.04763937,3.8993883133,3.7126226425,3.5478830338,3.4004914761,3.333086729,3.1279814243,3.0534124374,3.3127293587,2.8105025291,3.2215120792]},"mean_loss:":{"0":0.2133274674},"rmse":{"0":0.4618738592},"step_rmse":{"0":[0.2141499072,0.2060364038,0.2677537501,0.3184934855,0.3472171724,0.3944327831,0.4809939861,0.5292288661,0.5680199862,0.6421707869,0.5989912152,0.6340910792,0.5790039897,0.5918802619,0.5661973953,0.5443360209,0.5249356031,0.500541985,0.5010097027,0.4854467809,0.4951303005,0.4771285355,0.4649404883,0.4757263362,0.4709747732,0.4704969823,0.4616962373,0.4598260224,0.4417103827,0.4519551098,0.4402340353,0.4246861339,0.4317031503,0.4248307347,0.4182429016,0.4091642499,0.39465186,0.3805770874,0.3717380762,0.3648973405,0.3835852146,0.3688844144,0.3801524639,0.3812814653,0.3999878466,0.4147667289,0.4499291182,0.4742647111,0.4477760792,0.4806925058,0.5411408544,0.4926561117,0.4703380466,0.42131266,0.5420994163,0.4763360023,0.3621619046,0.5070064068,0.4588218033]},"mean_error":{"0":0.3342713714},"step_mean_error":{"0":[0.1393358707,0.1328688562,0.1728945524,0.2089342922,0.2446760833,0.2930177748,0.3668413758,0.3957000077,0.4334555864,0.4895499349,0.4527502656,0.4777171016,0.4396589994,0.4443222284,0.4277467728,0.41522488,0.4062484503,0.3876922727,0.3919194639,0.3734249473,0.380171597,0.3674123287,0.3598893285,0.3612255454,0.3547746837,0.3580819964,0.3466050029,0.3435273468,0.3279425204,0.3312527537,0.3212092221,0.3022440076,0.3025837541,0.3007104397,0.294511795,0.2952365279,0.2839131653,0.2749165595,0.2686505318,0.2592622638,0.2708013952,0.2593387663,0.2752076685,0.2736206353,0.2821924984,0.2989141643,0.3165456653,0.3323741257,0.3220929503,0.3543207347,0.39677912,0.3716521859,0.3706232011,0.3461300135,0.3764733076,0.3377788961,0.2768163085,0.4171737731,0.3598142862]},"mean_deviation":{"0":2.1686863899},"step_mean_deviation":{"0":[3.2816588879,2.6346018314,3.0867917538,3.5316824913,3.7212073803,3.8862149715,4.5615324974,4.9524726868,4.7286524773,5.3671627045,4.6405262947,4.2034659386,4.0449414253,4.1543235779,4.300201416,4.2862057686,3.8850467205,3.8484654427,4.0785040855,3.8480942249,3.893509388,3.8198914528,3.79225564,3.9319016933,3.9642121792,4.2190561295,4.1595993042,4.1143994331,4.059012413,4.1597595215,4.3995184898,4.4726529121,4.3446702957,4.7804136276,4.7137956619,5.0757431984,5.0923190117,5.1271424294,5.086212635,5.0469408035,5.3602762222,5.7420196533,6.0769057274,6.1502251625,6.3302030563,7.1395626068,8.0777683258,8.5205125809,8.3874750137,9.0432186127,9.8594465256,9.2830915451,9.6295166016,9.4242553711,9.5546474457,9.3760976791,9.2007484436,13.6672859192,13.9625091553]},"epoch":{"0":170},"mask_name":{"0":"enemy_health_and_shield"},"map_name":{"0":"6h_vs_8z"}}