{"max_q":{"0":24.9540710449},"min_q":{"0":-0.7096698284},"mean_q":{"0":5.6124353409},"range_q":{"0":25.6637401581},"step_max_q":{"0":[24.0028858185,23.7580451965,24.9540710449,24.2382526398,24.3553352356,23.740978241,24.3743896484,24.5193862915,22.154253006,21.745218277,21.9174251556,21.7870483398,21.728351593,22.670009613,20.4103736877,20.3152923584,19.1434020996,18.5865249634,19.4941692352,20.2518386841,18.9191627502,18.8497543335,18.0002346039,17.4387016296,16.2754402161,16.4313716888,14.9207935333,14.3114004135,14.4534311295,13.6745262146,12.7941904068,12.6770601273,12.2881307602,12.0338964462,11.7919511795,12.224067688,11.2875480652,11.8232078552,11.2563285828,11.082028389,11.4893102646,9.7837982178,9.7414398193,9.6491737366,9.7809610367,9.0849227905,9.7504291534,9.2690639496,9.3571987152,9.0601463318,8.1176834106,8.586684227,8.6438417435,8.3266658783,9.4719829559,7.8082723618,8.65280056,7.3716073036,7.3069791794,7.5305490494,7.1010766029,7.7078733444,6.7728967667,6.7724895477,7.2972917557,6.5104775429,6.5489382744,6.8057184219,6.511051178,6.3487200737,6.3767580986,5.8802309036,7.0593824387,6.2176675797,6.0984239578,6.7874755859,6.0232315063,5.9847745895,6.3905472755,5.8939142227,5.7427635193,6.0292606354,5.6095504761,5.6149158478,5.6655702591,5.5144205093,5.4773907661,5.3255882263,5.389043808,5.3172988892,5.1135883331,5.1071863174,5.2048339844,5.0157756805,5.1809558868,4.9668359756,4.7456979752,4.6846084595,4.8060860634,5.3788332939,5.2137136459,5.5295619965,5.2739133835,4.9199476242,4.9146633148,4.0855474472,3.7740163803,3.690833807,3.7613711357,3.3176908493,3.6728150845,3.8167176247,4.2243814468,3.8929839134,4.026055336,3.9371545315,3.8417079449,3.845303297,3.4869740009,3.8702335358,3.3950669765,3.1749982834,3.0195603371,3.3509168625,1.6432284117,1.6080965996,1.6081945896,1.3836801052,1.4611595869,1.3987386227,1.3154404163,1.3353174925,1.1275728941,1.1052107811,1.2043225765,1.0385905504,0.9976568818,0.9775611162,0.909557879,0.8361896276,0.7839100361,0.8229541779]},"step_min_q":{"0":[6.200676918,6.2602567673,5.9831285477,6.0379905701,5.8553028107,5.6108469963,5.0078558922,5.0595641136,4.8440384865,4.8662977219,4.4276723862,4.1399559975,4.2171192169,3.8367853165,3.6301324368,3.6137392521,3.4402596951,3.2320380211,2.9705374241,2.7575984001,2.5482971668,2.0747346878,1.7423355579,1.4482367039,0.9207028151,0.7506010532,0.5834072828,0.4478549957,0.301248312,0.1688535213,0.1821271181,0.2104716301,0.0189239979,0.0,-0.1867702007,-0.1913130283,-0.1784697771,-0.1442059278,-0.1728711128,-0.2094275951,-0.273837924,-0.3371505737,-0.3816871643,-0.397705555,-0.3465893269,-0.452909708,-0.4566254616,-0.3336803913,-0.3715770245,-0.6288895607,-0.4012336731,-0.4682407379,-0.4216997623,-0.3421871662,-0.5551612377,-0.472356081,-0.5642991066,-0.515734911,-0.6547689438,-0.5190105438,-0.5293571949,-0.4913728237,-0.5087320805,-0.3914015293,-0.5255992413,-0.5290400982,-0.4352293015,-0.465610981,-0.4330984354,-0.626373291,-0.5212273598,-0.3196773529,-0.2930665016,-0.3602321148,-0.5185499191,-0.5362827778,-0.5744154453,-0.3792750835,-0.3993105888,-0.5422320366,-0.6263668537,-0.7096698284,-0.4800354242,-0.2881140709,-0.2344566584,-0.2292566299,-0.200502038,-0.21494174,-0.2547392845,-0.074562192,-0.1530501842,-0.2195847034,-0.3302079439,-0.2651003599,-0.1611051559,-0.0797438622,-0.1578191519,-0.2267689705,-0.2972972393,-0.176476717,-0.1416966915,-0.1471415758,-0.0107355118,-0.0881621838,-0.1295304298,-0.1237114668,0.0,0.0,0.0,-0.0161538124,-0.0685887337,0.0,-0.041960597,-0.2039424181,-0.0097756386,-0.0526643991,-0.0957845449,-0.0748140812,-0.0509634018,-0.0450792313,-0.0805215836,-0.0739719868,-0.1581943035,-0.145621419,-0.1141557693,-0.0565125942,-0.0601093769,-0.0219912529,-0.0566834211,-0.1269075871,-0.1321188211,-0.1231213808,0.0,0.0,0.0,0.0,0.0,0.0,-0.0467987061,0.0,0.0,0.0]},"step_mean_q":{"0":[10.4106779099,10.4086561203,10.4015245438,10.4547634125,10.4938030243,10.4719400406,10.4560241699,10.423789978,10.353094101,10.2555866241,10.1397953033,9.9738025665,9.7962875366,9.5976572037,9.3620233536,9.1494531631,8.9167785645,8.661272049,8.4001064301,8.1372022629,7.8830523491,7.5968589783,7.3226771355,7.0445084572,6.7823910713,6.5146069527,6.2520213127,5.9908475876,5.7388958931,5.4812774658,5.2337932587,5.0119571686,4.7740340233,4.538187027,4.3296227455,4.1240124702,3.9163446426,3.7290170193,3.5448026657,3.3589601517,3.1930463314,3.0310258865,2.8813719749,2.7428429127,2.6221823692,2.5010118484,2.3964962959,2.296428442,2.1960709095,2.1182498932,2.0520322323,1.996845603,1.9277838469,1.8863986731,1.8607988358,1.8207572699,1.7808785439,1.7617577314,1.7404475212,1.7296811342,1.7191256285,1.703394413,1.6650834084,1.652138114,1.6372339725,1.6061241627,1.6033201218,1.5983278751,1.608063817,1.5904736519,1.5757186413,1.5696350336,1.5661957264,1.575535655,1.5619843006,1.5402926207,1.5248211622,1.5112661123,1.4815087318,1.4744876623,1.484457016,1.4473570585,1.440100193,1.4211760759,1.4243643284,1.4400990009,1.45934093,1.4708982706,1.4575549364,1.4117237329,1.4218565226,1.4265828133,1.4222202301,1.3837815523,1.4033026695,1.3559998274,1.3480290174,1.3093178272,1.2458256483,1.2392936945,1.2981243134,1.2574435472,1.1815812588,1.1608655453,1.1620521545,1.1177169085,1.1118996143,1.0637716055,1.0519758463,1.0249575377,1.0812420845,1.1358312368,1.1399393082,1.1460441351,1.0616738796,0.9818931222,0.9750258327,0.9448037148,0.9257392883,0.7633299232,0.7552018166,0.6356182694,0.6344824433,0.5779582262,0.4499230683,0.5552866459,0.5834107399,0.592776835,0.5658518672,0.6030880213,0.4958522618,0.4637929797,0.4809252322,0.5233710408,0.4232369363,0.4300022423,0.5372318029,0.4923654199,0.4313795865,0.8361896276,0.7839100361,0.8229541779]},"episodes_still_running":{"0":[4096.0,4096.0,4096.0,4096.0,4096.0,4096.0,4096.0,4096.0,4096.0,4096.0,4096.0,4096.0,4096.0,4096.0,4096.0,4096.0,4096.0,4096.0,4096.0,4096.0,4096.0,4096.0,4096.0,4096.0,4096.0,4096.0,4096.0,4096.0,4096.0,4096.0,4096.0,4096.0,4096.0,4095.0,4095.0,4093.0,4092.0,4084.0,4079.0,4076.0,4062.0,4045.0,4023.0,3987.0,3930.0,3882.0,3827.0,3742.0,3658.0,3561.0,3444.0,3303.0,3162.0,3010.0,2860.0,2708.0,2550.0,2407.0,2278.0,2112.0,1976.0,1848.0,1746.0,1603.0,1484.0,1375.0,1264.0,1180.0,1085.0,990.0,918.0,846.0,774.0,718.0,669.0,616.0,577.0,526.0,501.0,463.0,431.0,403.0,379.0,343.0,318.0,296.0,276.0,252.0,238.0,222.0,210.0,195.0,188.0,178.0,170.0,159.0,150.0,142.0,130.0,121.0,110.0,100.0,90.0,85.0,76.0,69.0,66.0,61.0,57.0,53.0,50.0,47.0,46.0,44.0,43.0,43.0,41.0,38.0,36.0,31.0,29.0,29.0,28.0,27.0,23.0,19.0,17.0,13.0,13.0,12.0,9.0,8.0,7.0,4.0,4.0,3.0,2.0,2.0,2.0,1.0,1.0,1.0]},