{"max_q":{"0":16.7435379028},"min_q":{"0":-0.858068943},"mean_q":{"0":7.8132014275},"range_q":{"0":17.601606369},"step_max_q":{"0":[16.7435379028,15.9590787888,15.7862243652,16.0134887695,16.0788288116,15.4101457596,15.5899868011,15.4358654022,14.1761865616,14.2895488739,14.2570037842,13.8043136597,13.8949518204,13.9617786407,13.6924057007,13.830291748,13.3823337555,12.6015033722,12.6388320923,12.6733474731,12.2359218597,12.3415565491,12.1079359055,10.6416549683,10.6783008575,10.6862325668,10.4349193573,9.4811725616,9.4758815765,9.2268533707,8.3787784576,8.2687568665,7.7537970543,7.6050710678,7.4142560959,7.5182409286,6.2596292496,6.0968341827,5.6945676804,5.5401139259,5.1993598938,5.2378649712,4.9450111389,4.3014469147,4.0638632774,3.8850426674,3.7963302135,3.3739507198,3.0360441208,3.0721888542,2.6858401299,2.762499094,2.7727956772,2.7047376633,2.4945962429,2.2296588421,2.375947237,2.4483807087,2.2018988132,1.9204574823,1.897618413,1.8396059275,1.8477544785,1.8241183758,1.8233020306,1.806620717,1.8012080193,1.7876040936,1.7811450958,1.7557016611,1.7613062859,1.2783581018,1.1709065437,1.2123858929]},"step_min_q":{"0":[16.2839126587,15.1928539276,14.2005939484,14.3114032745,13.1282367706,12.1502418518,12.3689250946,11.5793037415,10.7892971039,10.8028011322,10.2880268097,9.4808197021,9.6002998352,9.6811914444,8.9097957611,9.0679607391,8.982383728,8.0946445465,8.1857376099,8.2953147888,6.9689426422,7.0955672264,7.2279114723,5.452041626,5.564043045,5.6225976944,4.2381887436,4.2814064026,4.3254852295,2.912176609,2.9431159496,2.9531354904,2.1322882175,1.9133629799,1.9306609631,1.6317648888,1.6143898964,1.6226531267,0.0,0.0,0.0,0.0,0.0,0.0,0.0,0.0,-0.1458149552,0.0,-0.2277621925,-0.858068943,0.0,0.0,0.0,0.0,0.0,0.0,0.0,0.0,0.0,0.0,-0.1734248251,-0.2030820847,-0.2812157869,-0.3143587112,0.0,0.0,0.0,0.0,0.0,0.0,0.0,0.0,0.0,0.0]},"step_mean_q":{"0":[16.59948349,15.5032119751,14.822101593,14.9892921448,14.6171207428,13.4238834381,13.5715999603,13.3875255585,12.3270807266,12.4501514435,12.3794088364,11.4489269257,11.5315704346,11.5010576248,10.6655988693,10.7450485229,10.7431669235,9.9656448364,10.0283355713,10.0377006531,9.2950878143,9.3292598724,9.3177509308,8.2119064331,8.210641861,8.1380577087,6.9499745369,6.9219036102,6.8342342377,5.7796225548,5.722120285,5.6264405251,4.7313456535,4.6334180832,4.5537014008,3.8306908607,3.6918282509,3.6086859703,3.0569505692,2.9072823524,2.8136365414,2.4315986633,2.3046171665,2.2333471775,2.0213153362,1.9314572811,1.8808788061,1.760358572,1.705709219,1.6729675531,1.6007151604,1.5709449053,1.5367355347,1.5150822401,1.4862185717,1.4635106325,1.4716280699,1.4364750385,1.4439409971,1.365906477,1.3367899656,1.3192847967,1.2713725567,1.23604846,1.4036011696,1.3079116344,1.3747934103,1.4155380726,1.5840439796,1.518242836,1.5910277367,1.2783581018,1.1709065437,1.2123858929]},"episodes_still_running":{"0":[4096.0,4096.0,4096.0,4096.0,4096.0,4096.0,4096.0,4096.0,4096.0,4096.0,4096.0,4096.0,4096.0,4096.0,4096.0,4096.0,4096.0,4096.0,4096.0,4096.0,4096.0,4096.0,4096.0,4096.0,4096.0,4096.0,4096.0,4096.0,4096.0,4096.0,4096.0,4096.0,4096.0,4096.0,4096.0,4096.0,4096.0,4096.0,4092.0,4088.0,4080.0,4056.0,4032.0,4000.0,3736.0,3580.0,3444.0,2940.0,2516.0,2252.0,1728.0,1328.0,1164.0,820.0,636.0,516.0,356.0,228.0,188.0,136.0,96.0,68.0,56.0,44.0,36.0,24.0,20.0,16.0,8.0,8.0,8.0,4.0,4.0,4.0]},"step_range_q":{"0":[0.4596252441,0.7662248611,1.5856304169,1.702085495,2.950592041,3.2599039078,3.2210617065,3.8565616608,3.3868894577,3.4867477417,3.9689769745,4.3234939575,4.2946519852,4.2805871964,4.7826099396,4.7623310089,4.3999500275,4.5068588257,4.4530944824,4.3780326843,5.2669792175,5.2459893227,4.8800244331,5.1896133423,5.1142578125,5.0636348724,6.1967306137,5.1997661591,5.150396347,6.3146767616,5.4356622696,5.315621376,5.6215085983,5.6917080879,5.4835948944,5.8864760399,4.6452393532,4.4741811752,5.6945676804,5.5401139259,5.1993598938,5.2378649712,4.9450111389,4.3014469147,4.0638632774,3.8850426674,3.9421451092,3.3739507198,3.2638063431,3.9302577972,2.6858401299,2.762499094,2.7727956772,2.7047376633,2.4945962429,2.2296588421,2.375947237,2.4483807087,2.2018988132,1.9204574823,2.0710432529,2.0426878929,2.1289701462,2.138477087,1.8233020306,1.806620717,1.8012080193,1.7876040936,1.7811450958,1.7557016611,1.7613062859,1.2783581018,1.1709065437,1.2123858929]},"mean_loss:":{"0":0.0259514917},"rmse":{"0":0.1610946655},"step_rmse":{"0":[0.0450632796,0.066429235,0.0673088729,0.0820488632,0.085504517,0.0834852755,0.0851140022,0.0931123495,0.098340176,0.1004119143,0.1102186292,0.1250202507,0.1287225932,0.1372142881,0.1456913203,0.1298474669,0.1283669025,0.117624931,0.1285851449,0.1146600395,0.1325317621,0.1503998339,0.1590075046,0.1584724337,0.1625573933,0.1742413491,0.1678275019,0.1720176786,0.1739311218,0.1606058627,0.171989575,0.1797988117,0.1968862861,0.1931369901,0.2127203047,0.2197178602,0.2024860382,0.2009307444,0.1713549793,0.1757236421,0.1512492001,0.1362557858,0.1423478723,0.1745934635,0.1616774946,0.1863972545,0.2178380936,0.2170420438,0.2206610143,0.2228553146,0.2241125852,0.2702735364,0.2890264392,0.3363520503,0.361859262,0.3989494145,0.3721043169,0.3331956863,0.3069464266,0.3878563643,0.3517999351,0.2747868001,0.2466442138,0.2390223742,0.1643092632,0.1637884825,0.2415414304,0.21735847,0.0572180562,0.1675046235,0.1262081265,0.0833050013,0.1848909855,0.1548278332]},"rmse_by_q":{"0":2.0618264675},"step_rmse_by_q":{"0":[0.271473974,0.4284868836,0.4541115463,0.5473831892,0.5849614143,0.6219159961,0.6271478534,0.6955157518,0.7977572083,0.8065115809,0.8903384209,1.0919822454,1.1162624359,1.1930580139,1.3659929037,1.2084400654,1.1948702335,1.1803042889,1.2822182178,1.1422938108,1.4258258343,1.6121304035,1.7065008879,1.9297887087,1.9798377752,2.1410679817,2.4147930145,2.4851210117,2.5449979305,2.7788295746,3.0056965351,3.1956050396,4.1613168716,4.1683478355,4.67137146,5.7357239723,5.4847092628,5.5679755211,5.60542202,6.0442576408,5.375576973,5.6035475731,6.1766386032,7.8175692558,7.9986281395,9.6506023407,11.5817184448,12.3294229507,12.9366140366,13.3209590912,14.0007781982,17.2045192719,18.8078193665,22.2002506256,24.3476486206,27.2597541809,25.2852134705,23.1953697205,21.2575473785,28.395526886,26.3167705536,20.8284683228,19.3998374939,19.3376216888,11.7062644958,12.522901535,17.5692882538,15.3551836014,3.6121506691,11.0327949524,7.9324908257,6.5165624619,15.7904129028,12.7705078125]},"mean_error":{"0":0.0787167698},"step_mean_error":{"0":[0.0356069505,0.0519892722,0.0521835536,0.0644304976,0.0650483593,0.0648233071,0.0651876032,0.0707073808,0.0747555122,0.073377654,0.0759382248,0.0822041631,0.0815307051,0.0771153495,0.0724303126,0.0714166015,0.0679707453,0.0682741478,0.0721280873,0.0692195147,0.0721156597,0.0785325244,0.080619514,0.0775541365,0.0834896639,0.094381839,0.0823420733,0.0862681568,0.0907855853,0.0775442272,0.0825020373,0.0943255424,0.0875480548,0.0901741087,0.0958653614,0.0902291685,0.0884136632,0.0880983025,0.0767198205,0.0770348012,0.0735170692,0.0658905879,0.0655813217,0.0733035877,0.0717445537,0.0747180954,0.0808835477,0.0838446245,0.0877494514,0.0933515057,0.1004159525,0.122531049,0.1367324889,0.160168618,0.1792636365,0.2070602626,0.1855164021,0.1897725165,0.204784885,0.2357504219,0.261436075,0.1993247569,0.1881066859,0.152013436,0.0991139114,0.1408336312,0.1713232249,0.1607750356,0.053534925,0.1674891114,0.1037963033,0.0833050013,0.1848909855,0.1548278332]},"mean_q_deviation":{"0":2.5514070988},