{"max_q":{"0":15.7753620148},"min_q":{"0":-0.6986148357},"mean_q":{"0":6.684753418},"range_q":{"0":16.4739761353},"step_max_q":{"0":[10.2671508789,10.4467077255,10.6560058594,10.8900756836,11.1794052124,11.8330459595,12.3706073761,12.0453491211,13.8878288269,12.8917579651,13.2115306854,13.7228155136,15.3112983704,14.5922012329,14.554769516,14.9101772308,13.7228736877,14.3828468323,15.1211299896,15.4637041092,15.7753620148,15.0059871674,15.2294168472,15.0323953629,12.8561868668,14.3778181076,12.4311618805,12.8919219971,12.2731647491,11.44053936,10.9980049133,4.903673172,4.02079916,1.811429143]},"step_min_q":{"0":[7.1962394714,7.3034462929,7.4664225578,7.5219759941,7.3818664551,7.2502589226,7.2018136978,6.0987071991,5.6845564842,4.5509319305,4.0432219505,3.3934965134,2.4074149132,2.2125463486,1.5968089104,0.9032502174,0.8137304783,0.4614155293,0.3416526318,0.0,0.0,-0.2218532562,-0.1552517414,-0.2931764126,-0.2904193401,-0.435557127,-0.4086375237,-0.4926812649,-0.6470863819,-0.6986148357,-0.3845188618,-0.3869485855,0.0,-0.3121116161]},"step_mean_q":{"0":[9.0515174866,9.2221641541,9.4142932892,9.6585502625,9.8910474777,10.1912918091,10.4397735596,9.5821733475,9.3467559814,8.6769399643,8.2257671356,7.7772378922,7.3185043335,6.9318003654,6.337808609,5.9175229073,5.207716465,4.7163949013,4.1659994125,3.7728972435,3.5286991596,3.2567026615,3.1498882771,3.0229284763,3.0975019932,3.4189853668,3.5844790936,3.6392259598,2.9272446632,2.8546190262,2.4355626106,1.8542281389,1.6429847479,0.7496587634]},"episodes_still_running":{"0":[4096.0,4096.0,4096.0,4096.0,4096.0,4096.0,4096.0,4096.0,4096.0,4096.0,4096.0,4096.0,4096.0,4096.0,4096.0,4096.0,4096.0,4096.0,4096.0,4092.0,4048.0,3944.0,3804.0,3524.0,3236.0,2604.0,2100.0,1544.0,956.0,500.0,208.0,52.0,16.0,8.0]},"step_range_q":{"0":[3.0709114075,3.1432614326,3.1895833015,3.3680996895,3.7975387573,4.5827870369,5.1687936783,5.946641922,8.2032718658,8.3408260345,9.1683082581,10.3293190002,12.9038829803,12.3796548843,12.9579601288,14.0069274902,12.9091434479,13.9214315414,14.7794771194,15.4637041092,15.7753620148,15.2278404236,15.3846683502,15.3255720139,13.1466064453,14.813375473,12.839799881,13.3846035004,12.9202508926,12.1391544342,11.3825235367,5.2906217575,4.02079916,2.1235408783]},"mean_loss:":{"0":1.4004483223},"rmse":{"0":1.1834053993},"step_rmse":{"0":[0.1826524138,0.1799622625,0.1969326884,0.2389923781,0.2122727782,0.201763019,0.2293450236,0.6057687998,0.7909603119,0.9086450338,1.153375268,1.3240423203,1.6688399315,1.7731251717,1.7355011702,1.6666482687,1.6103003025,1.4881187677,1.360016942,1.3031439781,1.2936446667,1.2858415842,1.2912935019,1.2978277206,1.2328050137,1.3963166475,1.4033052921,1.5555790663,1.6623346806,1.5097875595,2.0452055931,2.0577073097,1.8758451939,0.4372635484]},"rmse_by_q":{"0":17.7030525208},"step_rmse_by_q":{"0":[2.0179202557,1.9514102936,2.0918476582,2.4744124413,2.1461100578,1.9797589779,2.1968390942,6.3218312263,8.4624042511,10.4719524384,14.0214920044,17.0245819092,22.8030185699,25.5795783997,27.3833007812,28.1646289825,30.9214286804,31.5520401001,32.6456336975,34.5396118164,36.6606674194,39.482925415,40.9948959351,42.9327964783,39.7999725342,40.8400878906,39.1494903564,42.7447814941,56.7883720398,52.8892822266,83.972618103,110.9738006592,114.1730194092,58.3283424377]},"mean_error":{"0":0.7275295258},"step_mean_error":{"0":[0.1358957887,0.1325544864,0.1503259987,0.1743830442,0.1646314561,0.1583557725,0.1862977445,0.4795203507,0.6139290333,0.6706140041,0.8716036081,0.9576300383,1.1888865232,1.2328797579,1.2389845848,1.211345911,1.1461620331,1.0531387329,0.9287948608,0.8632177711,0.8353195786,0.8146701455,0.7880883813,0.8012865782,0.7876842618,0.9334949255,0.9823554754,1.1365664005,1.195243001,1.1497068405,1.6053154469,1.6315331459,1.2503182888,0.3918680549]},"mean_q_deviation":{"0":70.0096282959},"step_mean_q_deviation":{"0":[1.5969078541,1.5183186531,1.6797306538,1.9590742588,1.7234101295,1.59602952,1.8438929319,5.0240478516,6.5564212799,7.4817538261,10.3511419296,11.3708028793,14.9993534088,16.0936431885,19.1294174194,19.7558364868,21.4037761688,21.8808689117,27.7410144806,45.0876541138,52.6328811646,117.5519332886,78.5811233521,234.9037475586,120.1370010376,260.3947143555,249.4602661133,432.6567077637,1617.3825683594,1376.3107910156,1400.0682373047,500.9827575684,48.3582382202,98.8099060059]},"mean_range_deviation":{"0":3.4676589966},"step_mean_range_deviation":{"0":[4.3874182701,4.0685338974,4.6313514709,4.5477380753,4.2598905563,3.6380355358,3.8108799458,7.2930188179,6.8195142746,4.7652769089,6.9392352104,6.8165869713,6.9305353165,7.5606398582,7.5805916786,7.815135479,7.5878968239,7.5795583725,6.7206516266,6.4018940926,6.4294366837,6.2106018066,5.6535181999,4.012857914,6.2123661041,7.7797999382,7.6194219589,9.0901145935,10.6655330658,12.0997962952,16.0331764221,18.6998691559,32.20885849,15.6026039124]},"epoch":{"0":70},"mask_name":{"0":"ally_all"},"map_name":{"0":"5m_vs_6m"}}