{"max_q":{"0":18.2417221069},"min_q":{"0":-2.6534767151},"mean_q":{"0":12.3962240219},"range_q":{"0":20.895198822},"step_max_q":{"0":[16.678024292,16.9111003876,17.2347221375,17.7890453339,17.9568977356,18.2417221069,17.21916008,17.3080234528,16.5007667542,16.0948066711,16.0988044739,15.305141449,15.2473535538,14.0383167267,14.8187189102,12.8158531189,11.9280605316,11.8170576096,11.2084598541,10.7291879654,10.2950086594,9.7779502869,9.6908874512,10.5386104584,9.9064245224,10.5008621216,10.1377859116,8.2742767334,9.5968456268,8.3788805008,9.0754079819,6.5834269524,6.1139769554,6.9408297539,4.4099907875,1.1544976234,1.1127593517,0.0,0.0,0.0,0.0,0.0,0.0,0.0,0.0,0.0,0.0,0.0,0.0,0.0,0.0,0.0,0.0,0.0,0.0,0.0,0.0,0.0,0.0,0.0,0.0,0.0,0.0,0.0,0.0,0.0,0.0,0.0,0.0,0.0,0.0,0.0,0.0,0.0,0.0,0.0,0.0,0.0,0.0,0.0,0.0,0.0,0.0,0.0,0.0,0.0,0.0,0.0,0.0,0.0,0.0,0.0,0.0,0.0,0.0,0.0,0.0,0.0,0.0,0.0,0.0,0.0,0.0,0.0,0.0,0.0,0.0,0.0,0.0,0.0,0.0,0.0,0.0,0.0,0.0,0.0,0.0,0.0,0.0,0.0]},"step_min_q":{"0":[13.4841270447,13.9497375488,14.4933919907,14.3410015106,12.4716262817,15.1311798096,14.496515274,14.2495498657,13.5143079758,11.3616399765,9.6938028336,9.1394672394,8.5627555847,6.3954648972,7.0703554153,2.9063267708,2.3186442852,2.5547282696,1.1668169498,1.0237166882,-1.0919235945,-0.5671335459,-2.0211806297,-2.0542266369,-2.4017617702,-2.2819948196,-0.7903757095,-0.9998173714,-1.6429605484,-1.6425007582,-1.6760336161,-1.0725779533,-0.9223381877,-0.6762235165,-0.312577188,-0.2579593658,-0.1449391246,-0.1404889673,-0.2771065235,-0.4895788431,-0.8940697312,-0.773630619,-1.1642365456,-1.0464395285,-1.3414881229,-1.3188186884,-1.5093717575,-1.5871964693,-1.6593518257,-1.8331508636,-1.7795066833,-2.0387797356,-1.856107235,-2.2000823021,-1.8962657452,-2.3329987526,-1.9147963524,-2.4380972385,-1.9324262142,-2.5367801189,-1.9842630625,-2.6173753738,-1.6519157887,-2.6534767151,-1.5955312252,-2.6265461445,-1.5638856888,-2.6016552448,-1.5439758301,-2.5823976994,-1.5304592848,-2.5675530434,-1.520825386,-2.5560264587,-1.5137358904,-2.5470325947,-1.5084042549,-2.5399794579,-1.504322052,-2.5344302654,-1.5011510849,-2.5300474167,-1.4986552,-2.5265738964,-1.4966658354,-2.5238022804,-1.4950621128,-2.5215864182,-1.493751049,-2.5197994709,-1.4926711321,-2.5183544159,-1.4917705059,-2.5171775818,-1.491011858,-2.5162146091,-1.4903684855,-2.5154213905,-1.4898153543,-2.5147669315,-1.4893416166,-2.5142235756,-1.4889314175,-2.5137717724,-1.4885722399,-2.5133924484,-1.4882582426,-2.5130765438,-1.4879831076,-2.5128085613,-1.4877387285,-2.5125842094,-1.4875245094,-2.5123972893,-1.487334013,-2.512239933,-1.4871641397,-2.5121061802,-1.4870154858,-2.5119950771]},"step_mean_q":{"0":[16.4049797058,16.6571578979,16.9815502167,17.3613376617,17.4699668884,17.8171463013,16.5670509338,16.3115367889,15.5781517029,14.9172039032,14.4489192963,13.7498464584,13.2474784851,12.5050373077,11.9102649689,11.237695694,10.6116933823,9.9807796478,9.4488773346,8.8983774185,8.3473596573,7.8581943512,7.3189091682,6.9246320724,6.6078052521,6.3356804848,6.0925145149,5.6652545929,5.2758560181,4.7106208801,4.2714729309,3.1011533737,2.801081419,3.0804047585,2.3491675854,0.4482691288,0.4839101136,-0.1404889673,-0.2771065235,-0.4895788431,-0.8940697312,-0.773630619,-1.1642365456,-1.0464395285,-1.3414881229,-1.3188186884,-1.5093717575,-1.5871964693,-1.6593518257,-1.8331508636,-1.7795066833,-2.0387797356,-1.856107235,-2.2000823021,-1.8962657452,-2.3329987526,-1.9147963524,-2.4380972385,-1.9324262142,-2.5367801189,-1.9842630625,-2.6173753738,-1.6519157887,-2.6534767151,-1.5955312252,-2.6265461445,-1.5638856888,-2.6016552448,-1.5439758301,-2.5823976994,-1.5304592848,-2.5675530434,-1.520825386,-2.5560264587,-1.5137358904,-2.5470325947,-1.5084042549,-2.5399794579,-1.504322052,-2.5344302654,-1.5011510849,-2.5300474167,-1.4986552,-2.5265738964,-1.4966658354,-2.5238022804,-1.4950621128,-2.5215864182,-1.493751049,-2.5197994709,-1.4926711321,-2.5183544159,-1.4917705059,-2.5171775818,-1.491011858,-2.5162146091,-1.4903684855,-2.5154213905,-1.4898153543,-2.5147669315,-1.4893416166,-2.5142235756,-1.4889314175,-2.5137717724,-1.4885722399,-2.5133924484,-1.4882582426,-2.5130765438,-1.4879831076,-2.5128085613,-1.4877387285,-2.5125842094,-1.4875245094,-2.5123972893,-1.487334013,-2.512239933,-1.4871641397,-2.5121061802,-1.4870154858,-2.5119950771]},"episodes_still_running":{"0":[4096.0,4096.0,4096.0,4096.0,4096.0,4096.0,4096.0,4096.0,4096.0,4096.0,4096.0,4096.0,4096.0,4096.0,4096.0,4096.0,4096.0,4096.0,4096.0,4096.0,4096.0,4096.0,4092.0,3948.0,3280.0,2432.0,1432.0,848.0,488.0,288.0,168.0,88.0,56.0,44.0,24.0,8.0,8.0,4.0,4.0,4.0,4.0,4.0,4.0,4.0,4.0,4.0,4.0,4.0,4.0,4.0,4.0,4.0,4.0,4.0,4.0,4.0,4.0,4.0,4.0,4.0,4.0,4.0,4.0,4.0,4.0,4.0,4.0,4.0,4.0,4.0,4.0,4.0,4.0,4.0,4.0,4.0,4.0,4.0,4.0,4.0,4.0,4.0,4.0,4.0,4.0,4.0,4.0,4.0,4.0,4.0,4.0,4.0,4.0,4.0,4.0,4.0,4.0,4.0,4.0,4.0,4.0,4.0,4.0,4.0,4.0,4.0,4.0,4.0,4.0,4.0,4.0,4.0,4.0,4.0,4.0,4.0,4.0,4.0,4.0,4.0]},"step_range_q":{"0":[3.1938972473,2.9613628387,2.7413301468,3.4480438232,5.4852714539,3.1105422974,2.7226448059,3.058473587,2.9864587784,4.7331666946,6.4050016403,6.1656742096,6.6845979691,7.6428518295,7.7483634949,9.909526825,9.609416008,9.2623291016,10.0416431427,9.7054710388,11.386932373,10.3450841904,11.7120685577,12.5928373337,12.3081865311,12.7828569412,10.9281616211,9.2740936279,11.2398061752,10.0213813782,10.7514419556,7.6560049057,7.0363149643,7.6170530319,4.7225680351,1.4124569893,1.2576985359,0.1404889673,0.2771065235,0.4895788431,0.8940697312,0.773630619,1.1642365456,1.0464395285,1.3414881229,1.3188186884,1.5093717575,1.5871964693,1.6593518257,1.8331508636,1.7795066833,2.0387797356,1.856107235,2.2000823021,1.8962657452,2.3329987526,1.9147963524,2.4380972385,1.9324262142,2.5367801189,1.9842630625,2.6173753738,1.6519157887,2.6534767151,1.5955312252,2.6265461445,1.5638856888,2.6016552448,1.5439758301,2.5823976994,1.5304592848,2.5675530434,1.520825386,2.5560264587,1.5137358904,2.5470325947,1.5084042549,2.5399794579,1.504322052,2.5344302654,1.5011510849,2.5300474167,1.4986552,2.5265738964,1.4966658354,2.5238022804,1.4950621128,2.5215864182,1.493751049,2.5197994709,1.4926711321,2.5183544159,1.4917705059,2.5171775818,1.491011858,2.5162146091,1.4903684855,2.5154213905,1.4898153543,2.5147669315,1.4893416166,2.5142235756,1.4889314175,2.5137717724,1.4885722399,2.5133924484,1.4882582426,2.5130765438,1.4879831076,2.5128085613,1.4877387285,2.5125842094,1.4875245094,2.5123972893,1.487334013,2.512239933,1.4871641397,2.5121061802,1.4870154858,2.5119950771]},"mean_loss:":{"0":0.2877503335},"rmse":{"0":0.5364236236},