{"max_q":{"0":26.4671783447},"min_q":{"0":-1.1360467672},"mean_q":{"0":8.6062021255},"range_q":{"0":27.603225708},"step_max_q":{"0":[26.4671783447,24.7106933594,23.3890590668,23.2794322968,23.8647766113,24.1742267609,24.3141098022,24.7294712067,24.5649909973,24.3340950012,24.8042583466,25.0343856812,24.7056846619,24.4633655548,24.7733535767,23.7565841675,23.1460971832,22.9951477051,22.5430965424,21.8421726227,21.0170116425,20.5218238831,19.3055496216,18.88671875,18.34724617,18.1137466431,17.9182510376,17.3412246704,17.2608356476,17.0153179169,16.5181655884,16.0944881439,15.6867771149,15.3152236938,15.2456874847,15.1268424988,14.6762523651,14.503698349,14.0974979401,13.268245697,13.2316894531,12.9474973679,12.2455825806,11.9060201645,12.2626552582,10.8212862015,10.4186496735,10.1911678314,10.0663805008,10.0555877686,10.4278774261,10.1981773376,9.4510536194,9.1200656891,9.153924942,8.7512397766,8.4560585022,8.4549722672,8.4687957764,8.2542028427,8.2140159607,8.0615415573,8.3986167908,8.2169103622,8.2089128494,8.0787420273,7.9454126358,7.9371833801,7.4242568016,7.4136948586,7.1951589584,7.2432661057,7.2076358795,7.5642786026,7.3356676102,7.0366110802,6.7615680695,6.6400575638,6.6404733658,6.4255070686,6.3686771393,6.3438262939,6.0448784828,5.7978935242,6.0536670685,6.1485519409,6.2921404839,6.3662614822,6.285964489,6.4029884338,6.0225367546,6.299118042,5.9624009132,5.8806872368,5.6414446831,5.1068534851,5.6496858597,5.1600904465,4.6809601784,5.2359127998,4.6702451706,4.6901397705,4.1364183426,4.5761833191,4.5800123215,4.6772236824,4.4593992233,4.4381694794,4.4606513977,4.3277773857,4.2498216629,4.3726882935,4.4142298698,4.2177805901,4.0096254349,3.8573005199,3.8584489822,3.8331842422,3.8760142326,1.5688874722,1.5537233353,1.5398985147,1.0053254366,0.9689415693,0.9479529262,0.5324815512,0.4942468107,0.4566871226,0.2081651688,0.0,0.0079139471,0.0339782238,0.0748777986,0.1126574874,0.149415791,0.2127104998,0.0,0.0,0.0,0.0,0.0,0.0,0.2693385482]},"step_min_q":{"0":[9.6270065308,9.7968578339,9.3318624496,8.3376111984,7.9675869942,6.8826851845,6.1692485809,6.2016310692,5.2926502228,4.7538762093,4.2750463486,4.8183202744,4.0464248657,3.828291893,3.703660965,0.0,0.0,0.0,0.0,0.0,0.0,0.0,0.0,0.0,0.0,0.0,0.0,0.0,0.0,0.0,0.0,-0.1237521172,-0.1511127949,-0.4841222763,-0.2959026098,-0.3648748398,-0.5194838047,-0.5076932907,-0.5541559458,-0.3262994289,-0.3893891573,-0.8163613081,-0.8281846046,-0.5758247375,-0.7710418701,-0.6988601685,-0.8928163052,-1.1360467672,-0.7902083397,-0.6055744886,-0.8386336565,-0.8952772617,-0.549012661,-0.6996884346,-0.6621177197,-0.5342475176,-0.5302684307,-0.5738216639,-0.6019091606,-1.0606228113,-0.7021180391,-0.5350846052,-0.3528677225,-0.3737194538,-0.5505852699,-0.7776479721,-0.5582568645,-0.6132935286,-0.6229132414,-0.5506907701,-0.5128406286,-0.4679929018,-0.4270669222,-0.5948039293,-0.424435854,-0.4234423041,-0.4240992069,-0.3746595383,-0.4175795317,-0.3505761623,-0.2428662777,-0.2796537876,-0.2795461416,-0.2983623743,-0.3338879347,-0.2897628546,-0.2026827931,-0.1785593629,-0.1269780993,-0.1299858689,-0.0735166073,-0.2992238998,-0.3766236305,-0.4340634346,-0.495578289,-0.6714240313,-0.2193101645,-0.0071748495,-0.2877520323,-0.495374918,-0.5284487009,-0.6208108068,-0.0551711917,0.0,0.0,0.0,0.0,0.0,0.0,0.0,0.0,0.0,0.0,0.0,0.0,0.0,0.0,0.0,0.0,0.0,0.0,0.0,0.0,0.0,0.0,0.0,0.0,0.0,0.0,-0.1664142609,0.0,0.0,0.0,0.0,0.0,0.0,-0.0820475221,-0.1146783829,-0.1323039532,-0.1423454881,-0.1619435549,-0.0581570864,0.0]},"step_mean_q":{"0":[14.1386299133,14.2366085052,14.210735321,14.2959156036,14.3706197739,14.3323192596,14.2634620667,14.2052984238,14.0880012512,13.9523220062,13.7687950134,13.5591125488,13.3608484268,13.1260814667,12.8440895081,12.5846214294,12.3330488205,12.035908699,11.7420330048,11.4628305435,11.1650524139,10.8637990952,10.5786800385,10.2940387726,10.0057172775,9.7265720367,9.4462251663,9.1811161041,8.9321737289,8.6607246399,8.4106435776,8.1879081726,7.9482150078,7.7001128197,7.4864444733,7.2694711685,7.0484476089,6.8471851349,6.636059761,6.4500207901,6.2496366501,6.0600709915,5.8824300766,5.7147407532,5.544819355,5.3900156021,5.2466430664,5.1046981812,4.9622116089,4.8347773552,4.7257657051,4.6258282661,4.5101647377,4.4045972824,4.3018536568,4.2126727104,4.1236920357,4.0264954567,3.9490749836,3.8729770184,3.8072140217,3.7217142582,3.6549386978,3.6074419022,3.515532732,3.4866936207,3.4129488468,3.3680696487,3.2695794106,3.224268198,3.1538691521,3.1147119999,3.04971385,2.9877388477,2.9248540401,2.8847990036,2.8403275013,2.7977147102,2.7596268654,2.7749471664,2.7863428593,2.7520728111,2.7781329155,2.7767739296,2.707100153,2.7149786949,2.8021514416,2.7876966,2.7516508102,2.6615407467,2.4164602757,2.4152774811,2.3903980255,2.1688952446,2.1426537037,2.0870633125,2.2179586887,2.0676429272,2.052396059,1.8628063202,1.8682901859,2.0992991924,2.1071736813,2.1206047535,2.323153019,2.4395844936,2.3287558556,2.3237099648,2.3232722282,2.2858734131,2.2504131794,2.4665868282,2.1901614666,2.0827708244,2.5565571785,2.6822865009,2.478499651,2.4427540302,2.9810175896,1.5688874722,1.5537233353,1.5398985147,1.0053254366,0.9689415693,0.9479529262,0.5324815512,0.4942468107,0.4566871226,0.2081651688,-0.1664142609,0.0079139471,0.0339782238,0.0748777986,0.1126574874,0.149415791,0.2127104998,-0.0820475221,-0.1146783829,-0.1323039532,-0.1423454881,-0.1619435549,-0.0581570864,0.2693385482]},"episodes_still_running":{"0":[4096.0,4096.0,4096.0,4096.0,4096.0,4096.0,4096.0,4096.0,4096.0,4096.0,4096.0,4096.0,4096.0,4096.0,4096.0,4095.0,4095.0,4095.0,4095.0,4095.0,4095.0,4095.0,4095.0,4095.0,4095.0,4095.0,4095.0,4095.0,4095.0,4095.0,4095.0,4095.0,4094.0,4094.0,4093.0,4088.0,4084.0,4079.0,4072.0,4061.0,4048.0,4032.0,4017.0,4001.0,3978.0,3952.0,3916.0,3866.0,3815.0,3758.0,3676.0,3594.0,3505.0,3401.0,3304.0,3185.0,3054.0,2923.0,2777.0,2600.0,2442.0,2285.0,2091.0,1928.0,1773.0,1637.0,1502.0,1391.0,1250.0,1139.0,1036.0,931.0,845.0,758.0,667.0,597.0,522.0,460.0,407.0,361.0,312.0,271.0,234.0,205.0,178.0,150.0,129.0,111.0,97.0,87.0,75.0,68.0,64.0,54.0,48.0,41.0,33.0,29.0,24.0,22.0,19.0,17.0,16.0,14.0,13.0,12.0,10.0,10.0,8.0,8.0,8.0,7.0,6.0,6.0,3.0,3.0,3.0,3.0,2.0,1.0,1.0,1.0,1.0,1.0,1.0,1.0,1.0,1.0,1.0,1.0,1.0,1.0,1.0,1.0,1.0,1.0,1.0,1.0,1.0,1.0,1.0,1.0,1.0]},