{"max_q":{"0":16.2374973297},"min_q":{"0":-0.7752571106},"mean_q":{"0":9.6762132645},"range_q":{"0":17.0127544403},"step_max_q":{"0":[14.7578020096,15.0333576202,15.3631134033,15.5061845779,16.0557899475,16.2374973297,16.0474224091,15.6759061813,15.3279514313,14.89478302,14.6442785263,14.2795619965,13.9706687927,13.6738605499,13.2946920395,13.0388879776,12.6186790466,12.4156064987,12.3383159637,11.924164772,11.9266767502,11.4083375931,10.8373670578,10.6768512726,10.1840801239,10.048869133,9.6956338882,9.5041370392,9.2541208267,8.9070568085,8.6268920898,8.3763055801,8.431347847,8.1050834656,7.8600263596,7.7895541191,7.4434533119,7.2863659859,7.2143549919,7.0193343163,6.8429851532,6.817155838,6.7369508743,6.4286913872,6.282523632,6.2613768578,6.091943264,5.9798817635,5.8264312744,5.7676510811,5.7204289436,5.6421957016,5.6039495468,5.7052574158,5.492711544,5.3630552292,5.3181834221,5.2671394348,5.1797223091,5.0796813965,4.900539875,4.8630142212,4.8178262711,4.6524510384,4.6107959747,4.5387363434,4.4869365692,4.3796634674,4.3736653328,4.4179692268,4.3605184555,4.4769005775,4.188680172,4.1527638435,4.274245739,4.3386592865,4.0474939346,4.0673446655,4.1315488815,4.171505928,4.1767101288,4.1827001572,4.1916928291,4.2212166786,4.2964601517,4.3734111786,4.3670201302,3.5367450714,3.5032770634,3.5948500633,3.6159696579,3.5282325745,3.5507011414,3.5302598476,3.4777936935]},"step_min_q":{"0":[14.6532125473,14.5768632889,14.9979333878,14.7595748901,14.900343895,14.8893871307,14.1718769073,14.1740655899,13.8029680252,13.3290691376,12.9420623779,12.3404579163,12.2715291977,12.1780538559,10.9381628036,10.5525569916,8.8338880539,9.34100914,9.0442724228,8.9237766266,8.7209739685,7.3663315773,6.6157226562,5.3748893738,4.8980326653,4.1791682243,3.411416769,2.2055485249,0.5802778006,0.9948064089,0.8089139462,0.9724949598,1.227234602,1.4012730122,1.447073102,1.0662727356,0.0,0.0,0.0,0.0,-0.2882671654,-0.3177643716,-0.3528847396,0.0,0.0,0.0,0.0,0.0,0.0,-0.0754605383,-0.244974345,-0.3927005231,0.0,-0.6498830318,-0.7752571106,-0.6179590225,-0.5886609554,0.0,0.0,0.0,0.0,0.0,0.0,0.0,0.0,0.0,0.0,0.0,0.0,0.0,0.0,0.0,0.0,0.0,0.0,0.0,0.0,0.0,0.0,0.0,0.0,0.0,0.0,0.0,0.0,0.0,0.0,0.0,0.0,0.0,0.0,0.0,0.0,0.0,0.0]},"step_mean_q":{"0":[14.750038147,14.9994754791,15.218047142,15.46144104,15.6560173035,15.7444648743,15.4700803757,15.1659994125,14.8226718903,14.4643831253,14.1534233093,13.8303060532,13.4815855026,13.13123703,12.7768230438,12.4126024246,12.0243425369,11.6525411606,11.2590579987,10.8841638565,10.5123786926,10.1655826569,9.8470172882,9.5387458801,9.2244997025,8.9386901855,8.652970314,8.3702468872,8.1099567413,7.8557720184,7.5829610825,7.3303785324,7.0715932846,6.8081121445,6.5508966446,6.2975111008,6.0352544785,5.8040614128,5.5751609802,5.3512034416,5.1453046799,4.9696927071,4.8343601227,4.7254528999,4.6095452309,4.5216970444,4.4595751762,4.3877072334,4.3194990158,4.2739701271,4.2202892303,4.1603322029,4.1257996559,4.0606327057,3.9929256439,3.9458389282,3.8883144855,3.8935542107,3.8226172924,3.70707798,3.6858377457,3.6161193848,3.5753850937,3.5503540039,3.5036101341,3.3971948624,3.295522213,3.1576852798,3.1494545937,3.177097559,3.0340983868,3.0690560341,2.8564124107,3.0371718407,3.3991558552,3.369024992,3.3541936874,3.4335715771,3.4323709011,3.3360595703,3.3492567539,3.3743741512,3.2765815258,3.3511641026,3.389190197,3.3245840073,3.4067242146,2.7448709011,2.7345759869,2.7843902111,2.7969005108,2.7532715797,2.7633824348,3.5302598476,3.4777936935]},"episodes_still_running":{"0":[4096.0,4096.0,4096.0,4096.0,4096.0,4096.0,4096.0,4096.0,4096.0,4096.0,4096.0,4096.0,4096.0,4096.0,4096.0,4096.0,4096.0,4096.0,4096.0,4096.0,4096.0,4096.0,4096.0,4096.0,4096.0,4096.0,4096.0,4096.0,4096.0,4096.0,4096.0,4096.0,4096.0,4096.0,4096.0,4096.0,4080.0,4076.0,4044.0,4016.0,3916.0,3764.0,3472.0,3196.0,2924.0,2592.0,2252.0,1940.0,1712.0,1412.0,1224.0,1072.0,908.0,780.0,680.0,596.0,548.0,464.0,388.0,340.0,300.0,248.0,240.0,216.0,176.0,144.0,136.0,120.0,104.0,84.0,76.0,56.0,52.0,40.0,32.0,28.0,16.0,16.0,16.0,16.0,16.0,16.0,16.0,16.0,16.0,16.0,16.0,8.0,8.0,8.0,8.0,8.0,8.0,4.0,4.0]},"step_range_q":{"0":[0.1045894623,0.4564943314,0.3651800156,0.7466096878,1.1554460526,1.348110199,1.8755455017,1.5018405914,1.5249834061,1.5657138824,1.7022161484,1.9391040802,1.699139595,1.495806694,2.3565292358,2.486330986,3.7847909927,3.0745973587,3.294043541,3.0003881454,3.2057027817,4.0420060158,4.2216444016,5.3019618988,5.2860474586,5.8697009087,6.2842168808,7.2985887527,8.6738433838,7.9122505188,7.8179779053,7.4038105011,7.2041130066,6.7038106918,6.4129533768,6.7232813835,7.4434533119,7.2863659859,7.2143549919,7.0193343163,7.1312522888,7.1349201202,7.0898356438,6.4286913872,6.282523632,6.2613768578,6.091943264,5.9798817635,5.8264312744,5.843111515,5.96540308,6.0348963737,5.6039495468,6.355140686,6.2679686546,5.9810142517,5.9068441391,5.2671394348,5.1797223091,5.0796813965,4.900539875,4.8630142212,4.8178262711,4.6524510384,4.6107959747,4.5387363434,4.4869365692,4.3796634674,4.3736653328,4.4179692268,4.3605184555,4.4769005775,4.188680172,4.1527638435,4.274245739,4.3386592865,4.0474939346,4.0673446655,4.1315488815,4.171505928,4.1767101288,4.1827001572,4.1916928291,4.2212166786,4.2964601517,4.3734111786,4.3670201302,3.5367450714,3.5032770634,3.5948500633,3.6159696579,3.5282325745,3.5507011414,3.5302598476,3.4777936935]},"mean_loss:":{"0":0.3181299269},"rmse":{"0":0.5640300512},"step_rmse":{"0":[0.4050934315,0.3907063901,0.3984900415,0.3586305976,0.3529054523,0.3721046448,0.3949295282,0.334369421,0.3284202814,0.3570337594,0.3683301806,0.3977605999,0.3631159663,0.3648448288,0.3705380857,0.3702095747,0.3786717057,0.3945820034,0.4455766678,0.4604696333,0.4511228204,0.4481238723,0.4550222158,0.4650243223,0.5155841708,0.5273332,0.5509952307,0.5758891702,0.5703037977,0.6106196642,0.6398027539,0.642524004,0.6681672335,0.6742489338,0.6753872037,0.6734864116,0.6800076365,0.6838700175,0.6771605015,0.6940650344,0.6566862464,0.6813205481,0.6931750178,0.6992217898,0.728544116,0.7163436413,0.7387779355,0.7585178614,0.7709970474,0.8327448964,0.8482932448,0.8679337502,0.8497840166,0.8909361959,0.9579370022,1.0049704313,0.9926605821,0.9529337883,0.9902023077,1.033834219,1.0242900848,0.9733440876,0.986913085,1.0041620731,1.1312607527,1.202376008,1.2764856815,1.342487812,1.1308993101,0.8913770914,0.9848411679,0.8814453483,0.9240537882,0.8039218783,0.6492971778,0.7228646278,0.6035545468,0.7508117557,0.9051240087,0.790430963,0.9750291705,0.9874628186,0.8564171791,1.0199480057,1.1058906317,0.9971982837,1.1758378744,1.1402298212,1.103158474,1.0828467607,1.1811879873,1.1998751163,1.1843922138,0.0482001305,0.0377464294]},"rmse_by_q":{"0":5.8290371895},"step_rmse_by_q":{"0":[2.7463891506,2.6048002243,2.6185359955,2.3195159435,2.2541203499,2.363399744,2.55286026,2.2047305107,2.2156617641,2.468364954,2.6024105549,2.8760070801,2.6934218407,2.7784497738,2.9000799656,2.9825298786,3.1492092609,3.3862314224,3.9574952126,4.230638504,4.2913484573,4.4082460403,4.6209139824,4.8751096725,5.5892915726,5.8994460106,6.3677005768,6.8801932335,7.032143116,7.7728791237,8.4373731613,8.7652225494,9.4486093521,9.9036102295,10.309844017,10.6944847107,11.2672567368,11.7826118469,12.1460256577,12.9702615738,12.7628250122,13.7095108032,14.3385066986,14.7969264984,15.8051195145,15.8423633575,16.5661048889,17.2873401642,17.8492240906,19.4841079712,20.100358963,20.8621253967,20.5968322754,21.940820694,23.9908542633,25.4691181183,25.5293273926,24.4746513367,25.9037799835,27.8881168365,27.7898845673,26.9168128967,27.6029891968,28.2834358215,32.288433075,35.3932037354,38.7339401245,42.5149345398,35.9077835083,28.0563316345,32.4591026306,28.7204055786,32.350151062,26.4694252014,19.1017189026,21.4561977386,17.9940280914,21.8667869568,26.3702278137,23.6935520172,29.1118087769,29.2635822296,26.1375217438,30.435634613,32.6299362183,29.9946784973,34.5152053833,41.5403823853,40.3411140442,38.8899040222,42.2320327759,43.5799789429,42.8602371216,1.3653422594,1.0853556395]},