{"max_q":{"0":24.4636001587},"min_q":{"0":-0.8055500984},"mean_q":{"0":6.7691636086},"range_q":{"0":25.2691497803},"step_max_q":{"0":[24.4636001587,23.2742996216,23.8925819397,23.9522533417,23.9689598083,23.6317386627,24.1668777466,23.6523303986,23.5364761353,22.7166633606,22.7306137085,23.4335956573,22.540769577,22.6086215973,23.04986763,23.5957794189,23.1430873871,22.7524147034,22.5236701965,21.9911231995,20.9496688843,20.8069458008,20.5897750854,19.8720302582,19.7976760864,19.9093799591,18.706287384,18.6678390503,18.2191314697,17.6651554108,16.3365325928,16.2148132324,15.8394556046,15.9032993317,15.3359222412,14.6248989105,14.5038776398,14.3229656219,13.835568428,13.8417243958,12.991399765,12.6262426376,12.6479854584,12.1761627197,11.7351617813,11.7887859344,11.9431858063,11.3200769424,11.387544632,11.2318849564,10.5896759033,10.6654281616,11.3207302094,10.7127456665,10.7808532715,10.2507038116,10.0138177872,9.6453676224,9.1508817673,8.662604332,8.3285799026,8.5559949875,8.6483812332,8.4749937057,8.0174827576,8.1117706299,8.287232399,8.1383810043,8.337179184,8.3529224396,7.752828598,7.9468345642,7.9922132492,8.0451030731,7.5217900276,7.5422182083,7.4236469269,7.7283649445,7.200512886,7.1167259216,7.1444511414,7.3732414246,6.8657569885,6.8330926895,6.7472229004,7.1420030594,7.2603573799,7.2188076973,7.1082029343,7.0964722633,6.6595344543,6.7120008469,6.7070102692,6.6893720627,6.7050981522,6.876306057,6.6215200424,6.6804790497,6.5975189209,6.695098877,6.5094308853,6.2172803879,6.4615359306,6.1808900833,5.8679666519,5.9449062347,5.8977775574,5.6778841019,5.5738267899,5.5375623703,5.3762674332,5.2407016754,5.332780838,5.0559983253,5.2347779274,5.2407388687,5.2156195641,5.1946768761,5.1214213371,4.8415360451,5.0164418221,4.860973835,4.8083343506,4.6979064941,4.6145801544,4.2706108093,4.1751146317,4.6435537338,4.7437448502,4.6092529297,4.7404298782,4.6243648529,4.4506640434,4.5525598526,4.3458790779,4.3948378563,4.4410190582,4.4535775185,4.125207901,4.3374290466,4.223947525,3.9438695908,4.1827130318,4.0756163597,3.816028595,4.014901638,3.9190044403,3.5287132263,1.9767705202,1.753790617,1.9495317936,1.6843299866,1.4040168524,1.3767299652,1.2763233185,1.0174744129,1.0632505417]},"step_min_q":{"0":[4.7445425987,5.0790882111,5.4261207581,5.3402433395,5.3870296478,5.292257309,5.0088806152,4.7529959679,4.6459803581,4.1478533745,4.2803134918,3.8965063095,0.0,0.0,0.0,0.0,0.0,0.0,0.0,0.0,0.0,0.0,0.0,0.0,0.0,0.0,0.0,0.0,0.0,0.0,0.0,0.0,0.0,0.0,-0.0197193623,-0.130231142,-0.2654345036,-0.1324834824,-0.1934533119,-0.3866596222,-0.2929992676,-0.3736057281,-0.2455842495,-0.2601377964,-0.2714161873,-0.3034353256,-0.5694854259,-0.3253502846,-0.350338459,-0.4938344955,-0.4885752201,-0.5122594833,-0.5291769505,-0.3901987076,-0.5602574348,-0.5000464916,-0.4231138229,-0.5351026058,-0.5010378361,-0.4773991108,-0.5710625648,-0.6433970928,-0.7131550312,-0.8055500984,-0.565766573,-0.4764492512,-0.5208497047,-0.6653103828,-0.646749258,-0.4551649094,-0.5052614212,-0.4237811565,-0.6528921127,-0.4685242176,-0.5370938778,-0.6315312386,-0.5473241806,-0.3949193954,-0.3601698875,-0.3457655907,-0.2777070999,-0.4201455116,-0.6796371937,-0.2001006603,-0.3616058826,-0.2689942122,-0.2403552532,-0.5504932404,-0.3134281635,-0.389362812,-0.5199971199,-0.2682099342,-0.3868148327,-0.2733631134,-0.2279193401,-0.2577928305,-0.2567815781,-0.5252332687,-0.2863025665,-0.3947613239,-0.782762289,-0.2664308548,-0.281037569,-0.2502605915,-0.2671579123,-0.4486358166,-0.2490334511,-0.1265597343,-0.0807476044,-0.1787359715,-0.1822297573,-0.2460336685,-0.2676260471,-0.3370239735,-0.5121831894,-0.5616943836,-0.2516210079,-0.2625021935,-0.1532123089,0.0,-0.0186349154,0.0,0.0,-0.0824484825,0.0,-0.1284694672,-0.0793430805,-0.0599238873,-0.2522203922,0.0,-0.234061718,-0.0999941826,0.0,0.0,0.0,0.0,0.0,-0.0340549946,-0.0876398087,-0.1017394066,0.0,0.0,0.0,0.0,0.0,-0.0706648827,0.0,0.0,0.0,0.0,-0.0481553078,-0.3558149338,-0.4268882275,-0.100123167,0.0,0.0,0.0]},"step_mean_q":{"0":[11.7691383362,11.8420276642,11.8526506424,11.9187450409,11.9427585602,11.949221611,11.8919706345,11.8834266663,11.8196296692,11.7429628372,11.6250886917,11.5075397491,11.3729476929,11.2200708389,11.030462265,10.8517436981,10.6618537903,10.4201917648,10.1877794266,9.9531440735,9.7168235779,9.4396877289,9.175195694,8.9014377594,8.632932663,8.3283977509,8.0381393433,7.7569150925,7.4751749039,7.1819205284,6.9083957672,6.6420235634,6.3734297752,6.1133766174,5.8538537025,5.6141328812,5.3714661598,5.1476340294,4.917552948,4.6935424805,4.4826302528,4.2838740349,4.0851073265,3.8883211613,3.71941185,3.5492706299,3.4176836014,3.2823462486,3.1666498184,3.0437016487,2.9494657516,2.861279726,2.7761628628,2.7064676285,2.6532073021,2.6106493473,2.5509133339,2.5160758495,2.4727189541,2.4487242699,2.4122357368,2.3927128315,2.3752458096,2.3405272961,2.3212485313,2.2711262703,2.2653284073,2.2588028908,2.2207589149,2.2191326618,2.1796560287,2.1692740917,2.1756978035,2.1651477814,2.1912970543,2.2097404003,2.2003736496,2.190656662,2.1952843666,2.1323795319,2.0938997269,2.0699677467,1.9918059111,2.018433094,2.0261750221,2.0277793407,1.9759696722,1.9619702101,1.9534332752,1.9455413818,2.0269842148,2.0616557598,2.0249044895,2.034924984,2.0501377583,2.0511677265,2.0648829937,2.0694835186,2.079706192,2.12063694,2.0709946156,2.0074050426,2.0737557411,2.0883228779,2.096777916,2.1319563389,2.1711790562,2.1669020653,2.1216673851,2.083681345,1.892539382,1.920673728,2.0108373165,1.9733581543,1.9102855921,1.8893010616,1.9159950018,1.9814497232,2.0157728195,1.97732687,2.0463831425,2.0287752151,1.9835259914,1.9814072847,1.7609540224,1.6962082386,1.588786006,1.6625452042,1.5065324306,1.5669662952,1.4640007019,1.4406205416,1.6586521864,1.6676906347,1.608377099,1.6385023594,1.4699355364,1.4139492512,1.5879187584,1.6122345924,1.700406909,1.6920349598,1.8548884392,1.8215459585,1.9363968372,1.8663421869,2.3287067413,2.0028545856,1.0020751953,0.9913369417,0.9506882429,0.6642575264,0.4885643125,0.6383033991,1.2763233185,1.0174744129,1.0632505417]},"episodes_still_running":{"0":[4096.0,4096.0,4096.0,4096.0,4096.0,4096.0,4096.0,4096.0,4096.0,4096.0,4096.0,4096.0,4095.0,4095.0,4095.0,4095.0,4095.0,4094.0,4094.0,4094.0,4094.0,4094.0,4094.0,4094.0,4094.0,4094.0,4094.0,4094.0,4094.0,4094.0,4094.0,4094.0,4094.0,4094.0,4094.0,4094.0,4092.0,4089.0,4088.0,4086.0,4079.0,4065.0,4060.0,4048.0,4019.0,3997.0,3953.0,3904.0,3841.0,3776.0,3687.0,3585.0,3486.0,3374.0,3234.0,3095.0,2959.0,2812.0,2661.0,2518.0,2382.0,2234.0,2100.0,1963.0,1832.0,1710.0,1575.0,1460.0,1359.0,1270.0,1165.0,1075.0,997.0,927.0,843.0,778.0,717.0,665.0,618.0,586.0,547.0,501.0,475.0,435.0,401.0,368.0,342.0,326.0,296.0,277.0,254.0,237.0,222.0,212.0,194.0,183.0,170.0,161.0,153.0,142.0,131.0,122.0,115.0,106.0,98.0,94.0,83.0,79.0,72.0,70.0,66.0,63.0,58.0,52.0,50.0,45.0,43.0,41.0,36.0,33.0,31.0,27.0,25.0,25.0,22.0,22.0,22.0,19.0,18.0,14.0,14.0,14.0,12.0,12.0,10.0,10.0,10.0,10.0,9.0,8.0,7.0,7.0,6.0,6.0,5.0,5.0,4.0,3.0,2.0,2.0,2.0,2.0,2.0,2.0,1.0,1.0,1.0]},