{"max_q":{"0":26.7849140167},"min_q":{"0":-1.113468647},"mean_q":{"0":5.2457170486},"range_q":{"0":27.8983821869},"step_max_q":{"0":[18.7787303925,20.0956382751,19.8082122803,20.9591293335,23.1687965393,19.1822795868,19.2755222321,20.7271175385,20.5158081055,19.8264789581,19.3499488831,19.6260623932,18.7167358398,21.3478069305,22.8580780029,21.1864299774,18.9162807465,19.8579216003,18.2635307312,19.6514148712,21.5998535156,18.7689857483,19.26171875,19.6861763,20.9978313446,26.7849140167,26.5156955719,25.0852298737,22.4918613434,18.2716293335,18.4280261993,19.2431678772,17.5184860229,18.0645332336,18.8841075897,15.7480745316,14.6727895737,14.6858062744,13.285902977,14.0534944534,12.4087228775,11.6362295151,13.5197868347,10.6630020142,10.2430286407,9.6832094193,10.4811172485,10.2449932098,8.0412368774,8.8125705719,8.9563903809,7.9974899292,8.0370454788,7.7946805954,7.7873072624,9.2121572495,8.1150188446,9.9425868988,9.7040929794,9.90924263,6.7515802383,6.5563549995,6.6646971703,7.194814682,6.3453097343,6.1149482727,6.0412044525,7.7192773819,7.8852028847,6.2681932449,5.9524302483,7.6780667305,7.828127861,4.7636928558,4.8825888634,4.9979810715,5.1129517555,5.2326426506,5.3297963142,5.6369533539,4.0061907768,4.1881251335,4.240755558,4.6689925194,5.0113921165,5.2712497711,6.1002893448,6.7765803337,6.3170394897,0.4371570945,0.5856361389,0.3581849337,0.4456540644,0.2566677034,0.2903244495,0.2166029513,0.0,0.0]},"step_min_q":{"0":[1.852238059,1.7595273256,0.0,-0.1772817373,0.0,-0.0053330436,-0.0679028779,-0.1930726916,-0.0822440982,-0.1371642649,-0.1102047935,-0.1002388597,-0.3155357242,-0.2627874315,-0.2952630222,-0.4576605856,-0.4038800597,-0.4088051319,-0.414177388,-0.4187576473,-0.420232147,-0.6529114246,-0.6408149004,-0.6324000955,-0.6236602664,-0.6144177318,-0.6038411856,-0.5922476649,-0.5750374198,-0.6509178877,-0.5532127619,-0.6050413847,-0.6309126616,-0.6449719071,-0.701205492,-0.6359823942,-0.6463563442,-0.7518662214,-0.6445373297,-0.6434230804,-0.5337062478,-0.6303675771,-0.6636236906,-0.5251721144,-0.5476073623,-0.7917231321,-0.5615139008,-0.5272522569,-0.5450305939,-0.670701921,-0.5141642094,-0.5047619343,-0.5751179457,-0.5913298726,-0.5192319155,-0.5575183034,-0.445871532,-0.4471471906,-0.4378744066,-0.5624928474,-0.555192709,-0.8500019908,-0.8189805746,-1.0116544962,-1.0093870163,-1.0772564411,-1.0637079477,-1.113468647,-0.4016620815,-0.2694606185,-0.1294182688,-0.1544829905,-0.2991884947,-0.2147996724,-0.2150817215,-0.1626343131,-0.1222501397,0.0,0.0,0.0,0.0,0.0,0.0,-0.0366781652,-0.035552755,-0.0670507997,-0.1842832118,-0.2001468986,-0.3664200902,-0.5612156391,0.0,-0.1410909891,-0.3042536378,0.0,0.0,0.0,-0.0981935859,-0.0709705427]},"step_mean_q":{"0":[9.0705404282,9.1540622711,9.1157665253,9.0467205048,8.9535675049,8.7976531982,8.6926136017,8.5348930359,8.3865404129,8.1741027832,7.9209160805,7.6421627998,7.3027586937,6.9359116554,6.5654368401,6.1666727066,5.774409771,5.3662338257,4.9626703262,4.5535173416,4.1689538956,3.7802386284,3.3963537216,3.0697753429,2.7549870014,2.4804723263,2.2996039391,2.154024601,2.023337841,1.8988040686,1.7926733494,1.7218956947,1.6543922424,1.5880203247,1.5510379076,1.4984475374,1.4538198709,1.4110999107,1.3603147268,1.348020196,1.3091788292,1.292502284,1.2697274685,1.1893925667,1.1863764524,1.2040637732,1.181640029,1.1134828329,1.1529448032,1.2039065361,1.2182582617,1.2198733091,1.2230550051,1.1653604507,1.2086056471,1.196423769,1.2274554968,1.1968827248,1.2339154482,1.2626075745,1.2267686129,1.2633494139,1.1781402826,1.2402914762,1.2244570255,1.2297464609,1.2216674089,1.2886252403,1.397110939,1.3324046135,1.3003853559,1.5239371061,1.5515328646,1.378266573,1.3750947714,1.4504424334,1.4593178034,1.5118254423,1.8494495153,1.7747061253,1.3652923107,1.4315984249,1.3518226147,1.3076381683,1.5033025742,1.6072564125,1.6263494492,1.8121681213,1.5867879391,-0.1037069336,0.3024225831,0.1085469723,0.0707002133,0.2566677034,0.2903244495,0.2166029513,-0.0981935859,-0.0709705427]},"episodes_still_running":{"0":[4096.0,4096.0,4093.0,4084.0,4080.0,4077.0,4068.0,4065.0,4062.0,4053.0,4042.0,4039.0,4027.0,4014.0,3989.0,3952.0,3903.0,3851.0,3805.0,3754.0,3678.0,3611.0,3533.0,3439.0,3318.0,3208.0,3080.0,2946.0,2784.0,2641.0,2484.0,2336.0,2183.0,2035.0,1890.0,1736.0,1604.0,1482.0,1360.0,1231.0,1123.0,1015.0,907.0,825.0,761.0,687.0,628.0,568.0,504.0,449.0,404.0,352.0,309.0,275.0,243.0,214.0,193.0,169.0,152.0,134.0,122.0,107.0,100.0,88.0,82.0,72.0,67.0,58.0,51.0,40.0,38.0,33.0,29.0,25.0,21.0,19.0,19.0,17.0,12.0,10.0,9.0,7.0,7.0,7.0,6.0,6.0,6.0,4.0,4.0,3.0,2.0,2.0,2.0,1.0,1.0,1.0,1.0,1.0]},"step_range_q":{"0":[16.926492691,18.3361110687,19.8082122803,21.1364116669,23.1687965393,19.1876125336,19.3434257507,20.9201908112,20.5980529785,19.9636440277,19.4601535797,19.7263011932,19.0322723389,21.6105937958,23.1533412933,21.6440906525,19.3201599121,20.2667274475,18.6777076721,20.0701732635,22.0200862885,19.4218978882,19.9025344849,20.3185768127,21.6214923859,27.3993320465,27.1195373535,25.6774768829,23.0668983459,18.9225463867,18.9812393188,19.8482093811,18.1493988037,18.7095050812,19.585313797,16.3840560913,15.3191461563,15.4376726151,13.930439949,14.6969175339,12.9424295425,12.2665967941,14.1834106445,11.1881742477,10.7906360626,10.4749326706,11.0426311493,10.7722454071,8.5862674713,9.4832725525,9.4705543518,8.5022516251,8.6121635437,8.38601017,8.3065395355,9.7696752548,8.5608901978,10.3897342682,10.1419677734,10.4717350006,7.3067731857,7.4063568115,7.4836778641,8.2064695358,7.3546967506,7.1922044754,7.104912281,8.8327465057,8.2868652344,6.537653923,6.0818486214,7.832549572,8.1273164749,4.9784927368,5.0976705551,5.1606154442,5.2352018356,5.2326426506,5.3297963142,5.6369533539,4.0061907768,4.1881251335,4.240755558,4.7056708336,5.0469450951,5.338300705,6.2845726013,6.9767270088,6.6834597588,0.9983727336,0.5856361389,0.4992759228,0.749907732,0.2566677034,0.2903244495,0.2166029513,0.0981935859,0.0709705427]},"mean_loss:":{"0":0.9107160568},"rmse":{"0":0.9543144703},"step_rmse":{"0":[0.769867897,0.8151535988,0.8336654902,0.8888475299,0.8854039907,0.9357779026,0.9552416801,0.9951504469,1.0163514614,1.0752086639,1.0623787642,1.1123300791,1.1311538219,1.1420131922,1.1546040773,1.1413315535,1.1400274038,1.1310893297,1.0580348969,1.0656857491,1.0635141134,1.0462995768,1.0089087486,0.9592669606,0.9284020066,0.9473689795,0.9558598995,0.9037770629,0.8935347795,0.8471090198,0.8267217875,0.8028095365,0.777987361,0.7654366493,0.7768028378,0.7526710033,0.7662950754,0.7082651854,0.7283575535,0.7075628042,0.6977128983,0.6347274184,0.6548929214,0.6301257014,0.6242692471,0.6895326972,0.614158988,0.6109003425,0.604880631,0.6462504268,0.6680904627,0.6230428219,0.665320158,0.6842475533,0.7056843638,0.6463413835,0.7031728625,0.7156202793,0.6226013899,0.6279730201,0.5670427084,0.6171833873,0.6212462187,0.597766459,0.6342746615,0.6588280797,0.791533649,0.8370624185,0.8373938799,0.7548883557,0.7994410992,0.8861982226,0.7247751951,0.8625599742,0.84684062,0.9385777712,0.8157632351,0.7845031619,0.6626508236,0.3375235498,0.3996929526,0.2666890919,0.1681968272,0.204644978,0.2466229796,0.3374312222,0.2515534163,0.2685675025,0.3813427389,0.2663867176,0.3028803468,0.2876470983,0.0655957535,0.2019058764,0.0220096111,0.0000011027,0.0444822907,0.0808649138]},"rmse_by_q":{"0":18.1922607422},