{"max_q":{"0":22.5085315704},"min_q":{"0":-0.8479220867},"mean_q":{"0":5.8588624001},"range_q":{"0":23.3564529419},"step_max_q":{"0":[20.8918418884,21.039188385,21.7996463776,21.3851852417,22.014257431,21.5526332855,22.5085315704,21.7989559174,21.6807670593,22.4767837524,22.1095523834,20.625743866,20.5895690918,20.9165916443,21.0226745605,20.4900035858,19.826543808,20.0885028839,19.9972286224,19.5534934998,18.8042755127,18.8949241638,18.5130062103,17.5183868408,17.9729537964,17.6564407349,16.9079017639,17.0559577942,17.2255115509,16.3980312347,16.4086513519,15.7435626984,16.9505157471,15.797624588,15.4448242188,14.7257537842,14.5928602219,15.211730957,13.6714191437,12.937754631,12.4335632324,12.7771472931,12.1726913452,11.9135284424,11.4167747498,11.502035141,11.7845935822,11.4650115967,10.9704360962,10.7647571564,10.648563385,10.6379451752,10.573431015,9.3442964554,10.0673999786,9.0932865143,9.4044351578,8.5496473312,8.4944725037,9.3367881775,9.1641521454,8.1479406357,9.012588501,9.0170478821,7.846865654,7.9077482224,8.0312576294,7.8866734505,7.7764987946,7.7400789261,7.4295778275,7.5684080124,7.7990174294,7.4895782471,6.913151741,7.3276510239,6.9931030273,6.6115312576,6.1912069321,6.354824543,6.2731952667,6.5056996346,6.4307336807,6.5341587067,6.3992414474,6.4184646606,5.9807224274,5.6786823273,5.7539200783,5.6658582687,5.378018856,5.3498125076,5.8829250336,5.6802754402,5.7066574097,5.7373113632,5.8197307587,5.6290488243,5.9119882584,5.2789058685,5.4183359146,5.059589386,5.1864976883,5.1322231293,4.7885775566,4.8490457535,4.7689061165,5.0914025307,5.0395002365,4.879863739,5.0971651077,4.8751649857,5.0825986862,5.0534820557,4.9585781097,5.0026140213,4.9861044884,5.0358262062,5.1638059616,4.1173877716,4.0334997177,4.3661618233,3.9722881317,4.359629631,4.2636013031,4.3234891891,4.2018532753,4.3830757141,4.1542963982,4.4787254333,4.7710523605,4.9050569534,4.1661200523,3.8166713715,3.8877470493,4.211848259,4.2764830589,4.1178207397,3.838029623,3.8634462357,3.5659620762,3.8371665478,3.7417840958,3.5226707458,3.6256651878,3.5622267723]},"step_min_q":{"0":[6.3370943069,6.3910055161,6.2896409035,6.0377283096,5.8719334602,5.3803625107,4.934469223,4.3922319412,4.1032576561,4.3913230896,4.1261806488,3.8638644218,3.9816410542,3.1628158092,3.0954251289,2.9274377823,0.0,0.0,0.0,0.0,0.0,0.0,0.0,0.0,0.0,0.0,0.0,0.0,0.0,0.0,0.0,0.0,0.0,0.0,0.0,-0.0504300594,-0.1418927908,-0.02054739,-0.2004342079,-0.2440721989,-0.1801323891,-0.2076066732,-0.2534197569,-0.4119324684,-0.5068445206,-0.6437443495,-0.6474871635,-0.6501179934,-0.7886996269,-0.8180203438,-0.5077666044,-0.5403506756,-0.4750601053,-0.4078935385,-0.4786875248,-0.4227221012,-0.3779615164,-0.3559677601,-0.4819704294,-0.5191924572,-0.3367209435,-0.5617032051,-0.331207633,-0.4656288624,-0.4874849319,-0.4839186668,-0.5149673223,-0.5715157986,-0.6914684772,-0.4827952385,-0.4574460983,-0.6420551538,-0.6338207722,-0.5271655321,-0.6129069328,-0.5643568039,-0.6133155823,-0.4504053593,-0.5169650316,-0.6163944006,-0.6337616444,-0.5846581459,-0.5562657118,-0.5465688705,-0.595695138,-0.4371477365,-0.4664137363,-0.4781005383,-0.540753603,-0.463460207,-0.4548377991,-0.5178785324,-0.4141129255,-0.4496655464,-0.3738012314,-0.4764430523,-0.5173841715,-0.5157225132,-0.5060850382,-0.3322211504,-0.4190067053,-0.3383328915,-0.3702325821,-0.3922078609,-0.4492732286,-0.473318696,-0.4677883387,-0.4653557539,-0.4612238407,-0.5168329477,-0.4430348873,-0.4336457253,-0.4493772984,-0.4277467728,-0.306637764,-0.4655005932,-0.4537752867,-0.5088889599,-0.8479220867,-0.7597962618,-0.8443807364,-0.2177462578,-0.1699244976,-0.2049200535,-0.1226224899,-0.0211060047,-0.1037800312,-0.1877981424,-0.1700791121,-0.2711633444,-0.0667418242,-0.3018730879,0.0,0.0,0.0,0.0,-0.027068615,-0.0915945768,-0.0566922426,0.0,-0.0817165375,-0.0535831451,-0.3119236231,-0.3596768379,-0.3887635469,0.0]},"step_mean_q":{"0":[10.8292694092,10.9082250595,10.8660335541,10.9223327637,10.9880657196,10.9796819687,10.9278287888,10.8893299103,10.8194065094,10.7309265137,10.5840950012,10.4112710953,10.2430810928,10.0484390259,9.8340835571,9.6152305603,9.4050216675,9.1697063446,8.927359581,8.6898794174,8.4401531219,8.1838598251,7.9237685204,7.6651639938,7.4016399384,7.1346716881,6.8717565536,6.6129546165,6.361041069,6.1116838455,5.8633975983,5.6290140152,5.3987703323,5.173541069,4.9532952309,4.7446479797,4.5328650475,4.3234577179,4.1318836212,3.9472665787,3.7648084164,3.5867478848,3.4320235252,3.268501997,3.1145720482,2.9759924412,2.8447434902,2.7335970402,2.6333625317,2.5326869488,2.4540643692,2.3715417385,2.3205747604,2.2667143345,2.2252416611,2.1863129139,2.1580095291,2.1261553764,2.0868258476,2.0678403378,2.0435886383,2.0286064148,2.0107982159,1.988333106,1.9950996637,2.0095655918,2.0061459541,2.011793375,2.0195839405,1.9933235645,1.9850651026,1.9758485556,1.9514942169,1.9377235174,1.9286823273,1.9311444759,1.9569219351,1.9491764307,1.9433201551,1.9213951826,1.9221401215,1.9301985502,1.9427008629,1.9482440948,1.9402304888,1.9465111494,1.9771866798,1.9737272263,1.9790803194,1.9512217045,1.9074610472,1.9233437777,1.9156048298,1.8456683159,1.8093677759,1.8242237568,1.8047845364,1.7872880697,1.755885005,1.7241851091,1.6859667301,1.6689823866,1.6467704773,1.5733401775,1.5668904781,1.5989717245,1.5399713516,1.524684906,1.4523323774,1.4993640184,1.5847414732,1.6743001938,1.5641099215,1.6214036942,1.7348823547,1.6770840883,1.5792030096,1.5572352409,1.6635421515,1.5042443275,1.5024902821,1.497821331,1.6702263355,1.5875896215,1.5372136831,1.6791058779,1.6447269917,1.7940734625,1.6923515797,1.4920085669,1.4521892071,1.3687679768,1.5002381802,1.4421093464,1.5764113665,1.3881095648,1.2963960171,1.1788829565,1.1950021982,1.0627832413,0.9612377882,0.9994034767,0.9443056583,1.1578564644,1.1941376925,3.5622267723]},"episodes_still_running":{"0":[4096.0,4096.0,4096.0,4096.0,4096.0,4096.0,4096.0,4096.0,4096.0,4096.0,4096.0,4096.0,4096.0,4096.0,4096.0,4096.0,4095.0,4095.0,4095.0,4095.0,4095.0,4094.0,4094.0,4094.0,4094.0,4094.0,4094.0,4094.0,4094.0,4094.0,4094.0,4093.0,4093.0,4093.0,4092.0,4090.0,4090.0,4088.0,4087.0,4084.0,4077.0,4059.0,4044.0,4029.0,4006.0,3980.0,3945.0,3896.0,3833.0,3774.0,3693.0,3608.0,3507.0,3405.0,3287.0,3149.0,3015.0,2872.0,2754.0,2616.0,2488.0,2371.0,2240.0,2101.0,1976.0,1837.0,1729.0,1614.0,1513.0,1430.0,1343.0,1266.0,1199.0,1134.0,1068.0,995.0,931.0,872.0,816.0,760.0,705.0,658.0,611.0,579.0,546.0,513.0,483.0,456.0,420.0,385.0,354.0,328.0,315.0,296.0,278.0,259.0,240.0,222.0,207.0,188.0,177.0,171.0,163.0,152.0,140.0,125.0,114.0,105.0,95.0,85.0,76.0,66.0,63.0,54.0,48.0,43.0,38.0,35.0,31.0,27.0,26.0,23.0,19.0,15.0,15.0,13.0,13.0,11.0,11.0,10.0,10.0,10.0,9.0,8.0,7.0,6.0,6.0,6.0,6.0,5.0,5.0,5.0,4.0,3.0,3.0,1.0]},