{"max_q":{"0":20.3236141205},"min_q":{"0":-1.4991958141},"mean_q":{"0":8.5737047195},"range_q":{"0":21.8228092194},"step_max_q":{"0":[12.2115030289,15.8496637344,15.0425815582,13.4646987915,14.131524086,14.9282455444,15.3096313477,15.4288988113,16.4412956238,17.7518253326,17.9767684937,17.6302947998,20.3236141205,16.8291549683,17.1701583862,16.2061595917,15.3791999817,14.4000730515,15.3740634918,14.0863571167,13.035282135,12.342086792,12.4730052948,11.6492681503,11.5475053787,11.4854459763,10.9261140823,10.9947528839,11.5461111069,10.4327335358,10.1646165848,8.7258968353,5.6977720261,5.6590042114,3.4383351803,3.005531311,2.5946686268,2.2230963707,1.8726691008,1.5254765749,1.4653377533,0.0,0.5489351749,0.9528614283,0.0,0.4468791485,0.778221488,0.0,0.0,0.5044252872,0.0,0.0,0.0,0.0,0.0,0.0,0.0,0.0,0.0,0.0,0.0,0.0,0.0,0.0,0.0,0.0,0.0,0.0,0.0,0.0]},"step_min_q":{"0":[8.739985466,8.6564359665,8.741271019,7.264154911,6.9716415405,6.3484349251,6.2736339569,4.7546701431,4.7112388611,3.8845412731,3.3767857552,2.4559078217,2.3193745613,1.5927132368,1.0894727707,0.8397344351,0.5880153179,-0.417799592,-1.3358623981,-1.229518652,-0.9231550694,-0.5471878052,-0.9441344738,-1.1308510303,-0.7466795444,-0.7041642666,-1.1157391071,-1.0801122189,-1.4991958141,-0.4235801697,-1.3008522987,-0.3059501648,-0.5963740349,-0.320887804,-0.355643034,-0.4018542767,-0.4203903675,-0.4235861301,-0.4279043674,-0.4329361916,-0.6664922237,-0.5453295708,-0.1395316124,-0.8320703506,-0.6506938934,-0.7328836918,-0.9293596745,-0.7787427902,-1.0292041302,-0.7571270466,-1.0901076794,-0.8083155155,-1.1415977478,-0.8060414791,-1.1874642372,-0.7528021336,-1.2308928967,-1.0931301117,-1.2717175484,-1.1445145607,-1.3096089363,-0.892616272,-1.3444726467,-0.9290328026,-1.3764050007,-0.9607286453,-1.4056348801,-1.2935445309,-1.4433403015,-0.9646031857]},"step_mean_q":{"0":[11.2980308533,11.632973671,12.0888109207,12.3740596771,12.5487365723,12.8697433472,12.1286401749,11.674823761,11.1249580383,10.872420311,10.4563655853,9.9254169464,9.3568973541,8.9167709351,8.5013341904,7.8354520798,7.4876761436,6.7412142754,6.4650764465,5.9338240623,5.5231671333,5.2502260208,4.9904642105,4.8604922295,4.7167396545,4.7521715164,4.8159356117,4.5011372566,3.7579274178,3.081142664,2.8722419739,2.4834275246,2.1489398479,2.887057066,1.9005926847,1.6574913263,1.3885043859,1.1406530142,0.9062511325,0.6857927442,0.1201455593,-0.4152388573,0.1529565603,-0.2043154687,-0.5216920376,-0.1349972039,-0.2421495467,-0.6347070336,-0.4639514983,-0.265825361,-0.8842990398,-0.6036227345,-0.7786595225,-0.6659067273,-0.9824376702,-0.4876732826,-0.8818880916,-0.7018523216,-0.7291480899,-0.9537627101,-0.8021408916,-0.8128147721,-1.171376586,-0.6496818066,-0.9590283036,-0.8627831936,-0.9765515924,-1.0669933558,-1.0714607239,-0.5995535851]},"episodes_still_running":{"0":[4096.0,4096.0,4096.0,4096.0,4096.0,4096.0,4096.0,4096.0,4096.0,4096.0,4096.0,4096.0,4096.0,4096.0,4096.0,4096.0,4096.0,4096.0,4096.0,4068.0,4028.0,3932.0,3872.0,3776.0,3628.0,3324.0,2716.0,2116.0,1368.0,880.0,428.0,160.0,48.0,20.0,12.0,12.0,12.0,12.0,12.0,12.0,12.0,12.0,12.0,12.0,12.0,12.0,12.0,12.0,12.0,12.0,12.0,12.0,12.0,12.0,12.0,12.0,12.0,12.0,12.0,12.0,12.0,12.0,12.0,12.0,12.0,12.0,12.0,12.0,12.0,12.0]},"step_range_q":{"0":[3.4715175629,7.1932277679,6.3013105392,6.2005438805,7.1598825455,8.5798110962,9.0359973907,10.6742286682,11.7300567627,13.8672838211,14.5999832153,15.1743869781,18.004240036,15.2364416122,16.0806846619,15.3664255142,14.7911844254,14.8178730011,16.7099266052,15.3158760071,13.9584369659,12.8892745972,13.417140007,12.7801189423,12.2941846848,12.1896104813,12.041852951,12.0748653412,13.0453071594,10.8563137054,11.4654693604,9.0318470001,6.2941460609,5.979891777,3.7939782143,3.4073855877,3.0150589943,2.6466825008,2.300573349,1.9584127665,2.131829977,0.5453295708,0.6884667873,1.7849317789,0.6506938934,1.1797628403,1.7075811625,0.7787427902,1.0292041302,1.2615523338,1.0901076794,0.8083155155,1.1415977478,0.8060414791,1.1874642372,0.7528021336,1.2308928967,1.0931301117,1.2717175484,1.1445145607,1.3096089363,0.892616272,1.3444726467,0.9290328026,1.3764050007,0.9607286453,1.4056348801,1.2935445309,1.4433403015,0.9646031857]},"mean_loss:":{"0":1.4562683105},"rmse":{"0":1.2067594528},"step_rmse":{"0":[0.486402899,0.6056137681,0.6004028916,0.4560224414,0.2132602632,0.242899552,0.5680176616,0.7363418341,0.8257886171,1.0075407028,1.2823449373,1.4618600607,1.6326454878,1.7889508009,1.8175413609,1.7833932638,1.6627364159,1.56632936,1.5187269449,1.3925147057,1.2735856771,1.1948037148,1.1477780342,1.1070104837,1.0283586979,1.0704226494,1.1782580614,1.1839472055,1.2503683567,1.3788666725,1.5858863592,1.9756461382,2.2886738777,3.3783922195,3.3208546638,3.0409481525,2.9741358757,2.7090718746,2.0829091072,1.2784936428,1.022261858,2.2263958454,2.2902407646,1.2152477503,1.9912528992,2.6261622906,1.1004267931,1.2070763111,1.998329401,0.7126053572,1.0749903917,1.1677112579,1.1037650108,1.0819681883,1.3043094873,0.9538868666,0.9132791162,0.9036208987,1.0465970039,1.0522881746,1.2049731016,0.8645723462,1.2920944691,1.0420508385,1.0547213554,1.4340901375,1.3292914629,1.620565176,2.4486083984,1.1036809683]},"rmse_by_q":{"0":14.0751228333},"step_rmse_by_q":{"0":[4.3052005768,5.2060103416,4.9666004181,3.6853096485,1.6994559765,1.8873689175,4.6832756996,6.307091713,7.422847271,9.2669401169,12.2637729645,14.7284488678,17.4485778809,20.0627651215,21.3794841766,22.7605648041,22.2063083649,23.2351207733,23.4912452698,23.4674072266,23.0589752197,22.7571868896,22.9994239807,22.7756881714,21.8023204803,22.5249156952,24.4658184052,26.3032913208,33.272819519,44.7517967224,55.2142333984,79.5532073975,106.5024642944,117.0185470581,174.7273254395,183.4669189453,214.1970825195,237.5018310547,229.8379669189,186.4256591797,850.8527832031,-536.1723632812,1497.3145751953,-594.7899169922,-381.6912536621,-1945.345703125,-454.4409790039,-190.1784973145,-430.7194824219,-268.0727539062,-121.564125061,-193.4505157471,-141.7519378662,-162.4804382324,-132.7625579834,-195.5995788574,-103.5595321655,-128.7480163574,-143.5369567871,-110.3301849365,-150.2196350098,-106.3676986694,-110.3056411743,-160.3940429688,-109.9781265259,-166.2167358398,-136.1209564209,-151.8814697266,-228.5299377441,-184.0838012695]},"mean_error":{"0":0.8009435534},"step_mean_error":{"0":[0.3639349937,0.4170529842,0.4302117229,0.3339229226,0.1530655026,0.1601207256,0.4629726708,0.5915186405,0.6354610324,0.7920616865,0.9906982183,1.100761652,1.2452709675,1.3342938423,1.3638231754,1.3109500408,1.2280750275,1.158515811,1.0910460949,0.9740236402,0.8694429398,0.8109169602,0.765684247,0.7204591632,0.6528804302,0.6894139051,0.7558296323,0.7955497503,0.8670284748,0.8674963713,1.074586153,1.3778760433,1.7515515089,2.9842414856,2.9577214718,2.7562453747,2.7138888836,2.489634037,1.9889478683,1.2708753347,0.9190793037,2.0567834377,1.7902182341,1.1607956886,1.7563533783,2.1162278652,1.0295130014,1.0563129187,1.3946895599,0.5478652716,0.9858772159,1.0006427765,0.8759004474,0.9384775162,1.1826553345,0.7855784297,0.8732552528,0.6524713039,0.8784125447,0.8927702904,1.1446623802,0.739362061,1.2311757803,0.7972583771,0.9281978607,1.2502861023,1.263029933,1.3940143585,2.0251512527,0.7594149113]},"mean_q_deviation":{"0":110.490486145},