{"move_action_north":{"0":0.3167550564},"move_action_south":{"0":0.3022590876},"move_action_east":{"0":0.3500168025},"move_action_west":{"0":0.3574923277},"enemy_shootable_0":{"0":0.76357162},"enemy_distance_0":{"0":0.7058435082},"enemy_relative_x_0":{"0":0.4462092817},"enemy_relative_y_0":{"0":1.2109525204},"enemy_health_0":{"0":1.1899088621},"enemy_shootable_1":{"0":0.8080697656},"enemy_distance_1":{"0":0.7913780212},"enemy_relative_x_1":{"0":0.6123484373},"enemy_relative_y_1":{"0":1.0285036564},"enemy_health_1":{"0":1.8547660112},"enemy_shootable_2":{"0":0.7497215271},"enemy_distance_2":{"0":0.6772900224},"enemy_relative_x_2":{"0":0.4845450819},"enemy_relative_y_2":{"0":1.1592857838},"enemy_health_2":{"0":1.7533867359},"enemy_shootable_3":{"0":0.9270146489},"enemy_distance_3":{"0":0.7122960091},"enemy_relative_x_3":{"0":0.5684186816},"enemy_relative_y_3":{"0":0.9387046695},"enemy_health_3":{"0":1.9633829594},"enemy_shootable_4":{"0":0.7770380378},"enemy_distance_4":{"0":0.7924345136},"enemy_relative_x_4":{"0":0.6217182279},"enemy_relative_y_4":{"0":0.7955588102},"enemy_health_4":{"0":1.6566333771},"enemy_shootable_5":{"0":0.8566888571},"enemy_distance_5":{"0":0.8209797144},"enemy_relative_x_5":{"0":0.5214349627},"enemy_relative_y_5":{"0":1.4834268093},"enemy_health_5":{"0":1.046022892},"ally_visible_1":{"0":0.8554551601},"ally_distance_1":{"0":0.9244987965},"ally_relative_x_1":{"0":3.3515074253},"ally_relative_y_1":{"0":0.8462014198},"ally_health_1":{"0":2.2349624634},"ally_visible_2":{"0":0.8561561108},"ally_distance_2":{"0":0.8994075656},"ally_relative_x_2":{"0":3.810642004},"ally_relative_y_2":{"0":0.8359410167},"ally_health_2":{"0":2.180031538},"ally_visible_3":{"0":0.7848762274},"ally_distance_3":{"0":0.6935325861},"ally_relative_x_3":{"0":2.8452429771},"ally_relative_y_3":{"0":0.565808475},"ally_health_3":{"0":2.1577398777},"ally_visible_4":{"0":0.8786833882},"ally_distance_4":{"0":0.9144663811},"ally_relative_x_4":{"0":3.4096655846},"ally_relative_y_4":{"0":0.7873414755},"ally_health_4":{"0":2.0654790401},"own_health":{"0":4.7211251259}}