{"ally_health_0":{"0":2.4486238956},"ally_weapon_cooldown_0":{"0":1.5767134428},"ally_relative_x_0":{"0":1.9580713511},"ally_relative_y_0":{"0":4.3624043465},"ally_health_1":{"0":2.8765051365},"ally_weapon_cooldown_1":{"0":1.6249611378},"ally_relative_x_1":{"0":1.6916414499},"ally_relative_y_1":{"0":2.9379138947},"ally_health_2":{"0":2.3963828087},"ally_weapon_cooldown_2":{"0":1.7100663185},"ally_relative_x_2":{"0":1.9237937927},"ally_relative_y_2":{"0":2.0260183811},"ally_health_3":{"0":2.7029578686},"ally_weapon_cooldown_3":{"0":1.656943202},"ally_relative_x_3":{"0":1.6805522442},"ally_relative_y_3":{"0":2.4804286957},"ally_health_4":{"0":2.4854762554},"ally_weapon_cooldown_4":{"0":1.8492101431},"ally_relative_x_4":{"0":1.8171948195},"ally_relative_y_4":{"0":3.5067510605},"enemy_health_0":{"0":2.1411013603},"enemy_relative_x_0":{"0":5.7228693962},"enemy_relative_y_0":{"0":3.7918710709},"enemy_health_1":{"0":3.138273716},"enemy_relative_x_1":{"0":3.3448309898},"enemy_relative_y_1":{"0":4.5248174667},"enemy_health_2":{"0":2.7275032997},"enemy_relative_x_2":{"0":7.2478642464},"enemy_relative_y_2":{"0":8.3396568298},"enemy_health_3":{"0":2.3801612854},"enemy_relative_x_3":{"0":3.8583114147},"enemy_relative_y_3":{"0":3.4655213356},"enemy_health_4":{"0":2.9451766014},"enemy_relative_x_4":{"0":5.8735904694},"enemy_relative_y_4":{"0":3.9839258194},"enemy_health_5":{"0":3.5010561943},"enemy_relative_x_5":{"0":6.2638483047},"enemy_relative_y_5":{"0":4.1735520363},"ally_last_action_0_action_0":{"0":1.6153773069},"ally_last_action_0_action_1":{"0":0.9024911523},"ally_last_action_0_action_2":{"0":1.2465795279},"ally_last_action_0_action_3":{"0":1.1063176394},"ally_last_action_0_action_4":{"0":0.7657226324},"ally_last_action_0_action_5":{"0":0.8219118118},"ally_last_action_0_action_6":{"0":1.0329847336},"ally_last_action_0_action_7":{"0":1.0724006891},"ally_last_action_0_action_8":{"0":1.4242503643},"ally_last_action_0_action_9":{"0":1.0579525232},"ally_last_action_0_action_10":{"0":1.233494401},"ally_last_action_0_action_11":{"0":1.4400860071},"ally_last_action_1_action_0":{"0":1.5525029898},"ally_last_action_1_action_1":{"0":0.744633615},"ally_last_action_1_action_2":{"0":1.0540889502},"ally_last_action_1_action_3":{"0":0.8535721898},"ally_last_action_1_action_4":{"0":0.8126654625},"ally_last_action_1_action_5":{"0":0.808775723},"ally_last_action_1_action_6":{"0":1.2050623894},"ally_last_action_1_action_7":{"0":1.2442345619},"ally_last_action_1_action_8":{"0":1.0681545734},"ally_last_action_1_action_9":{"0":0.9948032498},"ally_last_action_1_action_10":{"0":1.3745793104},"ally_last_action_1_action_11":{"0":1.1760721207},"ally_last_action_2_action_0":{"0":1.6788054705},"ally_last_action_2_action_1":{"0":0.7396559119},"ally_last_action_2_action_2":{"0":0.8541133404},"ally_last_action_2_action_3":{"0":0.9725219607},"ally_last_action_2_action_4":{"0":0.7898206115},"ally_last_action_2_action_5":{"0":0.663061142},"ally_last_action_2_action_6":{"0":1.4185037613},"ally_last_action_2_action_7":{"0":0.8655366302},"ally_last_action_2_action_8":{"0":1.1592447758},"ally_last_action_2_action_9":{"0":1.1253700256},"ally_last_action_2_action_10":{"0":0.9318083525},"ally_last_action_2_action_11":{"0":1.3489279747},"ally_last_action_3_action_0":{"0":1.4118690491},"ally_last_action_3_action_1":{"0":1.051078558},"ally_last_action_3_action_2":{"0":0.7930472493},"ally_last_action_3_action_3":{"0":0.9189807773},"ally_last_action_3_action_4":{"0":0.6796199679},"ally_last_action_3_action_5":{"0":0.7364686131},"ally_last_action_3_action_6":{"0":1.2241603136},"ally_last_action_3_action_7":{"0":1.100155592},"ally_last_action_3_action_8":{"0":0.8691090941},"ally_last_action_3_action_9":{"0":0.9765390754},"ally_last_action_3_action_10":{"0":1.1471930742},"ally_last_action_3_action_11":{"0":1.242295146},"ally_last_action_4_action_0":{"0":1.5378392935},"ally_last_action_4_action_1":{"0":0.8121201396},"ally_last_action_4_action_2":{"0":0.8957409859},"ally_last_action_4_action_3":{"0":0.8790350556},"ally_last_action_4_action_4":{"0":0.6604228616},"ally_last_action_4_action_5":{"0":0.8138253093},"ally_last_action_4_action_6":{"0":1.2753168344},"ally_last_action_4_action_7":{"0":1.393376112},"ally_last_action_4_action_8":{"0":1.0505591631},"ally_last_action_4_action_9":{"0":1.0356243849},"ally_last_action_4_action_10":{"0":1.2385704517},"ally_last_action_4_action_11":{"0":1.4079653025}}