{"max_q":{"0":15.1690826416},"min_q":{"0":-0.437389493},"mean_q":{"0":7.0216984749},"range_q":{"0":15.6064720154},"step_max_q":{"0":[14.7713518143,15.0186624527,15.1690826416,14.7721576691,14.7109479904,14.5949430466,14.7301139832,14.3102273941,14.2338848114,14.0968914032,13.6055812836,13.4597682953,13.1180868149,12.7080821991,12.8345918655,12.3221845627,11.8168525696,11.3873243332,11.0140571594,10.8478136063,10.3796720505,10.1423597336,9.9918756485,9.410785675,9.4991674423,8.698102951,8.766500473,8.3760738373,8.3732013702,7.6507635117,7.2915897369,6.609960556,6.5267195702,6.1026000977,5.7294402122,5.6331162453,5.3534049988,5.1283345222,4.985830307,4.8753614426,4.6888332367,4.5420751572,4.3437004089,4.1477251053,3.8863179684,3.8700761795,3.8297233582,3.6756081581,3.6627640724,3.7207512856,3.5348453522,3.5334720612,3.6046276093,3.3649325371,3.4400901794,3.2679321766,3.436933279,3.1928706169,3.2292411327,2.9447383881,2.9227399826,1.6763143539,1.653337121,1.6323415041,1.6132068634,1.5957400799,1.5797148943,1.5649131536,1.55114007,1.5397268534,1.5305395126,1.5217782259,1.5134667158,1.5056108236,1.4980610609,1.4910564423,1.4843751192,1.4781241417,1.4723587036,1.466407299,1.4603713751,1.4545149803,1.4488289356,1.4433157444,1.4379816055,1.4328318834,1.4278278351,1.4229652882,1.4187288284,1.4149323702,1.4112641811,1.4077217579,1.404204011,1.4013707638,1.3988583088,1.3964760303,1.3942716122,1.3921735287,1.3901798725,1.3882603645,1.3867402077,1.3858106136,1.3849527836,1.3841655254,1.3834471703,1.3827962875,1.382212162,1.3817241192,1.3813047409,1.3809797764,1.3805662394,1.3802683353,1.3803691864,1.3805172443,1.3807115555,1.3809515238,1.3812355995,1.3815453053,1.3817996979,1.3796684742,1.3751726151,1.370752573,1.3664069176,1.3621351719,1.3579354286,1.3538076878,1.3497502804,1.3457615376,1.3418383598,1.3379650116,1.3341585398,1.3304183483,1.3267424107,1.3231313229,1.3195828199,1.3160971403,1.3126730919,1.3093106747,1.3060081005,1.3027648926,1.2995809317,1.2964551449,1.293387413,1.2903761864,1.2874213457,1.284522295,1.2816771269,1.2788844109,1.2761579752,1.2734915018]},"step_min_q":{"0":[10.9276018143,10.5013151169,10.429977417,9.4921703339,9.0292263031,9.0836210251,8.5773658752,8.4391441345,6.1632270813,5.7714920044,5.4625854492,5.004535675,4.7259235382,4.2057847977,3.3272137642,2.9195246696,2.4563598633,2.4420647621,2.0208969116,1.4711202383,1.636633873,1.1154236794,0.767303586,0.5583211184,0.2324904799,-0.0530633926,-0.1315492988,-0.1461914778,-0.0946675539,-0.0079750419,-0.046336472,-0.1403050423,-0.2078567147,-0.0807624459,-0.039970994,-0.1607682705,-0.1169325411,-0.1669403911,-0.0708439648,-0.1666684002,-0.1006441414,-0.2464254797,-0.2946618497,-0.3558000922,-0.1607431173,-0.2626947165,-0.437389493,-0.0711320937,-0.1666115373,-0.2144173235,-0.0727648288,-0.0138816684,-0.0128944963,0.0,0.0,0.0,0.0,0.0,0.0,0.0,0.0,0.0,0.0,0.0,0.0,0.0,0.0,0.0,0.0,0.0,0.0,0.0,0.0,0.0,0.0,0.0,0.0,0.0,0.0,0.0,0.0,0.0,0.0,0.0,0.0,0.0,0.0,0.0,0.0,0.0,0.0,0.0,0.0,0.0,0.0,0.0,0.0,0.0,0.0,0.0,0.0,0.0,0.0,0.0,0.0,0.0,0.0,0.0,0.0,0.0,0.0,0.0,0.0,0.0,0.0,0.0,0.0,0.0,0.0,0.0,0.0,0.0,0.0,0.0,0.0,0.0,0.0,0.0,0.0,0.0,0.0,0.0,0.0,0.0,0.0,0.0,0.0,0.0,0.0,0.0,0.0,0.0,0.0,0.0,0.0,0.0,0.0,0.0,0.0,0.0]},"step_mean_q":{"0":[13.2420864105,13.4635076523,13.4604148865,13.2563581467,13.1803092957,12.8298215866,12.7040634155,12.2450122833,11.7865228653,11.5264825821,11.0349369049,10.7773838043,10.2622947693,9.8973922729,9.4231462479,9.0207004547,8.6131076813,8.1692047119,7.8029289246,7.3439874649,6.9470815659,6.5348172188,6.1191043854,5.7412261963,5.3624162674,5.0183134079,4.69865942,4.3724594116,4.1070375443,3.8655962944,3.6005291939,3.3403325081,3.1581485271,2.9791481495,2.8142006397,2.6867418289,2.5986983776,2.5413534641,2.4633722305,2.4277486801,2.3488790989,2.3508634567,2.3289897442,2.3142249584,2.3540611267,2.3742384911,2.3025858402,2.3461256027,2.207911253,2.0402638912,1.97592628,1.9196299314,1.9020382166,1.6987659931,2.0318779945,2.0169370174,2.1302924156,1.6322561502,1.8049684763,1.7028278112,1.6899833679,1.0661911964,1.0593990088,1.0531330109,1.0474452972,1.0423336029,1.0377585888,1.033645153,1.0299949646,1.0274970531,1.026335597,1.0255639553,1.0250225067,1.0247364044,1.024626255,1.0248119831,1.0252830982,1.0260095596,1.0268462896,1.0276138783,1.0283739567,1.0292580128,1.0302612782,1.0313841105,1.0324978828,1.0336563587,1.0350630283,1.0365402699,1.0379703045,1.0387943983,1.0388441086,1.0390406847,1.039257288,1.0398229361,1.0405548811,1.0413570404,1.0422524214,1.0432056189,1.0442429781,1.0453392267,1.046662569,1.0482709408,1.0488023758,1.0492129326,1.0496578217,1.0501363277,1.0506478548,1.0512068272,1.0517992973,1.0524380207,1.053031683,1.0536818504,1.0545303822,1.0554013252,1.0562945604,1.0572094917,1.0581457615,1.0590939522,1.0600138903,1.0597405434,1.0582845211,1.056866169,1.0554853678,1.0541415215,1.0528342724,1.0515637398,1.0503264666,1.0491211414,1.0479502678,1.0468059778,1.0456969738,1.0446238518,1.0435853004,1.0425822735,1.0416138172,1.0406802893,1.0397815704,1.0389178991,1.0380885601,1.037293911,1.036534071,1.0358090401,1.0351185799,1.0344626904,1.0338413715,1.0332547426,1.0327020884,1.0321829319,1.0317046642,1.0312643051]},"episodes_still_running":{"0":[4096.0,4096.0,4096.0,4096.0,4096.0,4096.0,4096.0,4096.0,4096.0,4096.0,4096.0,4096.0,4096.0,4096.0,4096.0,4096.0,4096.0,4096.0,4096.0,4096.0,4096.0,4096.0,4096.0,4096.0,4096.0,4096.0,4096.0,4096.0,4092.0,4080.0,4068.0,4040.0,3988.0,3920.0,3844.0,3772.0,3668.0,3516.0,3400.0,3264.0,3132.0,2948.0,2740.0,2448.0,2120.0,1792.0,1408.0,1072.0,776.0,572.0,392.0,268.0,200.0,124.0,76.0,52.0,32.0,16.0,12.0,12.0,12.0,8.0,8.0,8.0,8.0,8.0,8.0,8.0,8.0,8.0,8.0,8.0,8.0,8.0,8.0,8.0,8.0,8.0,8.0,8.0,8.0,8.0,8.0,8.0,8.0,8.0,8.0,8.0,8.0,8.0,8.0,8.0,8.0,8.0,8.0,8.0,8.0,8.0,8.0,8.0,8.0,8.0,8.0,8.0,8.0,8.0,8.0,8.0,8.0,8.0,8.0,8.0,8.0,8.0,8.0,8.0,8.0,8.0,8.0,8.0,8.0,8.0,8.0,8.0,8.0,8.0,8.0,8.0,8.0,8.0,8.0,8.0,8.0,8.0,8.0,8.0,8.0,8.0,8.0,8.0,8.0,8.0,8.0,8.0,8.0,8.0,8.0,8.0,8.0,8.0]},"step_range_q":{"0":[3.84375,4.5173473358,4.7391052246,5.2799873352,5.6817216873,5.5113220215,6.1527481079,5.8710832596,8.0706577301,8.3253993988,8.1429958344,8.4552326202,8.3921632767,8.5022974014,9.5073776245,9.4026603699,9.3604927063,8.9452590942,8.9931602478,9.3766937256,8.7430381775,9.0269355774,9.2245721817,8.8524646759,9.2666769028,8.7511663437,8.8980493546,8.5222654343,8.4678688049,7.6587386131,7.3379263878,6.7502655983,6.7345762253,6.183362484,5.769411087,5.7938842773,5.4703373909,5.2952747345,5.0566744804,5.0420298576,4.7894773483,4.7885007858,4.6383624077,4.5035252571,4.0470609665,4.1327710152,4.2671127319,3.7467403412,3.8293755054,3.9351685047,3.6076102257,3.5473537445,3.6175220013,3.3649325371,3.4400901794,3.2679321766,3.436933279,3.1928706169,3.2292411327,2.9447383881,2.9227399826,1.6763143539,1.653337121,1.6323415041,1.6132068634,1.5957400799,1.5797148943,1.5649131536,1.55114007,1.5397268534,1.5305395126,1.5217782259,1.5134667158,1.5056108236,1.4980610609,1.4910564423,1.4843751192,1.4781241417,1.4723587036,1.466407299,1.4603713751,1.4545149803,1.4488289356,1.4433157444,1.4379816055,1.4328318834,1.4278278351,1.4229652882,1.4187288284,1.4149323702,1.4112641811,1.4077217579,1.404204011,1.4013707638,1.3988583088,1.3964760303,1.3942716122,1.3921735287,1.3901798725,1.3882603645,1.3867402077,1.3858106136,1.3849527836,1.3841655254,1.3834471703,1.3827962875,1.382212162,1.3817241192,1.3813047409,1.3809797764,1.3805662394,1.3802683353,1.3803691864,1.3805172443,1.3807115555,1.3809515238,1.3812355995,1.3815453053,1.3817996979,1.3796684742,1.3751726151,1.370752573,1.3664069176,1.3621351719,1.3579354286,1.3538076878,1.3497502804,1.3457615376,1.3418383598,1.3379650116,1.3341585398,1.3304183483,1.3267424107,1.3231313229,1.3195828199,1.3160971403,1.3126730919,1.3093106747,1.3060081005,1.3027648926,1.2995809317,1.2964551449,1.293387413,1.2903761864,1.2874213457,1.284522295,1.2816771269,1.2788844109,1.2761579752,1.2734915018]},"mean_loss:":{"0":0.1674295813},"rmse":{"0":0.4091815948},