{"max_q":{"0":11.2215766907},"min_q":{"0":-0.1933662891},"mean_q":{"0":5.3706769943},"range_q":{"0":11.4149427414},"step_max_q":{"0":[10.3538198471,10.5592937469,10.7660312653,10.9459257126,11.2215766907,11.0808563232,10.5411949158,10.2428588867,9.9797506332,9.6924228668,9.6149120331,9.2901535034,9.1845817566,8.7514095306,8.6390676498,8.3669223785,7.9966888428,8.323299408,8.0758190155,7.4577579498,7.3858737946,6.8550658226,6.9284543991,6.977411747,6.3965806961,6.0046687126,5.7157120705,5.3579945564,4.7364006042,4.8972334862,4.6520638466,4.4506072998,4.1257209778,3.9493525028,3.2471194267,3.050485611,2.5569648743,2.9356999397,2.7113947868,2.0909605026,1.8476406336,1.7042860985,1.6378438473,1.5407121181,1.4408438206,1.0890353918,0.8071104884,0.5272192955,0.5900836587,0.4713695943,0.387355268,0.332061708,0.4110659957,0.1794317365,0.0014349185,0.0,0.0]},"step_min_q":{"0":[9.472574234,9.3850946426,9.1753940582,9.5274047852,9.5347547531,9.3752880096,9.0677871704,8.4515514374,8.2865934372,7.5687713623,7.3415050507,6.8129444122,6.1424341202,5.7833423615,5.0107984543,4.6439208984,4.4439611435,3.8436696529,3.442759037,3.0205364227,2.6547880173,2.2868118286,1.802767396,1.4637775421,1.2470108271,0.9916333556,0.575860858,0.4245622754,0.1784931421,0.0738389492,-0.0091148615,-0.058080852,-0.0578146577,-0.1388977766,-0.1434821486,-0.1201238632,-0.1855654716,-0.1447175145,-0.1452877522,-0.1420864761,-0.1933662891,-0.1144234538,-0.0802681595,-0.1074649096,-0.0526318848,-0.0916790068,-0.163740322,-0.0534739196,-0.0070163012,-0.0441067517,-0.0513426214,0.0,0.0,0.0,0.0,-0.0062853564,-0.0831020996]},"step_mean_q":{"0":[10.0025653839,10.1167125702,10.2108078003,10.370092392,10.481924057,10.2687740326,9.8225393295,9.5048217773,9.1986598969,8.903968811,8.5550365448,8.2075147629,7.8924388885,7.5318021774,7.1930541992,6.8350901604,6.4621257782,6.0850725174,5.6735868454,5.2774085999,4.8674449921,4.4500513077,4.0700540543,3.6784789562,3.3021094799,2.9282953739,2.5773501396,2.2442190647,1.9318481684,1.6377466917,1.3727083206,1.1363703012,0.9375260472,0.7669017315,0.6246777177,0.5163279176,0.4369234443,0.3718366921,0.3438429832,0.3106785715,0.2673328519,0.2478617132,0.2288108617,0.2254864872,0.2053970098,0.1929677129,0.1914605945,0.1779695153,0.1987368315,0.1363360286,0.1418804079,0.211526379,0.4110659957,0.1794317365,0.0014349185,-0.0062853564,-0.0831020996]},"episodes_still_running":{"0":[4096.0,4096.0,4096.0,4096.0,4096.0,4096.0,4096.0,4096.0,4096.0,4096.0,4096.0,4096.0,4096.0,4096.0,4096.0,4096.0,4096.0,4096.0,4096.0,4096.0,4096.0,4096.0,4096.0,4096.0,4096.0,4096.0,4096.0,4096.0,4096.0,4096.0,4088.0,4052.0,3964.0,3844.0,3600.0,3272.0,2824.0,2376.0,1788.0,1344.0,1032.0,744.0,524.0,336.0,232.0,160.0,104.0,76.0,36.0,28.0,20.0,12.0,4.0,4.0,4.0,4.0,4.0]},"step_range_q":{"0":[0.8812456131,1.1741991043,1.590637207,1.4185209274,1.6868219376,1.7055683136,1.4734077454,1.7913074493,1.693157196,2.1236515045,2.2734069824,2.4772090912,3.0421476364,2.9680671692,3.6282691956,3.7230014801,3.5527276993,4.4796295166,4.6330599785,4.4372215271,4.7310857773,4.568253994,5.1256871223,5.5136342049,5.1495699883,5.0130352974,5.1398510933,4.9334321022,4.5579075813,4.8233947754,4.6611785889,4.508687973,4.1835355759,4.0882501602,3.390601635,3.1706094742,2.7425303459,3.0804173946,2.856682539,2.2330470085,2.0410070419,1.8187096119,1.7181119919,1.6481770277,1.4934756756,1.1807143688,0.9708508253,0.5806932449,0.5970999599,0.515476346,0.4386978745,0.332061708,0.4110659957,0.1794317365,0.0014349185,0.0062853564,0.0831020996]},"mean_loss:":{"0":0.0535349026},"rmse":{"0":0.2313761115},"step_rmse":{"0":[0.100265108,0.1112206131,0.1241666377,0.1633047014,0.2220138907,0.2459379435,0.2492022812,0.2678149939,0.2702405751,0.2746474743,0.286170572,0.2786940634,0.3043782413,0.2897129357,0.2890615463,0.3020144403,0.3051833808,0.3077351749,0.2926060259,0.3055851161,0.3005141616,0.2892390788,0.2803413272,0.2637140453,0.2578186095,0.2377621084,0.230281949,0.2158184797,0.1933986545,0.1708611101,0.1553352177,0.1382455528,0.1231731027,0.1308731288,0.1133669913,0.1027853787,0.0863888189,0.0817631707,0.0723660067,0.0742469206,0.0655809045,0.0662960857,0.0625631362,0.0717811733,0.089623943,0.0868191421,0.1009125561,0.055570282,0.0866244361,0.0581769273,0.0310228653,0.024689829,0.0503340364,0.2928655744,0.3282576203,0.3837276101,0.3455274105]},"rmse_by_q":{"0":4.30813694},"step_rmse_by_q":{"0":[1.002393961,1.0993751287,1.2160315514,1.5747660398,2.1180641651,2.3950078487,2.5370454788,2.8176751137,2.9378254414,3.084551096,3.3450536728,3.3955960274,3.8565802574,3.8465287685,4.018620491,4.4185876846,4.7226471901,5.0572147369,5.1573376656,5.790438652,6.1739611626,6.4996795654,6.887901783,7.1691060066,7.8076944351,8.11947155,8.9348335266,9.6166400909,10.0110683441,10.4326944351,11.3159675598,12.1655378342,13.1380987167,17.0651760101,18.1480770111,19.9069957733,19.7720718384,21.9890003204,21.0462360382,23.8983078003,24.5315551758,26.7472057343,27.3427314758,31.8339138031,43.6344909668,44.9915390015,52.7066955566,31.224609375,43.5875091553,42.6717185974,21.8655033112,11.6722221375,12.2447576523,163.2183837891,22876.39453125,-6105.1049804688,-415.7865905762]},"mean_error":{"0":0.1668181419},"step_mean_error":{"0":[0.0771466196,0.0891754776,0.0976808593,0.1278733611,0.1730222702,0.1927663982,0.1892265975,0.2071633637,0.2108495086,0.2116268575,0.2252171636,0.2174703181,0.237018913,0.2270748019,0.2268037796,0.2363412827,0.2389565706,0.2376762182,0.2362452149,0.2370351404,0.2351512313,0.2282158434,0.2188007087,0.2080046833,0.20265764,0.1838490814,0.1758406907,0.1592193544,0.1426820457,0.1281322241,0.1120130271,0.0965513363,0.0848933384,0.0799042583,0.0715985894,0.0658300072,0.0571281724,0.0536195822,0.0514260978,0.0524381474,0.0464339517,0.048380442,0.0426147431,0.0475290604,0.0534551293,0.0529365651,0.0560507625,0.0417037979,0.0677083507,0.0472835377,0.025842661,0.0238769799,0.0503340364,0.2928655744,0.3282576203,0.3837276101,0.3455274105]},"mean_q_deviation":{"0":12.6541137695},"step_mean_q_deviation":{"0":[0.7803913951,0.8880491257,0.9617442489,1.2440577745,1.6687552929,1.8971750736,1.959327817,2.1919353008,2.3110113144,2.3951585293,2.6536390781,2.6784367561,3.0257074833,3.0460748672,3.1912386417,3.5093591213,3.740881443,3.9532468319,4.2136082649,4.5486831665,4.882973671,5.1547780037,5.4532299042,5.7658462524,6.2878513336,6.4819946289,7.0590996742,7.3308496475,7.8346862793,9.8767948151,9.9140424728,12.8359498978,15.4526758194,20.6460914612,96.9899291992,33.9882469177,57.3600540161,64.8207855225,74.6777801514,73.3540649414,119.4160308838,71.5184860229,59.0973320007,65.8326644897,61.8914680481,62.3366546631,42.5995178223,52.7360725403,65.5842285156,125.3160705566,18.5459518433,17.7392196655,10.9089803696,62.008731842,99.5647659302,101.6652603149,131.6669616699]},"mean_range_deviation":{"0":1.4554239511},"step_mean_range_deviation":{"0":[6.159342289,6.7093877792,6.2684206963,7.5267472267,8.1444540024,9.2203187943,8.0312957764,8.1977443695,7.235804081,7.033765316,7.2652153969,6.5720214844,5.5040678978,6.3907055855,5.6978096962,5.2373585701,5.5956110954,5.4638037682,5.3620796204,4.7526040077,4.2907648087,3.9372873306,3.683722496,3.4005582333,3.5334150791,3.4288420677,3.1374647617,2.6091051102,2.5028011799,2.4333529472,2.4368288517,2.0801317692,1.9428623915,1.7449518442,1.9811369181,2.0748269558,1.8550823927,1.6611834764,1.7926208973,2.2092773914,2.1297380924,2.5370099545,2.3936371803,2.8925733566,4.0074763298,5.380669117,6.4695129395,5.8024835587,9.4352989197,9.0292892456,5.5773448944,7.6114459038,10.9089803696,62.008731842,99.5647659302,101.665222168,131.6669616699]},"epoch":{"0":90},"mask_name":{"0":"own_health"},"map_name":{"0":"corridor"}}