{"max_q":{"0":24.7819156647},"min_q":{"0":-1.138864994},"mean_q":{"0":3.8737337589},"range_q":{"0":25.9207801819},"step_max_q":{"0":[12.8632278442,12.840918541,14.6592998505,18.4448757172,20.8079128265,20.9720687866,21.9166221619,24.7819156647,23.3971328735,21.2944583893,19.1734695435,19.2187767029,18.6765098572,18.8717727661,17.9877357483,17.1014881134,16.3861179352,16.907749176,15.5109863281,16.4881877899,15.9206562042,15.7795810699,15.6286201477,15.5303916931,15.7250823975,15.9818973541,14.5577697754,13.5324287415,12.9068660736,13.1239681244,12.3067970276,13.0991897583,12.534989357,12.3558654785,11.3867816925,11.2945165634,11.1375799179,11.0294046402,10.0733146667,10.4676303864,11.1407928467,9.8943748474,9.3445196152,9.7380218506,9.3474807739,9.3978147507,9.3571434021,9.0147132874,9.0955085754,8.9470443726,8.5644636154,8.823261261,8.7294178009,8.6663608551,8.6962795258,8.0165901184,7.8763875961,8.3804616928,8.0100307465,8.1491918564,10.0864667892,7.8690624237,8.1150627136,8.3017730713,8.1085014343,8.1194152832,8.6907711029,8.5721054077,7.9861803055,7.7262015343,7.7767910957,8.2253255844,7.3410768509,7.3425946236,7.1459178925,7.2490048409,7.1905574799,6.875064373,7.3157653809,7.6852712631,7.4488258362,7.5150852203,7.5398459435,7.5821809769,7.6192207336,7.6157875061,7.4833693504,7.3848428726,7.1699924469,7.3139095306,7.6882696152,7.7717752457,7.7042760849,7.2313055992,8.0949325562,8.02576828,7.5981822014,7.7584190369,7.6292324066,7.6069955826,8.0674180984,7.5165777206,7.3581628799,8.2116909027,7.9391012192,8.068731308,7.8187837601,8.3799791336,8.4266891479,8.3130226135,8.1917676926,8.2397680283,7.9662623405,7.1088132858,7.9387464523,6.7906990051,6.7652025223,7.9394693375,7.3796811104,8.0778903961,7.1914129257,7.0945448875,5.6635398865,5.4908699989,4.5503149033,5.6366891861,6.0504560471,6.3036661148,6.0350089073,6.9041776657,5.6357774734,7.3131065369,5.9572749138,6.6600828171,7.4404153824,7.0271711349,7.1762228012,7.7320575714,6.2597389221,5.2447190285,5.5930905342,5.5318760872,6.3953318596,6.084010601,7.1512494087,5.9574365616,7.6354141235,5.8021726608,7.1621398926,7.3434057236,6.9789772034,7.3652052879,6.3884849548,6.7139964104,6.6923041344,6.9483089447,5.7680912018,4.9607071877,6.6153898239,7.2726426125,7.6308250427,6.7910561562,7.9795889854,6.8509168625,6.952041626,6.3073158264,5.512201786,6.252623558,5.3291954994,5.16117239,5.1753320694,7.1887311935,5.083029747,5.9471158981,6.4213132858,4.8348417282,5.3588700294,4.9980239868,4.86921978,4.3379545212,4.2383813858,4.6159238815,5.0778918266,5.2704401016,4.2136645317,4.3841257095,4.1684389114,2.9660477638,3.5940113068,3.4295473099,3.8366012573,3.411365509,3.841448307,3.3447766304,3.6354689598,3.2820587158,3.5318636894,3.3912005424,3.4246265888,3.3604011536]},"step_min_q":{"0":[2.3513734341,2.4682209492,2.3380246162,1.5644140244,1.6314641237,1.5164754391,1.4259250164,1.0511903763,0.8866060972,0.680095911,0.6079487801,0.5000724792,0.1347483397,0.1805856228,0.1655964851,-0.1578899622,-0.137422204,-0.1891593933,-0.2083127499,-0.2121375799,-0.3601740599,-0.4002476931,-0.3848189116,-0.3643817902,-0.5976266861,-0.6407380104,-0.4295170307,-0.3982838392,-0.454885006,-0.3945844173,-0.31511724,-0.486384511,-0.7441267967,-0.5785489082,-0.596600771,-0.6697324514,-0.559388876,-0.550290823,-0.3778307438,-0.7096369267,-0.9365794659,-1.091506958,-0.5750361681,-0.5896011591,-0.5040839911,-0.4250087738,-0.4157574177,-0.4176710844,-0.6676106453,-0.4603387117,-0.4467806816,-0.4428396225,-0.4994544983,-0.4325377941,-0.4881588221,-0.3620679379,-0.5151698589,-0.5311872959,-0.6492648125,-0.4718401432,-0.5611588955,-0.3209145069,-0.416662693,-0.2859911919,-0.6238865852,-0.3358812332,-0.4056273699,-0.3843841553,-0.4778863192,-0.32465446,-0.3567506075,-0.4295711517,-0.3546360731,-0.3694813251,-0.316296339,-0.3120018244,-1.138864994,-0.3414866924,-0.3709704876,-0.4021519423,-0.3580329418,-0.3653482199,-0.3148962259,-0.5191193819,-0.4006122351,-0.3992863894,-0.3986591101,-0.4252961874,-0.3456575871,-0.4187767506,-0.2567406893,-0.3686430454,-0.3520549536,-0.341245532,-0.2647172213,-0.4001022577,-0.2287921906,-0.2137206793,-0.1785523891,-0.2305152416,-0.2632992268,-0.2943272591,-0.5106440783,-0.5966637135,-0.5801649094,-0.4196527004,-0.4828836918,-0.4901810884,-0.3623685837,-0.4946945906,-0.3730973005,-0.2355231047,-0.3997606039,-0.250803709,-0.3898290396,-0.4720623493,-0.4830420017,-0.4725458622,-0.5215585232,-0.4121212959,-0.4092828035,-0.2913581133,-0.4998902082,-0.4385175705,-0.425209403,-0.4305869341,-0.1466368437,-0.4764207602,-0.443772316,-0.1293506622,-0.3018110991,-0.4199085236,-0.507139802,-0.3697416782,-0.3708074093,-0.3478925228,-0.3264962435,-0.3089314699,-0.2911611795,-0.2742848396,-0.2596124411,-0.363041997,-0.4888849258,0.0,-0.1534086466,-0.1062512398,0.0,0.0,-0.0744863749,0.0,-0.0964763165,-0.0579289198,0.0,0.0,-0.0619858503,0.0,-0.041301012,-0.0351719856,0.0,0.0,-0.1006573439,0.0,-0.0826716423,-0.2508574724,0.0,-0.1021249294,0.0,0.0,0.0,-0.0892506838,0.0,0.0,0.0,0.0,-0.0885795355,-0.2048852444,0.0,0.0,0.0,0.0,-0.0325242281,-0.1515452862,0.0,0.0,0.0,0.0,-0.0027208328,-0.1020826101,0.0,0.0,-0.1502346992,0.0,-0.0922646523,-0.1768499613,-0.0125119686,-0.0992205143,0.0,0.0,0.0,-0.1128144264]},"step_mean_q":{"0":[7.3120274544,7.3712759018,7.3775992393,7.3426828384,7.3269720078,7.232711792,7.153192997,6.9851903915,6.7498140335,6.5543203354,6.2756361961,5.9593176842,5.6695079803,5.3768019676,5.0417103767,4.7284674644,4.4475693703,4.1526861191,3.8687551022,3.637709856,3.3802742958,3.1447741985,2.9306662083,2.7379136086,2.5616180897,2.4127554893,2.3131451607,2.212420702,2.142115593,2.0840263367,2.0273838043,2.0003244877,1.9473268986,1.9286010265,1.8780958652,1.8348908424,1.8074622154,1.7563689947,1.7202708721,1.7033663988,1.6462298632,1.6114003658,1.592533946,1.5755627155,1.5212228298,1.5313361883,1.5225696564,1.5104595423,1.4834789038,1.4584091902,1.4477279186,1.4607639313,1.4111971855,1.3786042929,1.3596463203,1.375026226,1.3916100264,1.3552972078,1.356959939,1.3032609224,1.2759584188,1.2755529881,1.222350955,1.1736781597,1.1743946075,1.1942033768,1.1691564322,1.165815115,1.1847093105,1.0975464582,1.0699522495,0.986602664,0.9984139204,1.0127210617,1.0099619627,1.0009386539,0.93987602,0.9285551906,1.0024690628,1.0192673206,1.0177196264,0.9894214272,1.0394328833,1.0362849236,1.0743728876,1.0934997797,1.1304960251,1.1346632242,1.1198319197,1.0922014713,1.0813064575,1.108800292,1.1553200483,1.0911712646,1.1035946608,1.169677496,1.2347693443,1.1016503572,1.1193768978,1.1572067738,1.1514383554,1.0951859951,1.1262948513,1.120583415,1.133382082,1.1152453423,1.0726780891,1.0383189917,1.0722044706,1.0581996441,1.0693901777,1.0811847448,1.0533994436,0.9236747026,0.9769103527,0.936414063,0.952953577,0.9663714767,0.9552922845,0.9563262463,0.9793149233,0.9725046754,0.9072643518,0.925750196,0.8665892482,0.8814094067,0.9161211252,0.8725733161,0.875748992,0.8771985769,0.853055656,0.9005303979,0.8293732405,0.8502797484,0.8293790221,0.8396453857,0.8690069318,0.8596222997,0.8172611594,0.7916818261,0.8162811399,0.7877165675,0.8157889247,0.8709836006,0.9017694592,0.8547124267,0.9658468962,0.8814831376,0.9279806614,0.9430282116,0.9088417292,0.9991832376,0.958753109,0.9198324084,0.9236766696,0.9596210718,0.8830965757,0.8861970305,0.9233108163,0.9671311378,0.9741371274,0.9343495369,1.0057444572,0.9561348557,0.9467241764,0.925293982,0.92576617,0.9162167311,0.9626381397,0.996034205,0.9355516434,1.0326097012,0.9818996787,0.975951612,1.0130157471,0.9386478066,0.9904184341,0.9582667947,0.9289264083,0.8877049088,0.909052372,0.8772655129,0.8971171975,0.8853743076,0.8496027589,0.8805272579,0.8694996238,0.8003998399,0.8526183367,0.7857857347,0.8749022484,0.8486286998,0.8384676576,0.8575637937,0.8437049985,0.8046062589,0.8341013789,0.8441092968,0.8171288967,0.8573317528]},