{"max_q":{"0":27.3998222351},"min_q":{"0":-1.6419223547},"mean_q":{"0":7.9900183678},"range_q":{"0":29.0417442322},"step_max_q":{"0":[25.1651191711,25.6363105774,25.9602470398,26.1094512939,26.7732887268,27.220703125,27.3998222351,26.5486030579,24.5688762665,25.1660614014,24.3565673828,23.5569152832,22.8801765442,23.0867786407,23.0082817078,21.8830833435,22.3578109741,21.3341617584,21.8636226654,22.3382339478,21.986000061,21.504234314,21.6764373779,22.4296531677,21.1496620178,20.5769844055,20.1237449646,18.7105331421,19.127872467,18.8561134338,17.3134994507,16.5158576965,17.7341156006,17.5475769043,16.7408103943,16.2554626465,16.0704460144,14.7510290146,15.654004097,15.4688158035,14.1958503723,14.5855407715,14.2503681183,12.1855068207,12.00552845,12.3566055298,11.7548618317,12.1618270874,11.3224697113,11.0395870209,10.7978839874,11.0969581604,10.1820316315,10.2016906738,9.9771327972,11.6336965561,11.3285722733,11.1478271484,11.2397899628,9.8322753906,10.9522914886,10.3051948547,10.5961170197,9.4897441864,9.4510564804,9.1629333496,8.3440685272,8.6589984894,8.451177597,7.1872291565,7.1057004929,7.0654191971,6.5102243423,6.4635486603,6.5351381302,6.4707241058,6.0775718689,5.9026727676,6.075720787,5.8491249084,5.6419973373,5.7585372925,5.2992429733,6.031791687,5.6074571609,5.2423658371,5.2216491699,5.2525434494,4.9015331268,5.0475611687,5.1085615158,5.1613378525,5.2656335831,5.1911487579,5.1609582901,5.4141736031,5.2215704918,5.1589121819,5.0877757072,4.7622356415,4.8508481979,4.8594031334,4.6325054169,4.6100511551,4.5999755859,4.3200244904,4.3233413696,4.3221831322,4.0634531975,4.0530357361,4.0493068695,3.456761837,3.2044262886,3.3157334328,3.210603714,3.2375252247,3.3884956837,4.0764818192,4.3235373497,4.3144526482,4.2725195885,4.2573022842,3.456278801,3.432785511,3.2917728424,2.4060173035,3.134873867,2.9772672653,2.8402581215,2.7638711929,2.7593197823,2.6188645363,2.5076656342,2.3933210373,2.2848777771,2.2454707623,2.4260411263,2.098197937,1.8186810017,1.7698831558,1.9754657745,1.7696266174,1.9074031115,1.95563972]},"step_min_q":{"0":[10.3421802521,10.3937616348,9.4408407211,9.1955394745,9.5758714676,8.3017320633,7.7392373085,7.5740213394,6.9162354469,6.6725759506,6.2360720634,5.7804822922,5.3167228699,5.2749948502,4.3321609497,3.599416256,3.4777870178,2.5264716148,2.4994869232,2.1809427738,1.7446848154,1.2698135376,1.0048582554,-0.0556001663,0.2535963058,0.2470359802,-0.3193587065,-0.2833832502,-0.3204864264,0.0,-0.5397008657,-0.5362818241,-0.680783987,-0.191865921,-0.2555487156,-0.2734413147,-0.6156164408,-0.990028739,-0.9500361681,-0.4540331364,-0.2944871187,-0.2532185316,-0.316693902,-0.4094554186,-0.7023557425,-0.3846168518,-0.4708435535,-0.5941976309,-0.4703755379,-0.4925618172,-0.8538820744,-1.1189157963,-1.0998468399,-1.0504450798,-1.1804459095,-1.0391635895,-0.9587079287,-1.2367569208,-0.7754774094,-0.5291460752,-0.6209712029,-0.4417185783,-0.4475772381,-0.4787334204,-0.5183647871,-0.3639787436,-0.403498888,-0.6576144695,-0.8022117615,-0.937074542,-0.8921717405,-0.855280757,-0.8323919773,-0.7833000422,-0.7281764746,-0.7010045052,-0.6058303118,-0.6436294317,-0.6773965359,-0.4339851141,-0.7779349089,-0.6040767431,-0.7939580679,-0.7285081148,-0.9446848631,-0.6774220467,-0.915717721,-0.8943225145,-0.8562804461,-0.3110646009,-0.6693208218,-0.787783742,-0.9659831524,-1.6419223547,-1.4176187515,-1.3260079622,-0.1322577596,0.0,0.0,-0.1741394997,-0.2231777906,-0.2084473372,-0.1365494728,-0.2228111625,-0.2356674075,-0.2399687171,0.0,-0.0205783248,0.0,0.0,0.0,0.0,0.0,-0.238807261,-0.2461256981,-0.2523456216,0.0,0.0,0.0,0.0,0.0,0.0,0.0,0.0,0.0,0.0,0.0,0.0,0.0,0.0,0.0,0.0,0.0,0.0,0.0,0.0,0.0,0.0,0.0,0.0,0.0,0.0,0.0,0.0]},"step_mean_q":{"0":[13.6805734634,13.6871919632,13.6104278564,13.665189743,13.7146625519,13.6482448578,13.5424747467,13.4781446457,13.3570289612,13.2003059387,13.0170068741,12.8219146729,12.6250991821,12.3850126266,12.1125841141,11.872677803,11.6133022308,11.2953605652,11.0092258453,10.7398262024,10.4439849854,10.1244392395,9.8406572342,9.55078125,9.2673177719,8.9853076935,8.7208824158,8.4735736847,8.2273416519,7.9660439491,7.7337474823,7.5191750526,7.2819008827,7.0574641228,6.8538970947,6.6468429565,6.4269676208,6.2354688644,6.0489840508,5.8684597015,5.6749138832,5.489481926,5.3220210075,5.1563081741,4.9836807251,4.8444361687,4.7037425041,4.556833744,4.4266710281,4.3177638054,4.194849968,4.0761442184,3.9780876637,3.8790957928,3.7902667522,3.7409420013,3.6616454124,3.5811841488,3.5067493916,3.4295749664,3.3688886166,3.2965083122,3.2215416431,3.1535453796,3.0912702084,3.0085680485,2.9396522045,2.8609411716,2.7906644344,2.7204589844,2.6769530773,2.6524679661,2.6206803322,2.5498549938,2.4976086617,2.452694416,2.395288229,2.3421671391,2.3274059296,2.261384964,2.1885380745,2.1266388893,2.088653326,2.1024348736,2.0621304512,2.0867638588,2.0905482769,2.0744256973,2.0807332993,2.0676386356,2.1869995594,2.1411311626,2.0811622143,2.1377692223,2.0522387028,2.0562028885,2.1804161072,2.0853540897,2.0199449062,1.9629360437,1.9249966145,1.8708517551,2.0303440094,2.0281279087,1.8165581226,1.7417285442,1.9564956427,1.875038147,1.7897993326,1.7082362175,1.581969142,1.5609029531,1.5070426464,1.6400412321,1.7018966675,1.7150626183,2.0040745735,2.1941354275,2.1759142876,2.2960965633,2.2842023373,2.2618734837,1.8668285608,2.1564247608,2.0747272968,2.0174403191,2.0448870659,1.9768787622,1.9942113161,1.8462001085,1.8735072613,1.7913831472,1.6433730125,1.4758735895,1.4708083868,1.7253909111,1.9039149284,1.7892961502,1.6103620529,1.5093836784,1.4787510633,1.7696266174,1.9074031115,1.95563972]},"episodes_still_running":{"0":[4096.0,4096.0,4096.0,4096.0,4096.0,4096.0,4096.0,4096.0,4096.0,4096.0,4096.0,4096.0,4096.0,4096.0,4096.0,4096.0,4096.0,4096.0,4096.0,4096.0,4096.0,4096.0,4096.0,4096.0,4096.0,4096.0,4096.0,4096.0,4095.0,4093.0,4093.0,4093.0,4093.0,4091.0,4091.0,4089.0,4086.0,4082.0,4074.0,4065.0,4059.0,4046.0,4029.0,4015.0,3993.0,3955.0,3915.0,3873.0,3812.0,3747.0,3677.0,3582.0,3477.0,3378.0,3237.0,3076.0,2949.0,2790.0,2644.0,2499.0,2339.0,2177.0,2007.0,1846.0,1690.0,1567.0,1445.0,1312.0,1187.0,1074.0,982.0,882.0,806.0,736.0,671.0,616.0,545.0,487.0,428.0,391.0,341.0,307.0,277.0,242.0,219.0,197.0,181.0,170.0,146.0,130.0,116.0,103.0,95.0,86.0,83.0,75.0,66.0,63.0,55.0,51.0,46.0,39.0,32.0,30.0,28.0,25.0,22.0,20.0,19.0,18.0,18.0,15.0,15.0,12.0,12.0,11.0,9.0,8.0,8.0,7.0,7.0,7.0,6.0,5.0,5.0,4.0,4.0,4.0,4.0,4.0,4.0,4.0,4.0,3.0,3.0,2.0,2.0,2.0,2.0,2.0,2.0,1.0,1.0,1.0]},