{"max_q":{"0":24.734331131},"min_q":{"0":-0.8712280393},"mean_q":{"0":4.2807383537},"range_q":{"0":25.6055583954},"step_max_q":{"0":[17.80768013,17.4819469452,19.2130470276,20.3138885498,19.4816436768,18.5725345612,21.2148132324,19.4375629425,20.0865745544,20.5699043274,19.0782966614,20.7379016876,18.5880851746,19.7838592529,20.7915802002,19.5482273102,23.8434200287,24.734331131,20.4982910156,19.4868850708,18.4481258392,18.5827007294,17.3028297424,17.6781425476,16.064043045,15.4561080933,15.3880004883,14.3164358139,14.9915781021,14.3975982666,17.9228000641,13.1083745956,14.0079269409,13.0300941467,12.2633237839,12.3394641876,12.2414560318,13.7440013885,12.8114595413,13.8216876984,13.827208519,12.9319677353,12.8693027496,14.6690998077,12.5246667862,13.5297880173,13.0765743256,13.1171703339,12.6719293594,13.2204647064,11.9418716431,11.2875490189,10.9757223129,9.9259347916,9.6966495514,10.0692873001,9.6274909973,8.3340501785,8.7375106812,9.8467330933,7.933921814,8.7748403549,8.5002574921,8.1300230026,8.5199871063,8.2506093979,7.1122202873,7.6542987823,6.8041501045,5.7609329224,6.2541260719,5.4145207405,4.5536355972,4.9223718643,4.1892118454,3.6780562401,3.8146314621,3.6388685703,2.6517164707,2.6171967983,2.6504530907,2.7793228626,2.7247717381,2.6740319729,2.8017156124,2.7358138561,2.6334552765,2.786875248,2.72874403,2.6007423401,2.7452919483,2.71362257,2.5811936855,2.6987895966,2.7182433605,2.5655961037,2.7089278698,2.6827042103,1.2425172329]},"step_min_q":{"0":[1.7195672989,0.3019667268,0.0,-0.2711465359,-0.1583047509,-0.1115835831,-0.1225328296,0.0,0.0,-0.2707076371,-0.0236715972,-0.0928324685,-0.1875908524,-0.0922446549,-0.2272448242,-0.1771300584,-0.5185195804,-0.4503521025,-0.4759298563,-0.5440673232,-0.5449723005,-0.5877130628,-0.5585616231,-0.5931534767,-0.5766113997,-0.5505668521,-0.5761175156,-0.6060954928,-0.5591084957,-0.5807282925,-0.57534343,-0.5690006018,-0.6228325963,-0.6277129054,-0.6290957928,-0.6158980727,-0.6282198429,-0.6215724349,-0.5764366388,-0.5241211057,-0.571424365,-0.5561013222,-0.5254265666,-0.5839614272,-0.575725913,-0.4951912761,-0.5746433735,-0.5671414137,-0.8712280393,-0.5342160463,-0.4746774435,-0.3405087888,-0.4717150927,-0.3792890906,-0.4198393822,-0.4520042837,-0.4302534461,-0.464145422,-0.5743061304,-0.6954330206,-0.4216861725,-0.4064120054,-0.4395121336,-0.2431294024,-0.4659929872,-0.1547269821,-0.4864183068,-0.0903049111,-0.2512485981,-0.4169080853,-0.3747876883,-0.3384466469,-0.3379585445,-0.462655127,-0.0387659073,-0.1202171817,-0.1929981709,-0.2983451188,-0.2051953375,-0.1518750787,-0.2646493614,-0.1692033112,-0.111386925,-0.2545190454,-0.1223883256,-0.0484579802,-0.1837271154,-0.0283328742,-0.0074310154,0.0,0.0,0.0,0.0,0.0,0.0,0.0,0.0,0.0,0.0]},"step_mean_q":{"0":[8.1882314682,8.2638406754,8.1459207535,8.0226316452,7.917965889,7.7055196762,7.5416331291,7.2642664909,7.0079979897,6.7070946693,6.382543087,6.0411725044,5.63316679,5.1937470436,4.7236976624,4.2640309334,3.8884637356,3.5667746067,3.2654223442,2.9732327461,2.7032504082,2.4769458771,2.2624075413,2.0681881905,1.8722243309,1.7543450594,1.6052972078,1.5166444778,1.4525251389,1.3996049166,1.3363788128,1.3159788847,1.2778756618,1.2407077551,1.1844953299,1.1463979483,1.1310931444,1.0904084444,1.0814505816,1.0879244804,1.0504789352,1.0701711178,1.1015665531,1.096082449,1.110024929,1.119974494,1.1371563673,1.1656889915,1.2105344534,1.1924566031,1.2028849125,1.1057350636,1.0846370459,1.0476275682,1.0057301521,1.047315836,1.1108025312,1.1156374216,1.1179045439,1.1498823166,1.0618680716,1.0921170712,1.0907877684,1.0646308661,1.0007382631,0.8853571415,0.8230307698,0.8275803924,0.8732857108,0.7238404155,0.7237228751,0.7484640479,0.7236163616,0.6581431627,0.7500253916,0.6556019187,0.7922251225,0.8167398572,0.8277353048,0.7137908936,0.7290759087,0.7899562716,0.7880644202,0.732028842,0.7550943494,0.7672921419,0.6612596512,1.01635921,1.0141137838,1.1500910521,1.2431619167,1.3249806166,1.4546898603,1.352825284,1.2590565681,1.1951675415,1.4295374155,1.3312221766,0.6555559635]},"episodes_still_running":{"0":[4096.0,4096.0,4088.0,4080.0,4075.0,4069.0,4060.0,4053.0,4045.0,4040.0,4032.0,4021.0,4003.0,3977.0,3939.0,3879.0,3810.0,3732.0,3671.0,3577.0,3486.0,3413.0,3292.0,3200.0,3095.0,2974.0,2813.0,2698.0,2570.0,2423.0,2286.0,2121.0,1981.0,1849.0,1729.0,1599.0,1480.0,1359.0,1237.0,1131.0,1029.0,930.0,838.0,762.0,684.0,609.0,544.0,491.0,441.0,383.0,348.0,302.0,269.0,235.0,208.0,184.0,164.0,135.0,117.0,100.0,89.0,78.0,70.0,66.0,61.0,52.0,48.0,42.0,39.0,39.0,36.0,35.0,30.0,27.0,23.0,22.0,19.0,16.0,15.0,11.0,10.0,9.0,8.0,8.0,8.0,8.0,8.0,6.0,5.0,4.0,4.0,3.0,3.0,3.0,3.0,3.0,3.0,3.0,2.0]},"step_range_q":{"0":[16.0881118774,17.1799793243,19.2130470276,20.5850353241,19.6399478912,18.6841182709,21.3373451233,19.4375629425,20.0865745544,20.8406124115,19.1019687653,20.8307342529,18.7756767273,19.8761043549,21.018825531,19.7253570557,24.3619403839,25.1846828461,20.9742202759,20.0309524536,18.9930973053,19.1704139709,17.8613910675,18.2712955475,16.6406536102,16.0066757202,15.9641180038,14.9225311279,15.5506868362,14.9783267975,18.4981441498,13.6773748398,14.6307592392,13.6578073502,12.8924198151,12.9553623199,12.8696756363,14.3655738831,13.3878965378,14.3458089828,14.3986330032,13.4880695343,13.3947296143,15.2530612946,13.1003923416,14.0249795914,13.6512174606,13.6843118668,13.5431575775,13.7546806335,12.4165487289,11.6280574799,11.4474372864,10.305223465,10.1164894104,10.5212917328,10.0577440262,8.7981958389,9.3118171692,10.5421657562,8.3556079865,9.1812524796,8.9397697449,8.3731527328,8.9859800339,8.40533638,7.5986385345,7.7446036339,7.055398941,6.1778411865,6.6289138794,5.7529673576,4.8915939331,5.3850269318,4.2279777527,3.798273325,4.0076293945,3.9372136593,2.8569118977,2.7690718174,2.9151024818,2.948526144,2.8361587524,2.9285509586,2.9241039753,2.7842717171,2.8171823025,2.8152081966,2.7361750603,2.6007423401,2.7452919483,2.71362257,2.5811936855,2.6987895966,2.7182433605,2.5655961037,2.7089278698,2.6827042103,1.2425172329]},"mean_loss:":{"0":0.7389817834},"rmse":{"0":0.8596404791},"step_rmse":{"0":[0.5687148571,0.620661974,0.6655396819,0.7414464951,0.8012093306,0.8371165991,0.889074564,0.9365783334,0.9521581531,1.0170296431,1.0677616596,1.015365243,1.0230476856,1.0714161396,1.0394635201,1.0379338264,1.0353033543,0.9931828976,0.9497404695,0.9362438917,0.913115263,0.8672543168,0.8884741664,0.8383715153,0.8047326207,0.7877725363,0.7669280767,0.7419114709,0.7231785655,0.7325809002,0.7080850601,0.697142899,0.7070147395,0.7308564186,0.720181644,0.7027056813,0.7080263495,0.679705143,0.6548066139,0.6747100353,0.6506083608,0.6245368719,0.6466415524,0.6383270025,0.6826543212,0.677433908,0.6822291613,0.7405638099,0.7488968372,0.6878879666,0.755507946,0.6537433863,0.6608344316,0.6250175238,0.6720749736,0.7093595862,0.6653947234,0.7309083343,0.7843381763,0.7925271988,0.7457671165,0.8883525133,0.9787262678,0.8978344798,0.8954750896,1.0488985777,1.006239295,0.9755452871,0.9786334038,1.002253294,1.0365214348,0.8269558549,1.058801055,1.1845374107,1.0883772373,1.0811605453,1.1032335758,1.3226044178,1.2157131433,1.0314877033,1.084530592,1.1693537235,1.3463591337,1.1548910141,1.2176915407,1.2388894558,1.2266994715,1.4325566292,1.4255242348,1.3937407732,1.4205152988,1.7349351645,1.3574877977,1.4189267159,1.1323350668,0.8710822463,0.712642312,0.8510259986,1.0437811613]},"mean_error":{"0":0.503892839},