{"max_q":{"0":18.7663936615},"min_q":{"0":-1.3833887577},"mean_q":{"0":8.5472650528},"range_q":{"0":20.1497821808},"step_max_q":{"0":[12.5416488647,15.6347894669,14.4287929535,13.2604494095,13.969540596,14.5211143494,14.9132499695,16.5590820312,16.3540782928,16.6955089569,18.6025447845,17.7819290161,17.9076366425,18.7663936615,17.3717441559,15.907828331,16.8833427429,14.4357042313,14.146894455,12.9053220749,12.3872861862,12.0333242416,11.6157503128,12.1592130661,12.1908817291,11.5865488052,10.6138792038,11.2401399612,10.6939849854,10.0544719696,10.5942811966,9.235701561,7.1724252701,3.5986070633,1.5260958672,1.1852868795,0.9165871143,0.6512933969,0.4636600018,0.2722964883,0.2907406092,0.3064354062,0.3064050078,0.0,0.8607016206,0.0,1.0635588169,0.4883417487,0.3850671053,0.0,0.9868602753,0.51114887,0.388912499,0.0,0.9678944945,1.0416570902,0.6113241315,0.3125837445,0.416166991,0.0,0.920864284,0.0731928945,0.6408462524,0.2988598347,0.3874464929,0.1626877487,0.9442315102,0.1972303391,0.6791561246,0.3358724713]},"step_min_q":{"0":[9.0261859894,9.3272705078,9.4024629593,7.3656072617,6.3583269119,6.4197568893,6.2326841354,5.0891227722,4.833647728,4.0571627617,3.4766850471,2.8253278732,2.5215661526,1.4064471722,0.7768003941,0.2237327099,-0.1587615013,-0.3309668303,-0.8958052397,-0.7814376354,-0.6565275788,-0.5483927727,-0.4109556079,-0.9854447246,-0.3182762265,-0.3502860069,-0.4109829664,-0.4090453684,-0.4825215936,-0.4077891707,-0.6228515506,-0.4934657812,-0.120307833,0.0,0.0,0.0,-0.0093453825,-0.1377703249,-0.21285972,-0.3125001788,-1.0985302925,-1.3041101694,-0.8308967352,-1.1836247444,-1.3588505983,-0.873284936,-1.2297426462,-1.3833887577,-1.148086071,-0.9690747261,-1.3683991432,-0.5799772739,-1.2707858086,-0.5796365142,-1.1988034248,-0.2120476961,-0.8734112978,-1.0737377405,-0.8112341762,-1.0474042892,-0.7470882535,-0.4468178153,-0.9808262587,-0.2760525346,-0.9720417261,-0.5489085913,-0.6715198755,-1.0358589888,-0.5084635615,-0.6647518873]},"step_mean_q":{"0":[11.4032821655,11.6147155762,12.0579175949,12.1843891144,12.3639001846,12.6784000397,12.1571922302,11.7297468185,11.1257514954,10.8992366791,10.4856519699,9.9219121933,9.3457164764,8.8839330673,8.4509124756,7.8058514595,7.5071754456,6.7643742561,6.3809227943,5.8391857147,5.4949212074,5.1874499321,4.9715576172,4.8574757576,4.7536082268,4.7657976151,4.8612475395,4.5207901001,3.6979088783,3.0143690109,2.7248933315,2.0470337868,1.7582861185,1.4367587566,0.6830447316,0.5156933665,0.3696123362,0.2476394176,0.1674758643,-0.0164368059,-0.4260301888,-0.5650958419,-0.4499669969,-0.9024001956,-0.4131939411,-0.7241857648,-0.3865878284,-0.4568274915,-0.5309822559,-0.6387104392,-0.4861179888,-0.1286968738,-0.6282064915,-0.4417381585,-0.3891514838,0.219500199,-0.2086639404,-0.2854132354,-0.2538110316,-0.5264578462,0.0414053015,-0.214879632,-0.3413303792,0.0479246564,-0.3997134864,-0.2875787914,-0.0892717615,-0.4272687435,-0.1009914652,-0.1687583476]},"episodes_still_running":{"0":[4096.0,4096.0,4096.0,4096.0,4096.0,4096.0,4096.0,4096.0,4096.0,4096.0,4096.0,4096.0,4096.0,4096.0,4096.0,4096.0,4096.0,4096.0,4096.0,4068.0,4028.0,3932.0,3872.0,3776.0,3628.0,3324.0,2716.0,2116.0,1368.0,880.0,428.0,160.0,48.0,20.0,12.0,12.0,12.0,12.0,12.0,12.0,12.0,12.0,12.0,12.0,12.0,12.0,12.0,12.0,12.0,12.0,12.0,12.0,12.0,12.0,12.0,12.0,12.0,12.0,12.0,12.0,12.0,12.0,12.0,12.0,12.0,12.0,12.0,12.0,12.0,12.0]},"step_range_q":{"0":[3.5154628754,6.307518959,5.0263299942,5.8948421478,7.6112136841,8.10135746,8.680565834,11.469959259,11.5204305649,12.6383457184,15.1258602142,14.9566011429,15.3860702515,17.3599472046,16.5949440002,15.6840953827,17.0421047211,14.7666711807,15.0426998138,13.6867599487,13.0438137054,12.5817165375,12.0267057419,13.1446580887,12.5091581345,11.9368343353,11.0248622894,11.6491851807,11.1765069962,10.4622612,11.2171325684,9.7291669846,7.2927331924,3.5986070633,1.5260958672,1.1852868795,0.9259325266,0.7890636921,0.6765197515,0.5847966671,1.3892709017,1.6105456352,1.1373016834,1.1836247444,2.2195522785,0.873284936,2.2933015823,1.871730566,1.5331531763,0.9690747261,2.3552594185,1.0911262035,1.6596982479,0.5796365142,2.166697979,1.2537047863,1.4847354889,1.3863215446,1.2274011374,1.0474042892,1.6679525375,0.5200107098,1.6216725111,0.5749123693,1.3594882488,0.7115963697,1.6157513857,1.2330893278,1.1876196861,1.0006244183]},"mean_loss:":{"0":1.3766565323},"rmse":{"0":1.1733100414},"step_rmse":{"0":[0.6460753679,0.7690252066,0.8359062076,0.511734128,0.3145657778,0.395165205,0.6024653316,0.7788638473,0.8564847112,1.0473219156,1.2779092789,1.4417754412,1.5812113285,1.7176557779,1.7439514399,1.7132248878,1.6069208384,1.5067483187,1.4302575588,1.2972086668,1.1767069101,1.058642745,1.0110747814,0.9765197635,0.9073539376,0.9669920206,1.0221198797,1.1227966547,1.1502763033,1.3837746382,1.7337790728,2.0537674427,2.720158577,4.0578374863,4.9691653252,4.6519732475,4.4486598969,4.0426630974,3.2120776176,2.3010280132,1.645336628,2.635494709,2.7319815159,2.1820397377,2.3634850979,2.9633419514,2.0328142643,1.3610746861,2.3563313484,1.204646945,1.1867330074,1.11137712,1.2360445261,1.0668605566,1.2466214895,0.9658447504,0.4633631706,0.944824338,0.8081310987,0.9772444963,0.8708982468,0.7116052508,0.8722495437,0.8399086595,0.7929797769,1.2709755898,1.1405512094,1.4165129662,2.1303637028,1.2115805149]},"rmse_by_q":{"0":13.727314949},"step_rmse_by_q":{"0":[5.6656966209,6.6211280823,6.9324264526,4.1999158859,2.5442278385,3.1168379784,4.9556288719,6.6400737762,7.6982192993,9.6091308594,12.1872177124,14.5312252045,16.9191017151,19.3344078064,20.6362495422,21.9479560852,21.4051322937,22.2747631073,22.4145870209,22.2155742645,21.4144458771,20.4077682495,20.3371829987,20.1034412384,19.087688446,20.2902450562,21.0258769989,24.8362922668,31.1061286926,45.9059486389,63.6274108887,100.3289489746,154.7051239014,282.4299926758,727.5021972656,902.0812988281,1203.6015625,1632.4796142578,1917.9345703125,-13999.240234375,-386.2018737793,-466.3801269531,-607.1514892578,-241.8040008545,-572.0037841797,-409.1963806152,-525.8350219727,-297.9406433105,-443.768371582,-188.6061248779,-244.1244812012,-863.5618286133,-196.7576904297,-241.5142364502,-320.3435058594,440.0199890137,-222.061920166,-331.037322998,-318.3987426758,-185.6263580322,2103.349609375,-331.1646118164,-255.5440673828,1752.5606689453,-198.3870544434,-441.9573364258,-1277.6169433594,-331.5274047852,-2109.44921875,-717.9381103516]},"mean_error":{"0":0.7866765857},"step_mean_error":{"0":[0.4741495252,0.5321936607,0.611297965,0.3887926936,0.2422330976,0.2672221661,0.4874475002,0.6125810146,0.6683591604,0.8057343364,0.9739527702,1.0921274424,1.2129794359,1.2901473045,1.30524683,1.2881948948,1.1947050095,1.0929223299,1.0201617479,0.8935763836,0.7966982722,0.7143233418,0.6545122862,0.6189831495,0.5595796704,0.59059304,0.6350865364,0.6887584925,0.7198498249,0.8122063279,1.1030100584,1.2522784472,1.6969681978,3.1204047203,4.1752691269,3.8980429173,3.732780695,3.3826477528,2.7277228832,1.9731048346,1.4652551413,2.2066404819,1.8621088266,1.8588804007,1.8835312128,2.1213068962,1.6529254913,0.9101297855,1.6214879751,1.0207132101,0.9754743576,0.83711344,0.9085902572,1.0155705214,0.9848197103,0.8874518275,0.4033977985,0.7687904239,0.5549986362,0.952514112,0.6720125079,0.6945856214,0.6237184405,0.7235000134,0.5361002088,1.1669515371,0.8745121956,1.2368000746,1.3902988434,0.9731478095]},"mean_q_deviation":{"0":43.3339729309},