{"max_q":{"0":20.3682689667},"min_q":{"0":-0.8556365967},"mean_q":{"0":5.8235020638},"range_q":{"0":21.2239055634},"step_max_q":{"0":[17.1841125488,18.1799507141,18.0946388245,18.7901554108,19.1340827942,19.1958332062,19.7366657257,20.3682689667,20.3562908173,20.0413551331,19.8762264252,20.0495262146,19.3530216217,19.4993896484,19.5179576874,18.7675819397,19.0312576294,18.6375179291,18.7714080811,18.7566051483,18.0049152374,17.7618026733,17.4952926636,17.1378688812,16.9880084991,17.1631546021,16.7566280365,16.2888278961,15.6843233109,15.9627161026,16.1690673828,15.767999649,15.7157993317,15.381360054,15.440246582,15.2787513733,15.0565786362,14.7921047211,14.4974021912,13.1743631363,13.3195161819,12.732585907,12.3416423798,11.5980081558,11.3768663406,11.600941658,11.3357496262,11.0322809219,10.7318477631,10.5772705078,10.9400291443,9.8611803055,9.8965740204,9.7752866745,9.3473882675,9.7255020142,9.620390892,9.5600805283,8.8906736374,9.0550680161,9.5111436844,9.2003974915,9.0664129257,9.0339784622,9.3326234818,9.0910596848,8.7414894104,7.9492492676,8.3127937317,8.0008869171,8.5578565598,8.2185211182,8.2010746002,7.8179254532,7.9632148743,8.0053739548,8.0944976807,7.6469860077,7.7575407028,7.9628238678,6.8926057816,6.7493209839,6.9496917725,7.0641841888,6.9625329971,6.8309354782,6.8126688004,6.5242214203,6.6144342422,6.2802753448,6.2039222717,6.3543672562,6.3220329285,6.4123697281,6.3728561401,6.5854005814,6.6928691864,6.2993001938,6.3349742889,5.7294397354,5.3842506409,5.5439805984,5.5672531128,5.4191875458,5.4517669678,5.4000825882,5.4081144333,5.3004407883,5.0305013657,5.1522407532,4.8939743042,5.3702778816,4.9478855133,5.123087883,4.8806400299,5.392583847,4.7802248001,5.0797843933,4.7474536896,5.3074302673,4.8207144737,5.1394691467,4.7960329056,4.986574173,4.7418589592,5.0289411545,4.9408731461,5.2429971695,4.8921785355,4.7518110275,5.75740242,5.7525281906,5.4621248245,5.0935416222,5.1670627594,4.6038198471,4.8969931602,4.9736394882,4.6375761032,4.9242510796,4.5709447861,4.6866006851,4.413667202,4.2028579712,4.4790916443,4.1875200272]},"step_min_q":{"0":[7.5312824249,7.1146221161,6.7161397934,6.3080768585,6.058599472,6.1426877975,5.0708408356,5.096950531,4.6433258057,4.489777565,4.4686355591,4.4105625153,3.647349596,3.2041869164,3.4153707027,3.3538000584,0.0,0.0,0.0,0.0,0.0,0.0,0.0,0.0,0.0,0.0,0.0,0.0,0.0,0.0,0.0,-0.2538503408,-0.1106299162,-0.3371839523,-0.5199828148,-0.5719246864,-0.5872457027,-0.6120983362,-0.7959094048,-0.8556365967,-0.7703063488,-0.8040897846,-0.8243641853,-0.6912324429,-0.7453684807,-0.692101717,-0.7353200912,-0.6673717499,-0.6644732952,-0.6412410736,-0.6231925488,-0.7104084492,-0.6370005608,-0.6225774288,-0.6368250847,-0.5782928467,-0.6445002556,-0.6550009251,-0.6475732327,-0.4814373255,-0.4935586452,-0.4385536909,-0.480391264,-0.4712085724,-0.4694110155,-0.406725049,-0.4109568596,-0.429427743,-0.3165551424,-0.3853305578,-0.3380303383,-0.3485910892,-0.3233054876,-0.2771555185,-0.1644064188,-0.2100559473,-0.2946094275,-0.187307477,-0.2481096983,-0.1847240925,-0.1663844585,-0.1455719471,-0.0947701931,-0.1099061966,-0.1949913502,-0.1690132618,-0.0482641459,0.0,0.0,0.0,0.0,-0.0190843344,-0.0796165466,0.0,0.0,0.0,0.0,0.0,0.0,0.0,0.0,0.0,0.0,0.0,0.0,0.0,0.0,0.0,0.0,0.0,0.0,0.0,0.0,0.0,0.0,0.0,0.0,0.0,0.0,0.0,0.0,0.0,0.0,0.0,0.0,0.0,0.0,0.0,0.0,0.0,0.0,0.0,0.0,0.0,0.0,0.0,0.0,0.0,0.0,0.0,0.0,0.0,0.0,0.0,0.0,0.0]},"step_mean_q":{"0":[10.7158555984,10.7025032043,10.5984954834,10.6920633316,10.7734651566,10.7991094589,10.7965354919,10.7705440521,10.7274475098,10.6335487366,10.4962415695,10.3309335709,10.1455507278,9.9398965836,9.7210483551,9.4954061508,9.2844352722,9.0457868576,8.8139591217,8.5877847672,8.3621616364,8.1080551147,7.8611159325,7.6037740707,7.3472905159,7.0839614868,6.8266973495,6.5749511719,6.3239674568,6.0863351822,5.8519048691,5.6176242828,5.38412714,5.1645894051,4.9411029816,4.7312316895,4.5267066956,4.3323578835,4.1370601654,3.9575822353,3.7713823318,3.6004042625,3.4477930069,3.2960445881,3.1464083195,3.0119557381,2.8898422718,2.7759666443,2.6686677933,2.5738880634,2.4946827888,2.4188439846,2.3598012924,2.3041965961,2.2663228512,2.2273552418,2.1977279186,2.1617524624,2.1221501827,2.092856884,2.077019453,2.0524859428,2.0410423279,2.0336434841,2.0352392197,2.0408990383,2.0319046974,2.0321662426,2.0404305458,2.0120756626,2.0008802414,1.9854133129,1.9764155149,1.9645485878,1.9657487869,1.9658662081,1.9941695929,1.9920432568,1.9806872606,1.9674844742,1.9374525547,1.9437638521,1.9628586769,1.9477525949,1.9489196539,1.9795854092,1.9778732061,1.9731184244,1.9739501476,1.9710483551,1.9341082573,1.9617718458,1.9453713894,1.8754249811,1.8867471218,1.8663728237,1.8518465757,1.8303617239,1.8139286041,1.8071585894,1.7893693447,1.7527062893,1.7639019489,1.7279492617,1.7167582512,1.7590990067,1.7257479429,1.7043325901,1.6303886175,1.645311594,1.726041317,1.8149474859,1.6990084648,1.7230452299,1.7856763601,1.7062381506,1.770934701,1.7764374018,1.8275067806,1.7370384932,1.7195789814,1.6492143869,1.7511725426,1.8245831728,1.7574133873,1.9844300747,1.816966176,1.9833464622,1.9767043591,1.7696348429,1.8145859241,1.8932447433,1.9335787296,2.0122835636,1.8811638355,1.8232616186,1.907998085,1.7276010513,1.8086724281,1.9222447872,1.7264821529,1.6919744015,1.7515368462,2.0076014996,2.0095827579,4.1875200272]},"episodes_still_running":{"0":[4096.0,4096.0,4096.0,4096.0,4096.0,4096.0,4096.0,4096.0,4096.0,4096.0,4096.0,4096.0,4096.0,4096.0,4096.0,4096.0,4095.0,4095.0,4095.0,4095.0,4095.0,4094.0,4094.0,4094.0,4094.0,4094.0,4094.0,4094.0,4094.0,4094.0,4094.0,4093.0,4093.0,4093.0,4092.0,4090.0,4090.0,4088.0,4087.0,4084.0,4077.0,4059.0,4044.0,4029.0,4006.0,3980.0,3945.0,3896.0,3833.0,3774.0,3693.0,3608.0,3507.0,3405.0,3287.0,3149.0,3015.0,2872.0,2754.0,2616.0,2488.0,2371.0,2240.0,2101.0,1976.0,1837.0,1729.0,1614.0,1513.0,1430.0,1343.0,1266.0,1199.0,1134.0,1068.0,995.0,931.0,872.0,816.0,760.0,705.0,658.0,611.0,579.0,546.0,513.0,483.0,456.0,420.0,385.0,354.0,328.0,315.0,296.0,278.0,259.0,240.0,222.0,207.0,188.0,177.0,171.0,163.0,152.0,140.0,125.0,114.0,105.0,95.0,85.0,76.0,66.0,63.0,54.0,48.0,43.0,38.0,35.0,31.0,27.0,26.0,23.0,19.0,15.0,15.0,13.0,13.0,11.0,11.0,10.0,10.0,10.0,9.0,8.0,7.0,6.0,6.0,6.0,6.0,5.0,5.0,5.0,4.0,3.0,3.0,1.0]},