{"max_q":{"0":23.5944747925},"min_q":{"0":-0.8903352022},"mean_q":{"0":4.5355582237},"range_q":{"0":24.4848098755},"step_max_q":{"0":[16.2000751495,17.0921783447,19.157289505,18.5829544067,19.7734889984,19.0444774628,17.6702041626,19.7153587341,18.6421108246,19.1227836609,22.7090301514,21.9776954651,20.4175815582,21.1044197083,17.143989563,16.9192466736,17.7971115112,18.4484806061,18.096031189,17.426486969,23.5944747925,17.6580715179,18.9256973267,17.6698246002,19.743680954,18.9065742493,20.0688171387,16.794752121,16.7492427826,16.4632759094,17.4952468872,18.6549568176,13.2860908508,13.6969146729,14.3891534805,12.9335813522,13.5909404755,13.5283412933,12.907995224,12.5646944046,12.6197471619,11.8168230057,11.3285102844,11.6862659454,11.9088277817,11.5049219131,12.0060043335,12.4449367523,11.6601905823,12.6241035461,12.8493366241,13.371430397,11.0376634598,11.1315031052,10.5019378662,10.0310411453,10.3639030457,10.666264534,10.8444337845,14.471452713,13.2812023163,15.5985393524,14.9349937439,9.2995586395,10.8880748749,6.216627121,5.9919409752,5.632791996,5.5372695923,5.535803318,4.1604475975,4.0989694595,4.0353593826,3.9808022976,3.9419426918,3.9152584076,3.7687766552,3.746216774,3.9806001186,3.8679814339,3.7982559204,3.7460100651,3.8524816036,3.8421645164,3.8874564171,2.3898665905,2.4574933052,2.9100189209,2.2608451843,2.4189493656,2.4268989563,2.6833999157,2.7377817631,2.7104449272,3.3806200027,2.9899070263,3.0223889351,2.9249901772]},"step_min_q":{"0":[1.6036252975,0.0,0.0,0.0,-0.1769756824,-0.3019077778,-0.1752355695,-0.2400769889,-0.1023455784,-0.2134129703,0.0,-0.0672602504,-0.0836174414,-0.1470419616,-0.306160301,-0.3266515136,-0.407128334,-0.4369120598,-0.4013504088,-0.3595772982,-0.4474415183,-0.2958585322,-0.4192712903,-0.4353238046,-0.4959703982,-0.3930472136,-0.3945679665,-0.4171205759,-0.4258978963,-0.5146346092,-0.4523332417,-0.4000002146,-0.3870190978,-0.6505806446,-0.7801662683,-0.8784220815,-0.6857361794,-0.8903352022,-0.7263146639,-0.8743112087,-0.3981517255,-0.5180587769,-0.3944680691,-0.4063012898,-0.292842567,-0.3340741098,-0.3306823671,-0.4374540448,-0.353272438,-0.3485209942,-0.3680444658,-0.4509947598,-0.425024122,-0.2847728133,-0.3544804454,-0.4529896379,-0.4515501857,-0.4983348846,-0.48522982,-0.2622584105,-0.1758685261,-0.2605943382,-0.2680349648,-0.2029686719,-0.0561365038,-0.1663092077,-0.2089327425,-0.1368169039,-0.2288878113,-0.121515438,-0.2163385004,-0.1383201778,-0.1235399246,-0.1916369647,-0.1956416965,-0.18043378,-0.2028382868,-0.211653918,-0.1797180474,-0.1525509655,-0.0014417619,-0.2376269102,-0.3305583596,0.0,0.0,0.0,0.0,-0.0308192968,0.0,0.0,0.0,0.0,0.0,0.0,0.0,0.0,0.0,0.0]},"step_mean_q":{"0":[8.5325202942,8.5494031906,8.4522247314,8.3167524338,8.2146072388,8.0218725204,7.7897958755,7.4782209396,7.2092828751,6.8947591782,6.585773468,6.2724838257,5.9104065895,5.5484762192,5.1243629456,4.6975550652,4.3138494492,3.909365654,3.5631034374,3.246181488,2.9623155594,2.7110624313,2.474162817,2.3080821037,2.1531236172,2.0143294334,1.8822920322,1.7809473276,1.6715717316,1.5982706547,1.5132550001,1.4495561123,1.4025069475,1.3835022449,1.3567963839,1.3092547655,1.2919875383,1.2744207382,1.2597317696,1.2477486134,1.2585704327,1.2512121201,1.306625843,1.3328254223,1.3331558704,1.3703081608,1.2781480551,1.2784672976,1.2742952108,1.2931582928,1.3562512398,1.3864457607,1.4171477556,1.3857699633,1.3911316395,1.531681776,1.6225532293,1.6807057858,1.7731587887,1.8163692951,1.7565582991,1.8767992258,1.8515443802,1.7787162066,1.895606041,1.7275526524,1.7782751322,1.8829364777,1.9194325209,1.8139075041,1.5418887138,1.4775176048,1.590796113,1.6184568405,1.634213686,1.5731607676,1.4911774397,1.5419061184,1.5454711914,1.6071497202,1.4959789515,1.5540282726,1.7729132175,1.7375053167,1.4912195206,1.3283133507,1.5056686401,1.4934689999,1.9233309031,1.9555314779,1.9916810989,2.2366728783,2.3392355442,2.649494648,3.3806200027,2.9899070263,3.0223889351,2.9249901772]},"episodes_still_running":{"0":[4096.0,4095.0,4090.0,4084.0,4080.0,4073.0,4065.0,4058.0,4047.0,4036.0,4021.0,4006.0,3989.0,3959.0,3921.0,3872.0,3806.0,3730.0,3641.0,3570.0,3492.0,3405.0,3308.0,3197.0,3094.0,2981.0,2855.0,2741.0,2624.0,2493.0,2344.0,2199.0,2050.0,1887.0,1743.0,1608.0,1483.0,1348.0,1229.0,1103.0,998.0,908.0,815.0,744.0,678.0,617.0,554.0,515.0,460.0,411.0,363.0,303.0,270.0,240.0,216.0,191.0,170.0,152.0,138.0,117.0,103.0,91.0,81.0,74.0,63.0,55.0,50.0,43.0,41.0,35.0,30.0,29.0,27.0,24.0,23.0,21.0,18.0,18.0,17.0,15.0,15.0,15.0,13.0,11.0,10.0,8.0,7.0,7.0,3.0,3.0,3.0,2.0,2.0,2.0,1.0,1.0,1.0,1.0]},"step_range_q":{"0":[14.596449852,17.0921783447,19.157289505,18.5829544067,19.9504642487,19.3463859558,17.8454399109,19.9554347992,18.7444572449,19.3361968994,22.7090301514,22.0449562073,20.5011997223,21.2514610291,17.4501495361,17.2458972931,18.2042388916,18.8853931427,18.4973812103,17.7860641479,24.0419158936,17.9539299011,19.3449687958,18.1051483154,20.2396507263,19.299621582,20.4633846283,17.2118721008,17.1751403809,16.9779109955,17.9475803375,19.0549564362,13.6731100082,14.347495079,15.1693201065,13.8120031357,14.276676178,14.4186763763,13.6343097687,13.4390058517,13.0178985596,12.3348817825,11.7229785919,12.0925674438,12.2016706467,11.8389959335,12.336687088,12.882390976,12.0134630203,12.9726247787,13.2173814774,13.8224248886,11.4626874924,11.4162759781,10.8564186096,10.4840307236,10.8154535294,11.1645994186,11.3296632767,14.7337112427,13.4570713043,15.8591337204,15.2030286789,9.5025272369,10.9442110062,6.3829364777,6.2008738518,5.7696089745,5.7661576271,5.6573185921,4.376786232,4.2372894287,4.1588993073,4.1724390984,4.1375842094,4.0956921577,3.9716148376,3.9578707218,4.1603183746,4.020532608,3.7996976376,3.9836368561,4.1830401421,3.8421645164,3.8874564171,2.3898665905,2.4574933052,2.9408383369,2.2608451843,2.4189493656,2.4268989563,2.6833999157,2.7377817631,2.7104449272,3.3806200027,2.9899070263,3.0223889351,2.9249901772]},"mean_loss:":{"0":0.626778245},"rmse":{"0":0.7916932702},"step_rmse":{"0":[0.5296598077,0.5787644982,0.6422681212,0.6829795241,0.7821658254,0.8240998387,0.8745067716,0.8872410655,0.8987864256,0.9141349792,0.9373631477,0.9596104026,0.9225010276,0.9338085055,0.9340125918,0.9524850845,0.9357582331,0.9073105454,0.8734963536,0.8349604607,0.8435385823,0.8030181527,0.7763980031,0.7749307752,0.8116875291,0.7365605235,0.7132287025,0.7636904716,0.6597243547,0.6412244439,0.6379508376,0.6372156739,0.6061731577,0.6168864369,0.5829178095,0.5875634551,0.5832666755,0.5748294592,0.5458976626,0.5700454116,0.5935664177,0.5788561106,0.587080121,0.6013092399,0.60125494,0.6333822012,0.6373263597,0.6299437881,0.626783669,0.6173591018,0.6643695831,0.7053337693,0.7240297198,0.7160943747,0.7867109776,0.793808341,0.8694219589,0.9395499229,0.949578166,1.2051724195,1.0043308735,1.2171211243,1.0996563435,0.7986818552,0.8278641701,0.8990621567,0.9139241576,1.0963205099,1.0230321884,1.0875943899,0.963490665,1.0515540838,0.9513404369,1.0401675701,0.8844813704,0.8710890412,1.0470941067,1.1365966797,1.0571933985,0.859431684,0.8179619908,0.927200973,0.856220901,0.9207461476,0.9133110642,0.776809752,1.0862156153,0.5217546225,0.3343304694,0.5824190378,0.7028833628,0.8787831664,0.8551310897,0.6270415783,1.3545060158,1.0957832336,0.9776399136,0.9285769463]},"mean_error":{"0":0.4899205863},