{"max_q":{"0":18.2010803223},"min_q":{"0":-2.3022251129},"mean_q":{"0":12.3823823929},"range_q":{"0":20.5033054352},"step_max_q":{"0":[16.6807556152,16.8905715942,17.2444953918,17.8362731934,17.9325790405,18.2010803223,17.4528064728,17.1778125763,16.6375198364,16.0623912811,15.6453533173,14.8964748383,14.3956203461,14.0429210663,13.2759962082,12.9487447739,13.4103488922,11.7607564926,11.1329803467,11.8995046616,9.9300518036,9.6275787354,9.0596628189,8.5891780853,8.6790885925,9.8838768005,9.0583992004,7.6970977783,9.1029310226,7.3290581703,6.5970420837,6.5565342903,6.54951334,5.2015748024,4.7936048508,0.6950044632,1.0511338711,0.9515038729,0.8958690166,0.7860404849,0.6931743622,0.6795742512,0.6139469743,0.5741171837,0.5414187312,0.4827370644,0.4797772765,0.4039216638,0.4104579687,0.3358566165,0.3346206546,0.27127406,0.2612419128,0.21004273,0.1878285706,0.1529151499,0.1260345578,0.0973449498,0.074976787,0.0273816735,0.0374062061,0.1228847206,0.1319695562,0.1053327471,0.1146899909,0.095271796,0.1050640494,0.086424388,0.0980489701,0.078262724,0.0921423286,0.0707373843,0.0869345516,0.0637906343,0.0822730809,0.0573745668,0.0780744702,0.0514502078,0.074281022,0.0459826589,0.0708463937,0.0409368873,0.067731604,0.03627868,0.0649032146,0.0319757611,0.0623311847,0.0279963464,0.0599879175,0.0243118256,0.0578509122,0.0208948106,0.0558984131,0.0177203566,0.0541112572,0.0147648454,0.0524720997,0.01200822,0.0509669334,0.0094310939,0.049580887,0.0070164353,0.0483023673,0.0047495216,0.0471210033,0.0026165098,0.0460266918,0.0006057471,0.0450111479,0.0,0.0440669209,0.0,0.0431873053,0.0,0.0423661321,0.0,0.0415987223,0.0,0.0408795923,0.0]},"step_min_q":{"0":[13.5844860077,16.1201953888,16.2648277283,16.2863006592,14.2574634552,15.5925769806,14.4559268951,14.840180397,14.202960968,13.2043514252,13.1378154755,8.704574585,7.9078111649,6.3010005951,6.7822227478,5.7509455681,4.0260124207,3.1251018047,2.127931118,1.59674716,0.1355010271,1.0485384464,-1.1531888247,-1.6519818306,-2.1990475655,-2.3022251129,-0.9867582321,-0.6043138504,-0.6172302365,-0.7239739299,-0.6584925652,-0.4078610837,0.0,0.0,0.0,0.0,0.0,0.0,0.0,0.0,0.0,0.0,0.0,0.0,0.0,0.0,0.0,0.0,0.0,0.0,0.0,0.0,0.0,0.0,0.0,0.0,0.0,0.0,0.0,0.0,0.0,0.0,0.0,0.0,0.0,0.0,0.0,0.0,0.0,0.0,0.0,0.0,0.0,0.0,0.0,0.0,0.0,0.0,0.0,0.0,0.0,0.0,0.0,0.0,0.0,0.0,0.0,0.0,0.0,0.0,0.0,0.0,0.0,0.0,0.0,0.0,0.0,0.0,0.0,0.0,0.0,0.0,0.0,0.0,0.0,0.0,0.0,0.0,0.0,-0.0012948066,0.0,-0.0030937791,0.0,-0.0048010796,0.0,-0.0064224154,0.0,-0.0079661757,0.0,-0.0094388574]},"step_mean_q":{"0":[16.3418502808,16.6010856628,16.943271637,17.345457077,17.4459915161,17.7801113129,16.5561561584,16.3003768921,15.5768013,14.8848104477,14.4408550262,13.6860084534,13.2260093689,12.4971179962,11.8889255524,11.242937088,10.6275691986,9.9802951813,9.4109916687,8.8697776794,8.3415384293,7.8335490227,7.3160791397,6.9096498489,6.5931677818,6.3418269157,6.0792078972,5.6667642593,5.2539172173,4.59705019,3.9070870876,3.442700386,3.1787211895,3.0568611622,2.6842553616,0.5752912164,0.8260668516,0.9515038729,0.8958690166,0.7860404849,0.6931743622,0.6795742512,0.6139469743,0.5741171837,0.5414187312,0.4827370644,0.4797772765,0.4039216638,0.4104579687,0.3358566165,0.3346206546,0.27127406,0.2612419128,0.21004273,0.1878285706,0.1529151499,0.1260345578,0.0973449498,0.074976787,0.0273816735,0.0374062061,0.1228847206,0.1319695562,0.1053327471,0.1146899909,0.095271796,0.1050640494,0.086424388,0.0980489701,0.078262724,0.0921423286,0.0707373843,0.0869345516,0.0637906343,0.0822730809,0.0573745668,0.0780744702,0.0514502078,0.074281022,0.0459826589,0.0708463937,0.0409368873,0.067731604,0.03627868,0.0649032146,0.0319757611,0.0623311847,0.0279963464,0.0599879175,0.0243118256,0.0578509122,0.0208948106,0.0558984131,0.0177203566,0.0541112572,0.0147648454,0.0524720997,0.01200822,0.0509669334,0.0094310939,0.049580887,0.0070164353,0.0483023673,0.0047495216,0.0471210033,0.0026165098,0.0460266918,0.0006057471,0.0450111479,-0.0012948066,0.0440669209,-0.0030937791,0.0431873053,-0.0048010796,0.0423661321,-0.0064224154,0.0415987223,-0.0079661757,0.0408795923,-0.0094388574]},"episodes_still_running":{"0":[4096.0,4096.0,4096.0,4096.0,4096.0,4096.0,4096.0,4096.0,4096.0,4096.0,4096.0,4096.0,4096.0,4096.0,4096.0,4096.0,4096.0,4096.0,4096.0,4096.0,4096.0,4096.0,4092.0,3948.0,3280.0,2432.0,1432.0,848.0,488.0,288.0,168.0,88.0,56.0,44.0,24.0,8.0,8.0,4.0,4.0,4.0,4.0,4.0,4.0,4.0,4.0,4.0,4.0,4.0,4.0,4.0,4.0,4.0,4.0,4.0,4.0,4.0,4.0,4.0,4.0,4.0,4.0,4.0,4.0,4.0,4.0,4.0,4.0,4.0,4.0,4.0,4.0,4.0,4.0,4.0,4.0,4.0,4.0,4.0,4.0,4.0,4.0,4.0,4.0,4.0,4.0,4.0,4.0,4.0,4.0,4.0,4.0,4.0,4.0,4.0,4.0,4.0,4.0,4.0,4.0,4.0,4.0,4.0,4.0,4.0,4.0,4.0,4.0,4.0,4.0,4.0,4.0,4.0,4.0,4.0,4.0,4.0,4.0,4.0,4.0,4.0]},"step_range_q":{"0":[3.0962696075,0.7703762054,0.9796676636,1.5499725342,3.6751155853,2.6085033417,2.9968795776,2.3376321793,2.4345588684,2.858039856,2.5075378418,6.1919002533,6.4878091812,7.7419204712,6.4937734604,7.1977992058,9.3843364716,8.6356544495,9.0050487518,10.3027572632,9.7945508957,8.5790405273,10.2128515244,10.2411594391,10.8781356812,12.1861019135,10.0451574326,8.3014116287,9.720161438,8.0530319214,7.2555346489,6.9643955231,6.54951334,5.2015748024,4.7936048508,0.6950044632,1.0511338711,0.9515038729,0.8958690166,0.7860404849,0.6931743622,0.6795742512,0.6139469743,0.5741171837,0.5414187312,0.4827370644,0.4797772765,0.4039216638,0.4104579687,0.3358566165,0.3346206546,0.27127406,0.2612419128,0.21004273,0.1878285706,0.1529151499,0.1260345578,0.0973449498,0.074976787,0.0273816735,0.0374062061,0.1228847206,0.1319695562,0.1053327471,0.1146899909,0.095271796,0.1050640494,0.086424388,0.0980489701,0.078262724,0.0921423286,0.0707373843,0.0869345516,0.0637906343,0.0822730809,0.0573745668,0.0780744702,0.0514502078,0.074281022,0.0459826589,0.0708463937,0.0409368873,0.067731604,0.03627868,0.0649032146,0.0319757611,0.0623311847,0.0279963464,0.0599879175,0.0243118256,0.0578509122,0.0208948106,0.0558984131,0.0177203566,0.0541112572,0.0147648454,0.0524720997,0.01200822,0.0509669334,0.0094310939,0.049580887,0.0070164353,0.0483023673,0.0047495216,0.0471210033,0.0026165098,0.0460266918,0.0006057471,0.0450111479,0.0012948066,0.0440669209,0.0030937791,0.0431873053,0.0048010796,0.0423661321,0.0064224154,0.0415987223,0.0079661757,0.0408795923,0.0094388574]},"mean_loss:":{"0":0.2441661358},"rmse":{"0":0.4941316843},"step_rmse":{"0":[0.141321227,0.2004576325,0.1830006093,0.2305502445,0.1722150892,0.1733481437,0.2464123666,0.3691541851,0.3495904803,0.4541912973,0.4802937508,0.4878489077,0.5561250448,0.5691710711,0.6002757549,0.5706373453,0.5834118128,0.5821396112,0.6464075446,0.6225723028,0.5460838079,0.4974558651,0.5681833029,0.5162619948,0.5652307868,0.5758759975,0.6799201369,0.8411645293,1.2180922031,1.1419401169,1.3791949749,1.8331638575,1.6607019901,2.1637074947,1.6355617046,0.4013200402,0.6574244499,0.7315307856,0.6434059143,0.4712979198,0.3441514969,0.1959955692,0.1406455636,0.0693206787,0.09810251,0.0469589233,0.1045150161,0.0265541673,0.0890747309,0.0051661134,0.0277420878,0.0616009533,0.0410051346,0.1127331108,0.1082253158,0.1394899786,0.1252378821,0.1466869563,0.1174906641,0.160144791,0.1102297306,0.0012114346,0.1012197882,0.0288125128,0.1484103948,0.0416691601,0.1480036825,0.0493156537,0.1531405002,0.0500803813,0.1608681828,0.0661198869,0.1673650891,0.0738541335,0.1818126887,0.0811080039,0.1774408668,0.0889037102,0.1842691451,0.0872561336,0.1874975413,0.1009312272,0.1895454079,0.1019416302,0.201734826,0.1084127277,0.1945245415,0.1151959449,0.203426227,0.1115319282,0.2032770365,0.1248316318,0.2037444264,0.1208976358,0.2152495235,0.127933681,0.2054264694,0.1333677471,0.2166800946,0.1284339726,0.2131523341,0.1424414963,0.2138138264,0.1343405396,0.2250986546,0.1429759413,0.2130115181,0.146544531,0.226895228,0.1411990672,0.2195625156,0.1563521028,0.2217365056,0.1444957703,0.2325750738,0.1554922014,0.2188573629,0.1564489752,0.2354976088,0.1516603082]},"rmse_by_q":{"0":3.9906029701},