{"max_q":{"0":19.3727359772},"min_q":{"0":-0.6656149626},"mean_q":{"0":4.9287281036},"range_q":{"0":20.038351059},"step_max_q":{"0":[17.1943531036,17.5811233521,17.2015037537,17.5461158752,17.7478294373,18.4742584229,18.969417572,18.7357902527,19.2522830963,19.0934524536,18.4754295349,19.0471191406,19.2890453339,18.9567489624,19.134141922,18.2831096649,18.6173534393,19.3727359772,18.3688430786,18.7894191742,17.5490036011,18.0090751648,17.6748199463,17.8834915161,18.8376045227,18.7289390564,18.8698425293,18.7467594147,18.4577102661,16.7744617462,16.2887802124,16.5714263916,16.0955505371,14.4226255417,14.7097463608,14.2336330414,14.0242786407,12.7397651672,12.4835824966,12.3696584702,14.3751373291,12.703909874,11.3613681793,11.6713294983,11.125705719,10.535068512,10.7705345154,9.9464092255,10.9832773209,9.4958553314,10.0697040558,10.877781868,9.6040630341,11.9868154526,10.6269626617,11.9303483963,11.7561569214,11.3198900223,10.4589281082,12.2285175323,13.8421545029,9.8642940521,9.0616579056,9.2436933517,8.4745607376,7.9989485741,7.6640558243,6.9639940262,6.9910116196,7.2189903259,6.3943314552,5.9883732796,6.4106154442,6.5096416473,5.3639030457,4.9276437759,4.8365159035,3.9481444359,4.2664780617,3.4754071236,3.0182497501,3.0303726196,2.5502603054,0.7565022707,0.3803340793,0.8497257829,0.3825431466,0.2964887619,0.4521784782,1.6327908039,0.5502859354,0.7104848623,0.6825821996,0.7547798157]},"step_min_q":{"0":[2.5071573257,2.1266095638,0.0,0.0,0.0,0.0,-0.235803172,-0.2431351393,-0.2309997976,-0.0057487041,-0.1497812867,-0.410001725,-0.4139296412,-0.4180833101,-0.4217242002,-0.5751478672,-0.516415596,-0.4596183002,-0.3864166141,-0.3397620618,-0.3955234587,-0.506573379,-0.4818428159,-0.5428909063,-0.4613323212,-0.5789251328,-0.3364759088,-0.4953902066,-0.5989496708,-0.6018192172,-0.5492890477,-0.538386941,-0.5906202197,-0.5827288628,-0.5537862182,-0.5784399509,-0.5744870305,-0.5213140845,-0.5743522048,-0.501999557,-0.5064054728,-0.4889515638,-0.5273157954,-0.5830599666,-0.5632084608,-0.6656149626,-0.4781664014,-0.4824430048,-0.5122068524,-0.5412155986,-0.4383642077,-0.538207829,-0.5354419947,-0.4561164677,-0.5343305469,-0.4090217948,-0.5117011666,-0.4798536599,-0.4773989022,-0.515568018,-0.3519762754,-0.5556154251,-0.2460519969,-0.2863453329,-0.3461717963,-0.2958623171,-0.4432492852,-0.0812132955,-0.0734738857,-0.0531024337,-0.0100208521,-0.0105959475,-0.0873505622,-0.0146247745,-0.0250014812,-0.0172330141,0.0,0.0,-0.0392082632,0.0,0.0,0.0,0.0,0.0,0.0,0.0,0.0,0.0,0.0,0.0,0.0,0.0,0.0,0.0]},"step_mean_q":{"0":[9.1705627441,9.1772155762,9.1993780136,9.1017045975,8.9423036575,8.7648305893,8.482334137,8.2435216904,8.0142440796,7.6849098206,7.3062324524,6.9285936356,6.4475340843,6.0159568787,5.5924592018,5.1138315201,4.7209582329,4.3717536926,4.042304039,3.7233650684,3.427008152,3.1460571289,2.8926506042,2.6010808945,2.3780171871,2.195959568,2.0311851501,1.8939297199,1.7665305138,1.6410423517,1.5425014496,1.4429420233,1.3742018938,1.3184528351,1.295314908,1.2659168243,1.2402039766,1.1843383312,1.1758115292,1.1298373938,1.1446969509,1.1248859167,1.0787959099,1.055816412,1.0233466625,0.9739620686,1.004551053,0.9662207961,0.9962706566,0.9837673306,1.0717828274,1.0277212858,1.0366426706,1.1205766201,1.2364833355,1.2609651089,1.2788678408,1.2427766323,1.2108712196,1.3156532049,1.3947191238,1.5179276466,1.5525606871,1.3511223793,1.4381175041,1.3684276342,1.3624979258,1.6125360727,1.5022876263,1.6108156443,1.3252539635,1.1938312054,1.2054082155,1.2597367764,0.9638027549,1.0680770874,1.0810557604,0.980163157,1.0269469023,0.9351466298,0.9007638693,1.1401278973,1.0520955324,0.4632683396,0.2524551451,0.8497257829,0.3825431466,0.2964887619,0.4521784782,1.6327908039,0.5502859354,0.7104848623,0.6825821996,0.7547798157]},"episodes_still_running":{"0":[4096.0,4096.0,4087.0,4083.0,4079.0,4072.0,4062.0,4058.0,4049.0,4039.0,4027.0,4007.0,3974.0,3938.0,3875.0,3800.0,3729.0,3653.0,3570.0,3487.0,3389.0,3294.0,3212.0,3119.0,3010.0,2904.0,2813.0,2686.0,2571.0,2459.0,2337.0,2202.0,2070.0,1930.0,1795.0,1655.0,1547.0,1429.0,1314.0,1216.0,1111.0,1011.0,913.0,823.0,730.0,639.0,576.0,508.0,456.0,411.0,351.0,308.0,268.0,237.0,208.0,187.0,158.0,137.0,121.0,99.0,84.0,62.0,58.0,52.0,48.0,38.0,34.0,26.0,22.0,20.0,18.0,16.0,16.0,16.0,14.0,12.0,10.0,9.0,7.0,6.0,5.0,4.0,3.0,2.0,2.0,1.0,1.0,1.0,1.0,1.0,1.0,1.0,1.0,1.0]},"step_range_q":{"0":[14.6871957779,15.4545135498,17.2015037537,17.5461158752,17.7478294373,18.4742584229,19.2052211761,18.978925705,19.4832820892,19.0992012024,18.6252117157,19.4571208954,19.7029743195,19.3748321533,19.5558662415,18.8582572937,19.133769989,19.8323535919,18.7552604675,19.1291809082,17.9445266724,18.5156478882,18.1566619873,18.4263820648,19.2989368439,19.3078651428,19.2063179016,19.242149353,19.0566596985,17.3762817383,16.8380699158,17.1098136902,16.686170578,15.0053539276,15.2635326385,14.8120727539,14.5987653732,13.2610788345,13.057934761,12.8716583252,14.8815431595,13.192861557,11.8886842728,12.2543897629,11.688914299,11.2006835938,11.2487010956,10.4288520813,11.4954843521,10.037071228,10.5080680847,11.4159898758,10.1395053864,12.4429321289,11.1612930298,12.3393697739,12.2678585052,11.7997436523,10.9363269806,12.7440853119,14.1941308975,10.4199094772,9.3077096939,9.5300388336,8.8207321167,8.2948112488,8.1073055267,7.0452075005,7.0644855499,7.2720928192,6.4043521881,5.9989690781,6.4979658127,6.524266243,5.3889045715,4.9448766708,4.8365159035,3.9481444359,4.3056864738,3.4754071236,3.0182497501,3.0303726196,2.5502603054,0.7565022707,0.3803340793,0.8497257829,0.3825431466,0.2964887619,0.4521784782,1.6327908039,0.5502859354,0.7104848623,0.6825821996,0.7547798157]},"mean_loss:":{"0":0.8511744142},"rmse":{"0":0.9225911498},"step_rmse":{"0":[0.7772145271,0.8708355427,0.9361462593,0.9525974989,0.9744039178,0.9987428784,1.021540761,1.0048373938,1.030733943,1.0411907434,1.0443973541,1.0899778605,1.0771189928,1.0635296106,1.0661793947,1.042454958,1.014898181,1.0306658745,0.9969798326,0.9711447358,0.9594864249,0.9608411193,0.9542019963,0.9054754376,0.8699305058,0.8564160466,0.812222898,0.7786211371,0.7792942524,0.7498089671,0.771263659,0.7245252132,0.7129192948,0.7047803998,0.7137557268,0.6898546815,0.7088416219,0.6463332176,0.6688578129,0.6424601674,0.7071889043,0.6329592466,0.6793546677,0.6826649904,0.7004872561,0.6948459148,0.6551024318,0.5840467215,0.6835882068,0.6838780046,0.7076445222,0.7729365826,0.7209100127,0.8407959938,0.8721426129,0.8693671823,0.803981781,0.8532389402,0.7321281433,0.8262396455,1.0455414057,0.9697237015,0.8245722651,0.6864468455,0.8899623752,0.9368057251,0.6416768432,0.851806879,0.6952453852,0.7469584346,0.5863865018,1.0427048206,0.9742764831,0.9829254746,0.9573335648,1.1600629091,1.1745166779,1.3135797977,1.2996389866,1.5250127316,1.4685091972,1.5875798464,1.8981456757,0.3420208693,0.2575745285,0.5273810029,0.1413139701,0.1072645187,0.1469111443,0.4689939022,0.0864218473,0.0899704695,0.2057064176,0.4185605049]},"mean_error":{"0":0.5762931705},