{"max_q":{"0":15.1715698242},"min_q":{"0":-0.5125571489},"mean_q":{"0":7.0084142685},"range_q":{"0":15.6841268539},"step_max_q":{"0":[14.7882919312,14.8946552277,15.1715698242,14.7900180817,14.8885498047,14.5517921448,14.531255722,14.2377309799,14.1389503479,13.7986297607,13.6602611542,13.6340904236,13.2803401947,12.8889303207,13.1629753113,13.0170135498,12.6298894882,12.1743526459,11.8165235519,11.5600185394,12.1740694046,10.7561264038,10.3315505981,10.1229801178,9.6218929291,9.0790271759,9.0802364349,8.8201150894,8.3432540894,7.7070579529,7.2399106026,6.7629928589,6.3461923599,6.3011441231,6.1219921112,5.9656682014,5.5352363586,5.2815208435,5.2962207794,5.0395174026,5.2566318512,4.6132740974,4.6003885269,4.450917244,4.4715681076,3.9307394028,3.9925684929,4.4848308563,3.5696666241,3.9579787254,3.8683080673,4.0721316338,4.1454281807,4.2226991653,4.0954899788,3.2721230984,3.4167854786,3.3635487556,3.7854580879,3.3876495361,3.1468129158,0.9237099886,0.9385918379,0.9555357695,0.974694252,0.991979003,1.0055741072,1.0193376541,1.0343700647,1.0491019487,1.0635502338,1.0778571367,1.0917259455,1.105043292,1.1177415848,1.1302560568,1.1426041126,1.1548030376,1.1668676138,1.178812027,1.1906499863,1.202398777,1.2143073082,1.2261072397,1.2378096581,1.2494369745,1.2610040903,1.2725241184,1.2840082645,1.2924239635,1.2977384329,1.302855134,1.3077796698,1.3126428127,1.317450285,1.3222057819,1.3265321255,1.3307323456,1.3340780735,1.337133646,1.3400713205,1.3429839611,1.3442410231,1.3452291489,1.3461834192,1.3471047878,1.3479954004,1.3488571644,1.3496921062,1.3505011797,1.3512864113,1.3520493507,1.3527907133,1.3535122871,1.3542147875,1.3548998833,1.355568409,1.3562214375,1.3568601608,1.3574852943,1.3580975533,1.3586981297,1.3592875004,1.3598666191,1.3604360819,1.3609967232,1.3615487814,1.3620935678,1.3626310825,1.3631620407,1.3636870384,1.3642067909,1.3647210598,1.3652309179,1.3657362461,1.3662382364,1.366736412,1.3672320843,1.3677246571,1.3682148457,1.3687031269,1.3691898584,1.3696746826,1.3701581955,1.3706409931,1.3711229563,1.3716043234,1.3720849752,1.3725662231,1.373046875]},"step_min_q":{"0":[10.5555782318,11.1836585999,10.30834198,9.9531002045,9.5053024292,8.6303596497,8.2272233963,7.811293602,7.0550107956,6.3636050224,5.8597621918,4.9895429611,4.1538929939,3.5810134411,3.5352339745,3.1372003555,2.9131736755,2.6586184502,2.0949516296,1.3607698679,1.6931134462,1.2686578035,1.0193761587,0.57302773,0.4459273815,0.2261545658,0.1374173164,0.1077884436,0.0,0.0,-0.1515393257,-0.0685979128,-0.3445780277,-0.5125571489,-0.2732456923,-0.3556718826,-0.2090954781,-0.1027971506,-0.1208270788,-0.3934737444,-0.3087068796,-0.448278904,-0.3124833107,-0.4899176359,-0.4229353666,-0.4739164114,-0.2909500599,-0.1904133558,-0.327193737,-0.144900918,0.0,-0.0979293585,0.0,0.0,0.0,0.0,0.0,0.0,0.0,0.0,0.0,0.0,0.0,0.0,0.0,0.0,0.0,0.0,0.0,0.0,0.0,0.0,0.0,0.0,0.0,0.0,0.0,0.0,0.0,0.0,0.0,0.0,0.0,0.0,0.0,0.0,0.0,0.0,0.0,0.0,0.0,0.0,0.0,0.0,0.0,0.0,0.0,0.0,0.0,0.0,0.0,0.0,0.0,0.0,0.0,0.0,0.0,0.0,0.0,0.0,0.0,0.0,0.0,0.0,0.0,0.0,0.0,0.0,0.0,0.0,0.0,0.0,0.0,0.0,0.0,0.0,0.0,0.0,0.0,0.0,0.0,0.0,0.0,0.0,0.0,0.0,0.0,0.0,0.0,0.0,0.0,0.0,0.0,0.0,0.0,0.0,0.0,0.0,0.0,0.0]},"step_mean_q":{"0":[13.2838363647,13.4501647949,13.4583950043,13.2816963196,13.1968717575,12.7875328064,12.6134529114,12.1419429779,11.7158184052,11.4675970078,10.9913311005,10.71276474,10.2481994629,9.8713674545,9.4248313904,9.0229158401,8.6288127899,8.2204780579,7.8321499825,7.3688492775,6.9662594795,6.5581021309,6.1564993858,5.7752795219,5.4010362625,5.0586791039,4.7267980576,4.3997793198,4.1251306534,3.865582943,3.5944638252,3.330135107,3.1293513775,2.9415113926,2.7708218098,2.6446580887,2.5544390678,2.4990522861,2.4092972279,2.3738439083,2.3009405136,2.3013586998,2.2793805599,2.2882392406,2.3023767471,2.3232135773,2.2390573025,2.295809269,2.1489305496,2.0131895542,1.8868596554,1.8875694275,1.9148238897,1.7481738329,2.0004942417,1.8212628365,1.9661839008,1.3609569073,1.8178257942,1.7107795477,1.6476688385,0.9182037115,0.9350680113,0.951125145,0.9671571255,0.9814943075,0.9934477806,1.0050842762,1.0170457363,1.0274221897,1.0362380743,1.0447733402,1.0535931587,1.0631886721,1.0722980499,1.0811460018,1.0897475481,1.0981149673,1.1064431667,1.1147030592,1.122762084,1.1306130886,1.1383607388,1.145914793,1.1532882452,1.1604964733,1.1675502062,1.1744601727,1.1812353134,1.1863634586,1.1898314953,1.193094492,1.1961586475,1.199093461,1.2019040585,1.2044548988,1.2065882683,1.2085705996,1.2100400925,1.2112817764,1.2132377625,1.216574192,1.2182805538,1.2192633152,1.2201404572,1.2209249735,1.2216272354,1.2222557068,1.2228164673,1.2233142853,1.2237402201,1.2243289948,1.2252783775,1.2261753082,1.2270214558,1.227819562,1.2285704613,1.2292360067,1.2298523188,1.2306308746,1.2316147089,1.2325786352,1.2335240841,1.2344522476,1.2353637218,1.2362029552,1.2369947433,1.2377700806,1.2385338545,1.2392876148,1.2400319576,1.2407670021,1.2414932251,1.242210865,1.2429196835,1.2436213493,1.2443153858,1.2450027466,1.2456839085,1.2463591099,1.2470293045,1.2476952076,1.2483569384,1.2490148544,1.2496700287,1.2503221035,1.250972271,1.2516200542,1.2522667646,1.2529121637]},"episodes_still_running":{"0":[4096.0,4096.0,4096.0,4096.0,4096.0,4096.0,4096.0,4096.0,4096.0,4096.0,4096.0,4096.0,4096.0,4096.0,4096.0,4096.0,4096.0,4096.0,4096.0,4096.0,4096.0,4096.0,4096.0,4096.0,4096.0,4096.0,4096.0,4096.0,4092.0,4080.0,4068.0,4040.0,3988.0,3920.0,3844.0,3772.0,3668.0,3516.0,3400.0,3264.0,3132.0,2948.0,2740.0,2448.0,2120.0,1792.0,1408.0,1072.0,776.0,572.0,392.0,268.0,200.0,124.0,76.0,52.0,32.0,16.0,12.0,12.0,12.0,8.0,8.0,8.0,8.0,8.0,8.0,8.0,8.0,8.0,8.0,8.0,8.0,8.0,8.0,8.0,8.0,8.0,8.0,8.0,8.0,8.0,8.0,8.0,8.0,8.0,8.0,8.0,8.0,8.0,8.0,8.0,8.0,8.0,8.0,8.0,8.0,8.0,8.0,8.0,8.0,8.0,8.0,8.0,8.0,8.0,8.0,8.0,8.0,8.0,8.0,8.0,8.0,8.0,8.0,8.0,8.0,8.0,8.0,8.0,8.0,8.0,8.0,8.0,8.0,8.0,8.0,8.0,8.0,8.0,8.0,8.0,8.0,8.0,8.0,8.0,8.0,8.0,8.0,8.0,8.0,8.0,8.0,8.0,8.0,8.0,8.0,8.0,8.0,8.0]},"step_range_q":{"0":[4.2327136993,3.7109966278,4.8632278442,4.8369178772,5.3832473755,5.9214324951,6.3040323257,6.4264373779,7.0839395523,7.4350247383,7.8004989624,8.6445474625,9.1264476776,9.3079166412,9.62774086,9.8798131943,9.7167158127,9.5157337189,9.7215719223,10.1992483139,10.4809560776,9.4874687195,9.3121747971,9.549952507,9.1759653091,8.8528728485,8.9428195953,8.7123270035,8.3432540894,7.7070579529,7.3914499283,6.8315906525,6.6907701492,6.8137011528,6.3952379227,6.3213400841,5.7443318367,5.3843178749,5.4170479774,5.4329910278,5.5653386116,5.0615530014,4.9128718376,4.9408349991,4.8945035934,4.4046559334,4.2835187912,4.6752443314,3.8968603611,4.1028795242,3.8683080673,4.1700611115,4.1454281807,4.2226991653,4.0954899788,3.2721230984,3.4167854786,3.3635487556,3.7854580879,3.3876495361,3.1468129158,0.9237099886,0.9385918379,0.9555357695,0.974694252,0.991979003,1.0055741072,1.0193376541,1.0343700647,1.0491019487,1.0635502338,1.0778571367,1.0917259455,1.105043292,1.1177415848,1.1302560568,1.1426041126,1.1548030376,1.1668676138,1.178812027,1.1906499863,1.202398777,1.2143073082,1.2261072397,1.2378096581,1.2494369745,1.2610040903,1.2725241184,1.2840082645,1.2924239635,1.2977384329,1.302855134,1.3077796698,1.3126428127,1.317450285,1.3222057819,1.3265321255,1.3307323456,1.3340780735,1.337133646,1.3400713205,1.3429839611,1.3442410231,1.3452291489,1.3461834192,1.3471047878,1.3479954004,1.3488571644,1.3496921062,1.3505011797,1.3512864113,1.3520493507,1.3527907133,1.3535122871,1.3542147875,1.3548998833,1.355568409,1.3562214375,1.3568601608,1.3574852943,1.3580975533,1.3586981297,1.3592875004,1.3598666191,1.3604360819,1.3609967232,1.3615487814,1.3620935678,1.3626310825,1.3631620407,1.3636870384,1.3642067909,1.3647210598,1.3652309179,1.3657362461,1.3662382364,1.366736412,1.3672320843,1.3677246571,1.3682148457,1.3687031269,1.3691898584,1.3696746826,1.3701581955,1.3706409931,1.3711229563,1.3716043234,1.3720849752,1.3725662231,1.373046875]},"mean_loss:":{"0":0.1968493015},"rmse":{"0":0.443677038},