{"max_q":{"0":18.3719902039},"min_q":{"0":-1.986790061},"mean_q":{"0":12.0098047256},"range_q":{"0":20.3587799072},"step_max_q":{"0":[16.1326255798,16.4486865997,17.0036869049,17.6296081543,18.3719902039,18.0836830139,18.3670806885,17.7270507812,17.2399921417,16.4108104706,15.9766874313,15.3046073914,14.4851083755,13.8665084839,13.5201187134,12.9624271393,12.2072572708,11.9984607697,11.3869161606,11.1048326492,10.4386367798,10.299331665,9.6207427979,9.5463190079,8.4010591507,8.633515358,8.0839805603,7.7759771347,7.8197536469,7.2821817398,6.7021007538,7.0401892662,6.256362915,6.1901755333,5.9941487312,5.6431393623,5.4560613632,5.0204191208,4.7521114349,4.8906407356,3.8021197319,3.2165141106,3.4427266121,2.8521142006,2.5538265705,2.8101682663,2.1588218212,2.6941537857,2.2137343884,2.6424515247,2.143324852,2.3497495651,1.9759014845,2.213113308,1.8672773838,2.1194200516,1.7909466028,2.0510396957,1.7342786789,1.9991145134,1.6907342672,1.9585824013,1.6563534737,1.9261510372,1.6285102367,1.8995680809,1.6054222584,1.8772721291,1.5858402252,1.8581740856,1.5688927174,1.8415087461,1.5539660454,1.8267338276,1.5406256914,1.8134582043,1.5285565853,1.8013980389,1.5175280571,1.7903397083,1.5073657036,1.7801220417,1.4979376793,1.7706222534,1.4891400337,1.7617416382,1.4808900356,1.7534019947,1.4731203318,1.74553895,1.4657768011,1.7380987406,1.4588125944,1.7310388088,1.4521890879,1.7243191004,1.4458729029,1.7179099321,1.43983531,1.711782217,1.4340512753,1.7059116364,1.4284998178,1.7002778053,1.4231595993,1.6948609352,1.4180158377,1.6896443367,1.4130523205,1.6846144199,1.4082562923,1.6797571182,1.4036151171,1.6750593185,1.3991186619,1.6705121994,1.3947570324,1.666105628,1.3905215263,1.6618309021]},"step_min_q":{"0":[15.6774711609,15.7462863922,15.6143722534,15.5168075562,14.1568346024,12.8620042801,12.3667230606,11.133307457,10.4227437973,9.379781723,8.901799202,7.3856897354,5.6677660942,5.2859315872,3.7656712532,4.3888888359,2.2485022545,0.7520039082,-0.3095886707,-0.1444860697,-0.3375403285,-0.9526965618,-1.986790061,-1.3170537949,-1.3039833307,-1.2341504097,-1.325971365,-0.4960588813,-0.5823687315,-0.5945869684,-0.8431671858,-0.5167959332,-0.4466611147,0.0,0.0,0.0,0.0,0.0,0.0,0.0,0.0,0.0,0.0,0.0,0.0,0.0,0.0,0.0,0.0,0.0,0.0,0.0,0.0,0.0,0.0,0.0,0.0,0.0,0.0,0.0,0.0,0.0,0.0,0.0,0.0,0.0,0.0,0.0,0.0,0.0,0.0,0.0,0.0,0.0,0.0,0.0,0.0,0.0,0.0,0.0,0.0,0.0,0.0,0.0,0.0,0.0,0.0,0.0,0.0,0.0,0.0,0.0,0.0,0.0,0.0,0.0,0.0,0.0,0.0,0.0,0.0,0.0,0.0,0.0,0.0,0.0,0.0,0.0,0.0,0.0,0.0,0.0,0.0,0.0,0.0,0.0,0.0,0.0,0.0,0.0]},"step_mean_q":{"0":[16.1321811676,16.3507995605,16.8058128357,17.3125839233,17.6800460815,17.1230392456,16.5962619781,15.9418811798,15.4688568115,15.0019760132,14.3416891098,13.777007103,13.0148677826,12.4352245331,11.8252696991,11.2875041962,10.6655006409,10.0721054077,9.5023498535,8.9763813019,8.4737539291,7.9911885262,7.4819440842,7.04022789,6.6858558655,6.4232540131,6.1802864075,6.0305056572,5.7624869347,5.1667599678,4.1106100082,2.9296374321,2.753207922,2.6401796341,3.1371328831,5.6431393623,5.4560613632,5.0204191208,4.7521114349,4.8906407356,3.8021197319,3.2165141106,3.4427266121,2.8521142006,2.5538265705,2.8101682663,2.1588218212,2.6941537857,2.2137343884,2.6424515247,2.143324852,2.3497495651,1.9759014845,2.213113308,1.8672773838,2.1194200516,1.7909466028,2.0510396957,1.7342786789,1.9991145134,1.6907342672,1.9585824013,1.6563534737,1.9261510372,1.6285102367,1.8995680809,1.6054222584,1.8772721291,1.5858402252,1.8581740856,1.5688927174,1.8415087461,1.5539660454,1.8267338276,1.5406256914,1.8134582043,1.5285565853,1.8013980389,1.5175280571,1.7903397083,1.5073657036,1.7801220417,1.4979376793,1.7706222534,1.4891400337,1.7617416382,1.4808900356,1.7534019947,1.4731203318,1.74553895,1.4657768011,1.7380987406,1.4588125944,1.7310388088,1.4521890879,1.7243191004,1.4458729029,1.7179099321,1.43983531,1.711782217,1.4340512753,1.7059116364,1.4284998178,1.7002778053,1.4231595993,1.6948609352,1.4180158377,1.6896443367,1.4130523205,1.6846144199,1.4082562923,1.6797571182,1.4036151171,1.6750593185,1.3991186619,1.6705121994,1.3947570324,1.666105628,1.3905215263,1.6618309021]},"episodes_still_running":{"0":[4096.0,4096.0,4096.0,4096.0,4096.0,4096.0,4096.0,4096.0,4096.0,4096.0,4096.0,4096.0,4096.0,4096.0,4096.0,4096.0,4096.0,4096.0,4096.0,4096.0,4096.0,4096.0,4096.0,4096.0,4084.0,3952.0,3424.0,2384.0,1164.0,428.0,164.0,84.0,60.0,16.0,8.0,4.0,4.0,4.0,4.0,4.0,4.0,4.0,4.0,4.0,4.0,4.0,4.0,4.0,4.0,4.0,4.0,4.0,4.0,4.0,4.0,4.0,4.0,4.0,4.0,4.0,4.0,4.0,4.0,4.0,4.0,4.0,4.0,4.0,4.0,4.0,4.0,4.0,4.0,4.0,4.0,4.0,4.0,4.0,4.0,4.0,4.0,4.0,4.0,4.0,4.0,4.0,4.0,4.0,4.0,4.0,4.0,4.0,4.0,4.0,4.0,4.0,4.0,4.0,4.0,4.0,4.0,4.0,4.0,4.0,4.0,4.0,4.0,4.0,4.0,4.0,4.0,4.0,4.0,4.0,4.0,4.0,4.0,4.0,4.0,4.0]},"step_range_q":{"0":[0.4551544189,0.7024002075,1.3893146515,2.1128005981,4.2151556015,5.2216787338,6.0003576279,6.5937433243,6.8172483444,7.0310287476,7.0748882294,7.9189176559,8.8173427582,8.5805768967,9.754447937,8.5735378265,9.9587554932,11.2464570999,11.6965045929,11.2493190765,10.7761774063,11.2520284653,11.6075325012,10.8633728027,9.7050428391,9.8676662445,9.4099521637,8.2720355988,8.4021224976,7.876768589,7.5452680588,7.5569853783,6.7030239105,6.1901755333,5.9941487312,5.6431393623,5.4560613632,5.0204191208,4.7521114349,4.8906407356,3.8021197319,3.2165141106,3.4427266121,2.8521142006,2.5538265705,2.8101682663,2.1588218212,2.6941537857,2.2137343884,2.6424515247,2.143324852,2.3497495651,1.9759014845,2.213113308,1.8672773838,2.1194200516,1.7909466028,2.0510396957,1.7342786789,1.9991145134,1.6907342672,1.9585824013,1.6563534737,1.9261510372,1.6285102367,1.8995680809,1.6054222584,1.8772721291,1.5858402252,1.8581740856,1.5688927174,1.8415087461,1.5539660454,1.8267338276,1.5406256914,1.8134582043,1.5285565853,1.8013980389,1.5175280571,1.7903397083,1.5073657036,1.7801220417,1.4979376793,1.7706222534,1.4891400337,1.7617416382,1.4808900356,1.7534019947,1.4731203318,1.74553895,1.4657768011,1.7380987406,1.4588125944,1.7310388088,1.4521890879,1.7243191004,1.4458729029,1.7179099321,1.43983531,1.711782217,1.4340512753,1.7059116364,1.4284998178,1.7002778053,1.4231595993,1.6948609352,1.4180158377,1.6896443367,1.4130523205,1.6846144199,1.4082562923,1.6797571182,1.4036151171,1.6750593185,1.3991186619,1.6705121994,1.3947570324,1.666105628,1.3905215263,1.6618309021]},"mean_loss:":{"0":0.5065172315},"rmse":{"0":0.7117002606},"step_rmse":{"0":[0.5823132396,0.650210917,0.6555551291,0.695995748,0.4582733512,0.5645610094,0.6643645167,0.7505915165,0.7820054889,0.8306715488,0.8896871209,0.8701494932,0.9106061459,0.8905451894,0.9362624288,0.8859839439,0.7958014011,0.726952672,0.6760076284,0.6596840024,0.6883898377,0.6396830082,0.5454935431,0.5380181074,0.5052398443,0.5044683814,0.4961754978,0.5416181684,0.6660576463,0.8648506403,1.2872107029,1.6857993603,1.2328927517,1.7205859423,0.8231112957,1.2212162018,1.0563635826,0.7316746712,0.5354175568,0.6167087555,0.9032506943,0.761241436,0.0881996155,0.7169795036,0.7858965397,0.6978225708,1.0892090797,0.6506271362,0.9463160038,0.6712462902,1.1820487976,0.9605231285,1.2406593561,0.8641705513,1.2242147923,0.910056591,1.303088069,0.9494509697,1.3382406235,0.9914731979,1.3470984697,0.926504612,1.253828764,0.8369352818,1.2360854149,0.8357419968,1.2204174995,0.8044147491,1.1853253841,0.7117381096,1.0552117825,0.5379539728,0.9246897697,0.4313824177,0.8346060514,0.3276996613,0.7296698093,0.1892035007,0.601375103,0.0635597706,0.498071909,0.0166065693,0.4800560474,0.0285466909,0.4742999077,0.0349459648,0.4478232861,0.1181420088,0.3268213272,0.2225834131,0.306786418,0.1881251335,0.3331167698,0.1907515526,0.3148771524,0.2341727018,0.2433072329,0.3169242144,0.190980196,0.3243355751,0.201406002,0.3181686401,0.2035206556,0.3352509737,0.1579988003,0.3932039738,0.1082702875,0.4080195427,0.1278917789,0.3908532858,0.1361002922,0.3819041252,0.1251467466,0.4226726294,0.0705058575,0.4571474791,0.0779727697,0.4264543056,0.1055212021,0.405085206]},"rmse_by_q":{"0":5.9259934425},