{"max_q":{"0":23.343837738},"min_q":{"0":-0.8814673424},"mean_q":{"0":5.881603241},"range_q":{"0":24.2253055573},"step_max_q":{"0":[21.9563751221,21.9426002502,21.8886070251,21.4010734558,22.4658279419,22.2956428528,23.343837738,22.2725639343,22.5895996094,23.0329456329,22.8736076355,22.4099311829,21.9377784729,20.9282360077,20.8924293518,19.9840946198,19.5872554779,19.0434494019,18.9117336273,18.2593841553,17.9791316986,18.3026237488,18.3781528473,17.2757549286,17.2170677185,17.5632019043,17.8628616333,17.2503738403,16.3820304871,16.2061004639,16.3978939056,15.7408018112,15.6660690308,15.5201644897,15.7051477432,15.5966176987,14.3667221069,14.9092788696,13.9537525177,13.3717136383,13.9473056793,13.2650785446,12.752404213,12.6573486328,11.9876995087,12.3268232346,11.5645751953,11.6566448212,11.1987056732,11.3983230591,11.7856683731,11.2655982971,11.081741333,10.2038946152,9.2936468124,9.7505016327,9.505862236,9.2693195343,9.4766120911,9.1358470917,9.4144525528,9.7744617462,9.54591465,9.1710586548,8.7594480515,8.201789856,8.8622398376,7.7974119186,8.4786472321,7.9330196381,8.2026548386,7.1323385239,8.0577793121,6.5442185402,6.6300134659,7.076851368,6.4818487167,6.5284748077,6.2479324341,6.176715374,6.0632600784,6.04165411,6.2501707077,6.4364237785,6.110827446,6.1114177704,6.0695829391,5.948551178,5.917845726,5.8279614449,6.0232696533,5.8910889626,5.8191981316,6.010175705,5.9547338486,5.9004263878,5.9229021072,5.8465590477,5.9756016731,5.6451411247,5.7984809875,5.4572534561,5.3820238113,5.3456187248,5.1860575676,5.1306614876,5.0272746086,4.7519340515,5.0194473267,4.6491575241,4.7577223778,4.7975568771,4.781293869,4.6018161774,4.5647544861,4.6604766846,4.4198298454,4.5350542068,4.4349365234,4.406021595,4.2908797264,4.4828801155,4.2685575485,4.4296841621,4.3194770813,4.4040088654,4.4227795601,4.4719057083,4.2826967239,4.4944634438,4.4904122353,4.4158163071,4.2103443146,4.159743309,4.3747825623,4.4838175774,4.1246643066,4.0852622986,4.3327322006,3.8102011681,3.7606267929,3.8700084686,3.4196105003,3.4690933228,3.4996027946,3.4772465229]},"step_min_q":{"0":[6.1095981598,5.8882904053,5.653034687,5.4474515915,5.3735580444,5.3960161209,4.4637532234,4.6873750687,3.9844408035,3.8894350529,3.6665928364,3.5918834209,3.5721020699,3.5903830528,3.4785215855,2.8035655022,0.0,0.0,0.0,0.0,0.0,0.0,0.0,0.0,0.0,0.0,0.0,0.0,0.0,0.0,0.0,0.0,0.0,-0.0660434961,-0.2072585821,-0.2319190502,-0.4073057175,-0.4163225889,-0.8814673424,-0.4532924891,-0.2591725588,-0.1759370565,-0.3622045517,-0.3564616442,-0.2608159781,-0.5089884996,-0.3159118891,-0.5818669796,-0.6384825706,-0.5789767504,-0.6771731377,-0.7458422184,-0.4050154686,-0.2556341887,-0.4862673283,-0.4731688499,-0.5616779327,-0.7372457981,-0.3502836227,-0.3484066725,-0.4211080074,-0.409401238,-0.3624417782,-0.3767986298,-0.4215800166,-0.5254151821,-0.441855073,-0.4968358278,-0.3699530363,-0.480497241,-0.3375593424,-0.3842673302,-0.4243320227,-0.4644469023,-0.2748579979,-0.3564816117,-0.3965779543,-0.443903923,-0.6816589832,-0.7374575138,-0.6969302893,-0.446929574,-0.4749252796,-0.4515794516,-0.637457788,-0.4845116735,-0.4522807598,-0.3638021946,-0.2629597783,-0.3009412885,-0.3503599763,-0.2846775651,-0.3486250043,-0.2863832116,-0.1830251813,-0.2450979352,-0.2786180973,-0.3373504281,-0.4163569808,-0.3825942278,-0.2336549759,-0.4101134539,-0.2803775072,-0.3375817537,-0.4733229876,-0.2285515666,-0.2638244033,-0.4073800445,-0.4256916642,-0.4259418845,-0.3920310736,-0.3713526726,-0.3646369576,-0.3094446659,-0.3303984404,-0.2656394839,-0.3909925222,-0.4453812838,-0.385817647,-0.2284178138,-0.2129777074,0.0,-0.0197429359,-0.1717339158,-0.0260974765,-0.0282499194,-0.0493468642,-0.1486438513,-0.0585972667,-0.1974428892,-0.0537338257,-0.1835376024,0.0,-0.1443613768,-0.1889176369,-0.2911646366,-0.3356344104,-0.2711746097,-0.2552559972,-0.2944902778,-0.1319101453,-0.2389470935,-0.1437701583,0.0,0.0,0.0]},"step_mean_q":{"0":[10.8434610367,10.9152374268,10.8902301788,10.9347257614,11.0166072845,11.0068826675,10.9581203461,10.9336185455,10.8696889877,10.7891111374,10.6465778351,10.4700889587,10.3081178665,10.1117801666,9.8865537643,9.6626033783,9.454785347,9.20266819,8.9553194046,8.726099968,8.472073555,8.2137374878,7.9537987709,7.6862802505,7.4238181114,7.1481456757,6.8812375069,6.6292567253,6.3692264557,6.1221523285,5.876057148,5.6392321587,5.4090147018,5.1791501045,4.9563007355,4.7539110184,4.5352835655,4.3256936073,4.1341719627,3.9476568699,3.7622978687,3.5901505947,3.433971405,3.2734210491,3.1264705658,2.9916138649,2.8613431454,2.7530367374,2.6497917175,2.5569293499,2.478426218,2.3943333626,2.3338763714,2.2839987278,2.2419486046,2.1990888119,2.1677224636,2.1356341839,2.0989589691,2.0834801197,2.0605893135,2.0437822342,2.0332446098,2.0219278336,2.0286197662,2.0458493233,2.0434455872,2.0298600197,2.0572545528,2.0209479332,2.0114459991,2.0091032982,1.9855965376,1.9729175568,1.9624277353,1.9663846493,1.9878714085,1.9852983952,1.9723621607,1.9550366402,1.9547666311,1.9547024965,1.9681969881,1.9709165096,1.9526357651,1.9618954659,1.9936990738,1.9867869616,1.989192009,1.9684189558,1.9011389017,1.9254622459,1.9076448679,1.8411650658,1.8089414835,1.8144915104,1.7792533636,1.7765815258,1.7312958241,1.721989274,1.7137809992,1.6980162859,1.6848865747,1.6480888128,1.6077865362,1.6386562586,1.5707809925,1.543410778,1.4899736643,1.5229109526,1.6304192543,1.7168983221,1.6642612219,1.6925817728,1.7340650558,1.6861568689,1.6592788696,1.6512989998,1.7190999985,1.5998419523,1.6194287539,1.5369610786,1.7460896969,1.6136822701,1.568392992,1.7389937639,1.6909857988,1.8287197351,1.7709084749,1.5570579767,1.4357522726,1.4129006863,1.5314123631,1.5381267071,1.6883591413,1.368880868,1.2537158728,1.1431584358,1.317286849,1.1438467503,1.1271253824,1.1761493683,1.0087590218,1.3605448008,1.4054864645,3.4772465229]},"episodes_still_running":{"0":[4096.0,4096.0,4096.0,4096.0,4096.0,4096.0,4096.0,4096.0,4096.0,4096.0,4096.0,4096.0,4096.0,4096.0,4096.0,4096.0,4095.0,4095.0,4095.0,4095.0,4095.0,4094.0,4094.0,4094.0,4094.0,4094.0,4094.0,4094.0,4094.0,4094.0,4094.0,4093.0,4093.0,4093.0,4092.0,4090.0,4090.0,4088.0,4087.0,4084.0,4077.0,4059.0,4044.0,4029.0,4006.0,3980.0,3945.0,3896.0,3833.0,3774.0,3693.0,3608.0,3507.0,3405.0,3287.0,3149.0,3015.0,2872.0,2754.0,2616.0,2488.0,2371.0,2240.0,2101.0,1976.0,1837.0,1729.0,1614.0,1513.0,1430.0,1343.0,1266.0,1199.0,1134.0,1068.0,995.0,931.0,872.0,816.0,760.0,705.0,658.0,611.0,579.0,546.0,513.0,483.0,456.0,420.0,385.0,354.0,328.0,315.0,296.0,278.0,259.0,240.0,222.0,207.0,188.0,177.0,171.0,163.0,152.0,140.0,125.0,114.0,105.0,95.0,85.0,76.0,66.0,63.0,54.0,48.0,43.0,38.0,35.0,31.0,27.0,26.0,23.0,19.0,15.0,15.0,13.0,13.0,11.0,11.0,10.0,10.0,10.0,9.0,8.0,7.0,6.0,6.0,6.0,6.0,5.0,5.0,5.0,4.0,3.0,3.0,1.0]},