{"max_q":{"0":25.735042572},"min_q":{"0":-2.402141571},"mean_q":{"0":8.5873861313},"range_q":{"0":28.1371841431},"step_max_q":{"0":[25.3077926636,25.2015686035,25.3968372345,25.6393566132,25.6520233154,25.735042572,25.6005020142,25.0501651764,24.7670059204,23.9628181458,24.2488174438,23.6299743652,23.135269165,22.810508728,22.8595352173,22.9839477539,22.8404865265,22.805229187,22.6110076904,22.9753112793,21.4765930176,20.7110233307,20.955406189,20.7842330933,20.3598937988,19.5257358551,19.221446991,17.9210395813,17.9169902802,17.431438446,16.6804122925,16.9400787354,16.6031036377,15.7898750305,15.357708931,15.1121587753,14.5832195282,14.976140976,13.0681934357,12.3228969574,12.4291267395,12.1000881195,12.1127910614,11.4612350464,11.4610748291,11.7119407654,10.9840049744,11.034661293,10.7903308868,11.4060344696,10.4648180008,9.9497470856,9.6676149368,9.37748909,9.9704475403,9.8538951874,10.0284881592,10.3899269104,9.9568891525,9.8056049347,9.8570461273,9.5009174347,9.3906421661,10.4350662231,10.01379776,10.3994827271,9.9323396683,10.0229721069,9.5434780121,9.2580451965,9.3260746002,8.3097286224,8.2753696442,7.9014573097,7.8261222839,7.4775958061,7.5447311401,7.2511510849,6.9717102051,7.0869760513,6.7918596268,6.8057999611,7.0369243622,6.8699522018,6.6333665848,6.2665348053,6.2398490906,6.1939487457,5.9592876434,5.882311821,5.8379364014,5.7082061768,5.49725914,5.5021505356,5.6272873878,5.5424757004,5.4057226181,5.8334503174,5.8743400574,5.9585075378,6.0110654831,5.8409852982,5.8217844963,5.850581646,5.6088652611,5.637594223,5.8204879761,5.8408761024,5.6890707016,5.463821888,5.1542749405,5.1373205185,5.1321706772,5.1944074631,5.3413915634,5.053650856,5.0872421265,5.0733237267,4.7445483208,4.7750425339,4.727268219,4.8494272232,4.0260767937,3.9855947495,4.230096817,3.3260381222,2.7456037998,2.643099308,3.161241293,2.5453543663,2.3582718372,2.8590757847,2.2438836098,2.0534684658,1.2479817867,1.757391572,1.2557339668,1.2760801315,1.3441904783,1.3251193762,0.9664345384,0.8873087168,0.9568633437,1.0471258163,0.7692494988,0.7696084976,0.6733947992,1.0219352245]},"step_min_q":{"0":[9.5563926697,9.7211141586,8.8384428024,8.9461460114,9.1250658035,8.9395895004,8.0516290665,7.2661767006,7.2595148087,6.8031282425,5.8761720657,5.7644152641,5.0326199532,4.6178722382,4.6677303314,4.2574615479,4.2215776443,3.3848626614,3.2247164249,3.1577711105,2.1086070538,2.6560547352,2.2858247757,2.1165990829,1.9463499784,1.5196602345,1.2965050936,1.3469839096,0.7839410305,0.7704463005,0.0,-0.0626163483,0.0,-0.0169190168,-0.3230805397,-0.3484268188,-0.5163664818,-2.402141571,-1.353729248,-1.2281954288,-0.5706720352,-0.6733293533,-1.3581526279,-0.5300114155,-0.5629367828,-0.6111726761,-0.6105582714,-0.4433839321,-0.5888743401,-0.4940924644,-0.9223241806,-0.7852499485,-0.6762613058,-0.7510302067,-0.7929601669,-1.06609869,-0.8629863262,-1.5688915253,-1.3508269787,-1.287399292,-1.1576464176,-0.9084661007,-1.1200935841,-1.385696888,-0.8214662075,-0.8212629557,-0.8206892014,-0.9650015831,-0.6383686066,-0.3713343143,-0.4507803917,-0.4185323715,-0.6931283474,-0.7077226639,-0.8209121227,-0.9145729542,-1.0875475407,-1.0609004498,-0.9873011112,-1.1155879498,-1.0592839718,-1.0518679619,-0.2039847374,-0.3002803326,-0.2235548496,-0.2651174068,-0.2293834686,-0.226526916,-0.2779824734,-0.44313097,-0.4550449848,-0.1732032299,-0.1281235218,-0.2446870804,-0.4717998505,-0.3415696621,-0.0784544945,-0.2923380733,-0.3379173875,-0.4410634041,-0.3997194171,0.0,-0.5595090389,-0.3486796021,-0.4076365829,0.0,-0.1087393165,-0.1652192473,-0.3681961894,-0.400619328,-0.085467577,-0.2677415013,-0.0848349333,-0.1991496086,-0.0921293497,-0.1510541439,-0.2750575542,-0.337915659,-0.3249925971,-0.2072563767,-0.2766958475,-0.2739565372,-0.2000194788,-0.1623983383,-0.1882661581,-0.2100943327,-0.0899633169,-0.130633235,-0.2113600373,-0.2136811018,-0.240004003,-0.1875085235,0.0,0.0,0.0,0.0,0.0,0.0,0.0,0.0,0.0,0.0,0.0,0.0,0.0,0.0,0.0,0.0]},"step_mean_q":{"0":[14.5193881989,14.668756485,14.5277500153,14.6005525589,14.6423873901,14.5512666702,14.4434375763,14.3681974411,14.2194728851,14.046672821,13.840467453,13.6114263535,13.4035177231,13.1437397003,12.8640861511,12.622013092,12.3641376495,12.0449924469,11.7524261475,11.477227211,11.1817874908,10.8649244308,10.5667057037,10.2732744217,9.9849395752,9.6919164658,9.4129838943,9.1511211395,8.8939495087,8.6184082031,8.3799200058,8.1458492279,7.9062843323,7.6619324684,7.4416160583,7.2255768776,7.0032658577,6.7804322243,6.5678300858,6.3694615364,6.1746253967,5.9903416634,5.8129682541,5.6492376328,5.4927530289,5.3253302574,5.1858587265,5.0537843704,4.9134602547,4.7780156136,4.6593809128,4.5429401398,4.4291334152,4.3160362244,4.2301192284,4.1359672546,4.0379214287,3.9533910751,3.8728439808,3.7865245342,3.7239313126,3.651402235,3.5919845104,3.5301654339,3.4603865147,3.4067614079,3.3751804829,3.3121192455,3.2561440468,3.2121295929,3.1253099442,3.071492672,3.0320951939,3.0145330429,2.9637131691,2.9722082615,2.9266302586,2.8974778652,2.8239781857,2.8061382771,2.7947874069,2.7715392113,2.7269032001,2.6897807121,2.7391006947,2.6646950245,2.7335352898,2.7906007767,2.7158880234,2.6934530735,2.6150007248,2.6242477894,2.6257510185,2.5239486694,2.5328903198,2.4673440456,2.3389928341,2.3691563606,2.3315477371,2.1898715496,2.326679945,2.3009335995,2.2332844734,2.2202618122,2.1679444313,2.1748757362,2.0250561237,2.0027651787,1.8466113806,1.8845331669,1.6920995712,1.4938787222,1.5121644735,1.4385572672,1.5123473406,1.5197559595,1.602651,1.6159812212,1.7523677349,1.7762830257,2.1121799946,1.9609965086,1.6918042898,1.7666038275,1.6830450296,1.3559218645,1.4072418213,1.444668293,1.2515985966,1.1774790287,1.1201810837,1.0773341656,1.306333065,1.049497366,0.515035212,0.6260232329,1.2557339668,1.2760801315,1.3441904783,1.3251193762,0.9664345384,0.8873087168,0.9568633437,1.0471258163,0.7692494988,0.7696084976,0.6733947992,1.0219352245]},"episodes_still_running":{"0":[4096.0,4096.0,4096.0,4096.0,4096.0,4096.0,4096.0,4096.0,4096.0,4096.0,4096.0,4096.0,4096.0,4096.0,4096.0,4096.0,4096.0,4096.0,4096.0,4096.0,4096.0,4096.0,4096.0,4096.0,4096.0,4096.0,4096.0,4096.0,4096.0,4096.0,4095.0,4094.0,4093.0,4092.0,4091.0,4089.0,4084.0,4084.0,4079.0,4076.0,4070.0,4057.0,4047.0,4030.0,4004.0,3979.0,3936.0,3898.0,3841.0,3782.0,3715.0,3617.0,3522.0,3421.0,3318.0,3196.0,3057.0,2886.0,2718.0,2565.0,2405.0,2255.0,2076.0,1921.0,1762.0,1619.0,1482.0,1331.0,1212.0,1100.0,997.0,895.0,820.0,723.0,657.0,577.0,529.0,478.0,419.0,374.0,332.0,295.0,268.0,251.0,224.0,203.0,177.0,163.0,147.0,138.0,124.0,111.0,106.0,98.0,89.0,84.0,76.0,72.0,68.0,63.0,57.0,51.0,47.0,44.0,41.0,40.0,37.0,35.0,34.0,33.0,29.0,28.0,25.0,25.0,23.0,22.0,20.0,19.0,17.0,15.0,12.0,11.0,10.0,10.0,10.0,6.0,6.0,6.0,6.0,6.0,6.0,6.0,5.0,5.0,3.0,3.0,1.0,1.0,1.0,1.0,1.0,1.0,1.0,1.0,1.0,1.0,1.0,1.0]},