{"max_q":{"0":18.0563030243},"min_q":{"0":-3.2988173962},"mean_q":{"0":8.6285104752},"range_q":{"0":21.3551197052},"step_max_q":{"0":[12.1963758469,14.1338510513,13.8477067947,14.4018030167,13.9429893494,14.4947462082,15.2078895569,15.3978338242,18.0563030243,17.1713314056,17.027141571,17.0225830078,17.9665622711,17.9346561432,17.5840167999,15.6710529327,16.9232082367,14.1461248398,14.3736772537,13.5823354721,12.1810073853,12.3831672668,11.6939067841,12.4241666794,12.3257989883,12.3975114822,10.3875951767,10.8366308212,10.4092006683,9.3918485641,9.8550081253,7.9145450592,4.5130243301,4.576874733,1.7647800446,1.3524372578,0.9901832938,0.6650452614,0.3652405739,0.0,0.0,0.0,0.0,0.0,0.0,0.0,0.0,0.0,0.0,0.0,0.0,0.0,0.0,0.0,0.0,0.0,0.0,0.0,0.0,0.0,0.0,0.0,0.0,0.0,0.0,0.0,0.0,0.0,0.0,0.0]},"step_min_q":{"0":[9.6141624451,9.5667314529,9.4833145142,7.4207100868,6.8458409309,5.7703418732,6.1716051102,5.2600479126,5.0806422234,3.9997434616,3.5041828156,1.6738710403,2.1097044945,1.8031361103,1.1790449619,0.3193512261,0.3981963992,-0.1245906353,-0.5814816952,-0.4386374354,-0.2781215906,-0.4674962163,-0.5294031501,-0.5458803177,-0.4579663277,-0.366797328,-0.4813979864,-1.0756800175,-0.4891883731,-0.5474620461,-0.2518926263,-0.5588033795,0.0,0.0,-0.0264746845,-0.1647959054,-0.2516489327,-0.4497374296,-0.8157737255,-1.1768088341,-1.5808565617,-1.5872598886,-1.0464209318,-1.3054866791,-1.8649227619,-1.2875199318,-2.0943989754,-2.2306847572,-1.3625026941,-1.7608457804,-2.2514100075,-2.3578300476,-2.1924757957,-1.5563597679,-2.3431401253,-2.341984272,-2.4585967064,-2.3210225105,-2.2276997566,-2.3674995899,-2.366973877,-1.7050919533,-2.5598170757,-1.8166657686,-2.7371273041,-1.9278635979,-2.8926944733,-2.5587024689,-3.2988173962,-2.1430053711]},"step_mean_q":{"0":[11.4401473999,11.673078537,12.1027879715,12.2781772614,12.5005598068,12.7597980499,12.3248872757,11.884809494,11.2314128876,10.9735527039,10.5598201752,9.958562851,9.4382896423,8.9715967178,8.5513439178,7.9014062881,7.5806665421,6.8326253891,6.4845151901,5.9590997696,5.5791316032,5.3039822578,5.0444970131,4.9268746376,4.7620606422,4.780834198,4.9032945633,4.5762662888,3.8769080639,3.1648747921,3.0103154182,2.4790086746,2.0076673031,1.8540252447,0.8297463059,0.5029690862,0.2210865021,-0.0349350087,-0.2812770903,-0.6153543591,-0.8518052101,-0.8668506742,-0.748444736,-1.0687042475,-1.4225902557,-1.0982629061,-1.6118121147,-1.7193177938,-1.1848855019,-1.4282468557,-2.0065338612,-1.6697740555,-1.6298509836,-1.4490245581,-2.1639573574,-1.7350498438,-2.0640523434,-1.6446055174,-1.6217743158,-1.8333702087,-2.0675578117,-1.6572432518,-2.5018014908,-1.561222434,-2.0948569775,-1.7444734573,-2.3782250881,-2.0532982349,-2.520704031,-1.7502859831]},"episodes_still_running":{"0":[4096.0,4096.0,4096.0,4096.0,4096.0,4096.0,4096.0,4096.0,4096.0,4096.0,4096.0,4096.0,4096.0,4096.0,4096.0,4096.0,4096.0,4096.0,4096.0,4068.0,4028.0,3932.0,3872.0,3776.0,3628.0,3324.0,2716.0,2116.0,1368.0,880.0,428.0,160.0,48.0,20.0,12.0,12.0,12.0,12.0,12.0,12.0,12.0,12.0,12.0,12.0,12.0,12.0,12.0,12.0,12.0,12.0,12.0,12.0,12.0,12.0,12.0,12.0,12.0,12.0,12.0,12.0,12.0,12.0,12.0,12.0,12.0,12.0,12.0,12.0,12.0,12.0]},"step_range_q":{"0":[2.5822134018,4.5671195984,4.3643922806,6.9810929298,7.0971484184,8.724404335,9.0362844467,10.1377859116,12.9756603241,13.171587944,13.5229587555,15.3487119675,15.8568572998,16.1315193176,16.4049720764,15.3517017365,16.5250110626,14.2707157135,14.9551591873,14.0209732056,12.4591293335,12.8506631851,12.2233095169,12.9700469971,12.7837657928,12.7643089294,10.8689928055,11.9123106003,10.8983888626,9.9393110275,10.1069011688,8.4733486176,4.5130243301,4.576874733,1.7912547588,1.5172331333,1.2418322563,1.114782691,1.1810142994,1.1768088341,1.5808565617,1.5872598886,1.0464209318,1.3054866791,1.8649227619,1.2875199318,2.0943989754,2.2306847572,1.3625026941,1.7608457804,2.2514100075,2.3578300476,2.1924757957,1.5563597679,2.3431401253,2.341984272,2.4585967064,2.3210225105,2.2276997566,2.3674995899,2.366973877,1.7050919533,2.5598170757,1.8166657686,2.7371273041,1.9278635979,2.8926944733,2.5587024689,3.2988173962,2.1430053711]},"mean_loss:":{"0":1.3664938211},"rmse":{"0":1.1689713001},"step_rmse":{"0":[0.6933799982,0.7122446299,0.7721270919,0.5119326711,0.2786250114,0.3607849181,0.6092656255,0.7343556285,0.8335887194,1.026272893,1.2783485651,1.4506065845,1.6171244383,1.7450174093,1.7447522879,1.7442942858,1.666015029,1.5048109293,1.4422850609,1.3139631748,1.1656990051,1.1005302668,0.9678290486,0.9688858986,0.8566097617,0.881044805,0.8995167017,0.9603750706,1.0487874746,1.1784107685,1.4559026957,1.8980776072,2.7063970566,3.944175005,4.706056118,4.5417165756,4.4728007317,4.2075891495,3.575540781,2.8506865501,2.1519732475,2.8034937382,2.9471576214,2.4182560444,2.9069859982,3.2713353634,2.6854557991,2.347599268,2.7347564697,1.8829789162,2.2801177502,2.251137495,1.9523293972,1.8365399837,2.4852752686,2.2557678223,2.1300609112,1.8030612469,1.8722683191,1.9074845314,2.4675323963,1.6462775469,2.5994348526,1.8393986225,2.1669695377,2.259786129,2.6926472187,2.5712866783,3.6289494038,2.130674839]},"rmse_by_q":{"0":13.5477762222},"step_rmse_by_q":{"0":[6.0609359741,6.101600647,6.3797459602,4.1694517136,2.2289001942,2.8275127411,4.9433765411,6.1789431572,7.4219398499,9.3522396088,12.1057796478,14.5664243698,17.1336593628,19.450466156,20.4032516479,22.0757446289,21.9771575928,22.0239048004,22.2419872284,22.0496921539,20.8939151764,20.7491321564,19.1858386993,19.6653251648,17.9882164001,18.4286842346,18.3451480865,20.9859962463,27.0521640778,37.2340393066,48.3637924194,76.5659942627,134.8030700684,212.7357788086,567.1680908203,902.981262207,2023.0998535156,-12044.0478515625,-1271.1809082031,-463.2593688965,-252.6367950439,-323.4113769531,-393.770904541,-226.2792663574,-204.3445892334,-297.8645019531,-166.6109619141,-136.5424804688,-230.8034362793,-131.838470459,-113.6346435547,-134.8168945312,-119.7857589722,-126.7431945801,-114.8486251831,-130.0117034912,-103.1980056763,-109.6348724365,-115.4456710815,-104.0425186157,-119.3452682495,-99.3383178711,-103.9025192261,-117.8178405762,-103.4423599243,-129.5397338867,-113.2208709717,-125.227142334,-143.965713501,-121.7329483032]},"mean_error":{"0":0.7793734074},"step_mean_error":{"0":[0.4708078504,0.4952944517,0.5648364425,0.3526351452,0.207624197,0.2714147866,0.4945223629,0.5877433419,0.6415859461,0.7941089272,0.9867035151,1.1114057302,1.2557493448,1.2946186066,1.3074588776,1.3022329807,1.2509975433,1.0898635387,1.0155471563,0.9104011059,0.7742931843,0.726379931,0.6317033768,0.5945225954,0.5391177535,0.5466527343,0.576726079,0.6013625264,0.6600596309,0.7252209783,0.9504172802,1.2046314478,2.0358569622,3.2053439617,4.028567791,3.9107673168,3.8813066483,3.665222168,3.1764757633,2.572022438,1.891029954,2.508395195,2.1605863571,2.0251843929,2.6572515965,2.4953839779,2.3991756439,2.1409237385,2.1156234741,1.6352161169,2.1081120968,1.9373193979,1.7270919085,1.5952774286,2.3641750813,2.0179393291,2.0554196835,1.5952243805,1.7710390091,1.7723776102,2.4100792408,1.5837904215,2.5616004467,1.7087988853,2.0640265942,2.131976366,2.6647033691,2.3803193569,3.4743945599,1.9101473093]},"mean_q_deviation":{"0":38.8583984375},