{"max_q":{"0":19.7707748413},"min_q":{"0":-4.8415374756},"mean_q":{"0":8.6622905731},"range_q":{"0":24.6123123169},"step_max_q":{"0":[12.4327831268,17.1341571808,16.4103889465,13.5083370209,13.9314107895,14.7803077698,15.3901395798,15.5848264694,16.0630760193,17.5753135681,17.4759483337,19.1268291473,19.7707748413,17.8539161682,17.1334381104,16.7370414734,15.9246511459,14.7490005493,15.6116142273,14.9604549408,13.1714258194,12.1686868668,12.8844556808,11.7156515121,12.274394989,12.1671085358,10.6251153946,10.5061283112,10.3350887299,10.5787229538,12.2118740082,9.0439100266,5.7621231079,5.0053038597,3.3925356865,2.4923934937,1.7208292484,0.9886396527,0.498632431,0.645810008,0.7553396225,0.0,0.0,0.0,0.0,0.0,0.0,0.0,0.0,0.0,0.0,0.0,0.0,0.0,0.0,0.0,0.0,0.0,0.0,0.0,0.0,0.0,0.0,0.0,0.0,0.0,0.0,0.0,0.0,0.0]},"step_min_q":{"0":[8.2033338547,8.8862133026,8.5369338989,7.1721954346,6.7250161171,6.2504034042,6.4149127007,5.3443293571,4.9488883018,4.008055687,3.1830506325,2.8302669525,0.9634667635,0.837790966,0.8397858143,-0.6426491737,-0.5526967049,-0.2802145481,-0.3078887463,-0.9727005959,-0.499366045,-1.2488415241,-0.7347874641,-0.6874902248,-1.0414891243,-0.6860730648,-0.7369906902,-0.7491636276,-0.5314176083,-0.6216478348,-0.6956861019,-0.4814403057,-0.0978542566,0.0,-0.1561220884,-0.3616197109,-0.5371999741,-0.7199854851,-0.9322702885,-1.1671385765,-1.4247348309,-1.7001490593,-1.8411879539,-2.6826865673,-1.4468784332,-3.059555769,-1.9954879284,-1.6550114155,-2.0539929867,-3.494800806,-2.3895745277,-1.3489191532,-2.7632319927,-3.8232576847,-3.10958004,-1.7943873405,-3.3628637791,-2.7556948662,-3.6277470589,-4.3673439026,-3.8991444111,-4.3216791153,-4.1672964096,-2.5346496105,-4.4213776588,-4.5763092041,-4.6461911201,-4.4928798676,-4.8415374756,-3.1292281151]},"step_mean_q":{"0":[11.5408239365,11.8694314957,12.3380117416,12.3583917618,12.4413928986,12.8596248627,12.303686142,11.9360704422,11.3474054337,11.031744957,10.6522712708,10.0643692017,9.4677467346,9.0793437958,8.5772390366,7.9280261993,7.5831651688,6.8620066643,6.5137925148,5.9552307129,5.5614566803,5.2686700821,4.9938821793,4.8474059105,4.7337937355,4.7680678368,4.8657436371,4.4967508316,3.7545559406,3.0658452511,2.8922734261,2.3570282459,2.0572474003,2.642475605,1.8206720352,1.1818009615,0.6524906754,0.163276732,-0.2320896834,-0.1450587958,-0.5755887628,-1.1423865557,-1.092330575,-1.9777650833,-0.8027788997,-1.9454175234,-1.4167922735,-1.0416611433,-1.3247623444,-2.2678956985,-1.6216974258,-0.9606869817,-2.0779201984,-2.113145113,-2.0910890102,-1.3033599854,-1.7890473604,-2.2073719501,-2.2625370026,-3.2183043957,-2.1507718563,-2.7610423565,-2.8494050503,-2.1405110359,-3.3191814423,-3.1454651356,-2.8467328548,-3.6828832626,-2.714107275,-2.7542724609]},"episodes_still_running":{"0":[4096.0,4096.0,4096.0,4096.0,4096.0,4096.0,4096.0,4096.0,4096.0,4096.0,4096.0,4096.0,4096.0,4096.0,4096.0,4096.0,4096.0,4096.0,4096.0,4068.0,4028.0,3932.0,3872.0,3776.0,3628.0,3324.0,2716.0,2116.0,1368.0,880.0,428.0,160.0,48.0,20.0,12.0,12.0,12.0,12.0,12.0,12.0,12.0,12.0,12.0,12.0,12.0,12.0,12.0,12.0,12.0,12.0,12.0,12.0,12.0,12.0,12.0,12.0,12.0,12.0,12.0,12.0,12.0,12.0,12.0,12.0,12.0,12.0,12.0,12.0,12.0,12.0]},"step_range_q":{"0":[4.2294492722,8.2479438782,7.8734550476,6.3361415863,7.2063946724,8.5299043655,8.975227356,10.2404975891,11.1141872406,13.5672578812,14.2928981781,16.2965621948,18.807308197,17.0161247253,16.2936515808,17.3796901703,16.4773483276,15.029214859,15.919503212,15.9331550598,13.670791626,13.4175281525,13.6192436218,12.4031419754,13.3158836365,12.853181839,11.3621063232,11.2552919388,10.8665065765,11.2003707886,12.9075603485,9.5253505707,5.8599772453,5.0053038597,3.5486578941,2.8540132046,2.2580292225,1.7086250782,1.4309027195,1.8129485846,2.1800744534,1.7001490593,1.8411879539,2.6826865673,1.4468784332,3.059555769,1.9954879284,1.6550114155,2.0539929867,3.494800806,2.3895745277,1.3489191532,2.7632319927,3.8232576847,3.10958004,1.7943873405,3.3628637791,2.7556948662,3.6277470589,4.3673439026,3.8991444111,4.3216791153,4.1672964096,2.5346496105,4.4213776588,4.5763092041,4.6461911201,4.4928798676,4.8415374756,3.1292281151]},"mean_loss:":{"0":1.4140934944},"rmse":{"0":1.1891566515},"step_rmse":{"0":[0.4256818891,0.7098557949,0.6100085378,0.5029549599,0.2668339908,0.2304239422,0.590585053,0.7327409983,0.8335037231,1.0453029871,1.240265131,1.4213641882,1.5984845161,1.7386769056,1.7581120729,1.720179677,1.6158599854,1.5767537355,1.4921358824,1.4268419743,1.2670813799,1.1382722855,1.0647685528,1.0473421812,0.9835863113,1.031000495,1.1088330746,1.1349304914,1.1800097227,1.2457120419,1.5029654503,1.664295435,2.038547039,2.9585335255,3.5028173923,3.6408092976,3.832729578,3.7991850376,3.3052968979,2.1801712513,1.683853507,2.8770012856,2.7825813293,3.1613657475,2.4528229237,3.5684514046,2.6788220406,1.6706614494,2.5600554943,2.8805890083,1.8056590557,1.3933718204,2.2494289875,2.6910395622,2.4444794655,1.7153306007,1.8933308125,2.2947940826,2.4422285557,3.429236412,2.6648201942,3.0258967876,3.1227171421,2.3225138187,3.3971033096,3.7120592594,3.4088201523,4.1793556213,4.0504012108,3.0929687023]},"rmse_by_q":{"0":13.7279701233},"step_rmse_by_q":{"0":[3.6884877682,5.9805374146,4.9441394806,4.0697445869,2.1447277069,1.7918401957,4.8000659943,6.138879776,7.3453240395,9.4754095078,11.643198967,14.1227350235,16.8834724426,19.1498088837,20.4974136353,21.6974525452,21.3085155487,22.9780273438,22.9073295593,23.9594745636,22.7832641602,21.6045475006,21.3214588165,21.6062412262,20.7779712677,21.6230239868,22.7885627747,25.2389011383,31.4287414551,40.6319274902,51.9648475647,70.6099014282,99.0909957886,111.9606704712,192.3914489746,308.0729675293,587.3999023438,2326.837890625,-1424.1463623047,-1502.9569091797,-292.5445251465,-251.8413085938,-254.7380218506,-159.8453674316,-305.5415344238,-183.4285583496,-189.0765533447,-160.3843383789,-193.2463989258,-127.0159378052,-111.3437652588,-145.0391082764,-108.2538757324,-127.3476028442,-116.8998260498,-131.6083526611,-105.8289871216,-103.9604644775,-107.9420318604,-106.5541381836,-123.900642395,-109.5925598145,-109.5919036865,-108.5027694702,-102.3476257324,-118.0130462646,-119.7449951172,-113.4805297852,-149.2351226807,-112.2971191406]},"mean_error":{"0":0.7869465351},"step_mean_error":{"0":[0.3122617006,0.4600957036,0.3406665921,0.3564709425,0.1941607296,0.1681369543,0.4676751196,0.5768977404,0.6472572088,0.8201290965,0.9623692632,1.1036999226,1.2456758022,1.3235824108,1.3389480114,1.2949972153,1.2033040524,1.1525679827,1.0571607351,0.9812120795,0.8500167131,0.7697632313,0.715041101,0.6590507627,0.6265894771,0.6373677254,0.6964843273,0.7302470207,0.7531715035,0.7913062572,0.9544325471,1.0952293873,1.4324169159,2.3598628044,3.0376417637,3.2319355011,3.4499022961,3.4670102596,3.1272888184,2.1017267704,1.6148138046,2.7839310169,2.5044722557,2.934245348,2.0374403,3.3425388336,2.2041556835,1.4632669687,2.255500555,2.4748647213,1.7232755423,1.2282322645,2.1751611233,2.259398222,2.2913067341,1.5862493515,1.7804145813,2.1579911709,2.4118013382,3.1573116779,2.4932935238,2.6875896454,2.9092037678,2.2880876064,3.2883508205,3.5329685211,3.1332111359,4.0099043846,3.6677978039,2.9141337872]},"mean_q_deviation":{"0":59.2660903931},