{"max_q":{"0":11.2734107971},"min_q":{"0":-0.2412465811},"mean_q":{"0":5.3665838242},"range_q":{"0":11.5146570206},"step_max_q":{"0":[10.3405742645,10.5414390564,10.7487487793,10.9729194641,11.2734107971,11.0810451508,10.5825233459,10.2714920044,9.9343242645,9.738902092,9.5409393311,9.2368516922,9.101474762,9.0601539612,8.8287649155,8.4678192139,8.2462854385,8.1777877808,7.5665621758,7.51816082,7.4393720627,6.9325761795,6.4286289215,6.2547883987,6.2257466316,5.7169699669,6.53216362,5.527674675,5.1780309677,4.8890147209,4.3405690193,4.1136064529,4.2008605003,3.6479048729,3.1793179512,2.8968472481,2.5942778587,2.7785434723,2.330078125,2.1330151558,1.9654420614,1.807626009,2.2280201912,1.7570903301,1.7723529339,1.0870963335,0.7365118265,0.5573252439,0.4183790088,0.1837438941,0.130843699,0.1934826374,0.1464347839,0.2391806841,0.1122345924,0.1187567413,0.0]},"step_min_q":{"0":[9.4011287689,9.4100084305,9.3519716263,9.3904809952,9.5052394867,9.3284883499,8.8215713501,8.4949026108,8.3903036118,7.6315355301,7.3000359535,6.6389083862,6.3510599136,5.8939199448,5.33943367,4.6718020439,4.3522634506,3.856069088,3.4722328186,3.0579915047,2.6545584202,2.1052222252,1.8012664318,1.2249064445,1.0703504086,1.0097543001,0.6659293771,0.4421738386,0.2509740591,0.0582670569,-0.0443336964,-0.0927832127,-0.0891182423,-0.1077857018,-0.1397218704,-0.1280908585,-0.1162125468,-0.1427206993,-0.12739712,-0.1178509593,-0.1299752891,-0.1766874194,-0.1784277558,-0.148653686,-0.1198120117,-0.2412465811,-0.2285162508,-0.0175513029,-0.0137419105,-0.0603767037,0.0,0.0,0.0,0.0,0.0,0.0,-0.0045377612]},"step_mean_q":{"0":[9.9907245636,10.0819778442,10.1980485916,10.3418569565,10.4497795105,10.2262229919,9.799451828,9.5238285065,9.2222423553,8.9037389755,8.5476322174,8.1941642761,7.8765563965,7.5303421021,7.1943130493,6.8294377327,6.442407608,6.0643672943,5.6700339317,5.2675800323,4.8632516861,4.4696340561,4.0856852531,3.6939864159,3.3139760494,2.9509041309,2.5895125866,2.2517879009,1.9404317141,1.6475359201,1.3706246614,1.1357575655,0.9359820485,0.7613328695,0.6166259646,0.5115156174,0.430976212,0.3674309254,0.3375022113,0.3062460721,0.2653014958,0.237305671,0.2236138731,0.2251439095,0.204536587,0.1630719453,0.1627501547,0.1816114336,0.182005927,0.0899188891,0.0890827924,0.1344789416,0.1464347839,0.2391806841,0.1122345924,0.1187567413,-0.0045377612]},"episodes_still_running":{"0":[4096.0,4096.0,4096.0,4096.0,4096.0,4096.0,4096.0,4096.0,4096.0,4096.0,4096.0,4096.0,4096.0,4096.0,4096.0,4096.0,4096.0,4096.0,4096.0,4096.0,4096.0,4096.0,4096.0,4096.0,4096.0,4096.0,4096.0,4096.0,4096.0,4096.0,4088.0,4052.0,3964.0,3844.0,3600.0,3272.0,2824.0,2376.0,1788.0,1344.0,1032.0,744.0,524.0,336.0,232.0,160.0,104.0,76.0,36.0,28.0,20.0,12.0,4.0,4.0,4.0,4.0,4.0]},"step_range_q":{"0":[0.9394454956,1.1314306259,1.396777153,1.5824384689,1.7681713104,1.7525568008,1.7609519958,1.7765893936,1.5440206528,2.1073665619,2.2409033775,2.597943306,2.7504148483,3.1662340164,3.4893312454,3.79601717,3.8940219879,4.3217186928,4.0943293571,4.4601693153,4.7848138809,4.8273539543,4.6273622513,5.0298819542,5.1553964615,4.707215786,5.8662343025,5.0855007172,4.9270567894,4.8307476044,4.3849029541,4.2063894272,4.289978981,3.7556905746,3.3190398216,3.0249381065,2.7104904652,2.9212641716,2.4574751854,2.2508661747,2.0954172611,1.984313488,2.4064478874,1.9057440758,1.8921649456,1.3283429146,0.9650280476,0.5748765469,0.4321209192,0.2441205978,0.130843699,0.1934826374,0.1464347839,0.2391806841,0.1122345924,0.1187567413,0.0045377612]},"mean_loss:":{"0":0.0622108579},"rmse":{"0":0.2494210452},"step_rmse":{"0":[0.0829623044,0.10253416,0.1154610217,0.1527198851,0.2021496594,0.236074388,0.251535058,0.2649895847,0.2733227909,0.2804531753,0.2990114391,0.3027408123,0.3156184554,0.3066285253,0.3048968017,0.3260765076,0.3214017451,0.3296656907,0.326453656,0.3403461874,0.3306812644,0.3400398195,0.3171898425,0.3136382103,0.2918395698,0.2762810886,0.2623128891,0.2509946525,0.2200360745,0.1973959953,0.1730892509,0.1716456413,0.1455870569,0.142428562,0.1139401421,0.100219138,0.0928156376,0.0816137344,0.0828987285,0.0779254287,0.07595779,0.0798603073,0.0867377818,0.0872803554,0.1066496596,0.1286425442,0.1161242947,0.0565321334,0.1072445512,0.1340063363,0.1542922556,0.1370536834,0.3149652481,0.2331166267,0.2174579501,0.2586854994,0.2669630647]},"rmse_by_q":{"0":4.6476688385},"step_rmse_by_q":{"0":[0.8303933144,1.0170044899,1.1321874857,1.47671628,1.9344873428,2.3085198402,2.566827774,2.7823851109,2.9637346268,3.1498360634,3.4981787205,3.6945905685,4.0070614815,4.0719070435,4.2380251884,4.7745728493,4.9888448715,5.4361100197,5.757525444,6.4611487389,6.7995920181,7.6077775955,7.7634429932,8.4905080795,8.8063268661,9.3625907898,10.129817009,11.1464605331,11.3395423889,11.9812860489,12.6284942627,15.1128768921,15.5544710159,18.7077903748,18.4779987335,19.5925865173,21.5361385345,22.2119941711,24.5624256134,25.4453620911,28.6307430267,33.6529273987,38.7890892029,38.7664718628,52.1420974731,78.8869857788,71.3512649536,31.128068924,58.9236564636,149.0302429199,173.200958252,101.9146118164,215.0890808105,97.4646606445,193.7530517578,217.8280639648,-5883.14453125]},"mean_error":{"0":0.1773066223},"step_mean_error":{"0":[0.0623555258,0.0832445323,0.090733394,0.1198330373,0.1591882855,0.1847368628,0.192409873,0.206608966,0.209237352,0.2157797515,0.2349608243,0.23541224,0.2471165061,0.2420385778,0.2356196344,0.254434526,0.2507830262,0.2599804401,0.2596592307,0.2625215352,0.2581745386,0.2580805719,0.2475778162,0.2397634834,0.2252153605,0.2114355862,0.1942231506,0.1859104782,0.1644737124,0.1443080455,0.1244058162,0.1111288965,0.0931878611,0.0840931088,0.0736310631,0.0641671047,0.0582879782,0.052940689,0.0526396632,0.0500035584,0.0511624403,0.0507553928,0.0542077608,0.0584690496,0.0658780187,0.0761834607,0.0682603866,0.0411592089,0.067444697,0.0843021497,0.1007781029,0.1178890467,0.3149652481,0.2331166267,0.2174579501,0.2586854994,0.2669630647]},"mean_q_deviation":{"0":10.9771299362},"step_mean_q_deviation":{"0":[0.6297734976,0.8254499435,0.8923358917,1.1640286446,1.5314049721,1.8141957521,1.9886350632,2.1916913986,2.2952840328,2.4431717396,2.7649202347,2.8916378021,3.1428084373,3.256262064,3.3100624084,3.7697002888,3.916046381,4.2962059975,4.6112165451,5.0223288536,5.3318977356,5.8403158188,6.1866865158,6.5992922783,6.9499998093,7.3523087502,7.7157678604,8.4723024368,9.0057992935,10.3315200806,10.9899997711,13.0361776352,15.2325954437,19.4801158905,51.8773612976,31.2210769653,33.0219192505,56.0579109192,71.3662490845,51.4690093994,93.0626602173,61.2250137329,69.6406936646,73.5348968506,108.6011657715,80.5479202271,51.4864845276,104.984954834,42.6354789734,167.911605835,59.7597579956,65.8190536499,68.2629470825,49.3580245972,65.9578018188,68.5364456177,101.7291641235]},"mean_range_deviation":{"0":1.5469318628},"step_mean_range_deviation":{"0":[4.9784297943,6.2631554604,5.8225846291,7.0534863472,7.493265152,8.8362531662,8.1664037704,8.1758060455,7.1804790497,7.1717934608,7.5795331001,7.1142315865,5.7385549545,6.8118400574,5.9192838669,5.6383075714,5.872549057,5.9765429497,5.8935098648,5.2636117935,4.7108669281,4.452527523,4.1682128906,3.9197661877,3.9267177582,3.943338871,3.4654569626,3.0464890003,2.8850512505,2.7405471802,2.7064323425,2.3941955566,2.1326901913,1.8364280462,2.0373756886,2.022415638,1.8927440643,1.6401506662,1.834923625,2.1067054272,2.3466148376,2.6615493298,3.0448081493,3.5583708286,4.9388074875,7.7435703278,7.878777504,5.72671175,9.398557663,16.0983829498,21.7498607635,37.5803871155,68.2629470825,49.3580245972,65.9578018188,68.5364227295,101.7291641235]},"epoch":{"0":155},"mask_name":{"0":"enemy_health"},"map_name":{"0":"corridor"}}