{"max_q":{"0":18.3253898621},"min_q":{"0":-0.565625906},"mean_q":{"0":11.9603300095},"range_q":{"0":18.8910160065},"step_max_q":{"0":[16.0426902771,16.5180549622,16.9576301575,17.61277771,18.3253898621,18.1661510468,17.942150116,17.4465179443,16.8060035706,16.7835731506,15.9862442017,15.0475616455,14.5312232971,14.1045665741,13.6257486343,13.1432209015,13.1693744659,12.0999584198,11.5444889069,10.9717407227,10.8128423691,9.8826789856,9.0648851395,8.6434116364,8.2858028412,7.8656978607,7.5553941727,7.0973334312,7.0444073677,6.7985420227,7.0687069893,7.0696706772,6.1477365494,5.9296388626,5.6470022202,5.4730300903,5.31300354,4.1832938194,3.5072083473,3.2914924622,2.6432881355,3.5097389221,3.8107614517,3.5158934593]},"step_min_q":{"0":[16.0426902771,16.2196178436,15.7399244308,16.2362594604,13.5826368332,12.5382909775,12.253534317,10.4369564056,9.6205615997,8.459066391,7.3880343437,5.8200550079,4.8982582092,3.199067831,2.2126867771,1.4382753372,-0.0370950699,0.5913145542,-0.2508659363,-0.0932527781,-0.1163301468,-0.2667503357,-0.4048306942,-0.1545737982,-0.1208047867,-0.5555771589,-0.5098358393,-0.2757045031,-0.3481578827,-0.565625906,-0.1779677868,-0.0073233843,-0.1106853485,0.0,0.0,0.0,0.0,0.0,0.0,0.0,0.0,0.0,0.0,0.0]},"step_mean_q":{"0":[16.0426902771,16.3643436432,16.7490615845,17.3250751495,17.6817398071,17.1379547119,16.582113266,15.8822994232,15.3793907166,14.9256572723,14.295835495,13.709482193,12.9960298538,12.462430954,11.8235492706,11.2485027313,10.6110038757,10.0322971344,9.4984750748,8.9543819427,8.4344139099,7.919678688,7.4060015678,7.0217652321,6.6816449165,6.3816800117,6.1741466522,5.9545741081,5.7188067436,5.2546253204,4.4339852333,3.6589779854,2.9422810078,4.9595923424,5.6470022202,5.4730300903,5.31300354,4.1832938194,3.5072083473,3.2914924622,2.6432881355,3.5097389221,3.8107614517,3.5158934593]},"episodes_still_running":{"0":[4096.0,4096.0,4096.0,4096.0,4096.0,4096.0,4096.0,4096.0,4096.0,4096.0,4096.0,4096.0,4096.0,4096.0,4096.0,4096.0,4096.0,4096.0,4096.0,4096.0,4096.0,4096.0,4096.0,4084.0,4076.0,3992.0,3560.0,2600.0,1320.0,572.0,256.0,124.0,60.0,24.0,4.0,4.0,4.0,4.0,4.0,4.0,4.0,4.0,4.0,4.0]},"step_range_q":{"0":[0.0,0.2984371185,1.2177057266,1.3765182495,4.7427530289,5.6278600693,5.688615799,7.0095615387,7.1854419708,8.3245067596,8.5982093811,9.2275066376,9.6329650879,10.9054985046,11.4130620956,11.7049455643,13.2064695358,11.508644104,11.7953548431,11.0649938583,10.9291725159,10.1494293213,9.4697160721,8.7979850769,8.4066076279,8.4212751389,8.0652303696,7.3730378151,7.3925652504,7.3641681671,7.2466745377,7.0769939423,6.2584218979,5.9296388626,5.6470022202,5.4730300903,5.31300354,4.1832938194,3.5072083473,3.2914924622,2.6432881355,3.5097389221,3.8107614517,3.5158934593]},"mean_loss:":{"0":0.4646980464},"rmse":{"0":0.6816876531},"step_rmse":{"0":[0.5299077034,0.6080797315,0.6049062014,0.6484174132,0.4414614737,0.5358448029,0.6357423067,0.703972578,0.772102952,0.8196430802,0.8490700126,0.8427295089,0.8169568777,0.7409661412,0.7882773876,0.7857766747,0.7962300181,0.8144158721,0.7737417817,0.6795166731,0.6971821189,0.5564593673,0.5797069669,0.5440409184,0.4792667627,0.4619807601,0.5036560297,0.554503262,0.6382901669,0.8100867867,1.0782113075,1.2705705166,1.9058755636,1.929117322,1.0901827812,1.3988661766,1.2108669281,0.1378154755,0.0841705799,0.3169469833,0.5119104385,0.2213149071,1.7953665257,0.1818771362]},"mean_error":{"0":0.4274644852},"step_mean_error":{"0":[0.3445715308,0.3938105404,0.3765362501,0.4383994341,0.3325298131,0.404487133,0.4688124061,0.5057445765,0.5316891074,0.5439860821,0.5523235798,0.5383530259,0.5490629673,0.5014029741,0.5139859915,0.4975870848,0.4958354831,0.488637656,0.4535176158,0.4112681746,0.3944591284,0.3355300426,0.3356528282,0.2958691418,0.2806273699,0.2775841057,0.2935572267,0.3062047362,0.3820754588,0.4645676911,0.6751618385,0.8354956508,1.3766196966,1.3416552544,1.0901827812,1.3988661766,1.2108669281,0.1378154755,0.0841705799,0.3169469833,0.5119104385,0.2213149071,1.7953665257,0.1818771362]},"mean_deviation":{"0":2.2385210991},"step_mean_deviation":{"0":[8.5188407898,8.1314554214,7.7905731201,8.2415494919,5.8115906715,5.9600229263,4.9599575996,4.5223546028,4.8983345032,5.1008548737,4.8042001724,4.5619444847,4.1083836555,4.7897601128,4.6858353615,4.8165750504,4.5299043655,4.7481036186,4.249420166,4.1521987915,4.1351189613,3.481408596,3.6046187878,3.3506815434,3.2600827217,3.4624342918,3.7891454697,3.7426598072,5.2407398224,6.8046569824,8.9397211075,13.0066184998,18.9354419708,22.9157066345,23.9242038727,34.3350486755,29.5179576874,3.4066545963,2.3436841965,10.6553077698,16.2243499756,6.7301206589,89.0826187134,5.4551963806]},"epoch":{"0":125},"mask_name":{"0":"enemy_all"},"map_name":{"0":"8m_vs_9m"}}