{"max_q":{"0":11.1298370361},"min_q":{"0":-0.3576160967},"mean_q":{"0":5.3883290291},"range_q":{"0":11.4874534607},"step_max_q":{"0":[10.4373426437,10.5831508636,10.7322835922,11.0053014755,11.1298370361,11.0812015533,10.4521179199,10.4927330017,10.058093071,9.8970899582,9.8043308258,9.5648994446,9.2378387451,9.080368042,8.8791179657,8.328953743,8.2541103363,7.8030467033,7.6516394615,7.3626298904,7.5770845413,7.0814723969,7.0009860992,6.5999283791,6.2953557968,6.0392503738,5.7032356262,5.6237421036,5.400390625,5.3016624451,4.7362160683,4.6109790802,4.1958866119,3.9229841232,3.464363575,3.1158168316,3.0428671837,2.9418604374,2.6607925892,2.3322854042,2.1992468834,1.7429656982,1.9665687084,1.3230023384,1.4118654728,0.9889002442,0.7035863996,0.597186923,0.6781539321,0.4894720912,0.4872582257,0.2042937875,0.2233003676,0.0225566626,0.0,0.0,0.0]},"step_min_q":{"0":[9.3000917435,9.327331543,9.2066345215,9.2925271988,9.3402690887,9.1191854477,8.917383194,8.5821495056,8.0938615799,7.3234138489,7.1827001572,6.6006717682,5.9435014725,5.5500078201,4.9760465622,4.7446684837,3.9146895409,3.4099719524,3.3603971004,3.0058264732,2.5691418648,2.1948883533,1.7403054237,1.6625742912,1.3051643372,0.8930726051,0.7070467472,0.4131518602,0.2902001143,0.1586620808,-0.0143229961,-0.1351097822,-0.026732564,-0.0930515528,-0.0760296583,-0.110165,-0.0722355843,-0.1356056929,-0.1100976467,-0.157212019,-0.1305186152,-0.23149544,-0.0925952196,-0.1458017826,-0.2616970241,-0.2619361281,-0.3576160967,-0.0354497433,-0.0041726828,0.0,0.0,0.0,0.0,0.0,-0.1144257486,-0.1098206937,-0.2341637909]},"step_mean_q":{"0":[10.0087690353,10.09324646,10.1736564636,10.3155632019,10.4445610046,10.2489891052,9.8130187988,9.5234937668,9.2201557159,8.9319400787,8.5790395737,8.2281932831,7.9163036346,7.5487475395,7.2177286148,6.8479418755,6.4831895828,6.0929994583,5.6938228607,5.3034667969,4.9127988815,4.5044293404,4.1288509369,3.7292747498,3.3612091541,2.9849812984,2.6300230026,2.2855858803,1.9548919201,1.6646163464,1.3916187286,1.1532424688,0.9541945457,0.7839912176,0.6383590102,0.5326958299,0.4517939985,0.3845345974,0.3559214175,0.3203014135,0.2754143775,0.2492681593,0.2298870534,0.2257201821,0.1898914725,0.1747205555,0.1569301933,0.1596779525,0.2040620893,0.178750962,0.1908917427,0.1623513848,0.2233003676,0.0225566626,-0.1144257486,-0.1098206937,-0.2341637909]},"episodes_still_running":{"0":[4096.0,4096.0,4096.0,4096.0,4096.0,4096.0,4096.0,4096.0,4096.0,4096.0,4096.0,4096.0,4096.0,4096.0,4096.0,4096.0,4096.0,4096.0,4096.0,4096.0,4096.0,4096.0,4096.0,4096.0,4096.0,4096.0,4096.0,4096.0,4096.0,4096.0,4088.0,4052.0,3964.0,3844.0,3600.0,3272.0,2824.0,2376.0,1788.0,1344.0,1032.0,744.0,524.0,336.0,232.0,160.0,104.0,76.0,36.0,28.0,20.0,12.0,4.0,4.0,4.0,4.0,4.0]},"step_range_q":{"0":[1.1372509003,1.2558193207,1.5256490707,1.7127742767,1.7895679474,1.9620161057,1.534734726,1.9105834961,1.9642314911,2.5736761093,2.6216306686,2.9642276764,3.2943372726,3.5303602219,3.9030714035,3.5842852592,4.3394207954,4.3930749893,4.2912425995,4.3568034172,5.0079426765,4.8865842819,5.2606806755,4.9373540878,4.9901914597,5.1461777687,4.9961891174,5.2105903625,5.1101903915,5.1430006027,4.750538826,4.7460889816,4.2226190567,4.0160355568,3.5403933525,3.2259817123,3.1151027679,3.077466011,2.7708902359,2.4894974232,2.3297655582,1.9744610786,2.0591640472,1.468804121,1.6735625267,1.2508363724,1.0612025261,0.6326366663,0.6823266149,0.4894720912,0.4872582257,0.2042937875,0.2233003676,0.0225566626,0.1144257486,0.1098206937,0.2341637909]},"mean_loss:":{"0":0.0483671166},"rmse":{"0":0.2199252546},"step_rmse":{"0":[0.0674685314,0.0829186141,0.0974862352,0.1372112483,0.2088260204,0.2513848245,0.2512378395,0.2562073767,0.2627161741,0.2768297493,0.2822510898,0.2895902395,0.3075598478,0.2975563705,0.3100961149,0.2991535068,0.2825981379,0.2813890576,0.2774466574,0.2777775228,0.2723501921,0.2546761632,0.2454798967,0.226423189,0.2215652466,0.204461053,0.2136483192,0.1966399401,0.1779966205,0.1653024852,0.1447801143,0.1401422322,0.1204128787,0.1120655909,0.1018640846,0.0965576395,0.0912931785,0.089071691,0.0920683965,0.0858034343,0.0795937777,0.0759563595,0.0844835863,0.1071191356,0.1237604842,0.1244565547,0.1348966062,0.064429149,0.1298489422,0.0473572277,0.0605699942,0.14534536,0.2380996644,0.4497406483,0.4441182911,0.4872629344,0.4965890944]},"rmse_by_q":{"0":4.0815110207},"step_rmse_by_q":{"0":[0.6740942001,0.8215256929,0.95822227,1.3301382065,1.9993758202,2.4527766705,2.5602502823,2.6902666092,2.8493680954,3.0993237495,3.2900080681,3.519487381,3.8851447105,3.9417977333,4.2963118553,4.3685173988,4.3589367867,4.6182351112,4.8727655411,5.2376594543,5.5436868668,5.6539049149,5.9454774857,6.0715069771,6.5918316841,6.8496594429,8.1234397888,8.6034803391,9.1051902771,9.9303655624,10.403719902,12.1520175934,12.6193208694,14.2942399979,15.9571781158,18.1262245178,20.2068157196,23.1635055542,25.8676204681,26.7883415222,28.899646759,30.4717445374,36.7500419617,47.4566040039,65.1743240356,71.2317733765,85.9596252441,40.3494338989,63.6320762634,26.4934120178,31.7300224304,89.525177002,106.6275253296,1993.8262939453,-388.1279296875,-443.6895446777,-212.0691223145]},"mean_error":{"0":0.1569944322},"step_mean_error":{"0":[0.0505434461,0.0649506897,0.0773797035,0.1072750911,0.1624492258,0.1957563907,0.188531369,0.2003170252,0.2031908482,0.2163969278,0.2190119177,0.2311407626,0.2409610748,0.2365134358,0.2387960553,0.2347591221,0.2261363566,0.2232966721,0.2236502171,0.218292594,0.2117115557,0.199801147,0.1904675364,0.174772203,0.1699685454,0.1562713832,0.1602036208,0.1416026354,0.1272341013,0.1178875342,0.1017640457,0.0918051153,0.0820408389,0.0759974346,0.069025293,0.0642257482,0.0607033819,0.0572819188,0.0579363778,0.0574160591,0.054601036,0.0512875803,0.0534768291,0.0618801899,0.0706497058,0.0664796233,0.0688392073,0.0421985574,0.0723905712,0.0379544795,0.0520475134,0.1239626035,0.2380996644,0.4497406483,0.4441182911,0.4872629344,0.4965890944]},"mean_q_deviation":{"0":14.1626205444},"step_mean_q_deviation":{"0":[0.5117349625,0.6461696029,0.7591878176,1.0388388634,1.5627160072,1.923334837,1.9533656836,2.1257333755,2.2282679081,2.4543144703,2.5844480991,2.8456470966,3.076952219,3.1668231487,3.3583595753,3.4852325916,3.5499713421,3.7303209305,4.0219492912,4.2120246887,4.4214363098,4.574285984,4.817492485,4.9246406555,5.3726816177,5.6275939941,6.604537487,6.7200489044,7.0504055023,11.5829296112,9.9167432785,13.3718862534,16.9632892609,23.5603790283,104.449256897,35.493927002,115.8460388184,68.2175369263,74.4225997925,57.9419250488,155.7601318359,71.2739334106,51.2525253296,110.4658966064,84.8280792236,77.797706604,74.4469299316,43.2248687744,42.727897644,95.8827896118,48.8670005798,69.8416213989,51.6037406921,95.2240524292,134.7068023682,129.0960388184,189.2306518555]},"mean_range_deviation":{"0":1.369715929},"step_mean_range_deviation":{"0":[4.0353598595,4.886762619,4.9656453133,6.3143134117,7.6467623711,9.3633346558,8.001789093,7.9268245697,6.9729790688,7.1923060417,7.0650420189,6.9851465225,5.5956134796,6.6563425064,5.9990825653,5.2022976875,5.2954015732,5.1332406998,5.076210022,4.376812458,3.8630650043,3.4470636845,3.2067060471,2.8572580814,2.9634680748,2.9145095348,2.8584578037,2.3204226494,2.2318272591,2.2387964725,2.2138633728,1.9778778553,1.8775804043,1.6596344709,1.9099338055,2.0242640972,1.971177578,1.7746459246,2.019557476,2.419002533,2.5043292046,2.6894564629,3.0037522316,3.7659692764,5.2965359688,6.757235527,7.9455862045,5.871322155,10.0877761841,7.2478079796,11.2328577042,39.5164985657,51.6037406921,95.2240524292,134.7068023682,129.0959777832,189.2306518555]},"epoch":{"0":175},"mask_name":{"0":"ally_health"},"map_name":{"0":"corridor"}}