{"max_q":{"0":18.7944850922},"min_q":{"0":-3.9021925926},"mean_q":{"0":11.9094486237},"range_q":{"0":22.6966781616},"step_max_q":{"0":[16.7724628448,17.3328590393,17.6381835938,18.2609977722,18.7944850922,18.4602108002,18.0815124512,18.4053630829,17.5470714569,16.9185447693,15.9023513794,16.8213920593,14.7452077866,14.0658187866,13.7094497681,12.9759187698,13.1122875214,11.8020181656,12.4699192047,10.517742157,10.4884777069,10.0619897842,9.6364879608,9.0349197388,8.6945838928,8.7106704712,8.1076831818,7.8902950287,7.652215004,8.0147857666,7.1263113022,7.6793766022,6.20763731,6.4439678192,4.7163228989,4.9144134521,4.9639072418,3.7556357384,3.3476614952,2.3756170273,0.6966381073,2.7154922485,2.8165147305,2.6931800842]},"step_min_q":{"0":[14.1381540298,14.226026535,14.6113777161,13.8410615921,13.5225200653,12.5798397064,9.8833942413,8.715719223,7.6541833878,7.0389118195,3.138461113,4.1848196983,4.5372166634,0.6958749294,0.5364427567,0.1341295242,0.1998360157,0.2036440372,-1.1662597656,-1.3584055901,-1.3747014999,-3.9021925926,-1.462569952,-1.3158419132,-1.8887968063,-1.9007790089,-0.6525549889,-1.1919491291,-1.1668248177,-1.8953700066,-0.4080064297,-0.2625498772,-0.789427042,0.0,0.0,0.0,0.0,0.0,0.0,0.0,0.0,0.0,0.0,0.0]},"step_mean_q":{"0":[15.9791126251,16.2320327759,16.5939235687,17.206703186,17.6630935669,17.0620079041,16.4836273193,15.8233909607,15.3427009583,14.8778762817,14.2292585373,13.6518669128,12.9732599258,12.3439006805,11.7209501266,11.1956558228,10.5929861069,10.008682251,9.4577169418,8.9303474426,8.3991203308,7.9248542786,7.4315423965,7.0184054375,6.6721992493,6.3513832092,6.1339907646,5.947060585,5.6843037605,5.2608318329,4.455728054,3.8166844845,3.1252779961,5.1994299889,4.7163228989,4.9144134521,4.9639072418,3.7556357384,3.3476614952,2.3756170273,0.6966381073,2.7154922485,2.8165147305,2.6931800842]},"episodes_still_running":{"0":[4096.0,4096.0,4096.0,4096.0,4096.0,4096.0,4096.0,4096.0,4096.0,4096.0,4096.0,4096.0,4096.0,4096.0,4096.0,4096.0,4096.0,4096.0,4096.0,4096.0,4096.0,4096.0,4096.0,4084.0,4076.0,3992.0,3560.0,2600.0,1320.0,572.0,256.0,124.0,60.0,24.0,4.0,4.0,4.0,4.0,4.0,4.0,4.0,4.0,4.0,4.0]},"step_range_q":{"0":[2.634308815,3.1068325043,3.0268058777,4.4199361801,5.2719650269,5.8803710938,8.1981182098,9.6896438599,9.8928880692,9.8796329498,12.7638902664,12.6365718842,10.2079906464,13.3699436188,13.1730070114,12.8417892456,12.9124517441,11.5983743668,13.6361789703,11.8761482239,11.8631792068,13.9641819,11.0990581512,10.3507614136,10.5833806992,10.6114492416,8.7602386475,9.0822439194,8.8190402985,9.91015625,7.5343179703,7.9419264793,6.9970645905,6.4439678192,4.7163228989,4.9144134521,4.9639072418,3.7556357384,3.3476614952,2.3756170273,0.6966381073,2.7154922485,2.8165147305,2.6931800842]},"mean_loss:":{"0":0.372315973},"rmse":{"0":0.6101769805},"step_rmse":{"0":[0.2619690597,0.3083019853,0.3358216584,0.2352223843,0.2420704663,0.3720158339,0.5164245367,0.5680897832,0.6179849505,0.6464482546,0.7071405649,0.7016516328,0.7483839393,0.7033879161,0.7619071007,0.7615489364,0.7456835508,0.729696095,0.740614593,0.7043329477,0.6693835258,0.6091798544,0.6399034262,0.6321027279,0.5687971115,0.5328400135,0.4946185648,0.5289547443,0.7007036209,0.9369153976,1.4355995655,1.48112607,2.0878787041,1.9298533201,0.1595034599,0.8402495384,0.8617706299,0.2898426056,0.243717432,0.5989284515,2.4585604668,0.5729317665,0.8011198044,0.6408362389]},"mean_error":{"0":0.3482138515},"step_mean_error":{"0":[0.1782884598,0.215326339,0.230848521,0.1854808927,0.1866739392,0.2897665501,0.3858733177,0.4246662855,0.4458123446,0.4486058652,0.4725884795,0.4480508864,0.4638531208,0.4234704673,0.4266030192,0.4243254662,0.4074639082,0.4001415372,0.3909706473,0.3568891883,0.3405443728,0.3207008243,0.3136977255,0.2865588963,0.2772696614,0.2782499194,0.2731937468,0.3023449183,0.4090964198,0.5596106648,0.8532957435,0.9088714123,1.4398821592,1.251126647,0.1595034599,0.8402495384,0.8617706299,0.2898426056,0.243717432,0.5989284515,2.4585604668,0.5729317665,0.8011198044,0.6408362389]},"mean_deviation":{"0":1.8235061169},"step_mean_deviation":{"0":[4.40782547,4.4460883141,4.7762794495,3.4868888855,3.2624821663,4.2696418762,4.0824761391,3.7973544598,4.1071710587,4.2064929008,4.1106514931,3.7967338562,3.4707977772,4.0452933311,3.8891944885,4.1074123383,3.7225503922,3.8881845474,3.6633605957,3.6031842232,3.5699295998,3.3275430202,3.3688399792,3.2452442646,3.2210760117,3.4707388878,3.5263001919,3.6954824924,5.6113729477,8.1967782974,11.298365593,14.1488981247,19.8056182861,21.3694610596,3.5003244877,20.6238517761,21.0078468323,7.1646065712,6.7861795425,20.1351261139,77.9209442139,17.4226856232,39.7500152588,19.2211494446]},"epoch":{"0":220},"mask_name":{"0":"ally_health_and_shield"},"map_name":{"0":"8m_vs_9m"}}