{"max_q":{"0":15.6959877014},"min_q":{"0":-0.8394844532},"mean_q":{"0":8.5963659286},"range_q":{"0":16.5354728699},"step_max_q":{"0":[15.4230661392,15.6959877014,15.5230922699,15.4125471115,15.0325756073,15.1591386795,14.9515171051,14.8361253738,14.5123023987,14.4054346085,14.0146112442,13.9204235077,13.498550415,13.5774860382,12.8742256165,12.870891571,12.5563793182,12.5131397247,12.0386276245,11.3667764664,10.8922576904,11.1689109802,10.5495529175,10.2212734222,9.8328990936,9.3280248642,8.5255870819,8.0895729065,7.6622171402,7.3532156944,7.0365028381,6.7728462219,6.8232913017,6.5259857178,5.6302518845,5.5100388527,5.2343683243,4.8590888977,4.6220388412,4.6315851212,4.2824726105,4.5052170753,4.0395565033,3.7931799889,3.919952631,3.9633755684,3.7163352966,3.4636905193,3.4647088051,3.5497956276,3.4294433594,3.1682884693,3.6502306461,3.3185708523,3.4186561108,3.0730814934,3.0757067204,3.0564773083,2.6690530777,2.3963956833,2.3293681145,2.202988863,2.1651768684,2.1299037933,2.1683449745,2.1700408459,2.4501304626,2.3383624554,2.3573467731]},"step_min_q":{"0":[11.737121582,11.2877254486,11.6230964661,11.301363945,10.7358036041,9.8812675476,10.0130519867,9.0036115646,8.8485717773,8.4502773285,7.0989584923,6.1145577431,4.1890301704,4.3428826332,0.964646101,3.9574379921,2.7809863091,2.0385751724,1.4672503471,1.2225894928,0.7489151955,0.4628429413,0.3672685623,0.531662941,0.0,0.0,0.0,-0.0403704643,-0.0604724884,0.0,-0.0049881935,-0.1138153076,-0.0727782249,-0.0344285965,-0.1817035675,-0.2296729088,-0.2095313072,-0.1363034248,-0.5357313156,-0.8394844532,-0.3619134426,-0.5165157318,-0.2794723511,-0.2922868729,-0.3132948875,-0.3958692551,-0.2138385773,-0.0641264915,-0.0198760033,0.0,0.0,0.0,0.0,0.0,0.0,0.0,0.0,0.0,0.0,0.0,0.0,0.0,0.0,0.0,0.0,0.0,0.0,0.0,0.0]},"step_mean_q":{"0":[14.7105007172,14.97407341,14.8569564819,14.680765152,14.310842514,14.2626190186,14.0896577835,13.8372163773,13.3955497742,12.9050102234,12.6204166412,12.1453151703,11.8337574005,11.4179954529,11.067360878,10.7126274109,10.3227939606,9.9760837555,9.5789394379,9.2124204636,8.8054523468,8.418302536,8.0137319565,7.6259145737,7.2649512291,6.8655977249,6.4803714752,6.1109189987,5.7655858994,5.4347844124,5.1058421135,4.7890114784,4.471493721,4.188855648,3.9184341431,3.6542487144,3.4391651154,3.2274575233,3.0357561111,2.8775057793,2.7268705368,2.5889046192,2.4546892643,2.2717514038,2.0947995186,2.0019724369,1.8707442284,1.8559287786,1.8017714024,1.8475342989,1.8787560463,1.8537634611,1.8915201426,1.9816294909,1.9825308323,2.0240137577,2.0129616261,1.7424776554,1.4974228144,1.9636269808,2.3293681145,2.202988863,2.1651768684,2.1299037933,2.1683449745,2.1700408459,2.4501304626,2.3383624554,2.3573467731]},"episodes_still_running":{"0":[4096.0,4096.0,4096.0,4096.0,4096.0,4096.0,4096.0,4096.0,4096.0,4096.0,4096.0,4096.0,4096.0,4096.0,4096.0,4096.0,4096.0,4096.0,4096.0,4096.0,4096.0,4096.0,4096.0,4096.0,4092.0,4092.0,4092.0,4092.0,4080.0,4076.0,4060.0,4044.0,4040.0,4000.0,3984.0,3968.0,3916.0,3860.0,3692.0,3392.0,2920.0,2444.0,1868.0,1400.0,1056.0,788.0,572.0,448.0,320.0,216.0,156.0,108.0,84.0,56.0,36.0,28.0,28.0,20.0,12.0,8.0,4.0,4.0,4.0,4.0,4.0,4.0,4.0,4.0,4.0]},"step_range_q":{"0":[3.6859445572,4.4082622528,3.8999958038,4.1111831665,4.2967720032,5.2778711319,4.9384651184,5.8325138092,5.6637306213,5.95515728,6.9156527519,7.8058657646,9.3095207214,9.2346038818,11.909579277,8.9134540558,9.7753925323,10.4745645523,10.5713768005,10.1441869736,10.1433429718,10.7060680389,10.1822843552,9.6896104813,9.8328990936,9.3280248642,8.5255870819,8.1299438477,7.7226896286,7.3532156944,7.0414910316,6.8866615295,6.8960695267,6.5604143143,5.811955452,5.7397117615,5.4438996315,4.9953923225,5.1577701569,5.4710693359,4.6443862915,5.0217328072,4.3190288544,4.0854668617,4.233247757,4.3592448235,3.9301738739,3.5278170109,3.4845848083,3.5497956276,3.4294433594,3.1682884693,3.6502306461,3.3185708523,3.4186561108,3.0730814934,3.0757067204,3.0564773083,2.6690530777,2.3963956833,2.3293681145,2.202988863,2.1651768684,2.1299037933,2.1683449745,2.1700408459,2.4501304626,2.3383624554,2.3573467731]},"mean_loss:":{"0":0.1372220963},"rmse":{"0":0.3704349995},"step_rmse":{"0":[0.1684705913,0.1508442461,0.1978550255,0.2151238769,0.2417351156,0.3020220995,0.312895596,0.3897643387,0.4668667614,0.4884852767,0.4970918298,0.5057423115,0.5511069298,0.4896348715,0.4764140546,0.4419997633,0.4339697361,0.4380891919,0.4166789055,0.4137614667,0.405107975,0.3928798735,0.4036283493,0.3777950108,0.3839846253,0.3747226596,0.3676176667,0.3683761954,0.3516774476,0.3536283374,0.3194566071,0.3241578937,0.3062829971,0.3061930537,0.3064818978,0.3035516441,0.298227042,0.2948282659,0.2675468028,0.270044744,0.2722235024,0.2756347656,0.3124608099,0.2930895686,0.3560355902,0.4196774364,0.4031810164,0.4863753319,0.4891470373,0.451300025,0.541195333,0.469558388,0.5677481294,0.4751507044,0.7154452801,0.7891201973,0.864998877,0.7566291094,0.4747684002,0.6248639822,0.7318572998,0.8627378941,0.7159357071,0.7548332214,0.5883319378,0.5611746311,0.316706419,0.2846868038,0.1371428967]},"rmse_by_q":{"0":4.3092045784},"step_rmse_by_q":{"0":[1.1452404261,1.0073693991,1.3317332268,1.4653451443,1.6891745329,2.1175780296,2.2207467556,2.8167829514,3.4852378368,3.7852373123,3.9387907982,4.1640939713,4.6570749283,4.2882733345,4.3046760559,4.1259698868,4.203994751,4.3913946152,4.3499479294,4.4913434982,4.6006493568,4.6669726372,5.0367088318,4.9540944099,5.2854394913,5.4579758644,5.6727867126,6.0281634331,6.0995960236,6.5067586899,6.2566876411,6.7687854767,6.8496794701,7.3097066879,7.8215398788,8.3068141937,8.6714954376,9.1350002289,8.8131856918,9.3846817017,9.9830007553,10.646771431,12.729139328,12.9014806747,16.9961643219,20.9631977081,21.5519046783,26.2065734863,27.1481189728,24.4271526337,28.8060455322,25.3300037384,30.0154418945,23.9777774811,36.087474823,38.9878883362,42.9714546204,43.4225997925,31.705701828,31.8219299316,31.4187049866,39.1621513367,33.0659255981,35.439781189,27.1327648163,25.8600959778,12.9261045456,12.1746225357,5.817679882]},"mean_error":{"0":0.2471824288},"step_mean_error":{"0":[0.1007127389,0.0909156054,0.1211112887,0.1268869787,0.1588538438,0.1956610233,0.2155474275,0.2717584968,0.3226077557,0.3260246813,0.3357696533,0.3276423812,0.3495538235,0.3261383176,0.3106325269,0.3140758872,0.3018278182,0.313955307,0.2990361452,0.2958497703,0.2942328453,0.2912508249,0.2939629257,0.2803621888,0.2812920511,0.2779619396,0.2655051351,0.2585148215,0.2449646145,0.2508972585,0.2329082638,0.2303033024,0.2133204341,0.2117711604,0.2117681056,0.2117366195,0.1975626051,0.1939752996,0.1824809462,0.1827305853,0.1872965544,0.1866894215,0.2135658711,0.1958830953,0.2301148176,0.2851527035,0.2896381319,0.341058284,0.3627715111,0.3273067176,0.4166851938,0.3344326317,0.4139526784,0.3496985137,0.5801913738,0.6546401381,0.7008228898,0.673145771,0.3912127018,0.5843740106,0.7318572998,0.8627378941,0.7159357071,0.7548332214,0.5883319378,0.5611746311,0.316706419,0.2846868038,0.1371428967]},"mean_q_deviation":{"0":10.5719718933},"step_mean_q_deviation":{"0":[0.7083639503,0.6275003552,0.8454877734,0.9017682672,1.1482944489,1.426460743,1.59243536,2.0432450771,2.5165708065,2.6968274117,2.84445858,2.9860243797,3.2964761257,3.2088913918,3.1741797924,3.2481887341,3.2985224724,3.5364396572,3.5653445721,3.6122479439,3.8850531578,4.0631122589,4.2819328308,5.1772289276,4.6543445587,5.2505803108,5.4036030769,6.0704717636,6.8113574982,16.9982147217,16.2115688324,8.6504545212,49.5798797607,8.5788393021,30.4989376068,28.4428977966,14.3763256073,13.3009967804,13.9241695404,22.1013412476,25.8748092651,30.9260540009,35.6896247864,29.888710022,57.8774375916,77.1708297729,100.0262298584,101.3264923096,84.4328079224,38.8377380371,83.6267547607,70.5004119873,113.440284729,66.0958328247,158.5953063965,186.9726715088,359.3995666504,716.6170654297,47.5462188721,28.1271152496,23.9073314667,28.1413822174,24.8492794037,26.1664485931,21.3420696259,20.5466995239,11.4465150833,10.8532772064,5.4978337288]},