{"max_q":{"0":17.7242927551},"min_q":{"0":-1.4538962841},"mean_q":{"0":8.8948564529},"range_q":{"0":19.178188324},"step_max_q":{"0":[13.0895519257,13.6893157959,14.1803760529,17.7242927551,14.9950313568,15.2836961746,15.3426208496,15.527674675,16.6168403625,17.0267848969,16.1516036987,15.6130361557,15.5011577606,16.0309619904,15.3170537949,15.7816343307,14.6604499817,14.7218370438,13.9228048325,14.2030200958,13.3232517242,12.6288785934,12.3665866852,13.9245147705,13.2997264862,13.8182086945,10.440489769,13.7913408279,11.0290145874,9.646282196,9.168305397,8.8487510681,9.3044891357,1.4282002449]},"step_min_q":{"0":[7.3852829933,7.0010671616,7.1310791969,7.0150156021,7.3702831268,7.0634527206,6.8377380371,4.6561422348,4.9888911247,3.5399513245,3.671159029,3.1973538399,2.3779764175,1.5442919731,0.5777983665,1.1539834738,0.3049354553,-0.4588479996,-0.4749001265,-0.8690919876,-0.7437391281,-0.6302161217,-0.6415250301,-1.111577034,-0.7353179455,-0.6108102798,-1.4538962841,-1.256567955,-0.5412912369,-0.7123668194,-1.0797624588,-0.317994833,-0.5191334486,0.0]},"step_mean_q":{"0":[11.3848075867,11.8027458191,12.0480823517,12.5581760406,12.6406002045,12.8579406738,12.978761673,12.0429077148,11.8055858612,11.0735635757,10.5738859177,10.2365283966,9.5987262726,9.1363677979,8.513835907,8.2103395462,7.5592646599,7.2182488441,6.5557613373,6.2650308609,5.8997139931,5.6893830299,5.504029274,5.311609745,5.1174716949,5.0432529449,4.3216443062,3.7950675488,2.350828886,1.8648264408,1.6832454205,3.0106201172,3.1128256321,1.4282002449]},"episodes_still_running":{"0":[4096.0,4096.0,4096.0,4096.0,4096.0,4096.0,4096.0,4096.0,4096.0,4096.0,4096.0,4096.0,4096.0,4096.0,4096.0,4096.0,4096.0,4096.0,4096.0,4096.0,4064.0,3996.0,3892.0,3756.0,3640.0,3184.0,2464.0,1680.0,1052.0,580.0,292.0,92.0,24.0,4.0]},"step_range_q":{"0":[5.7042689323,6.6882486343,7.0492968559,10.709277153,7.62474823,8.220243454,8.5048828125,10.8715324402,11.627948761,13.4868335724,12.4804449081,12.415681839,13.1231813431,14.4866695404,14.7392559052,14.6276512146,14.3555145264,15.1806850433,14.3977050781,15.0721120834,14.0669908524,13.2590942383,13.0081119537,15.0360918045,14.0350446701,14.4290189743,11.8943862915,15.047908783,11.5703058243,10.3586492538,10.2480678558,9.1667461395,9.8236227036,1.4282002449]},"mean_loss:":{"0":1.0764267445},"rmse":{"0":1.0375099182},"step_rmse":{"0":[0.331926465,0.1707203239,0.2127750665,0.3688794672,0.202071026,0.3096821308,0.2352191508,0.5700958371,0.6340482235,0.7308102846,0.9161139131,1.0384364128,1.208706975,1.3928425312,1.5665932894,1.4964751005,1.4532846212,1.391017437,1.3495942354,1.3503437042,1.2908469439,1.2477872372,1.1778752804,1.1143214703,1.0237244368,1.0697422028,1.0863370895,1.1831145287,1.267778039,1.3113763332,1.1744942665,1.9485523701,1.9943642616,0.9681464434]},"mean_error":{"0":0.6660916805},"step_mean_error":{"0":[0.2533706427,0.1213450655,0.1512362063,0.1399886757,0.1246592849,0.1810313314,0.1226211786,0.4431769252,0.4910508394,0.5733924508,0.7115981579,0.8045047522,0.9368463159,1.0926699638,1.2126293182,1.1547062397,1.1019417048,1.0409885645,0.9953796268,0.9561757445,0.8873180747,0.8485141397,0.7945256829,0.7423242331,0.6537083983,0.6684593558,0.6978648305,0.7637532353,0.770265758,0.8297294974,0.7373811007,1.245691061,1.4826518297,0.9681464434]},"mean_deviation":{"0":3.368799448},"step_mean_deviation":{"0":[3.9803016186,1.768070817,2.128267765,1.7951108217,1.6131751537,2.3031988144,1.4863375425,4.5846910477,4.1787590981,4.5771436691,5.0789265633,6.4843935966,7.1766467094,7.3162250519,9.0461502075,8.731139183,8.0583629608,8.1812877655,7.7092409134,7.7848730087,6.3574099541,5.7195458412,6.4077115059,7.0024433136,6.1617436409,4.2816495895,6.0609402657,5.3964047432,7.1563453674,8.7387742996,8.2802886963,13.8950529099,13.2770853043,210.4420013428]},"epoch":{"0":105},"mask_name":{"0":"ally_health_and_shield"},"map_name":{"0":"5m_vs_6m"}}