{"max_q":{"0":16.6343479156},"min_q":{"0":-0.61678195},"mean_q":{"0":6.7345523834},"range_q":{"0":17.2511291504},"step_max_q":{"0":[10.2701187134,10.4289255142,10.6264514923,10.8558301926,11.3292226791,11.8238925934,12.1887493134,11.9533901215,13.3563861847,13.9735517502,16.6343479156,14.2996759415,14.5506687164,15.1743869781,15.9904136658,15.4353561401,13.923740387,15.5772657394,15.8142976761,14.3999557495,13.3397855759,12.7863960266,12.2233753204,13.3857765198,11.3269748688,11.3396940231,10.3523111343,10.420917511,10.8436098099,11.4731864929,9.1219053268,5.8620305061,5.7445793152,2.4295327663]},"step_min_q":{"0":[7.646027565,7.7798376083,7.9551277161,7.9184875488,7.16755867,7.3414983749,7.2254667282,6.3266029358,5.9684047699,5.2721471786,3.9558446407,3.3921539783,2.6929736137,2.4828491211,1.4353015423,1.0495790243,0.7771137953,0.0817607045,-0.1608202457,-0.0951196551,-0.2221766114,-0.1579071283,-0.4750357866,-0.4281653166,-0.2336398959,-0.4631975293,-0.61678195,-0.5145326257,-0.434063971,-0.3629261255,-0.4222715497,-0.4838117957,0.0,0.0]},"step_mean_q":{"0":[9.1287994385,9.1871595383,9.3789253235,9.5343875885,9.9365644455,10.2991218567,10.5046339035,9.6229000092,9.4080638885,8.807641983,8.230134964,7.998005867,7.392039299,7.1509151459,6.4129619598,6.0945987701,5.3124809265,4.8944272995,4.300365448,3.8132283688,3.5269436836,3.2188129425,3.0964415073,2.9224073887,3.0044806004,3.3880553246,3.6473479271,3.6867761612,2.9397301674,2.6994814873,2.1920645237,1.8927682638,2.0949103832,1.2431688309]},"episodes_still_running":{"0":[4096.0,4096.0,4096.0,4096.0,4096.0,4096.0,4096.0,4096.0,4096.0,4096.0,4096.0,4096.0,4096.0,4096.0,4096.0,4096.0,4096.0,4096.0,4096.0,4092.0,4048.0,3944.0,3804.0,3524.0,3236.0,2604.0,2100.0,1544.0,956.0,500.0,208.0,52.0,16.0,8.0]},"step_range_q":{"0":[2.6240911484,2.6490879059,2.6713237762,2.9373426437,4.1616640091,4.4823942184,4.9632825851,5.6267871857,7.3879814148,8.7014045715,12.6785030365,10.9075222015,11.8576946259,12.6915378571,14.5551118851,14.3857774734,13.1466264725,15.4955053329,15.9751176834,14.4950752258,13.5619621277,12.9443035126,12.6984109879,13.8139419556,11.5606145859,11.8028917313,10.9690933228,10.9354505539,11.2776737213,11.8361129761,9.5441770554,6.3458423615,5.7445793152,2.4295327663]},"mean_loss:":{"0":1.2012515068},"rmse":{"0":1.0960161686},"step_rmse":{"0":[0.3891934156,0.3347088993,0.3437767327,0.3538350761,0.2438735068,0.2690208554,0.2136574686,0.5441395044,0.7366454005,0.82385993,1.0896999836,1.3081886768,1.6296479702,1.7441273928,1.652504921,1.6368227005,1.5132895708,1.4367380142,1.3584229946,1.2901949883,1.1405946016,1.1415525675,1.063259244,1.0319619179,0.9299453497,1.0237394571,1.0468281507,1.2202960253,1.321313858,1.1920286417,1.5573112965,1.6456785202,2.2509851456,0.1230828241]},"rmse_by_q":{"0":16.274520874},"step_rmse_by_q":{"0":[4.2633581161,3.643225193,3.6654169559,3.7111465931,2.4543042183,2.6120755672,2.0339355469,5.6546311378,7.8299360275,9.3539218903,13.2403659821,16.3564357758,22.0459861755,24.3902683258,25.7681999207,26.8569374084,28.4855537415,29.3545684814,31.5885486603,33.8347167969,32.3394622803,35.4650154114,34.3381004333,35.312046051,30.9519500732,30.2161369324,28.7010765076,33.0992698669,44.9467735291,44.1576881409,71.0431365967,86.9455871582,107.4501876831,9.9007329941]},"mean_error":{"0":0.6665033698},"step_mean_error":{"0":[0.2611194849,0.2531143427,0.2504390478,0.2566859722,0.1795040667,0.1988221705,0.1753872037,0.4267709851,0.5540229678,0.6094398499,0.8006186485,0.9577713013,1.1381466389,1.1866569519,1.1469113827,1.1638404131,1.0471658707,0.9952237606,0.9203230143,0.8309665322,0.7273267508,0.6910880208,0.6326882243,0.5799775124,0.5435909629,0.627438128,0.6595363021,0.7703491449,0.8224337101,0.7846801877,1.1407619715,1.2709884644,1.7556750774,0.1016420424]},"mean_q_deviation":{"0":37.8531532288},"step_mean_q_deviation":{"0":[3.1685185432,2.931994915,2.8748803139,2.8695049286,1.9495397806,2.0732424259,1.7923190594,4.433658123,5.8908700943,6.8737893105,9.3656673431,11.5340394974,14.2480421066,15.5344352722,17.2686748505,18.6186065674,19.0250091553,20.4702758789,25.5278320312,35.5139389038,30.4312057495,56.2915382385,47.3054771423,103.8958206177,70.5905685425,137.6011352539,125.0191574097,438.184173584,408.5915222168,461.6713867188,641.7462158203,420.2608032227,126.1217269897,75.5319137573]},"mean_range_deviation":{"0":3.176787138},"step_mean_range_deviation":{"0":[8.4302854538,7.768913269,7.7157063484,6.6941180229,4.6447238922,4.5677022934,3.5876955986,6.4907541275,6.1540784836,4.3305830956,6.3740916252,6.8175926208,6.6347503662,7.2771787643,7.0172519684,7.5086483955,6.9325165749,7.1627378464,6.6593503952,6.1627092361,5.598218441,5.2684793472,4.5387225151,2.9045379162,4.2872333527,5.2291054726,5.1155467033,6.1611552238,7.3388366699,8.2581672668,11.3934230804,14.5674753189,45.2271156311,4.0469756126]},"epoch":{"0":50},"mask_name":{"0":"own_health"},"map_name":{"0":"5m_vs_6m"}}