{"max_q":{"0":19.3712234497},"min_q":{"0":-1.5908856392},"mean_q":{"0":8.6290645599},"range_q":{"0":20.9621086121},"step_max_q":{"0":[12.540304184,15.2408409119,15.4808950424,18.5813503265,14.0066385269,14.7942266464,15.1038913727,15.4433946609,16.7546730042,19.3712234497,18.1079788208,18.316827774,16.9645290375,16.5414428711,16.2036399841,15.9004116058,15.8828468323,13.9947967529,15.7436027527,13.1434774399,12.9646539688,12.8969564438,12.3035640717,11.797990799,12.9051380157,11.0841531754,11.1948747635,10.7745056152,10.2564268112,10.512638092,10.4810609818,9.8222417831,5.324362278,1.5625263453,0.4920700788,0.3546926975,0.2373504639,0.1297279596,0.0235376358,0.0,0.1000518799,0.0,0.0,0.0558995008,0.1736496687,0.0,0.0,0.0,0.0,0.0,0.0,0.0,0.0,0.0,0.0,0.0,0.0,0.0,0.0,0.0,0.0,0.0,0.0,0.0,0.0,0.0,0.0,0.0,0.0,0.0]},"step_min_q":{"0":[8.7626829147,8.8585720062,8.7758483887,7.1862764359,7.5156679153,6.2596931458,6.5554537773,4.7483263016,4.6177582741,4.300465107,3.7974901199,2.8729200363,2.3354763985,1.6137619019,1.5495474339,0.3322585821,0.4357545972,-0.012098074,-0.1320406199,-0.5196244717,-0.6215420961,-0.0826295614,-0.1804112196,-0.2539175749,-0.4889838696,-0.2185866833,-0.7785382271,-0.64085567,-0.4738225937,-0.4285464287,-0.2090970278,-0.3068050146,-0.1551824808,0.0,0.0,0.0,-0.1452543736,-0.2990287542,-0.4501311779,-0.33948493,-0.2796168327,-0.5005680323,-0.1801753044,-1.1891881227,-0.5412660837,-1.3398971558,-0.4701720476,-0.4559272528,-0.4303877354,-1.3708293438,-0.4338834286,-0.4552476406,-0.4276213646,-1.4246711731,-0.4489233494,-0.6402124166,-0.4731549025,-0.5354173183,-0.504858017,-1.4450384378,-0.705815196,-1.5195713043,-0.6373614073,-0.6263997555,-0.7014740705,-1.534496665,-0.7866367102,-1.5908856392,-0.8380664587,-0.7063928843]},"step_mean_q":{"0":[11.5615339279,11.6418266296,12.1760292053,12.2719116211,12.4955615997,12.8107175827,12.3791723251,11.8511228561,11.2372961044,10.8771381378,10.4792995453,9.9988622665,9.3671340942,9.1172914505,8.6472883224,8.0044898987,7.7186517715,6.840338707,6.4815483093,5.8744359016,5.5486664772,5.2117042542,4.9336891174,4.7683272362,4.7024321556,4.7346057892,4.9040336609,4.5602807999,3.78541255,3.1555740833,3.0428388119,2.31828022,1.5187972784,0.7383538485,0.3696396053,0.217361331,0.0711632594,-0.0703011751,-0.2068722695,-0.1766872406,-0.1134847403,-0.3038135767,-0.1615273207,-0.5168916583,-0.2223345041,-0.5877239108,-0.2563852966,-0.3287402689,-0.2979836464,-0.6339462399,-0.3901379406,-0.2821905911,-0.3380183876,-0.7204880714,-0.4093921483,-0.5002453327,-0.3335030079,-0.4198442996,-0.3442797959,-0.8296454549,-0.4319111407,-0.8385262489,-0.4841389656,-0.4765670598,-0.5071040392,-0.9246457219,-0.4318891764,-0.9474422336,-0.6113778949,-0.4797933996]},"episodes_still_running":{"0":[4096.0,4096.0,4096.0,4096.0,4096.0,4096.0,4096.0,4096.0,4096.0,4096.0,4096.0,4096.0,4096.0,4096.0,4096.0,4096.0,4096.0,4096.0,4096.0,4068.0,4028.0,3932.0,3872.0,3776.0,3628.0,3324.0,2716.0,2116.0,1368.0,880.0,428.0,160.0,48.0,20.0,12.0,12.0,12.0,12.0,12.0,12.0,12.0,12.0,12.0,12.0,12.0,12.0,12.0,12.0,12.0,12.0,12.0,12.0,12.0,12.0,12.0,12.0,12.0,12.0,12.0,12.0,12.0,12.0,12.0,12.0,12.0,12.0,12.0,12.0,12.0,12.0]},"step_range_q":{"0":[3.7776212692,6.3822689056,6.7050466537,11.3950738907,6.4909706116,8.5345335007,8.5484371185,10.6950683594,12.1369152069,15.0707588196,14.3104887009,15.4439077377,14.6290531158,14.9276809692,14.6540927887,15.5681533813,15.4470920563,14.0068950653,15.8756437302,13.66310215,13.5861959457,12.9795856476,12.4839754105,12.051908493,13.3941221237,11.302740097,11.9734134674,11.4153614044,10.7302494049,10.9411849976,10.6901578903,10.1290464401,5.4795446396,1.5625263453,0.4920700788,0.3546926975,0.3826048374,0.4287567139,0.4736688137,0.33948493,0.3796687126,0.5005680323,0.1801753044,1.2450876236,0.7149157524,1.3398971558,0.4701720476,0.4559272528,0.4303877354,1.3708293438,0.4338834286,0.4552476406,0.4276213646,1.4246711731,0.4489233494,0.6402124166,0.4731549025,0.5354173183,0.504858017,1.4450384378,0.705815196,1.5195713043,0.6373614073,0.6263997555,0.7014740705,1.534496665,0.7866367102,1.5908856392,0.8380664587,0.7063928843]},"mean_loss:":{"0":1.7193790674},"rmse":{"0":1.3112509251},"step_rmse":{"0":[0.5177482963,0.6623243093,0.7137824893,0.6372408271,0.2873721719,0.2927266061,0.5883548856,0.7559269667,0.8538136482,1.1047319174,1.4257012606,1.5305948257,1.7730714083,1.9487333298,1.9542241096,1.9461567402,1.8506804705,1.7029616833,1.6409335136,1.452001214,1.3735543489,1.3201085329,1.1989489794,1.1178680658,1.0572437048,1.0967795849,1.189273715,1.3615612984,1.4766794443,1.695468545,2.0055921078,2.2385210991,3.1778993607,4.3661899567,5.4685115814,5.0586571693,4.8002104759,4.3643984795,3.551156044,2.377972126,1.2061675787,2.0863041878,2.3705084324,1.7289186716,1.7581944466,2.7565886974,1.4052149057,0.8602127433,2.0295205116,1.1699540615,0.7276304364,0.9459636211,0.7432849407,1.2883027792,0.8516024947,1.1757386923,0.5064480305,0.5674874783,0.8289515972,1.1173853874,1.2098395824,1.1280866861,0.6808342934,0.8646149039,0.6029284596,1.5735656023,0.9431506991,1.5046590567,2.2315351963,0.997718811]},"rmse_by_q":{"0":15.1957483292},"step_rmse_by_q":{"0":[4.4781970978,5.6891789436,5.8621940613,5.1926774979,2.2997939587,2.2850134373,4.7527804375,6.3785262108,7.5980343819,10.156457901,13.6049289703,15.3076906204,18.9286441803,21.3740386963,22.5992717743,24.3133144379,23.976732254,24.8958683014,25.3169975281,24.7172870636,24.7546749115,25.3296909332,24.3012657166,23.443611145,22.4829120636,23.1651725769,24.2509288788,29.856962204,39.0097351074,53.7293205261,65.9118804932,96.5595550537,209.2378845215,591.3411254883,1479.4171142578,2327.3032226562,6745.3491210938,-6208.14453125,-1716.5935058594,-1345.865234375,-1062.8455810547,-686.7053833008,-1467.5588378906,-334.4837646484,-790.7879638672,-469.0278015137,-548.0871582031,-261.6694335938,-681.0845336914,-184.550994873,-186.5059356689,-335.2215270996,-219.894821167,-178.8097229004,-208.0163269043,-235.032409668,-151.8571166992,-135.1661834717,-240.7784729004,-134.6822814941,-280.113067627,-134.5320739746,-140.6278686523,-181.4256591797,-118.8964004517,-170.1803741455,-218.3779449463,-158.8127441406,-365.0009765625,-207.9475860596]},"mean_error":{"0":0.8503683805},"step_mean_error":{"0":[0.3403366208,0.4264998734,0.4555767477,0.3052049875,0.1897768974,0.2146579921,0.4622325897,0.5980110168,0.6669113636,0.8635257483,1.1075376272,1.1729340553,1.3707383871,1.4977340698,1.5049448013,1.4435248375,1.3562676907,1.2354530096,1.156755805,0.9978398085,0.9268964529,0.8619843125,0.7740201354,0.6857689023,0.6520029902,0.6560348272,0.718927443,0.8097615838,0.9184250236,1.0359266996,1.297264576,1.4695179462,2.0888679028,2.9814395905,4.4886746407,4.1963748932,4.031229496,3.7005882263,3.1020710468,2.1333553791,1.1527096033,1.9453581572,1.645892024,1.4733718634,1.4569959641,2.1470654011,1.0437488556,0.7503461242,1.3111070395,0.9715746045,0.6598103642,0.7976150513,0.5797979236,1.1586310863,0.72926265,0.9789088368,0.4672680795,0.4823441505,0.6596288085,0.8874656558,0.8516924977,0.8745239377,0.5439381003,0.6241436005,0.4762735665,1.3121486902,0.7183673978,1.2744632959,1.5650683641,0.7749789357]},"mean_q_deviation":{"0":60.8530807495},