{"max_q":{"0":18.934627533},"min_q":{"0":-0.4638869762},"mean_q":{"0":11.9769258499},"range_q":{"0":19.3985137939},"step_max_q":{"0":[16.5891876221,17.137008667,17.502872467,18.4292392731,18.934627533,18.6223258972,18.2755050659,17.8829498291,16.8186397552,16.362651825,15.8761501312,15.1661014557,14.6029376984,14.0085773468,13.421503067,12.9283504486,12.578540802,11.8051738739,11.1022624969,10.6015710831,10.0772628784,9.6145973206,9.1740560532,8.755818367,8.6433792114,8.0609292984,7.6258478165,7.2319107056,7.0355434418,6.9258904457,6.7476644516,7.1188158989,7.9546232224,6.4123902321,4.2026600838,4.1733131409,4.1722183228,4.191095829,4.0847659111,3.7057099342,2.7943644524,2.3655633926,2.2546882629,2.663611412]},"step_min_q":{"0":[12.9979553223,12.9238891602,13.2152423859,13.3081226349,13.2298774719,12.4714622498,9.867764473,5.0889143944,4.955637455,4.4803748131,4.669005394,4.5805497169,3.6601440907,2.8519425392,2.8130543232,2.2490239143,1.9328422546,1.0931112766,0.8993265629,0.3797025681,0.2984881401,0.1245267391,-0.2443511486,0.0,-0.1664476395,-0.2510037422,-0.3769055605,-0.4470770359,-0.4638869762,-0.3589867353,-0.448154211,-0.4201653004,-0.3183685541,0.0,0.0,0.0,0.0,0.0,0.0,0.0,0.0,0.0,0.0,0.0]},"step_mean_q":{"0":[16.0571136475,16.2993144989,16.673324585,17.2587509155,17.7250404358,17.1854686737,16.6509342194,15.9410400391,15.4172086716,14.9578151703,14.3471393585,13.734167099,13.0833215714,12.4694843292,11.8434534073,11.2624368668,10.6535587311,10.047753334,9.4881725311,8.9551334381,8.4458703995,7.9537668228,7.4634561539,7.0608706474,6.7072057724,6.383951664,6.1647219658,5.9622821808,5.705994606,5.1855483055,4.3522934914,3.237455368,2.5969626904,3.8993675709,4.2026600838,4.1733131409,4.1722183228,4.191095829,4.0847659111,3.7057099342,2.7943644524,2.3655633926,2.2546882629,2.663611412]},"episodes_still_running":{"0":[4096.0,4096.0,4096.0,4096.0,4096.0,4096.0,4096.0,4096.0,4096.0,4096.0,4096.0,4096.0,4096.0,4096.0,4096.0,4096.0,4096.0,4096.0,4096.0,4096.0,4096.0,4096.0,4096.0,4084.0,4076.0,3992.0,3560.0,2600.0,1320.0,572.0,256.0,124.0,60.0,24.0,4.0,4.0,4.0,4.0,4.0,4.0,4.0,4.0,4.0,4.0]},"step_range_q":{"0":[3.5912322998,4.2131195068,4.2876300812,5.1211166382,5.704750061,6.1508636475,8.407740593,12.7940349579,11.8630027771,11.882276535,11.2071447372,10.5855522156,10.9427938461,11.1566352844,10.6084489822,10.6793270111,10.6456985474,10.7120628357,10.2029361725,10.221868515,9.7787742615,9.490070343,9.4184074402,8.755818367,8.8098268509,8.3119335175,8.0027532578,7.6789875031,7.4994306564,7.2848773003,7.1958189011,7.5389814377,8.2729921341,6.4123902321,4.2026600838,4.1733131409,4.1722183228,4.191095829,4.0847659111,3.7057099342,2.7943644524,2.3655633926,2.2546882629,2.663611412]},"mean_loss:":{"0":0.2026545256},"rmse":{"0":0.4501716495},"step_rmse":{"0":[0.122374922,0.1520417929,0.1969026774,0.2067064345,0.2211866975,0.3586518168,0.4626867771,0.503770709,0.5298957825,0.5529001355,0.5656571388,0.535374701,0.591897428,0.5228188634,0.5623306632,0.5549045801,0.5407286882,0.5353289247,0.4976365268,0.4559462667,0.4361330569,0.4252955914,0.4205432236,0.3966631591,0.3601216674,0.3481286764,0.3217267692,0.397582829,0.4992613494,0.6773280501,0.9652881026,1.3210990429,1.655156374,0.9180184603,0.3541593552,0.0991492271,0.0700817108,0.145617485,0.4933869839,0.7311644554,0.3608341217,0.9228606224,0.2392933369,0.670404911]},"mean_error":{"0":0.2465867549},"step_mean_error":{"0":[0.0813723654,0.1153009385,0.1429338157,0.1593441665,0.1708628684,0.2792323828,0.3386485577,0.3548805416,0.3638010025,0.3723443449,0.380079627,0.3279942274,0.3391020894,0.2990072966,0.3032059073,0.3001005948,0.2775520086,0.2682442069,0.2474751621,0.2282730788,0.2107742578,0.1993936002,0.1925264001,0.1772086471,0.1651511937,0.1689807028,0.158965975,0.1919362694,0.2329277694,0.3201979399,0.5153945088,0.7722365856,1.1832023859,0.5614564419,0.3541593552,0.0991492271,0.0700817108,0.145617485,0.4933869839,0.7311644554,0.3608341217,0.9228606224,0.2392933369,0.670404911]},"mean_deviation":{"0":1.291311264},"step_mean_deviation":{"0":[2.0117688179,2.3807501793,2.9573152065,2.9955399036,2.9861536026,4.1144237518,3.5828456879,3.1733322144,3.3516182899,3.4914028645,3.3059942722,2.7793869972,2.5373437405,2.8563318253,2.7642250061,2.9049324989,2.5356879234,2.6065351963,2.3188204765,2.3046648502,2.2095484734,2.068877697,2.0675656796,2.0068659782,1.9185818434,2.1077740192,2.0518834591,2.3459863663,3.1949548721,4.6900315285,6.8242645264,12.0218296051,16.274980545,9.5897741318,7.7720732689,2.4336092472,1.7084197998,3.5995121002,13.7380924225,24.5807132721,11.4361782074,28.06391716,11.8732728958,20.1080284119]},"epoch":{"0":360},"mask_name":{"0":"ally_last_action_only"},"map_name":{"0":"8m_vs_9m"}}