{"max_q":{"0":23.4393806458},"min_q":{"0":-1.0455613136},"mean_q":{"0":6.1843123436},"range_q":{"0":24.4849414825},"step_max_q":{"0":[23.256603241,23.4297409058,22.833366394,23.4393806458,22.9501266479,23.2658691406,22.3027954102,22.593290329,22.4023094177,22.7225456238,22.3029785156,22.0219268799,21.0899276733,21.0689353943,21.1853542328,21.1925048828,20.6579589844,21.0123119354,19.8959617615,20.591627121,19.6699295044,19.2082328796,18.9986381531,18.0704536438,17.721698761,17.6325035095,16.9703140259,16.8075675964,16.6906700134,16.8881607056,16.7856311798,14.7395648956,15.0340394974,15.3019275665,14.8674650192,14.3653507233,14.456615448,14.1409168243,13.7955093384,13.529706955,13.3748836517,13.0042552948,12.7020301819,12.6805534363,12.313580513,11.959646225,11.8577251434,11.5041561127,11.0431251526,11.5140113831,11.0001602173,10.3469324112,10.1617774963,10.0389633179,10.0074996948,9.6462726593,9.2429256439,9.1567783356,8.7615633011,8.2767133713,8.0135192871,8.9572496414,8.3933935165,8.2363023758,8.6229114532,7.595685482,7.4124403,7.3606939316,7.4963579178,7.3100452423,7.3982620239,7.1719183922,7.0855741501,7.1651229858,7.427110672,6.9432263374,7.2967586517,6.8342366219,7.0385532379,6.7047977448,6.8114347458,6.7626829147,6.2637352943,6.4214773178,6.6076803207,6.2054548264,6.2767906189,6.4374785423,5.8502364159,6.0498270988,6.0215501785,5.9931640625,5.9740962982,6.0883665085,5.9685611725,5.9363837242,5.8598651886,5.9647369385,5.7636766434,5.7306528091,5.7884178162,5.945687294,5.591802597,5.7146511078,5.6416015625,5.9553174973,5.7300343513,5.7847905159,5.8327360153,5.8687448502,5.9848775864,5.8801522255,5.9438009262,5.9486675262,5.7906279564,5.7999606133,5.8633022308,5.6771869659,5.6766238213,5.6472129822,5.626121521,5.6071977615,5.6130228043,5.2538757324,5.3700494766,5.2075405121,5.0806221962,5.0887002945,5.1137619019,5.0358624458,4.9939947128,5.1051902771,4.9918756485,4.8880910873,4.840054512,4.9391565323,4.8337955475,4.7968025208,4.2637748718,4.1290178299,4.3337020874,2.0691037178,2.9578793049,1.9632874727,1.8041001558,1.8299211264,1.7755568027,1.7669596672,1.7956825495,1.3078527451,1.2409960032,1.2299454212,0.9872422218,0.9836595058,0.9859483242,0.7305949926,0.7689703703,0.7564234734,0.7996597886,0.5615780354,0.5114496946,0.5742758512]},"step_min_q":{"0":[7.0465259552,6.9423737526,6.7952361107,6.6835603714,6.5311198235,5.9542965889,5.5267286301,5.3912410736,4.9243297577,4.6907510757,4.1498861313,4.1746559143,4.0584926605,3.0580663681,3.1821620464,3.3562543392,2.8809947968,2.8966598511,2.5515229702,2.3367300034,2.2724866867,1.634116888,0.0,0.0,0.0,0.0,0.0,0.0,0.0,0.0,0.0,-0.1542451382,0.0,-0.1691002846,-0.4965834618,-0.2807490826,-0.3883388042,-0.2308599949,-0.5181645155,-0.4645909071,-0.3853254318,-0.5231511593,-0.4804036617,-0.491117239,-0.6861081123,-0.7257838249,-0.5361938477,-0.5285894871,-0.7332861423,-0.5692856312,-0.3883001804,-0.6375281811,-0.6117959023,-0.5752546787,-0.6308921576,-0.5367004871,-0.5673004389,-0.7134934664,-0.5707643032,-0.3944690228,-0.5016567707,-0.4656947851,-0.420986414,-0.6319996119,-0.68592906,-0.6984610558,-1.0455613136,-0.4229823351,-0.4193749428,-0.3737671375,-0.4442760944,-0.4759800434,-0.3266577721,-0.5737388134,-0.4087843895,-0.7551000118,-0.7867939472,-0.7556507587,-0.7667477131,-0.625063777,-0.595582366,-0.3226191998,-0.3291325569,-0.4426040649,-0.3378736973,-0.4136142731,-0.3569625616,-0.4112858772,-0.4073085785,-0.4083013535,-0.493278265,-0.4842435122,-0.4113525152,-0.361877799,-0.3568637371,-0.3057886362,-0.3555635214,-0.3400014639,-0.3562693596,-0.2885975838,-0.4661458731,-0.2301384211,-0.3313596249,-0.5277663469,-0.4789104462,-0.5342614651,-0.354516983,-0.3919965029,-0.4260562658,-0.4630135298,-0.493447423,-0.5291266441,-0.570884943,-0.7011474371,-0.7098232508,-0.7458767891,-0.2972840071,-0.2485222816,-0.1900169849,-0.309890151,-0.2090102434,-0.2079745531,-0.2021967173,-0.2523144484,-0.2478040457,-0.2283864021,-0.1650295258,-0.2886098623,-0.0597962141,-0.1244860888,-0.2688701153,-0.3991059065,-0.2306970358,-0.4209867716,-0.573405385,-0.4208872318,-0.1425081491,-0.330832839,-0.0070437193,-0.116828084,-0.0484762192,0.0,-0.1830756664,-0.1517736912,-0.1614941359,-0.3133448362,-0.2979034185,-0.2647089958,0.0,0.0,0.0,0.0,0.0,0.0,0.0,0.0,0.0,0.0,0.0,0.0,0.0,0.0]},"step_mean_q":{"0":[11.4623527527,11.6375360489,11.5961875916,11.637843132,11.6662273407,11.6421613693,11.5576782227,11.5256328583,11.4099578857,11.2758178711,11.1162576675,10.9337615967,10.7343511581,10.5051822662,10.2536287308,10.0112581253,9.7617893219,9.4785881042,9.2024879456,8.9275760651,8.6526317596,8.3419647217,8.0648097992,7.7979373932,7.5139741898,7.2269172668,6.9710288048,6.7172989845,6.4557528496,6.1970863342,5.9581999779,5.7267885208,5.4917626381,5.2498893738,5.0318861008,4.8268685341,4.6073055267,4.403149128,4.2054934502,4.0133247375,3.8294484615,3.6481955051,3.4812545776,3.3172488213,3.188434124,3.0555505753,2.930893898,2.8255712986,2.7174222469,2.6436121464,2.5623869896,2.4920310974,2.4178230762,2.3888995647,2.3413045406,2.3080730438,2.2947072983,2.2642309666,2.2352621555,2.2258877754,2.2365195751,2.2318360806,2.2151041031,2.202827692,2.2198467255,2.2556648254,2.2443213463,2.2177312374,2.1999781132,2.2053358555,2.2042534351,2.2160420418,2.215534687,2.1946949959,2.2025392056,2.1897175312,2.1849727631,2.1983470917,2.2570438385,2.2338194847,2.2156682014,2.1992344856,2.219653368,2.2502660751,2.2078986168,2.1665301323,2.1945705414,2.2223496437,2.2365555763,2.1786561012,2.1547083855,2.1300508976,2.0864245892,2.0829086304,2.0304448605,1.9990974665,2.0082650185,2.0065550804,2.0098009109,2.041301012,1.9112294912,1.8799688816,1.8751164675,1.9000525475,1.8593102694,1.8688238859,1.8273108006,1.7702171803,1.7525316477,1.7863775492,1.7492033243,1.7817212343,1.7777858973,1.836337328,1.8591654301,1.8923588991,1.9028512239,1.8693100214,1.7065575123,1.7916773558,1.8762865067,1.8435063362,1.869304657,1.8999724388,1.9791469574,2.0044291019,1.9747226238,1.8171738386,2.0703692436,1.9822189808,1.8208301067,1.7256442308,1.7934933901,1.8392498493,1.8799057007,1.333483696,1.295825839,1.352200985,1.0991104841,1.0786124468,1.1258077621,0.925160706,1.2227956057,0.9761418104,0.9095170498,0.8751779199,0.8568785787,0.8364690542,1.2068804502,0.936770916,0.8774004579,0.8688571453,0.7144816518,0.6590403318,0.6820130944,0.5367203355,0.4697884321,0.4916602075,0.4346739948,0.4338460565,0.4202833772,0.5742758512]},"episodes_still_running":{"0":[4096.0,4096.0,4096.0,4096.0,4096.0,4096.0,4096.0,4096.0,4096.0,4096.0,4096.0,4096.0,4096.0,4096.0,4096.0,4096.0,4096.0,4096.0,4096.0,4096.0,4096.0,4096.0,4095.0,4095.0,4095.0,4095.0,4095.0,4095.0,4094.0,4093.0,4093.0,4093.0,4092.0,4092.0,4091.0,4090.0,4086.0,4078.0,4075.0,4065.0,4054.0,4043.0,4026.0,4001.0,3960.0,3919.0,3871.0,3813.0,3731.0,3634.0,3546.0,3443.0,3335.0,3196.0,3066.0,2931.0,2802.0,2681.0,2554.0,2421.0,2279.0,2142.0,2014.0,1899.0,1766.0,1654.0,1551.0,1467.0,1399.0,1312.0,1220.0,1135.0,1051.0,1000.0,942.0,891.0,831.0,778.0,720.0,687.0,636.0,604.0,564.0,524.0,498.0,469.0,436.0,405.0,377.0,348.0,328.0,314.0,294.0,273.0,257.0,239.0,223.0,210.0,192.0,181.0,166.0,161.0,154.0,144.0,132.0,124.0,119.0,115.0,108.0,101.0,95.0,84.0,83.0,78.0,71.0,64.0,62.0,58.0,55.0,50.0,45.0,43.0,38.0,32.0,28.0,26.0,26.0,23.0,21.0,20.0,19.0,17.0,15.0,14.0,14.0,12.0,11.0,10.0,7.0,7.0,7.0,5.0,4.0,4.0,4.0,4.0,4.0,4.0,3.0,3.0,3.0,3.0,3.0,3.0,3.0,3.0,3.0,3.0,3.0,2.0,2.0,1.0]},